Date,Open,Close,sma_20,mad,sigma,z,regime,regime_label
2000-07-05,146.375,144.625,,,,,,
2000-07-06,144.9375,145.75,,,,,,
2000-07-07,146.6875,148.09375,,,,,,
2000-07-10,147.875,147.84375,,,,,,
2000-07-11,147.46875,148.15625,,,,,,
2000-07-12,149.28125,149.125,,,,,,
2000-07-13,149.984375,149.78125,,,,,,
2000-07-14,150.4375,151.25,,,,,,
2000-07-17,150.984375,151.0,,,,,,
2000-07-18,150.625,149.765625,,,,,,
2000-07-19,149.46875,148.5625,,,,,,
2000-07-20,149.0,150.625,,,,,,
2000-07-21,149.75,147.6875,,,,,,
2000-07-24,148.125,146.84375,,,,,,
2000-07-25,147.75,147.3125,,,,,,
2000-07-26,146.96875,145.875,,,,,,
2000-07-27,145.9375,145.375,,,,,,
2000-07-28,145.71875,142.09375,,,,,,
2000-07-31,142.9375,143.0,,,,,,
2000-08-01,143.625,143.875,147.332,-2.4028,,,,
2000-08-02,143.875,144.59375,147.3305,-1.8927,,,,
2000-08-03,142.875,145.59375,147.3227,-1.1875,,,,
2000-08-04,146.3125,146.375,147.2367,-0.5887,,,,
2000-08-07,146.71875,148.125,147.2508,0.5902,,,,
2000-08-08,147.5,148.6875,147.2773,0.9484,,,,
2000-08-09,149.140625,147.4375,147.193,0.1659,,,,
2000-08-10,147.53125,146.71875,147.0398,-0.2188,,,,
2000-08-11,146.625,147.40625,146.8477,0.3789,,,,
2000-08-14,147.78125,149.28125,146.7617,1.6878,,,,
2000-08-15,149.34375,149.15625,146.7312,1.6258,,,,
2000-08-16,149.3125,148.625,146.7344,1.2721,,,,
2000-08-17,148.6875,150.1875,146.7125,2.3138,,,,
2000-08-18,150.375,149.6875,146.8125,1.9207,,,,
2000-08-21,150.03125,150.5,146.9953,2.3287,,,,
2000-08-22,150.5625,150.25,147.1422,2.0684,,,,
2000-08-23,149.8125,150.84375,147.3906,2.2892,,,,
2000-08-24,151.15625,151.3125,147.6875,2.3957,,,,
2000-08-25,151.15625,151.25,148.1453,2.0527,,,,
2000-08-28,151.25,151.765625,148.5836,2.0967,,,,
2000-08-29,151.4375,151.796875,148.9797,1.8559,,,,
2000-08-30,151.3125,150.34375,149.2672,0.7161,,,,
2000-08-31,151.0625,152.34375,149.6047,1.7979,,,,
2000-09-01,153.25,152.5,149.9109,1.6977,,,,
2000-09-05,151.875,151.28125,150.0688,0.8015,,,,
2000-09-06,151.1875,149.5625,150.1125,-0.3677,,,,
2000-09-07,150.25,150.84375,150.2828,0.3719,,,,
2000-09-08,150.28125,149.8125,150.4375,-0.4172,,,,
2000-09-11,149.75,149.59375,150.5469,-0.6371,,,,
2000-09-12,149.75,148.5,150.5078,-1.3521,,,,
2000-09-13,148.0,148.890625,150.4945,-1.0772,,,,
2000-09-14,149.875,149.640625,150.5453,-0.6046,,,,
2000-09-15,148.1875,146.0,150.3359,-2.9698,,,,
2000-09-18,146.375,144.65625,150.0844,-3.7524,,,,
2000-09-19,145.125,145.96875,149.8578,-2.6643,,,,
2000-09-20,145.6875,144.890625,149.5898,-3.2433,,,,
2000-09-21,144.46875,142.6875,149.182,-4.5516,,,,
2000-09-22,142.625,145.28125,148.8805,-2.4774,,,,
2000-09-25,145.9375,144.25,148.5305,-2.9674,,,,
2000-09-26,144.375,142.40625,148.0625,-3.9719,,,,
2000-09-27,143.5625,143.15625,147.6305,-3.1254,,,,
2000-09-28,143.1875,145.0,147.3633,-1.6298,,,,
2000-09-29,145.46875,143.625,146.9273,-2.2993,,,,
2000-10-02,144.28125,143.84375,146.4945,-1.8428,,,,
2000-10-03,144.53125,142.5,146.0555,-2.4951,,,,
2000-10-04,142.875,143.6875,145.7617,-1.4436,,,,
2000-10-05,143.40625,144.1875,145.4289,-0.861,,,,
2000-10-06,143.875,141.0625,144.9914,-2.7852,,,,
2000-10-09,141.3125,140.0,144.5117,-3.2227,,,,
2000-10-10,140.09375,137.6875,143.9711,-4.5637,,,,
2000-10-11,137.625,136.53125,143.3531,-4.9966,,,,
2000-10-12,137.28125,133.125,142.5273,-7.0628,,,,
2000-10-13,132.9375,137.5625,142.1055,-3.3025,,,,
2000-10-16,137.40625,138.1875,141.782,-2.6012,,,,
2000-10-17,138.4375,134.75,141.2211,-4.8023,,,,
2000-10-18,132.625,134.25,140.6891,-4.7963,,,,
2000-10-19,136.84375,139.3125,140.5203,-0.867,,,,
2000-10-20,138.375,139.90625,140.2516,-0.2468,,,,
2000-10-23,139.9375,140.53125,140.0656,0.3313,,,,
2000-10-24,140.96875,139.59375,139.925,-0.2373,,,,
2000-10-25,138.75,136.3125,139.5828,-2.3991,,,,
2000-10-26,137.125,136.6875,139.1672,-1.8141,,,,
2000-10-27,137.875,139.28125,138.95,0.2378,,,,
2000-10-30,138.4375,140.53125,138.7844,1.2431,,,,
2000-10-31,141.015625,142.953125,138.807,2.9003,,,,
2000-11-01,142.25,142.46875,138.7461,2.613,,,,
2000-11-02,143.15625,142.703125,138.6719,2.8249,,,,
2000-11-03,143.46875,142.78125,138.7578,2.8179,,,,
2000-11-06,143.15625,143.78125,138.9469,3.3623,,,,
2000-11-07,143.140625,143.75,139.25,3.1304,,,,
2000-11-08,144.0625,140.5625,139.4516,0.7904,,,,
2000-11-09,140.0,140.03125,139.7969,0.1674,,,,
2000-11-10,139.0,136.625,139.75,-2.2873,,,,
2000-11-13,135.625,135.5625,139.6188,-2.9922,,,,
2000-11-14,137.46875,139.125,139.8375,-0.5121,,,,
2000-11-15,139.0625,139.5625,140.1031,-0.3874,,,,
2000-11-16,138.578125,137.375,140.0062,-1.9154,,,,
2000-11-17,137.3125,136.640625,139.843,-2.3436,,,,
2000-11-20,135.75,134.6875,139.5508,-3.6108,,,,
2000-11-21,134.875,135.375,139.3398,-2.9288,,,,
2000-11-22,134.34375,132.140625,139.1312,-5.2903,,,,
2000-11-24,133.625,134.84375,139.0391,-3.1112,,,,
2000-11-27,136.46875,136.03125,138.8766,-2.0917,,,,
2000-11-28,135.125,133.6875,138.5344,-3.6255,,,,
2000-11-29,134.375,133.4375,138.0586,-3.4631,,,,
2000-11-30,132.5,132.28125,137.5492,-3.9824,,,,
2000-12-01,133.1875,132.21875,137.025,-3.6351,,,,
2000-12-04,131.875,133.34375,136.5531,-2.4068,,,,
2000-12-05,134.875,137.71875,136.25,1.0665,,,,
2000-12-06,137.78125,135.515625,135.8383,-0.2381,,,,
2000-12-07,134.875,133.65625,135.493,-1.3742,,,,
2000-12-08,137.0625,133.96875,135.1898,-0.9115,,,,
2000-12-11,137.375,138.625,135.2898,2.4059,,,,
2000-12-12,138.1875,138.03125,135.4133,1.8966,,,,
2000-12-13,139.25,136.140625,135.2641,0.6439,,,,
2000-12-14,135.875,134.40625,135.0062,-0.4464,,,,
2000-12-15,133.125,130.96875,134.6859,-2.8382,,,,
2000-12-18,132.0625,132.71875,134.4898,-1.3345,,,,
2000-12-19,132.46875,130.015625,134.2562,-3.2616,,,,
2000-12-20,128.625,126.25,133.8,-5.9802,,,,
2000-12-21,126.0,127.125,133.5492,-5.0535,,,,
2000-12-22,129.0,130.9375,133.3539,-1.8455,,,,
2000-12-26,130.84375,132.34375,133.1695,-0.624,,,,
2000-12-27,131.75,133.3125,133.1508,0.1213,,,,
2000-12-28,132.8125,133.71875,133.1648,0.4142,,,,
2000-12-29,134.0625,131.1875,133.1102,-1.4656,,,,
2001-01-02,132.0,128.8125,132.9398,-3.2041,,,,
2001-01-03,128.3125,135.0,133.0227,1.4647,,,,
2001-01-04,134.9375,133.546875,132.8141,0.5487,,,,
2001-01-05,133.46875,129.1875,132.4977,-2.5623,,,,
2001-01-08,129.875,130.1875,132.3242,-1.6413,,,,
2001-01-09,131.046875,129.84375,132.118,-1.7515,,,,
2001-01-10,129.0,132.125,131.793,0.2513,,,,
2001-01-11,131.09375,132.25,131.5039,0.5642,,,,
2001-01-12,132.6875,132.0,131.2969,0.5327,,,,
2001-01-16,132.0,132.84375,131.2188,1.2232,,,,
2001-01-17,134.84375,133.453125,131.343,1.5812,,,,
2001-01-18,133.4375,134.78125,131.4461,2.4745,,,,
2001-01-19,136.1875,134.015625,131.6461,1.7681,,,,
2001-01-22,134.25,134.90625,132.0789,2.0958,,,,
2001-01-23,134.46875,135.96875,132.5211,2.5356,,,,
2001-01-24,136.25,136.375,132.793,2.6266,,,,
2001-01-25,136.25,136.03125,132.9773,2.245,,,,
2001-01-26,135.15625,135.875,133.1055,2.0383,,,,
2001-01-29,135.5,136.60000610351562,133.2495,2.4528,,,,
2001-01-30,136.3000030517578,137.8000030517578,133.5802,3.0623,,,,
2001-01-31,137.39999389648438,137.02000427246094,133.9905,2.211,,,,
2001-02-01,137.10000610351562,137.92999267578125,134.137,2.7499,,,,
2001-02-02,137.39999389648438,134.8000030517578,134.1997,0.4453,,,,
2001-02-05,134.8000030517578,135.7899932861328,134.5298,0.928,,,,
2001-02-06,135.3000030517578,135.38999938964844,134.7899,0.4432,,,,
2001-02-07,134.72000122070312,134.69000244140625,135.0323,-0.2541,,,,
2001-02-08,134.8000030517578,133.1199951171875,135.082,-1.4739,,,,
2001-02-09,133.35000610351562,131.83999633789062,135.0615,-2.4435,,,,
2001-02-12,131.6999969482422,133.35000610351562,135.129,-1.3341,,,,
2001-02-13,133.6999969482422,132.25999450683594,135.0998,-2.1471,,,,
2001-02-14,132.64999389648438,132.05999755859375,135.0302,-2.2491,,,,
2001-02-15,132.83999633789062,133.33999633789062,134.9581,-1.2135,,,,
2001-02-16,131.0,130.39999389648438,134.7773,-3.3568,,,,
2001-02-20,131.0399932861328,128.38999938964844,134.4515,-4.7212,,,,
2001-02-21,127.9000015258789,125.62000274658205,133.9341,-6.6184,,,,
2001-02-22,126.3499984741211,125.80999755859376,133.4058,-6.0375,,,,
2001-02-23,125.08000183105467,124.95999908447266,132.8522,-6.3158,,,,
2001-02-26,125.8000030517578,127.62000274658205,132.4395,-3.7764,,,,
2001-02-27,126.8000030517578,126.44000244140624,131.9315,-4.3432,,,,
2001-02-28,126.75,123.9499969482422,131.239,-5.8806,,,,
2001-03-01,124.0500030517578,124.5999984741211,130.618,-4.8299,,,,
2001-03-02,122.5,123.61000061035156,129.902,-5.0902,,,,
2001-03-05,124.1500015258789,124.73999786376952,129.399,-3.735,,,,
2001-03-06,126.3499984741211,126.08000183105467,128.9135,-2.2474,,,,
2001-03-07,126.9000015258789,126.9800033569336,128.493,-1.1915,,,,
2001-03-08,126.5999984741211,127.12000274658205,128.1145,-0.7823,,,,
2001-03-09,126.0999984741211,123.36000061035156,127.6265,-3.4586,,,,
2001-03-12,122.33999633789062,118.08000183105467,126.9385,-7.5021,,,,
2001-03-13,119.4000015258789,120.0199966430664,126.272,-5.2091,,,,
2001-03-14,117.0500030517578,117.6500015258789,125.5415,-6.7076,,,,
2001-03-15,118.4499969482422,117.68000030517578,124.8225,-6.0694,,,,
2001-03-16,117.12999725341795,115.01000213623048,123.906,-7.735,,,,
2001-03-19,115.76000213623048,117.3499984741211,123.2535,-5.0307,,,,
2001-03-20,117.9000015258789,114.1999969482422,122.544,-7.3065,,,,
2001-03-21,114.18000030517578,112.26000213623048,121.876,-8.5658,,,,
2001-03-22,112.0199966430664,111.12000274658205,121.1415,-9.0186,,,,
2001-03-23,113.25,114.4800033569336,120.6175,-5.3612,,,,
2001-03-26,115.6999969482422,115.94000244140624,120.0335,-3.5307,,,,
2001-03-27,115.62000274658205,118.30999755859376,119.627,-1.1132,,,,
2001-03-28,116.9000015258789,115.04000091552734,119.1815,-3.6001,,,,
2001-03-29,114.6999969482422,115.4800033569336,118.7255,-2.8104,,,,
2001-03-30,115.5500030517578,116.69000244140624,118.3795,-1.4479,,,,
2001-04-02,116.3000030517578,114.1999969482422,117.8525,-3.1983,,,,
2001-04-03,113.9800033569336,110.38999938964844,117.068,-6.0495,,,,
2001-04-04,110.56999969482422,110.8499984741211,116.2615,-4.8818,,,,
2001-04-05,113.3000030517578,115.0500030517578,115.658,-0.5285,,,,
2001-04-06,113.98999786376952,113.3000030517578,115.155,-1.6372,,,,
2001-04-09,114.0,114.55999755859376,114.979,-0.3657,,,,
2001-04-10,115.4499969482422,116.6500015258789,114.8105,1.5769,,,,
2001-04-11,118.77999877929688,116.7300033569336,114.7645,1.6838,,,,
2001-04-12,116.3000030517578,118.8499984741211,114.823,3.3883,,,,
2001-04-16,118.29000091552734,117.5999984741211,114.9525,2.2513,,,,
2001-04-17,117.30999755859376,119.26000213623048,115.048,3.5318,,,,
2001-04-18,121.05999755859376,124.0,115.538,6.8242,,,,
2001-04-19,124.25,125.6500015258789,116.2075,7.5149,,,,
2001-04-20,124.9000015258789,124.5,116.8765,6.1233,,,,
2001-04-23,123.6500015258789,122.23999786376952,117.2645,4.0703,,,,
2001-04-24,122.5199966430664,121.58000183105467,117.5465,3.3176,,,,
2001-04-25,121.41999816894533,123.16999816894533,117.7895,4.3684,,,,
2001-04-26,123.7300033569336,123.72000122070312,118.2235,4.4427,,,,
2001-04-27,124.91999816894533,125.77999877929688,118.7385,5.5983,,,,
2001-04-30,126.4499969482422,126.66000366210938,119.237,5.8606,,,,
2001-05-01,125.06999969482422,127.0500030517578,119.8795,5.6438,,,,
2001-05-02,127.41000366210938,126.81999969482422,120.701,4.8249,,,,
2001-05-03,126.12999725341795,125.20999908447266,121.419,3.0277,,,,
2001-05-04,123.6500015258789,127.33999633789062,122.0335,4.1672,,,,
2001-05-07,126.86000061035156,126.23999786376952,122.6805,2.8196,,,,
2001-05-08,126.86000061035156,126.18000030517578,123.2615,2.313,,,,
2001-05-09,125.25,125.6500015258789,123.7115,1.5428,,,,
2001-05-10,127.26000213623048,126.0199966430664,124.176,1.4633,,,,
2001-05-11,126.0,125.1500015258789,124.491,0.5266,,,,
2001-05-14,124.9000015258789,125.4000015258789,124.881,0.4139,,,,
2001-05-15,125.5500030517578,125.9800033569336,125.217,0.6057,,,,
2001-05-16,124.83999633789062,128.9499969482422,125.4645,2.703,,,,
2001-05-17,129.0,129.14999389648438,125.6395,2.7182,,,,
2001-05-18,129.08999633789062,129.74000549316406,125.9015,2.9586,,,,
2001-05-21,129.83999633789062,131.64999389648438,126.372,4.0091,,,,
2001-05-22,131.8300018310547,131.47999572753906,126.867,3.5085,,,,
2001-05-23,131.0500030517578,129.25,127.171,1.6085,,,,
2001-05-24,129.47000122070312,129.6300048828125,127.4665,1.669,,,,
2001-05-25,129.64999389648438,128.10000610351562,127.5825,0.404,,,,
2001-05-29,128.22000122070312,127.08000183105467,127.6035,-0.4119,,,,
2001-05-30,126.58999633789062,125.3000030517578,127.516,-1.7686,,,,
2001-05-31,125.43000030517578,125.9499969482422,127.4725,-1.2088,,,,
2001-06-01,126.1999969482422,126.7300033569336,127.5485,-0.6459,,,,
2001-06-04,126.8000030517578,127.33999633789062,127.5485,-0.1637,,,,
2001-06-05,127.48999786376952,128.8000030517578,127.6765,0.8723,,,,
2001-06-06,128.8300018310547,127.7300033569336,127.754,-0.0188,,,,
2001-06-07,127.0500030517578,128.19000244140625,127.881,0.241,,,,
2001-06-08,127.6999969482422,127.0,127.93,-0.7323,,,,
2001-06-11,126.70999908447266,126.0999984741211,127.9775,-1.4889,,,,
2001-06-12,124.86000061035156,125.87999725341795,128.0015,-1.6853,,,,
2001-06-13,126.16999816894533,124.8000030517578,127.9425,-2.518,,,,
2001-06-14,124.18000030517578,122.0,127.595,-4.5861,,,,
2001-06-15,120.91000366210938,121.8499984741211,127.23,-4.4153,,,,
2001-06-18,121.6500015258789,121.26000213623048,126.806,-4.5736,,,,
2001-06-19,122.37999725341795,121.79000091552734,126.313,-3.7138,,,,
2001-06-20,121.19000244140624,122.43000030517578,125.8605,-2.802,,,,
2001-06-21,122.22000122070312,123.81999969482422,125.589,-1.4287,,,,
2001-06-22,123.48999786376952,122.8499984741211,125.25,-1.9536,,,,
2001-06-25,123.27999877929688,121.72000122070312,124.931,-2.638,,,,
2001-06-26,120.9000015258789,121.5500030517578,124.6545,-2.5541,,,,
2001-06-27,121.5999984741211,121.4800033569336,124.4635,-2.456,,,,
2001-06-28,122.0,122.1500015258789,124.2735,-1.7384,,,,
2001-06-29,122.8000030517578,122.5999984741211,124.067,-1.1966,,,,
2001-07-02,122.8000030517578,124.12999725341795,123.9065,0.1801,,,,
2001-07-03,123.9800033569336,124.0999984741211,123.6715,0.3453,,,,
2001-07-05,123.06999969482422,121.68000030517578,123.369,-1.3881,,,,
2001-07-06,121.30999755859376,119.0500030517578,122.912,-3.244,,,,
2001-07-09,119.48999786376952,119.6999969482422,122.547,-2.3784,,,,
2001-07-10,120.29000091552734,118.26000213623048,122.155,-3.2936,,,,
2001-07-11,118.0999984741211,118.37999725341795,121.78,-2.8721,,,,
2001-07-12,119.5,121.19000244140624,121.5995,-0.3379,,,,
2001-07-13,120.83999633789062,122.23999786376952,121.6115,0.5142,,,,
2001-07-16,121.7699966430664,120.70999908447266,121.5545,-0.6996,,,,
2001-07-17,120.1999969482422,121.83999633789062,121.5835,0.2105,,,,
2001-07-18,120.55999755859376,121.01000213623048,121.5445,-0.4417,,,,
2001-07-19,122.18000030517578,122.06999969482422,121.5265,0.4452,,,,
2001-07-20,121.1500015258789,121.33999633789062,121.4025,-0.0515,,,,
2001-07-23,121.8000030517578,118.9499969482422,121.2075,-1.8979,,,,
2001-07-24,119.0,117.8000030517578,121.0115,-2.7262,,,,
2001-07-25,117.91999816894533,119.0999984741211,120.889,-1.5021,,,,
2001-07-26,119.05999755859376,120.3499984741211,120.8325,-0.4009,,,,
2001-07-27,120.83000183105467,120.80999755859376,120.7655,0.0368,,,,
2001-07-30,121.19000244140624,120.8499984741211,120.678,0.1423,,,,
2001-07-31,121.0,121.3499984741211,120.539,0.6683,,,,
2001-08-01,121.97000122070312,122.11000061035156,120.4395,1.368,,,,
2001-08-02,123.2300033569336,122.61000061035156,120.486,1.7323,,,,
2001-08-03,122.36000061035156,121.94000244140624,120.6305,1.0739,2.9405,0.3652,1,mild_positive
2001-08-06,121.3499984741211,120.3000030517578,120.6605,-0.2997,2.9389,-0.102,-1,mild_negative
2001-08-07,120.2699966430664,120.7699966430664,120.786,-0.0133,2.9385,-0.0045,-1,mild_negative
2001-08-08,120.12000274658205,118.52999877929688,120.7935,-1.9096,2.9392,-0.6497,-1,mild_negative
2001-08-09,118.6999969482422,118.87999725341795,120.678,-1.5125,2.9395,-0.5145,-1,mild_negative
2001-08-10,118.8000030517578,119.29000091552734,120.5305,-1.0399,2.9383,-0.3539,-1,mild_negative
2001-08-13,119.5999984741211,119.31999969482422,120.461,-0.9563,2.9363,-0.3257,-1,mild_negative
2001-08-14,120.13999938964844,119.2699966430664,120.3325,-0.8908,2.9357,-0.3035,-1,mild_negative
2001-08-15,119.2300033569336,118.23999786376952,120.194,-1.6526,2.9359,-0.5629,-1,mild_negative
2001-08-16,117.8000030517578,118.6500015258789,120.023,-1.1572,2.935,-0.3943,-1,mild_negative
2001-08-17,117.6500015258789,116.75,119.7935,-2.6069,2.9329,-0.8888,-1,mild_negative
2001-08-20,116.8000030517578,117.83000183105467,119.7375,-1.6189,2.9292,-0.5527,-1,mild_negative
2001-08-21,117.8000030517578,115.81999969482422,119.6385,-3.2969,2.9302,-1.1252,-2,negative
2001-08-22,116.75,117.0199966430664,119.5345,-2.1488,2.9245,-0.7348,-1,mild_negative
2001-08-23,116.95999908447266,116.5999984741211,119.347,-2.3559,2.9206,-0.8067,-1,mild_negative
2001-08-24,117.20999908447266,119.0199966430664,119.2575,-0.1995,2.9139,-0.0685,-1,mild_negative
2001-08-27,118.97000122070312,118.30999755859376,119.1305,-0.6935,2.9079,-0.2385,-1,mild_negative
2001-08-28,118.27999877929688,116.58000183105467,118.892,-1.9832,2.9016,-0.6835,-1,mild_negative
2001-08-29,117.12999725341795,115.54000091552734,118.5635,-2.6168,2.896,-0.9036,-1,mild_negative
2001-08-30,114.8499984741211,113.31999969482422,118.099,-4.2173,2.8969,-1.4558,-2,negative
2001-08-31,113.4000015258789,114.1500015258789,117.7095,-3.1183,2.8935,-1.0777,-2,negative
2001-09-04,113.8499984741211,113.41999816894533,117.3655,-3.4787,2.8921,-1.2028,-2,negative
2001-09-05,113.6999969482422,113.6999969482422,117.012,-2.9129,2.8924,-1.0071,-2,negative
2001-09-06,112.6500015258789,110.7699966430664,116.624,-5.2848,2.8991,-1.8229,-2,negative
2001-09-07,110.0199966430664,108.72000122070312,116.116,-6.8028,2.916,-2.3329,-3,extreme_negative
2001-09-10,107.6999969482422,110.0500030517578,115.654,-5.0922,2.9243,-1.7414,-2,negative
2001-09-17,101.0,104.3000030517578,114.903,-10.1659,2.9782,-3.4134,-3,extreme_negative
2001-09-18,104.33000183105467,104.0500030517578,114.142,-9.6992,3.0243,-3.2071,-3,extreme_negative
2001-09-19,104.0999984741211,101.9499969482422,113.3275,-11.1599,3.0875,-3.6145,-3,extreme_negative
2001-09-20,100.4000015258789,98.70999908447266,112.3305,-13.7985,3.1858,-4.3312,-3,extreme_negative
2001-09-21,94.27999877929688,97.27999877929688,111.357,-14.4706,3.291,-4.397,-3,extreme_negative
2001-09-24,99.72000122070312,100.6999969482422,110.5005,-9.7324,3.3326,-2.9203,-3,extreme_negative
2001-09-25,100.75,101.75,109.797,-7.9086,3.3572,-2.3557,-3,extreme_negative
2001-09-26,102.3499984741211,101.38999938964844,109.0155,-7.521,3.3776,-2.2267,-3,extreme_negative
2001-09-27,101.25,102.2699966430664,108.299,-5.8952,3.3861,-1.741,-2,negative
2001-09-28,102.9800033569336,104.44000244140624,107.57,-2.9969,3.3866,-0.8849,-1,mild_negative
2001-10-01,103.9000015258789,104.2699966430664,106.868,-2.4916,3.3854,-0.736,-1,mild_negative
2001-10-02,104.0,105.58000183105467,106.318,-0.699,3.38,-0.2068,-1,mild_negative
2001-10-03,104.5999984741211,107.3499984741211,105.9085,1.3428,3.3837,0.3968,1,mild_positive
2001-10-04,108.29000091552734,107.44000244140624,105.6145,1.6991,3.3878,0.5015,1,mild_positive
2001-10-05,107.25,107.2300033569336,105.2685,1.8292,3.3899,0.5396,1,mild_positive
2001-10-08,106.2699966430664,106.52999877929688,104.924,1.5076,3.3928,0.4443,1,mild_positive
2001-10-09,106.61000061035156,105.95999908447266,104.537,1.343,3.3969,0.3954,1,mild_positive
2001-10-10,105.8000030517578,108.31999969482422,104.4145,3.6055,3.4103,1.0572,2,positive
2001-10-11,108.9499969482422,110.0,104.4785,5.0195,3.4331,1.4621,2,positive
2001-10-12,109.1500015258789,109.5,104.451,4.611,3.452,1.3357,2,positive
2001-10-15,108.62999725341795,109.3000030517578,104.701,4.2077,3.4688,1.213,2,positive
2001-10-16,109.8000030517578,109.98999786376952,104.998,4.5386,3.4875,1.3014,2,positive
2001-10-17,111.06999969482422,107.6500015258789,105.283,2.1988,3.4926,0.6296,1,mild_positive
2001-10-18,107.81999969482422,107.41999816894533,105.7185,1.584,3.4946,0.4533,1,mild_positive
2001-10-19,107.0,107.3499984741211,106.222,1.0508,3.4908,0.301,1,mild_positive
2001-10-22,107.3000030517578,109.47000122070312,106.6605,2.5665,3.4901,0.7354,1,mild_positive
2001-10-23,109.95999908447266,108.91000366210938,107.0185,1.7368,3.4745,0.4999,1,mild_positive
2001-10-24,108.9800033569336,108.62000274658205,107.38,1.1416,3.4745,0.3286,1,mild_positive
2001-10-25,107.4499969482422,110.56999969482422,107.795,2.5097,3.4804,0.7211,1,mild_positive
2001-10-26,109.9499969482422,110.31999969482422,108.089,2.0223,3.4776,0.5815,1,mild_positive
2001-10-29,110.16000366210938,107.4499969482422,108.248,-0.7427,3.4695,-0.2141,-1,mild_negative
2001-10-30,107.3499984741211,106.16000366210938,108.277,-1.9942,3.4701,-0.5747,-1,mild_negative
2001-10-31,106.9000015258789,105.8000030517578,108.1995,-2.268,3.4706,-0.6535,-1,mild_negative
2001-11-01,106.5999984741211,108.51000213623048,108.253,0.2368,3.4705,0.0682,1,mild_positive
2001-11-02,108.44000244140624,109.25,108.354,0.8201,3.472,0.2362,1,mild_positive
2001-11-05,110.12000274658205,110.68000030517578,108.5615,1.9141,3.4758,0.5507,1,mild_positive
2001-11-06,110.3499984741211,112.4000015258789,108.8835,3.1286,3.485,0.8977,1,mild_positive
2001-11-07,111.7699966430664,112.25,109.08,2.8241,3.4923,0.8087,1,mild_positive
2001-11-08,112.87000274658205,112.5999984741211,109.21,3.0107,3.4984,0.8606,1,mild_positive
2001-11-09,112.25,112.72000122070312,109.371,2.9711,3.4987,0.8492,1,mild_positive
2001-11-12,111.0,112.02999877929688,109.5075,2.2516,3.4973,0.6438,1,mild_positive
2001-11-13,113.44000244140624,114.5500030517578,109.7355,4.203,3.5043,1.1994,2,positive
2001-11-14,115.16999816894533,114.66000366210938,110.086,3.9892,3.51,1.1365,2,positive
2001-11-15,114.37000274658205,114.87000274658205,110.4585,3.8404,3.5124,1.0934,2,positive
2001-11-16,115.08000183105467,114.36000061035156,110.809,3.1051,3.5123,0.8841,1,mild_positive
2001-11-19,114.91999816894533,115.7699966430664,111.124,4.0131,3.5244,1.1387,2,positive
2001-11-20,115.37000274658205,114.8000030517578,111.4185,2.9456,3.5321,0.8339,1,mild_positive
2001-11-21,114.5,114.04000091552734,111.6895,2.0611,3.536,0.5829,1,mild_positive
2001-11-23,114.04000091552734,115.68000030517578,111.945,3.2287,3.543,0.9113,1,mild_positive
2001-11-26,115.75,115.93000030517578,112.2255,3.1955,3.5521,0.8996,1,mild_positive
2001-11-27,115.62000274658205,115.43000030517578,112.6245,2.4305,3.558,0.6831,1,mild_positive
2001-11-28,114.73999786376952,113.33999633789062,112.9835,0.3145,3.5581,0.0884,1,mild_positive
2001-11-29,113.66000366210938,114.87000274658205,113.437,1.2475,3.5593,0.3505,1,mild_positive
2001-11-30,114.4000015258789,114.0500030517578,113.714,0.2946,3.5557,0.0829,1,mild_positive
2001-12-03,113.6500015258789,113.37000274658205,113.92,-0.4851,3.5533,-0.1365,-1,mild_negative
2001-12-04,113.91999816894533,115.29000091552734,114.1505,0.9884,3.5439,0.2789,1,mild_positive
2001-12-05,115.61000061035156,117.4000015258789,114.4005,2.5549,3.547,0.7203,1,mild_positive
2001-12-06,117.33999633789062,117.33999633789062,114.655,2.2882,3.5511,0.6444,1,mild_positive
2001-12-07,116.9000015258789,116.55999755859376,114.853,1.4645,3.5492,0.4126,1,mild_positive
2001-12-10,115.8499984741211,114.37999725341795,114.936,-0.4861,3.545,-0.1371,-1,mild_negative
2001-12-11,114.9000015258789,114.1500015258789,115.042,-0.7814,3.5391,-0.2208,-1,mild_negative
2001-12-12,114.5500030517578,114.27999877929688,115.0285,-0.655,3.5343,-0.1853,-1,mild_negative
2001-12-13,113.4499969482422,112.05999755859376,114.8985,-2.533,3.5345,-0.7167,-1,mild_negative
2001-12-14,112.33000183105467,113.12999725341795,114.8115,-1.4863,3.5331,-0.4207,-1,mild_negative
2001-12-17,112.98999786376952,114.3000030517578,114.8085,-0.4449,3.533,-0.1259,-1,mild_negative
2001-12-18,114.62999725341795,114.9800033569336,114.769,0.1835,3.5332,0.0519,1,mild_positive
2001-12-19,114.08999633789062,115.79000091552734,114.8185,0.839,3.5345,0.2374,1,mild_positive
2001-12-20,115.5,114.6500015258789,114.849,-0.1736,3.5293,-0.0492,-1,mild_negative
2001-12-21,115.02999877929688,114.9499969482422,114.8125,0.1196,3.5259,0.0339,1,mild_positive
2001-12-24,114.83000183105467,114.7300033569336,114.7525,-0.0196,3.5252,-0.0056,-1,mild_negative
2001-12-26,114.6500015258789,115.36000061035156,114.749,0.5296,3.526,0.1502,1,mild_positive
2001-12-27,115.3000030517578,116.05999755859376,114.885,1.0124,3.525,0.2872,1,mild_positive
2001-12-28,116.29000091552734,116.0,114.9415,0.9125,3.5262,0.2588,1,mild_positive
2001-12-31,116.1500015258789,114.3000030517578,114.954,-0.5722,3.5225,-0.1624,-1,mild_negative
2002-01-02,115.11000061035156,115.52999877929688,115.062,0.4051,3.5073,0.1155,1,mild_positive
2002-01-03,115.6500015258789,116.83999633789062,115.1395,1.4554,3.4987,0.416,1,mild_positive
2002-01-04,117.16999816894533,117.62000274658205,115.1505,2.0996,3.502,0.5995,1,mild_positive
2002-01-07,117.6999969482422,116.79000091552734,115.123,1.4273,3.5043,0.4073,1,mild_positive
2002-01-08,116.79000091552734,116.5199966430664,115.121,1.2006,3.5058,0.3425,1,mild_positive
2002-01-09,116.68000030517578,115.56999969482422,115.1805,0.337,3.5057,0.0961,1,mild_positive
2002-01-10,115.69000244140624,116.08000183105467,115.277,0.6918,3.5062,0.1973,1,mild_positive
2002-01-11,116.20999908447266,114.94000244140624,115.31,-0.3219,3.5024,-0.0919,-1,mild_negative
2002-01-14,114.6500015258789,114.22000122070312,115.418,-1.0489,3.5002,-0.2997,-1,mild_negative
2002-01-15,114.5500030517578,115.1500015258789,115.519,-0.3205,3.4995,-0.0916,-1,mild_negative
2002-01-16,114.3000030517578,112.81999969482422,115.445,-2.3267,3.499,-0.665,-1,mild_negative
2002-01-17,113.76000213623048,113.66999816894533,115.3795,-1.5039,3.4988,-0.4298,-1,mild_negative
2002-01-18,113.0,113.1500015258789,115.2475,-1.8537,3.499,-0.5298,-1,mild_negative
2002-01-22,113.75,112.37000274658205,115.1335,-2.4593,3.5005,-0.7025,-1,mild_negative
2002-01-23,112.62999725341795,113.2300033569336,115.0475,-1.6051,3.5004,-0.4586,-1,mild_negative
2002-01-24,113.63999938964844,113.58000183105467,114.99,-1.2414,3.4999,-0.3547,-1,mild_negative
2002-01-25,113.12000274658205,113.5500030517578,114.8995,-1.1885,3.4981,-0.3397,-1,mild_negative
2002-01-28,113.9000015258789,113.86000061035156,114.7895,-0.8164,3.4954,-0.2335,-1,mild_negative
2002-01-29,113.8499984741211,110.27999877929688,114.5035,-3.8298,3.4957,-1.0956,-2,negative
2002-01-30,110.38999938964844,111.87000274658205,114.382,-2.2455,3.4938,-0.6427,-1,mild_negative
2002-01-31,112.1500015258789,113.18000030517578,114.2645,-0.9582,3.4895,-0.2746,-1,mild_negative
2002-02-01,113.08999633789062,112.6500015258789,114.055,-1.2472,3.4838,-0.358,-1,mild_negative
2002-02-04,112.2300033569336,109.8499984741211,113.6665,-3.4743,3.4818,-0.9978,-1,mild_negative
2002-02-05,109.4000015258789,109.16999816894533,113.2855,-3.7698,3.482,-1.0826,-2,negative
2002-02-06,109.6500015258789,108.6999969482422,112.8945,-3.8588,3.4831,-1.1079,-2,negative
2002-02-07,108.72000122070312,108.0199966430664,112.517,-4.1631,3.4836,-1.1951,-2,negative
2002-02-08,108.62999725341795,110.08999633789062,112.2175,-1.9325,3.4759,-0.556,-1,mild_negative
2002-02-11,110.0500030517578,111.44000244140624,112.0425,-0.5406,3.4707,-0.1558,-1,mild_negative
2002-02-12,110.95999908447266,111.08999633789062,111.886,-0.7165,3.4635,-0.2069,-1,mild_negative
2002-02-13,111.4800033569336,112.2699966430664,111.742,0.4703,3.4635,0.1358,1,mild_positive
2002-02-14,112.51000213623048,112.05999755859376,111.704,0.3177,3.4625,0.0918,1,mild_positive
2002-02-15,112.1500015258789,110.88999938964844,111.565,-0.6087,3.4616,-0.1758,-1,mild_negative
2002-02-19,110.1500015258789,108.76000213623048,111.3455,-2.3773,3.4627,-0.6865,-1,mild_negative
2002-02-20,109.0500030517578,110.58999633789062,111.2565,-0.6027,3.4625,-0.1741,-1,mild_negative
2002-02-21,109.93000030517578,108.3000030517578,111.01,-2.5023,3.4626,-0.7227,-1,mild_negative
2002-02-22,108.3499984741211,109.63999938964844,110.813,-1.0699,3.4625,-0.309,-1,mild_negative
2002-02-25,109.73999786376952,111.4499969482422,110.708,0.6658,3.4629,0.1923,1,mild_positive
2002-02-26,111.5999984741211,111.22000122070312,110.576,0.579,3.4628,0.1672,1,mild_positive
2002-02-27,111.95999908447266,111.6500015258789,110.6445,0.9006,3.4644,0.26,1,mild_positive
2002-02-28,111.83000183105467,111.1500015258789,110.6085,0.4872,3.4617,0.1407,1,mild_positive
2002-03-01,111.72000122070312,113.73999786376952,110.6365,2.7286,3.4599,0.7886,1,mild_positive
2002-03-04,113.9000015258789,115.75,110.7915,4.2838,3.4548,1.24,2,positive
2002-03-05,115.33000183105467,115.37999725341795,111.068,3.7372,3.4499,1.0833,2,positive
2002-03-06,115.0999984741211,116.75,111.447,4.5422,3.4472,1.3176,2,positive
2002-03-07,117.36000061035156,116.5,111.837,4.0026,3.4538,1.1589,2,positive
2002-03-08,117.37999725341795,116.98999786376952,112.2855,4.0213,3.458,1.1629,2,positive
2002-03-11,116.88999938964844,117.23999786376952,112.643,3.921,3.4534,1.1354,2,positive
2002-03-12,116.0999984741211,117.16999816894533,112.9295,3.6191,3.4527,1.0482,2,positive
2002-03-13,116.62999725341795,116.04000091552734,113.177,2.4673,3.4457,0.716,1,mild_positive
2002-03-14,116.04000091552734,115.87999725341795,113.3575,2.1768,3.4436,0.6321,1,mild_positive
2002-03-15,115.97000122070312,116.6500015258789,113.587,2.6258,3.4472,0.7617,1,mild_positive
2002-03-18,117.0999984741211,116.66999816894533,113.876,2.3948,3.4514,0.6939,1,mild_positive
2002-03-19,117.3000030517578,117.4499969482422,114.3105,2.6731,3.4568,0.7733,1,mild_positive
2002-03-20,116.5,115.23999786376952,114.543,0.6048,3.4521,0.1752,1,mild_positive
2002-03-21,115.3000030517578,115.29000091552734,114.8925,0.3448,3.4234,0.1007,1,mild_positive
2002-03-22,115.5,115.04000091552734,115.1625,-0.1065,3.4098,-0.0312,-1,mild_negative
2002-03-25,115.08999633789062,113.61000061035156,115.2705,-1.4616,3.3871,-0.4315,-1,mild_negative
2002-03-26,113.5199966430664,114.2699966430664,115.423,-1.009,3.3681,-0.2996,-1,mild_negative
2002-03-27,114.02999877929688,114.56999969482422,115.569,-0.872,3.3357,-0.2614,-1,mild_negative
2002-03-28,114.97000122070312,114.5199966430664,115.7375,-1.0631,3.3227,-0.32,-1,mild_negative
2002-04-01,114.2300033569336,114.56999969482422,115.779,-1.0552,3.2935,-0.3204,-1,mild_negative
2002-04-02,113.9800033569336,113.94000244140624,115.6885,-1.5346,3.2527,-0.4718,-1,mild_negative
2002-04-03,114.01000213623048,113.13999938964844,115.5765,-2.1535,3.2076,-0.6714,-1,mild_negative
2002-04-04,112.5999984741211,112.66999816894533,115.3725,-2.3986,3.1942,-0.7509,-1,mild_negative
2002-04-05,113.19000244140624,112.69000244140624,115.182,-2.2114,3.1898,-0.6933,-1,mild_negative
2002-04-08,111.31999969482422,112.93000030517578,114.979,-1.8144,3.1909,-0.5686,-1,mild_negative
2002-04-09,113.18000030517578,112.13999938964844,114.724,-2.3043,3.1864,-0.7231,-1,mild_negative
2002-04-10,112.0999984741211,113.41000366210938,114.536,-0.9929,3.1825,-0.312,-1,mild_negative
2002-04-11,112.88999938964844,110.58999633789062,114.2635,-3.3217,3.1877,-1.0421,-2,negative
2002-04-12,111.0199966430664,111.41999816894533,114.0405,-2.3519,3.1849,-0.7384,-1,mild_negative
2002-04-15,111.62000274658205,110.56999969482422,113.7365,-2.8638,3.168,-0.904,-1,mild_negative
2002-04-16,111.6999969482422,113.1999969482422,113.563,-0.3207,3.154,-0.1017,-1,mild_negative
2002-04-17,113.38999938964844,112.95999908447266,113.3385,-0.3351,3.1539,-0.1062,-1,mild_negative
2002-04-18,112.9000015258789,112.47000122070312,113.2,-0.6491,3.1527,-0.2059,-1,mild_negative
2002-04-19,113.1999969482422,112.87999725341795,113.0795,-0.1767,3.1526,-0.0561,-1,mild_negative
2002-04-22,112.37999725341795,111.0,112.8775,-1.6914,3.1523,-0.5366,-1,mild_negative
2002-04-23,111.08999633789062,110.5199966430664,112.723,-1.9933,3.1524,-0.6323,-1,mild_negative
2002-04-24,110.55999755859376,109.41000366210938,112.48,-2.806,3.1488,-0.8911,-1,mild_negative
2002-04-25,109.20999908447266,109.47000122070312,112.225,-2.5167,3.1485,-0.7993,-1,mild_negative
2002-04-26,109.79000091552734,107.38999938964844,111.8685,-4.1703,3.1495,-1.3241,-2,negative
2002-04-29,107.93000030517578,106.86000061035156,111.483,-4.3262,3.1285,-1.3828,-2,negative
2002-04-30,107.0199966430664,107.86000061035156,111.179,-3.0771,3.0949,-0.9943,-1,mild_negative
2002-05-01,107.97000122070312,109.18000030517578,110.981,-1.6496,3.0694,-0.5374,-1,mild_negative
2002-05-02,109.0999984741211,108.76000213623048,110.7855,-1.8624,3.0583,-0.609,-1,mild_negative
2002-05-03,108.5999984741211,107.58000183105467,110.53,-2.7421,3.0531,-0.8982,-1,mild_negative
2002-05-06,107.63999938964844,105.47000122070312,110.157,-4.4439,3.0488,-1.4576,-2,negative
2002-05-07,106.0999984741211,105.0999984741211,109.805,-4.4767,3.0439,-1.4707,-2,negative
2002-05-08,107.0500030517578,109.01000213623048,109.585,-0.5275,3.02,-0.1747,-1,mild_negative
2002-05-09,108.6500015258789,107.75,109.443,-1.5712,2.9943,-0.5247,-1,mild_negative
2002-05-10,107.97000122070312,105.72000122070312,109.158,-3.252,2.974,-1.0935,-2,negative
2002-05-13,106.22000122070312,107.87000274658205,109.023,-1.0689,2.9549,-0.3617,-1,mild_negative
2002-05-14,109.62000274658205,110.22000122070312,108.874,1.2212,2.9484,0.4142,1,mild_positive
2002-05-15,109.5,109.79000091552734,108.7155,0.9787,2.9349,0.3335,1,mild_positive
2002-05-16,109.6999969482422,110.36000061035156,108.61,1.5857,2.9303,0.5411,1,mild_positive
2002-05-17,110.66000366210938,110.9000015258789,108.511,2.1542,2.9297,0.7353,1,mild_positive
2002-05-20,110.63999938964844,109.6999969482422,108.446,1.1431,2.9287,0.3903,1,mild_positive
2002-05-21,110.11000061035156,108.6999969482422,108.355,0.3174,2.9264,0.1085,1,mild_positive
2002-05-22,108.22000122070312,108.94000244140624,108.3315,0.5586,2.9264,0.1909,1,mild_positive
2002-05-23,109.26000213623048,110.0999984741211,108.363,1.5777,2.9289,0.5386,1,mild_positive
2002-05-24,109.9800033569336,108.69000244140624,108.428,0.2411,2.9284,0.0823,1,mild_positive
2002-05-28,109.0500030517578,108.0999984741211,108.49,-0.3608,2.9211,-0.1235,-1,mild_negative
2002-05-29,107.62000274658205,107.3000030517578,108.462,-1.0829,2.9137,-0.3717,-1,mild_negative
2002-05-30,106.5500030517578,107.0,108.353,-1.2645,2.9052,-0.4352,-1,mild_negative
2002-05-31,107.4000015258789,107.22000122070312,108.276,-0.9849,2.8906,-0.3407,-1,mild_negative
2002-06-03,107.08999633789062,104.37000274658205,108.1155,-3.5887,2.8844,-1.2442,-2,negative
2002-06-04,104.1500015258789,104.62999725341795,108.0735,-3.2911,2.8853,-1.1406,-2,negative
2002-06-05,104.9499969482422,105.61000061035156,108.099,-2.3568,2.8833,-0.8174,-1,mild_negative
2002-06-06,105.54000091552734,103.45999908447266,107.8215,-4.2156,2.8907,-1.4584,-2,negative
2002-06-07,101.77999877929688,103.33999633789062,107.601,-4.1233,2.8983,-1.4226,-2,negative
2002-06-10,103.23999786376952,103.73999786376952,107.502,-3.6264,2.9032,-1.2491,-2,negative
2002-06-11,104.12999725341795,101.95999908447266,107.2065,-5.1456,2.916,-1.7646,-2,negative
2002-06-12,101.70999908447266,102.58000183105467,106.8245,-4.1377,2.9236,-1.4153,-2,negative
2002-06-13,102.12999725341795,101.5500030517578,106.4125,-4.7883,2.9339,-1.632,-2,negative
2002-06-14,100.30999755859376,101.4000015258789,105.9645,-4.5015,2.9411,-1.5305,-2,negative
2002-06-17,101.91999816894533,104.12000274658205,105.6255,-1.4459,2.9409,-0.4917,-1,mild_negative
2002-06-18,103.73999786376952,104.97000122070312,105.389,-0.3992,2.9402,-0.1358,-1,mild_negative
2002-06-19,103.5,102.5199966430664,105.08,-2.4971,2.9421,-0.8488,-1,mild_negative
2002-06-20,102.26000213623048,101.20999908447266,104.6935,-3.4419,2.9463,-1.1682,-2,negative
2002-06-21,100.47000122070312,99.27999877929688,104.1525,-4.9078,2.9567,-1.6599,-2,negative
2002-06-24,98.61000061035156,99.8000030517578,103.708,-3.9158,2.9611,-1.3224,-2,negative
2002-06-25,100.3000030517578,97.55999755859376,103.181,-5.7616,2.9678,-1.9414,-2,negative
2002-06-26,95.1999969482422,97.72000122070312,102.702,-5.0982,2.9713,-1.7158,-2,negative
2002-06-27,98.5,99.43000030517578,102.3235,-2.9101,2.965,-0.9815,-1,mild_negative
2002-06-28,99.23999786376952,98.95999908447266,101.9105,-2.9815,2.9626,-1.0064,-2,negative
2002-07-01,99.18000030517578,97.02999877929688,101.5435,-4.6517,2.9696,-1.5664,-2,negative
2002-07-02,96.86000061035156,94.97000122070312,101.0605,-6.4131,2.9895,-2.1452,-3,extreme_negative
2002-07-03,94.62000274658205,95.51000213623048,100.5555,-5.2827,3.0014,-1.7601,-2,negative
2002-07-05,96.77999877929688,99.30999755859376,100.348,-1.0452,2.9995,-0.3485,-1,mild_negative
2002-07-08,98.9800033569336,98.06999969482422,100.0845,-2.0541,2.9985,-0.685,-1,mild_negative
2002-07-09,97.7300033569336,95.5999984741211,99.6775,-4.2652,3.0044,-1.4197,-2,negative
2002-07-10,96.0,92.12000274658205,99.1855,-7.6699,3.0336,-2.5283,-3,extreme_negative
2002-07-11,91.76000213623048,92.87000274658205,98.7,-6.2776,3.052,-2.0569,-3,extreme_negative
2002-07-12,93.33000183105467,91.8499984741211,98.215,-6.9298,3.074,-2.2543,-3,extreme_negative
2002-07-15,91.63999938964844,92.33999633789062,97.762,-5.8718,3.088,-1.9015,-2,negative
2002-07-16,91.12000274658205,90.55999755859376,97.084,-7.2041,3.1122,-2.3148,-3,extreme_negative
2002-07-17,92.45999908447266,90.73999786376952,96.3725,-6.2073,3.126,-1.9857,-2,negative
2002-07-18,90.6999969482422,87.80000305175781,95.6365,-8.9254,3.1637,-2.8212,-3,extreme_negative
2002-07-19,86.76000213623047,84.70999908447266,94.8115,-11.9248,3.233,-3.6884,-3,extreme_negative
2002-07-22,84.0999984741211,82.19999694824219,93.9575,-14.3035,3.3353,-4.2885,-3,extreme_negative
2002-07-23,82.55000305175781,79.94999694824219,92.965,-16.2789,3.4669,-4.6955,-3,extreme_negative
2002-07-24,78.12999725341797,84.72000122070312,92.323,-8.9743,3.4991,-2.5647,-3,extreme_negative
2002-07-25,84.2699966430664,84.0,91.637,-9.0917,3.5333,-2.5731,-3,extreme_negative
2002-07-26,84.6500015258789,85.5999984741211,90.9455,-6.2447,3.5457,-1.7612,-2,negative
2002-07-29,87.5,89.7699966430664,90.486,-0.7976,3.5454,-0.225,-1,mild_negative
2002-07-30,89.31999969482422,90.94000244140624,90.1815,0.8341,3.5462,0.2352,1,mild_positive
2002-07-31,90.48999786376952,91.16000366210938,89.991,1.2824,3.5491,0.3613,1,mild_positive
2002-08-01,90.87999725341795,88.77999877929688,89.6545,-0.985,3.5489,-0.2776,-1,mild_negative
2002-08-02,88.5,86.79000091552734,89.0285,-2.5792,3.5487,-0.7268,-1,mild_negative
2002-08-05,86.48999786376953,83.7699966430664,88.3135,-5.4238,3.5581,-1.5243,-2,negative
2002-08-06,85.2300033569336,86.58999633789062,87.863,-1.4702,3.5577,-0.4132,-1,mild_negative
2002-08-07,87.87000274658203,88.0999984741211,87.662,0.4972,3.5585,0.1397,1,mild_positive
2002-08-08,88.41999816894531,90.9499969482422,87.566,3.7207,3.5713,1.0419,2,positive
2002-08-09,90.0999984741211,91.29000091552734,87.538,4.11,3.5852,1.1464,2,positive
2002-08-12,89.98999786376953,90.62000274658205,87.452,3.4959,3.5939,0.9727,1,mild_positive
2002-08-13,90.1500015258789,88.97000122070312,87.3725,1.7956,3.5941,0.4996,1,mild_positive
2002-08-14,89.0199966430664,92.22000122070312,87.4465,5.1762,3.6138,1.4324,2,positive
2002-08-15,92.83999633789062,93.5,87.7315,6.1695,3.6431,1.6935,2,positive
2002-08-16,92.81999969482422,93.22000122070312,88.157,5.4312,3.6662,1.4814,2,positive
2002-08-19,93.45999908447266,95.4000015258789,88.817,6.9004,3.7009,1.8645,2,positive
2002-08-20,94.81999969482422,94.38999938964844,89.539,5.1393,3.7219,1.3808,2,positive
2002-08-21,95.05999755859376,95.75,90.0905,5.9107,3.7481,1.577,2,positive
2002-08-22,95.48999786376952,96.68000030517578,90.7245,6.16,3.7758,1.6315,2,positive
2002-08-23,96.01000213623048,94.5999984741211,91.1745,3.621,3.7873,0.9561,1,mild_positive
2002-08-26,94.91000366210938,95.26000213623048,91.449,4.0006,3.8005,1.0527,2,positive
2002-08-27,95.6999969482422,94.16000366210938,91.61,2.7082,3.8078,0.7112,1,mild_positive
2002-08-28,93.27999877929688,92.0999984741211,91.657,0.481,3.8077,0.1263,1,mild_positive
2002-08-29,91.2699966430664,92.13999938964844,91.825,0.3419,3.8085,0.0898,1,mild_positive
2002-08-30,91.68000030517578,91.77999877929688,92.0745,-0.3209,3.806,-0.0843,-1,mild_negative
2002-09-03,90.7300033569336,88.27999877929688,92.3,-4.5537,3.8118,-1.1946,-2,negative
2002-09-04,88.61000061035156,89.54000091552734,92.4475,-3.2472,3.8135,-0.8515,-1,mild_negative
2002-09-05,88.48999786376953,88.77999877929688,92.4815,-4.1693,3.8182,-1.092,-2,negative
2002-09-06,89.75,90.0,92.434,-2.7044,3.8195,-0.7081,-1,mild_negative
2002-09-09,89.0999984741211,90.66000366210938,92.4025,-1.922,3.8195,-0.5032,-1,mild_negative
2002-09-10,91.13999938964844,91.6999969482422,92.4565,-0.825,3.8182,-0.2161,-1,mild_negative
2002-09-11,92.47000122070312,91.12999725341795,92.5645,-1.5741,3.8132,-0.4128,-1,mild_negative
2002-09-12,90.75,89.44999694824219,92.426,-3.327,3.8136,-0.8724,-1,mild_negative
2002-09-13,88.69000244140625,89.66999816894531,92.2345,-2.8599,3.8123,-0.7502,-1,mild_negative
2002-09-16,89.30999755859375,89.88999938964844,92.068,-2.423,3.8114,-0.6357,-1,mild_negative
2002-09-17,90.88999938964844,87.83000183105469,91.6895,-4.3943,3.8079,-1.154,-2,negative
2002-09-18,87.01000213623047,86.94999694824219,91.3175,-5.023,3.7989,-1.3222,-2,negative
2002-09-19,85.98999786376953,84.69999694824219,90.765,-7.1606,3.8098,-1.8795,-2,negative
2002-09-20,84.91999816894531,84.3499984741211,90.1485,-6.8743,3.7842,-1.8166,-2,negative
2002-09-23,83.6500015258789,83.66000366210938,89.6015,-7.102,3.7642,-1.8867,-2,negative
2002-09-24,82.44000244140625,82.30999755859375,88.954,-8.0719,3.7362,-2.1604,-3,extreme_negative
2002-09-25,83.37000274658203,84.3499984741211,88.4635,-4.8767,3.6567,-1.3336,-2,negative
2002-09-26,85.0199966430664,85.7300033569336,88.145,-2.817,3.5587,-0.7916,-1,mild_negative
2002-09-27,85.0,82.75,87.6755,-5.9523,3.5295,-1.6864,-2,negative
2002-09-30,82.0,81.79000091552734,87.176,-6.5852,3.5201,-1.8707,-2,negative
2002-10-01,82.43000030517578,85.72000122070312,87.048,-1.5492,3.4956,-0.4432,-1,mild_negative
2002-10-02,84.69000244140625,83.1500015258789,86.7285,-4.3037,3.488,-1.2339,-2,negative
2002-10-03,83.13999938964844,82.30999755859375,86.405,-4.9751,3.4949,-1.4235,-2,negative
2002-10-04,82.80000305175781,80.80000305175781,85.945,-6.3676,3.5104,-1.8139,-2,negative
2002-10-07,80.05999755859375,79.12999725341797,85.3685,-7.8839,3.5377,-2.2285,-3,extreme_negative
2002-10-08,79.80999755859375,80.37000274658203,84.802,-5.5145,3.5466,-1.5549,-2,negative
2002-10-09,79.08999633789062,78.0999984741211,84.1505,-7.7471,3.5682,-2.1712,-3,extreme_negative
2002-10-10,77.94000244140625,80.62999725341797,83.7095,-3.8193,3.5683,-1.0704,-2,negative
2002-10-11,82.0999984741211,84.16000366210938,83.434,0.8626,3.5667,0.2419,1,mild_positive
2002-10-14,83.19999694824219,84.62999725341797,83.171,1.724,3.5678,0.4832,1,mild_positive
2002-10-15,86.98999786376953,88.69999694824219,83.2145,6.1843,3.5845,1.7253,2,positive
2002-10-16,87.41000366210938,86.55000305175781,83.1945,3.877,3.5777,1.0837,2,positive
2002-10-17,88.87000274658203,88.2699966430664,83.373,5.5477,3.5839,1.548,2,positive
2002-10-18,87.6500015258789,88.63999938964844,83.5875,5.7,3.5936,1.5861,2,positive
2002-10-21,88.12000274658203,90.16999816894533,83.913,6.9391,3.6112,1.9215,2,positive
2002-10-22,89.05000305175781,89.5199966430664,84.2735,5.8607,3.6311,1.614,2,positive
2002-10-23,88.7699966430664,90.1999969482422,84.566,6.2461,3.6556,1.7086,2,positive
2002-10-24,90.75,88.36000061035156,84.6975,4.145,3.6674,1.1302,2,positive
2002-10-25,88.20999908447266,90.1999969482422,85.07,5.6874,3.6843,1.5437,2,positive
2002-10-28,91.1500015258789,89.61000061035156,85.461,4.6301,3.6969,1.2524,2,positive
2002-10-29,89.08000183105469,88.56999969482422,85.6035,3.3493,3.7043,0.9042,1,mild_positive
2002-10-30,88.68000030517578,89.43000030517578,85.9175,3.9277,3.7105,1.0585,2,positive
2002-10-31,89.66000366210938,88.5199966430664,86.228,2.5892,3.7124,0.6975,1,mild_positive
2002-11-01,88.3499984741211,90.2699966430664,86.7015,3.9531,3.7247,1.0613,2,positive
2002-11-04,91.8000030517578,91.12999725341795,87.3015,4.2011,3.7375,1.124,2,positive
2002-11-05,90.83999633789062,91.8499984741211,87.8755,4.3272,3.7504,1.1538,2,positive
2002-11-06,92.4800033569336,93.04000091552734,88.6225,4.748,3.766,1.2607,2,positive
2002-11-07,92.0199966430664,90.76000213623048,89.129,1.7971,3.7682,0.4769,1,mild_positive
2002-11-08,90.52999877929688,89.6500015258789,89.4035,0.275,3.7649,0.073,1,mild_positive
2002-11-11,89.51000213623047,88.26000213623047,89.585,-1.5012,3.7571,-0.3996,-1,mild_negative
2002-11-12,88.66000366210938,88.95999908447266,89.598,-0.7172,3.7501,-0.1912,-1,mild_negative
2002-11-13,88.31999969482422,89.05000305175781,89.723,-0.7558,3.7423,-0.2019,-1,mild_negative
2002-11-14,90.06999969482422,90.7300033569336,89.846,0.9743,3.7363,0.2608,1,mild_positive
2002-11-15,90.0,91.4000015258789,89.984,1.5492,3.7343,0.4149,1,mild_positive
2002-11-18,92.1500015258789,90.4800033569336,89.9995,0.5311,3.7217,0.1427,1,mild_positive
2002-11-19,90.0199966430664,90.36000061035156,90.0415,0.3525,3.71,0.095,1,mild_positive
2002-11-20,89.9800033569336,92.37000274658205,90.15,2.4034,3.7039,0.6489,1,mild_positive
2002-11-21,92.5999984741211,94.08999633789062,90.4365,3.883,3.7075,1.0473,2,positive
2002-11-22,93.4800033569336,93.41999816894533,90.5975,3.0213,3.7028,0.8159,1,mild_positive
2002-11-25,93.43000030517578,93.4800033569336,90.791,2.8766,3.7026,0.7769,1,mild_positive
2002-11-26,93.06999969482422,91.6999969482422,90.9475,0.8206,3.6995,0.2218,1,mild_positive
2002-11-27,92.5199966430664,94.27999877929688,91.19,3.2775,3.6997,0.8859,1,mild_positive
2002-11-29,94.8000030517578,93.9800033569336,91.463,2.6782,3.6976,0.7243,1,mild_positive
2002-12-02,95.47000122070312,94.12999725341795,91.656,2.6283,3.6983,0.7107,1,mild_positive
2002-12-03,93.25,92.87000274658205,91.743,1.2135,3.6999,0.328,1,mild_positive
2002-12-04,91.7699966430664,92.4499969482422,91.773,0.7323,3.6989,0.198,1,mild_positive
2002-12-05,92.7300033569336,91.43000030517578,91.6925,-0.2871,3.6983,-0.0776,-1,mild_negative
2002-12-06,90.12000274658205,92.02999877929688,91.756,0.2977,3.699,0.0805,1,mild_positive
2002-12-09,91.06999969482422,89.5,91.7485,-2.5123,3.6984,-0.6793,-1,mild_negative
2002-12-10,90.0199966430664,90.6999969482422,91.8705,-1.2905,3.6921,-0.3495,-1,mild_negative
2002-12-11,90.41999816894533,90.77999877929688,91.9615,-1.3015,3.6866,-0.353,-1,mild_negative
2002-12-12,91.1999969482422,90.7699966430664,92.0475,-1.4074,3.6836,-0.3821,-1,mild_negative
2002-12-13,89.91000366210938,89.33999633789062,91.978,-2.9528,3.6856,-0.8012,-1,mild_negative
2002-12-16,89.81999969482422,91.6500015258789,91.9905,-0.3715,3.6858,-0.1008,-1,mild_negative
2002-12-17,91.37000274658205,90.8499984741211,92.009,-1.2757,3.6858,-0.3461,-1,mild_negative
2002-12-18,90.31999969482422,89.80000305175781,91.981,-2.4287,3.6856,-0.659,-1,mild_negative
2002-12-19,89.3499984741211,89.16000366210938,91.8205,-2.984,3.6876,-0.8092,-1,mild_negative
2002-12-20,89.19999694824219,89.98999786376953,91.6155,-1.8063,3.6879,-0.4898,-1,mild_negative
2002-12-23,89.58999633789062,90.0199966430664,91.4455,-1.5835,3.6873,-0.4295,-1,mild_negative
2002-12-24,89.58999633789062,89.3499984741211,91.239,-2.1142,3.6862,-0.5735,-1,mild_negative
2002-12-26,89.69999694824219,89.38999938964844,91.1235,-1.9393,3.6863,-0.5261,-1,mild_negative
2002-12-27,88.95999908447266,87.37999725341797,90.7785,-3.8893,3.6901,-1.054,-2,negative
2002-12-30,87.79000091552734,88.11000061035156,90.485,-2.6955,3.691,-0.7303,-1,mild_negative
2002-12-31,87.98999786376953,88.2300033569336,90.19,-2.2215,3.6905,-0.6019,-1,mild_negative
2003-01-02,88.8499984741211,91.06999969482422,90.1,1.0651,3.6906,0.2886,1,mild_positive
2003-01-03,90.91000366210938,91.3499984741211,90.045,1.4286,3.6918,0.387,1,mild_positive
2003-01-06,91.23999786376952,92.95999908447266,90.1215,3.0535,3.7006,0.8251,1,mild_positive
2003-01-07,92.9000015258789,92.7300033569336,90.1565,2.7753,3.7072,0.7486,1,mild_positive
2003-01-08,92.1999969482422,91.38999938964844,90.251,1.2463,3.7066,0.3362,1,mild_positive
2003-01-09,91.81999969482422,92.80999755859376,90.3565,2.6436,3.7086,0.7128,1,mild_positive
2003-01-10,91.9499969482422,93.05999755859376,90.4705,2.7826,3.7131,0.7494,1,mild_positive
2003-01-13,93.54000091552734,93.02999877929688,90.5835,2.6298,3.7175,0.7074,1,mild_positive
2003-01-14,92.69000244140624,93.33000183105467,90.783,2.729,3.7239,0.7328,1,mild_positive
2003-01-15,93.54000091552734,92.4000015258789,90.8205,1.7094,3.7262,0.4588,1,mild_positive
2003-01-16,92.5,92.0199966430664,90.879,1.2399,3.7286,0.3325,1,mild_positive
2003-01-17,90.98999786376952,90.66000366210938,90.922,-0.289,3.7289,-0.0775,-1,mild_negative
2003-01-21,90.87000274658205,89.25,90.9265,-1.8784,3.7291,-0.5037,-1,mild_negative
2003-01-22,88.7699966430664,88.16999816894531,90.8355,-3.0231,3.7303,-0.8104,-1,mild_negative
2003-01-23,88.75,88.70999908447266,90.77,-2.3222,3.7311,-0.6224,-1,mild_negative
2003-01-24,88.58999633789062,86.37999725341797,90.6215,-4.9103,3.7388,-1.3133,-2,negative
2003-01-27,85.7300033569336,85.19999694824219,90.412,-6.1174,3.7514,-1.6307,-2,negative
2003-01-28,85.62999725341797,85.83000183105469,90.3345,-5.2482,3.7606,-1.3956,-2,negative
2003-01-29,85.41999816894531,86.4800033569336,90.253,-4.3629,3.7664,-1.1584,-2,negative
2003-01-30,86.79000091552734,84.43000030517578,90.063,-6.6718,3.7828,-1.7637,-2,negative
2003-01-31,84.1500015258789,86.05999755859375,89.8125,-4.3603,3.7884,-1.151,-2,negative
2003-02-03,86.13999938964844,86.2300033569336,89.5565,-3.8577,3.7885,-1.0183,-2,negative
2003-02-04,85.30999755859375,85.37999725341797,89.1775,-4.4478,3.7937,-1.1724,-2,negative
2003-02-05,85.75,84.8499984741211,88.7835,-4.6358,3.8002,-1.2199,-2,negative
2003-02-06,84.37000274658203,84.44999694824219,88.4365,-4.7205,3.8069,-1.24,-2,negative
2003-02-07,84.91000366210938,83.41999816894531,87.967,-5.4507,3.8137,-1.4292,-2,negative
2003-02-10,83.45999908447266,84.01000213623047,87.5145,-4.1715,3.8149,-1.0935,-2,negative
2003-02-11,84.37000274658203,83.43000030517578,87.0345,-4.3204,3.8163,-1.1321,-2,negative
2003-02-12,83.16000366210938,82.0999984741211,86.473,-5.3264,3.8207,-1.3941,-2,negative
2003-02-13,82.1500015258789,82.3499984741211,85.9705,-4.3965,3.8258,-1.1492,-2,negative
2003-02-14,82.37000274658203,84.1500015258789,85.577,-1.6958,3.8258,-0.4432,-1,mild_negative
2003-02-18,84.52999877929688,85.62999725341797,85.3255,0.3556,3.8269,0.0929,1,mild_positive
2003-02-19,85.31999969482422,85.18000030517578,85.122,0.0681,3.8263,0.0178,1,mild_positive
2003-02-20,85.20999908447266,84.33000183105469,84.93,-0.7115,3.8253,-0.186,-1,mild_negative
2003-02-21,84.37999725341797,85.18000030517578,84.7535,0.5007,3.8265,0.1309,1,mild_positive
2003-02-24,84.93000030517578,83.80000305175781,84.6245,-0.9839,3.8257,-0.2572,-1,mild_negative
2003-02-25,82.94999694824219,84.47000122070312,84.588,-0.1397,3.8261,-0.0365,-1,mild_negative
2003-02-26,84.0199966430664,83.23999786376953,84.4585,-1.4638,3.8252,-0.3827,-1,mild_negative
2003-02-27,83.69999694824219,84.33999633789062,84.3515,-0.0136,3.8258,-0.0036,-1,mild_negative
2003-02-28,84.47000122070312,84.9000015258789,84.375,0.6184,3.8257,0.1616,1,mild_positive
2003-03-03,85.26000213623047,84.08999633789062,84.2765,-0.2218,3.8247,-0.058,-1,mild_negative
2003-03-04,83.94999694824219,82.75,84.1025,-1.6344,3.8227,-0.4276,-1,mild_negative
2003-03-05,82.61000061035156,83.44999694824219,84.006,-0.6663,3.8214,-0.1744,-1,mild_negative
2003-03-06,82.87000274658203,82.75,83.901,-1.3909,3.8137,-0.3647,-1,mild_negative
2003-03-07,81.61000061035156,83.31999969482422,83.8445,-0.6295,3.7985,-0.1657,-1,mild_negative
2003-03-10,82.5999984741211,81.31999969482422,83.7395,-2.9753,3.7875,-0.7856,-1,mild_negative
2003-03-11,81.4800033569336,80.5199966430664,83.565,-3.7817,3.7736,-1.0021,-2,negative
2003-03-12,80.37999725341797,81.05999755859375,83.4465,-2.9441,3.7607,-0.7829,-1,mild_negative
2003-03-13,82.18000030517578,83.86000061035156,83.5345,0.3881,3.7474,0.1036,1,mild_positive
2003-03-14,84.19999694824219,84.12999725341797,83.6235,0.602,3.735,0.1612,1,mild_positive
2003-03-17,83.45999908447266,86.77999877929688,83.755,3.4858,3.7344,0.9334,1,mild_positive
2003-03-18,87.1500015258789,87.29000091552734,83.838,3.9546,3.7414,1.057,2,positive
2003-03-19,87.27999877929688,87.95999908447266,83.977,4.5282,3.7529,1.2066,2,positive
2003-03-20,87.33000183105469,88.1500015258789,84.168,4.5173,3.7625,1.2006,2,positive
2003-03-21,88.80000305175781,89.66999816894531,84.3925,5.8855,3.7822,1.5561,2,positive
2003-03-24,88.0199966430664,86.69000244140625,84.537,2.4836,3.7814,0.6568,1,mild_positive
2003-03-25,86.73999786376953,87.5199966430664,84.6895,3.2341,3.7901,0.8533,1,mild_positive
2003-03-26,87.55999755859375,87.08000183105469,84.8815,2.5247,3.7961,0.6651,1,mild_positive
2003-03-27,86.4000015258789,87.1500015258789,85.022,2.4418,3.8025,0.6422,1,mild_positive
2003-03-28,86.47000122070312,86.70999908447266,85.1125,1.8423,3.8073,0.4839,1,mild_positive
2003-03-31,85.3499984741211,84.73999786376953,85.145,-0.4779,3.8076,-0.1255,-1,mild_negative
2003-04-01,85.25,86.04000091552734,85.3095,0.849,3.8097,0.2229,1,mild_positive
2003-04-02,87.54000091552734,88.12000274658203,85.543,2.9244,3.8185,0.7659,1,mild_positive
2003-04-03,88.87000274658203,87.69999694824219,85.7905,2.1773,3.8243,0.5693,1,mild_positive
2003-04-04,88.43000030517578,88.22000122070312,86.0355,2.4762,3.831,0.6464,1,mild_positive
2003-04-07,90.33999633789062,88.05000305175781,86.372,1.9057,3.8353,0.4969,1,mild_positive
2003-04-08,88.30000305175781,88.19000244140625,86.7555,1.6266,3.8384,0.4238,1,mild_positive
2003-04-09,88.36000061035156,87.02999877929688,87.054,-0.0276,3.8385,-0.0072,-1,mild_negative
2003-04-10,87.08999633789062,87.51000213623047,87.2365,0.3125,3.8393,0.0814,1,mild_positive
2003-04-11,88.16000366210938,87.1500015258789,87.3875,-0.2725,3.8389,-0.071,-1,mild_negative
2003-04-14,87.47000122070312,88.94999694824219,87.496,1.6346,3.8427,0.4254,1,mild_positive
2003-04-15,88.83999633789062,89.77999877929688,87.6205,2.4053,3.8464,0.6253,1,mild_positive
2003-04-16,89.91000366210938,88.25,87.635,0.6969,3.8471,0.1811,1,mild_positive
2003-04-17,88.30000305175781,89.55999755859375,87.7055,2.0707,3.8504,0.5378,1,mild_positive
2003-04-21,89.86000061035156,89.6500015258789,87.7045,2.1701,3.8554,0.5629,1,mild_positive
2003-04-22,89.0999984741211,91.33999633789062,87.937,3.7256,3.8667,0.9635,1,mild_positive
2003-04-23,91.62000274658205,92.18000030517578,88.17,4.3502,3.8812,1.1208,2,positive
2003-04-24,91.52999877929688,91.36000061035156,88.384,3.2574,3.89,0.8374,1,mild_positive
2003-04-25,91.3000030517578,90.2300033569336,88.538,1.8752,3.8939,0.4816,1,mild_positive
2003-04-28,90.44000244140624,91.79000091552734,88.792,3.2662,3.9024,0.837,1,mild_positive
2003-04-29,92.13999938964844,92.11000061035156,89.1605,3.2021,3.9092,0.8191,1,mild_positive
2003-04-30,91.91000366210938,91.91000366210938,89.454,2.6722,3.9144,0.6827,1,mild_positive
2003-05-01,91.91999816894533,91.9000015258789,89.643,2.4559,3.9146,0.6274,1,mild_positive
2003-05-02,91.55999755859376,93.20999908447266,89.9185,3.5313,3.9183,0.9012,1,mild_positive
2003-05-05,93.47000122070312,93.02999877929688,90.159,3.0861,3.9235,0.7866,1,mild_positive
2003-05-06,93.04000091552734,93.91000366210938,90.452,3.6823,3.9333,0.9362,1,mild_positive
2003-05-07,93.41999816894533,93.38999938964844,90.712,2.8675,3.9394,0.7279,1,mild_positive
2003-05-08,92.5199966430664,92.4499969482422,90.983,1.5868,3.9403,0.4027,1,mild_positive
2003-05-09,92.83000183105467,93.7300033569336,91.294,2.599,3.9391,0.6598,1,mild_positive
2003-05-12,93.5,94.87999725341795,91.6805,3.3722,3.9404,0.8558,1,mild_positive
2003-05-13,94.52999877929688,94.70999908447266,91.9685,2.8946,3.9469,0.7334,1,mild_positive
2003-05-14,95.08999633789062,94.51000213623048,92.205,2.4389,3.9514,0.6172,1,mild_positive
2003-05-15,94.88999938964844,95.11000061035156,92.548,2.6937,3.9537,0.6813,1,mild_positive
2003-05-16,94.88999938964844,94.87000274658205,92.8135,2.1677,3.9575,0.5477,1,mild_positive
2003-05-19,94.1500015258789,92.6500015258789,92.9635,-0.3384,3.9558,-0.0855,-1,mild_negative
2003-05-20,92.81999969482422,92.45999908447266,93.0195,-0.6051,3.9545,-0.153,-1,mild_negative
2003-05-21,92.11000061035156,92.6500015258789,93.043,-0.4242,3.952,-0.1073,-1,mild_negative
2003-05-22,92.9499969482422,93.56999969482422,93.1535,0.4451,3.9487,0.1127,1,mild_positive
2003-05-23,93.52999877929688,93.76000213623048,93.33,0.4586,3.9477,0.1162,1,mild_positive
2003-05-27,93.3000030517578,95.4000015258789,93.5105,1.9806,3.9507,0.5013,1,mild_positive
2003-05-28,95.8499984741211,95.66999816894533,93.6885,2.0712,3.9537,0.5239,1,mild_positive
2003-05-29,95.87999725341795,95.41999816894533,93.864,1.6307,3.9538,0.4124,1,mild_positive
2003-05-30,95.9000015258789,96.9499969482422,94.1165,2.9226,3.9598,0.7381,1,mild_positive
2003-06-02,97.52999877929688,97.3499984741211,94.3235,3.1089,3.9667,0.7837,1,mild_positive
2003-06-03,97.1500015258789,97.75,94.5595,3.2639,3.9741,0.8213,1,mild_positive
2003-06-04,97.66000366210938,99.16000366210938,94.822,4.3748,3.9862,1.0975,2,positive
2003-06-05,98.58000183105467,99.6500015258789,95.135,4.5309,3.999,1.133,2,positive
2003-06-06,100.4000015258789,99.26000213623048,95.4755,3.8127,4.0039,0.9522,1,mild_positive
2003-06-09,98.7699966430664,98.25,95.7015,2.5939,4.005,0.6477,1,mild_positive
2003-06-10,98.45999908447266,99.25,95.92,3.3552,4.0107,0.8366,1,mild_positive
2003-06-11,99.16000366210938,100.3000030517578,96.1995,4.0882,4.0141,1.0185,2,positive
2003-06-12,100.75,100.61000061035156,96.5045,4.0806,4.0176,1.0157,2,positive
2003-06-13,100.61000061035156,99.55999755859376,96.727,2.8455,4.0178,0.7082,1,mild_positive
2003-06-16,99.95999908447266,101.66000366210938,97.0665,4.5185,4.0185,1.1244,2,positive
2003-06-17,102.06999969482422,101.66000366210938,97.517,4.0754,4.0212,1.0135,2,positive
2003-06-18,101.29000091552734,101.56999969482422,97.9725,3.5419,4.0187,0.8813,1,mild_positive
2003-06-19,101.63999938964844,100.0199966430664,98.341,1.6787,4.012,0.4184,1,mild_positive
2003-06-20,100.38999938964844,99.44000244140624,98.6345,0.81,4.0119,0.2019,1,mild_positive
2003-06-23,99.4499969482422,98.41999816894533,98.8675,-0.4547,4.0119,-0.1133,-1,mild_negative
2003-06-24,98.22000122070312,98.5199966430664,99.0235,-0.5111,4.0095,-0.1275,-1,mild_negative
2003-06-25,98.52999877929688,97.52999877929688,99.1165,-1.6267,4.0054,-0.4061,-1,mild_negative
2003-06-26,97.77999877929688,98.8000030517578,99.2855,-0.4914,3.9948,-0.123,-1,mild_negative
2003-06-27,98.75,97.66000366210938,99.321,-1.7008,3.9892,-0.4264,-1,mild_negative
2003-06-30,98.22000122070312,97.62999725341795,99.335,-1.7464,3.9752,-0.4393,-1,mild_negative
2003-07-01,97.25,98.52999877929688,99.374,-0.8566,3.9636,-0.2161,-1,mild_negative
2003-07-02,98.7699966430664,99.7699966430664,99.4045,0.3663,3.96,0.0925,1,mild_positive
2003-07-03,99.06999969482422,98.73999786376952,99.359,-0.6269,3.9563,-0.1585,-1,mild_negative
2003-07-07,99.6500015258789,100.6999969482422,99.431,1.2602,3.9473,0.3193,1,mild_positive
2003-07-08,100.5,101.1500015258789,99.576,1.5561,3.929,0.3961,1,mild_positive
2003-07-09,100.91999816894533,100.58000183105467,99.6425,0.9321,3.9162,0.238,1,mild_positive
2003-07-10,99.83999633789062,99.3000030517578,99.5925,-0.2946,3.9157,-0.0752,-1,mild_negative
2003-07-11,99.38999938964844,100.23999786376952,99.574,0.6644,3.9141,0.1697,1,mild_positive
2003-07-14,101.1999969482422,100.7300033569336,99.6325,1.0895,3.906,0.2789,1,mild_positive
2003-07-15,101.37999725341795,100.51000213623048,99.575,0.9303,3.8771,0.2399,1,mild_positive
2003-07-16,100.80999755859376,99.91999816894533,99.488,0.4323,3.8572,0.1121,1,mild_positive
2003-07-17,99.1500015258789,98.5,99.3345,-0.8472,3.833,-0.221,-1,mild_negative
2003-07-18,99.0199966430664,99.51000213623048,99.309,0.202,3.8151,0.0529,1,mild_positive
2003-07-21,99.4499969482422,98.27999877929688,99.251,-0.988,3.7884,-0.2608,-1,mild_negative
2003-07-22,98.69000244140624,99.16999816894533,99.2885,-0.1195,3.7678,-0.0317,-1,mild_negative
2003-07-23,99.20999908447266,99.23999786376952,99.3245,-0.0851,3.725,-0.0229,-1,mild_negative
2003-07-24,99.98999786376952,98.48999786376952,99.3725,-0.896,3.6477,-0.2456,-1,mild_negative
2003-07-25,98.66000366210938,100.2300033569336,99.444,0.7842,3.5327,0.222,1,mild_positive
2003-07-28,100.37000274658205,99.86000061035156,99.554,0.3064,3.3768,0.0907,1,mild_positive
2003-07-29,100.13999938964844,99.4000015258789,99.6425,-0.244,3.3264,-0.0733,-1,mild_negative
2003-07-30,99.5999984741211,99.16000366210938,99.674,-0.5184,3.2737,-0.1583,-1,mild_negative
2003-07-31,99.9800033569336,99.38999938964844,99.655,-0.2666,3.2476,-0.0821,-1,mild_negative
2003-08-01,99.19000244140624,98.51000213623048,99.6435,-1.1506,3.2481,-0.3542,-1,mild_negative
2003-08-04,98.30999755859376,98.51000213623048,99.534,-1.0395,3.2492,-0.3199,-1,mild_negative
2003-08-05,98.41000366210938,96.41999816894533,99.2975,-2.9843,3.2555,-0.9167,-1,mild_negative
2003-08-06,96.69000244140624,96.9800033569336,99.1175,-2.2041,3.2584,-0.6764,-1,mild_negative
2003-08-07,97.16999816894533,98.0,99.0525,-1.074,3.2544,-0.33,-1,mild_negative
2003-08-08,98.31999969482422,98.27999877929688,98.9545,-0.6863,3.2347,-0.2122,-1,mild_negative
2003-08-11,98.26000213623048,98.6500015258789,98.8505,-0.2032,3.2329,-0.0629,-1,mild_negative
2003-08-12,98.70999908447266,99.5500030517578,98.8025,0.7509,3.2329,0.2323,1,mild_positive
2003-08-13,99.81999969482422,99.04000091552734,98.7585,0.2842,3.2261,0.0881,1,mild_positive
2003-08-14,99.0999984741211,99.30999755859376,98.799,0.5145,3.2176,0.1599,1,mild_positive
2003-08-15,99.36000061035156,99.62000274658205,98.8045,0.8186,3.2116,0.2549,1,mild_positive
2003-08-18,99.93000030517578,100.4800033569336,98.9145,1.558,3.2112,0.4852,1,mild_positive
2003-08-19,100.69000244140624,100.86000061035156,98.999,1.8451,3.1983,0.5769,1,mild_positive
2003-08-20,100.29000091552734,100.4499969482422,99.0595,1.3843,3.1778,0.4356,1,mild_positive
2003-08-21,101.0500030517578,100.7699966430664,99.1735,1.5843,3.1625,0.501,1,mild_positive
2003-08-22,101.75,99.7699966430664,99.1505,0.6209,3.1352,0.198,1,mild_positive
2003-08-25,99.70999908447266,99.93000030517578,99.154,0.7765,3.1204,0.2489,1,mild_positive
2003-08-26,99.5,100.11000061035156,99.1895,0.9195,3.1004,0.2966,1,mild_positive
2003-08-27,100.0500030517578,100.13999938964844,99.2385,0.9002,3.0783,0.2924,1,mild_positive
2003-08-28,100.4000015258789,100.76000213623048,99.307,1.442,3.0718,0.4694,1,mild_positive
2003-08-29,100.61000061035156,101.44000244140624,99.4535,1.9583,3.0645,0.639,1,mild_positive
2003-09-02,101.63999938964844,102.8000030517578,99.668,3.0467,3.0657,0.9938,1,mild_positive
2003-09-03,103.02999877929688,103.36000061035156,100.015,3.2363,3.0715,1.0536,2,positive
2003-09-04,103.0999984741211,103.41000366210938,100.3365,2.9722,3.0764,0.9661,1,mild_positive
2003-09-05,102.94000244140624,102.83000183105467,100.578,2.19,3.0787,0.7114,1,mild_positive
2003-09-08,103.04000091552734,103.68000030517578,100.848,2.7315,3.0679,0.8904,1,mild_positive
2003-09-09,103.37000274658205,103.0,101.0655,1.8782,3.0616,0.6135,1,mild_positive
2003-09-10,102.52999877929688,101.95999908447266,101.186,0.7591,3.0489,0.249,1,mild_positive
2003-09-11,102.0999984741211,102.26000213623048,101.347,0.8928,3.0433,0.2934,1,mild_positive
2003-09-12,101.91000366210938,102.4499969482422,101.504,0.9234,3.0403,0.3037,1,mild_positive
2003-09-15,102.5199966430664,102.08999633789062,101.6275,0.453,3.0394,0.1491,1,mild_positive
2003-09-16,102.2300033569336,103.58000183105467,101.7825,1.7354,3.0383,0.5712,1,mild_positive
2003-09-17,103.4800033569336,103.37999725341795,101.9085,1.4234,3.0303,0.4697,1,mild_positive
2003-09-18,103.4000015258789,104.5999984741211,102.116,2.3748,3.0261,0.7848,1,mild_positive
2003-09-19,104.2699966430664,103.66999816894533,102.261,1.3591,3.0216,0.4498,1,mild_positive
2003-09-22,102.8499984741211,102.5500030517578,102.4,0.1463,3.0066,0.0487,1,mild_positive
2003-09-23,102.58999633789062,102.94000244140624,102.5505,0.3784,2.9871,0.1267,1,mild_positive
2003-09-24,103.12000274658205,101.11000061035156,102.6005,-1.4741,2.9512,-0.4995,-1,mild_negative
2003-09-25,101.41000366210938,100.27999877929688,102.6075,-2.321,2.9203,-0.7948,-1,mild_negative
2003-09-26,100.44000244140624,99.9499969482422,102.567,-2.6183,2.8878,-0.9067,-1,mild_negative
2003-09-29,100.3000030517578,100.93000030517578,102.5415,-1.5967,2.8403,-0.5622,-1,mild_negative
2003-09-30,100.4800033569336,99.9499969482422,102.399,-2.4502,2.8261,-0.867,-1,mild_negative
2003-10-01,100.23999786376952,102.08000183105467,102.335,-0.2498,2.8187,-0.0886,-1,mild_negative
2003-10-02,101.93000030517578,102.4499969482422,102.287,0.1591,2.7892,0.057,1,mild_positive
2003-10-03,103.66999816894533,103.38999938964844,102.315,1.0398,2.7529,0.3777,1,mild_positive
2003-10-06,103.4800033569336,103.86000061035156,102.324,1.4789,2.7501,0.5378,1,mild_positive
2003-10-07,103.26000213623048,104.26000213623048,102.387,1.7965,2.7338,0.6571,1,mild_positive
2003-10-08,104.33000183105467,104.0,102.489,1.4529,2.7115,0.5358,1,mild_positive
2003-10-09,104.87999725341795,104.27999877929688,102.59,1.6206,2.6759,0.6056,1,mild_positive
2003-10-10,104.2699966430664,104.56999969482422,102.696,1.7921,2.622,0.6835,1,mild_positive
2003-10-13,104.70999908447266,104.9000015258789,102.8365,1.9671,2.5937,0.7584,1,mild_positive
2003-10-14,104.8000030517578,105.2699966430664,102.921,2.2314,2.5397,0.8786,1,mild_positive
2003-10-15,105.86000061035156,104.98999786376952,103.0015,1.894,2.524,0.7504,1,mild_positive
2003-10-16,104.68000030517578,105.41000366210938,103.042,2.2465,2.5256,0.8895,1,mild_positive
2003-10-17,105.47000122070312,104.26000213623048,103.0715,1.1399,2.525,0.4515,1,mild_positive
2003-10-20,104.4499969482422,105.04000091552734,103.196,1.7555,2.5031,0.7013,1,mild_positive
2003-10-21,104.81999969482422,104.86000061035156,103.292,1.4953,2.496,0.5991,1,mild_positive
2003-10-22,104.02999877929688,103.54000091552734,103.4135,0.1222,2.4783,0.0493,1,mild_positive
2003-10-23,102.88999938964844,103.3499984741211,103.567,-0.21,2.4596,-0.0854,-1,mild_negative
2003-10-24,102.83000183105467,103.58000183105467,103.7485,-0.1627,2.4292,-0.067,-1,mild_negative
2003-10-27,103.73999786376952,103.62999725341795,103.8835,-0.2446,2.4083,-0.1016,-1,mild_negative
2003-10-28,103.9800033569336,105.04000091552734,104.138,0.8587,2.3829,0.3604,1,mild_positive
2003-10-29,104.7699966430664,105.18000030517578,104.293,0.8433,2.3729,0.3554,1,mild_positive
2003-10-30,105.79000091552734,105.4000015258789,104.4405,0.9103,2.3518,0.3871,1,mild_positive
2003-10-31,105.4000015258789,105.3000030517578,104.536,0.7255,2.3384,0.3103,1,mild_positive
2003-11-03,105.75,105.98999786376952,104.6425,1.2713,2.3325,0.5451,1,mild_positive
2003-11-04,105.98999786376952,105.76000213623048,104.7175,0.9857,2.3233,0.4243,1,mild_positive
2003-11-05,105.48999786376952,105.83999633789062,104.8095,0.9736,2.3201,0.4197,1,mild_positive
2003-11-06,105.5999984741211,106.4000015258789,104.9155,1.3952,2.311,0.6037,1,mild_positive
2003-11-07,106.63999938964844,105.61000061035156,104.9675,0.6084,2.2998,0.2645,1,mild_positive
2003-11-10,105.73999786376952,105.18000030517578,104.9815,0.1887,2.2878,0.0825,1,mild_positive
2003-11-11,105.08999633789062,105.1500015258789,104.9755,0.166,2.2727,0.073,1,mild_positive
2003-11-12,105.2300033569336,106.33000183105467,105.0425,1.2109,2.2717,0.533,1,mild_positive
2003-11-13,106.01000213623048,106.36000061035156,105.09,1.1941,2.272,0.5255,1,mild_positive
2003-11-14,106.4000015258789,105.45999908447266,105.15,0.2939,2.2685,0.1296,1,mild_positive
2003-11-17,104.91000366210938,104.93000030517578,105.1445,-0.2044,2.2676,-0.0902,-1,mild_negative
2003-11-18,105.23999786376952,103.83999633789062,105.0935,-1.2071,2.2688,-0.5321,-1,mild_negative
2003-11-19,104.02999877929688,104.72000122070312,105.1525,-0.413,2.2694,-0.182,-1,mild_negative
2003-11-20,104.0,103.77999877929688,105.174,-1.3432,2.2716,-0.5913,-1,mild_negative
2003-11-21,104.23999786376952,104.20999908447266,105.2055,-0.9553,2.2735,-0.4202,-1,mild_negative
2003-11-24,104.69000244140624,105.58999633789062,105.3035,0.2713,2.2735,0.1193,1,mild_positive
2003-11-25,105.7300033569336,105.98999786376952,105.351,0.6029,2.2705,0.2655,1,mild_positive
2003-11-26,106.41999816894533,106.37000274658205,105.4105,0.902,2.2607,0.399,1,mild_positive
2003-11-28,106.27999877929688,106.4499969482422,105.463,0.9272,2.2554,0.4111,1,mild_positive
2003-12-01,106.8499984741211,107.5999984741211,105.578,1.8792,2.2521,0.8344,1,mild_positive
2003-12-02,107.37999725341795,107.33000183105467,105.645,1.5699,2.253,0.6968,1,mild_positive
2003-12-03,107.6500015258789,107.16000366210938,105.715,1.3485,2.2469,0.6001,1,mild_positive
2003-12-04,107.16999816894533,107.5999984741211,105.803,1.6701,2.2439,0.7443,1,mild_positive
2003-12-05,107.12000274658205,106.8499984741211,105.8255,0.9588,2.24,0.428,1,mild_positive
2003-12-08,106.73999786376952,107.56999969482422,105.9235,1.5306,2.2405,0.6832,1,mild_positive
2003-12-09,107.9000015258789,106.73999786376952,106.0015,0.6919,2.2405,0.3088,1,mild_positive
2003-12-10,106.7699966430664,106.7300033569336,106.0805,0.6085,2.24,0.2717,1,mild_positive
2003-12-11,106.68000030517578,107.93000030517578,106.1605,1.6395,2.2412,0.7315,1,mild_positive
2003-12-12,107.97000122070312,108.13999938964844,106.2495,1.7482,2.2346,0.7823,1,mild_positive
2003-12-15,109.16999816894533,107.5999984741211,106.3565,1.1557,2.2321,0.5178,1,mild_positive
2003-12-16,107.68000030517578,108.16000366210938,106.518,1.5181,2.23,0.6808,1,mild_positive
2003-12-17,108.05999755859376,108.5,106.751,1.612,2.2277,0.7236,1,mild_positive
2003-12-18,108.5500030517578,109.72000122070312,107.001,2.4781,2.2201,1.1162,2,positive
2003-12-19,109.3000030517578,108.9000015258789,107.257,1.5087,2.2201,0.6796,1,mild_positive
2003-12-22,108.79000091552734,109.66000366210938,107.5295,1.9428,2.2188,0.8756,1,mild_positive
2003-12-23,109.4800033569336,109.7300033569336,107.7365,1.8167,2.212,0.8213,1,mild_positive
2003-12-24,109.5199966430664,109.62000274658205,107.918,1.5526,2.2013,0.7053,1,mild_positive
2003-12-26,109.70999908447266,109.6999969482422,108.0845,1.4726,2.1967,0.6704,1,mild_positive
2003-12-29,110.0999984741211,111.16000366210938,108.32,2.5549,2.1956,1.1636,2,positive
2003-12-30,111.08999633789062,111.18000030517578,108.499,2.4114,2.1915,1.1003,2,positive
2003-12-31,111.22000122070312,111.27999877929688,108.6965,2.3216,2.1878,1.0612,2,positive
2004-01-02,111.73999786376952,111.2300033569336,108.9,2.0948,2.1707,0.965,1,mild_positive
2004-01-05,111.69000244140624,112.44000244140624,109.142,2.9331,2.1646,1.3551,2,positive
2004-01-06,112.16000366210938,112.5500030517578,109.427,2.7748,2.1604,1.2844,2,positive
2004-01-07,112.38999938964844,112.93000030517578,109.695,2.8646,2.1644,1.3235,2,positive
2004-01-08,113.25,113.37999725341795,110.027,2.9573,2.1684,1.3638,2,positive
2004-01-09,112.83000183105467,112.38999938964844,110.31,1.8507,2.1647,0.8549,1,mild_positive
2004-01-12,112.5500030517578,113.22000122070312,110.5745,2.3366,2.1633,1.0801,2,positive
2004-01-13,113.08999633789062,112.55999755859376,110.7955,1.5676,2.1636,0.7245,1,mild_positive
2004-01-14,112.76000213623048,113.5,111.0905,2.1229,2.1621,0.9819,1,mild_positive
2004-01-15,113.56999969482422,113.77999877929688,111.3715,2.1168,2.16,0.98,1,mild_positive
2004-01-16,114.04000091552734,114.2300033569336,111.658,2.2516,2.1589,1.043,2,positive
2004-01-20,114.52999877929688,114.1999969482422,111.882,2.0298,2.1568,0.9411,1,mild_positive
2004-01-21,114.12999725341795,115.0999984741211,112.192,2.5265,2.1588,1.1703,2,positive
2004-01-22,115.13999938964844,114.8000030517578,112.449,2.0479,2.1601,0.948,1,mild_positive
2004-01-23,115.0,114.43000030517578,112.684,1.5258,2.1597,0.7065,1,mild_positive
2004-01-26,114.38999938964844,115.87000274658205,112.9965,2.4799,2.156,1.1502,2,positive
2004-01-27,115.75,114.68000030517578,113.2455,1.2509,2.143,0.5837,1,mild_positive
2004-01-28,114.9800033569336,113.37000274658205,113.356,0.0124,2.1346,0.0058,1,mild_positive
2004-01-29,113.55999755859376,113.4800033569336,113.471,0.0079,2.1048,0.0038,1,mild_positive
2004-01-30,113.5199966430664,113.4800033569336,113.581,-0.089,2.06,-0.0432,-1,mild_negative
2004-02-02,113.6999969482422,113.97000122070312,113.718,0.2211,2.0245,0.1092,1,mild_positive
2004-02-03,113.73999786376952,113.77999877929688,113.785,-0.0044,1.9984,-0.0022,-1,mild_negative
2004-02-04,113.19000244140624,112.8499984741211,113.8,-0.8418,1.9443,-0.433,-1,mild_negative
2004-02-05,113.16999816894533,113.18000030517578,113.8125,-0.5588,1.9182,-0.2913,-1,mild_negative
2004-02-06,113.41999816894533,114.4499969482422,113.866,0.5103,1.8947,0.2693,1,mild_positive
2004-02-09,114.66999816894533,114.4800033569336,113.9705,0.4451,1.8645,0.2387,1,mild_positive
2004-02-10,114.27999877929688,114.8499984741211,114.052,0.6948,1.8312,0.3794,1,mild_positive
2004-02-11,114.8499984741211,116.06999969482422,114.2275,1.5874,1.7962,0.8838,1,mild_positive
2004-02-12,115.97000122070312,115.6500015258789,114.335,1.1371,1.7498,0.6498,1,mild_positive
2004-02-13,115.81999969482422,115.12999725341795,114.4025,0.6319,1.7192,0.3675,1,mild_positive
2004-02-17,115.8499984741211,116.16999816894533,114.4995,1.438,1.686,0.8529,1,mild_positive
2004-02-18,116.1999969482422,115.66000366210938,114.5725,0.9403,1.6374,0.5742,1,mild_positive
2004-02-19,116.33000183105467,115.2300033569336,114.579,0.565,1.601,0.3529,1,mild_positive
2004-02-20,115.4800033569336,114.87999725341795,114.583,0.2585,1.5921,0.1624,1,mild_positive
2004-02-23,115.22000122070312,114.58999633789062,114.591,-0.0009,1.593,-0.0006,-1,mild_negative
2004-02-24,114.2699966430664,114.38999938964844,114.517,-0.111,1.5935,-0.0697,-1,mild_negative
2004-02-25,114.45999908447266,114.87000274658205,114.5265,0.299,1.5902,0.1881,1,mild_positive
2004-02-26,114.61000061035156,114.94000244140624,114.605,0.2915,1.5905,0.1832,1,mild_positive
2004-02-27,115.19000244140624,115.0199966430664,114.682,0.2939,1.5859,0.1853,1,mild_positive
2004-03-01,115.43000030517578,116.16000366210938,114.816,1.157,1.5839,0.7305,1,mild_positive
2004-03-02,115.94000244140624,115.4800033569336,114.8915,0.5096,1.576,0.3234,1,mild_positive
2004-03-03,115.25,115.69000244140624,114.987,0.6077,1.5747,0.3859,1,mild_positive
2004-03-04,115.72000122070312,115.98999786376952,115.144,0.7294,1.5745,0.4632,1,mild_positive
2004-03-05,115.41999816894533,116.37999725341795,115.304,0.9246,1.5723,0.588,1,mild_positive
2004-03-08,116.33999633789062,114.95999908447266,115.3295,-0.3214,1.5653,-0.2053,-1,mild_negative
2004-03-09,115.0999984741211,114.5,115.3305,-0.7253,1.5655,-0.4633,-1,mild_negative
2004-03-10,114.72000122070312,112.58000183105467,115.217,-2.3423,1.5727,-1.4893,-2,negative
2004-03-11,112.4000015258789,111.12000274658205,114.9695,-3.4643,1.5952,-2.1717,-3,extreme_negative
2004-03-12,111.7300033569336,112.58000183105467,114.816,-1.9861,1.5863,-1.252,-2,negative
2004-03-15,112.2699966430664,111.1999969482422,114.6195,-3.0751,1.5783,-1.9484,-2,negative
2004-03-16,111.77999877929688,111.79000091552734,114.4005,-2.3352,1.5725,-1.485,-2,negative
2004-03-17,112.18000030517578,113.04000091552734,114.2695,-1.0877,1.578,-0.6892,-1,mild_negative
2004-03-18,112.6999969482422,113.06999969482422,114.1615,-0.9653,1.5832,-0.6097,-1,mild_negative
2004-03-19,112.41000366210938,111.05999755859376,113.9705,-2.6207,1.5936,-1.6445,-2,negative
2004-03-22,110.54000091552734,109.6500015258789,113.7235,-3.715,1.612,-2.3047,-3,extreme_negative
2004-03-23,110.25,109.45999908447266,113.477,-3.6698,1.6246,-2.2589,-3,extreme_negative
2004-03-24,109.58000183105467,109.5500030517578,113.211,-3.3419,1.633,-2.0464,-3,extreme_negative
2004-03-25,110.08000183105467,111.0,113.014,-1.8144,1.6137,-1.1244,-2,negative
2004-03-26,110.95999908447266,111.02999877929688,112.8145,-1.6072,1.6191,-0.9927,-1,mild_negative
2004-03-29,111.62999725341795,112.58999633789062,112.636,-0.0409,1.614,-0.0253,-1,mild_negative
2004-03-30,112.3000030517578,112.97000122070312,112.5105,0.4067,1.6113,0.2524,1,mild_positive
2004-03-31,112.98999786376952,113.0999984741211,112.381,0.6357,1.6087,0.3952,1,mild_positive
2004-04-01,113.06999969482422,113.77999877929688,112.2705,1.3267,1.6079,0.8251,1,mild_positive
2004-04-02,114.80999755859376,114.63999938964844,112.1835,2.1428,1.6072,1.3333,2,positive
2004-04-05,114.45999908447266,115.2699966430664,112.199,2.6642,1.6108,1.654,2,positive
2004-04-06,114.83000183105467,114.9000015258789,112.219,2.3333,1.6083,1.4508,2,positive
2004-04-07,114.9499969482422,114.62999725341795,112.3215,2.0139,1.6079,1.2525,2,positive
2004-04-08,115.41000366210938,114.37000274658205,112.484,1.649,1.6056,1.027,2,positive
2004-04-12,114.58000183105467,114.81999969482422,112.596,1.9369,1.6057,1.2063,2,positive
2004-04-13,115.26000213623048,113.20999908447266,112.6965,0.4536,1.6054,0.2825,1,mild_positive
2004-04-14,112.61000061035156,113.38999938964844,112.7765,0.5411,1.6045,0.3372,1,mild_positive
2004-04-15,113.4499969482422,112.95999908447266,112.7725,0.166,1.6047,0.1034,1,mild_positive
2004-04-16,113.37999725341795,113.83000183105467,112.8105,0.8956,1.6029,0.5588,1,mild_positive
2004-04-19,113.5500030517578,113.83000183105467,112.949,0.774,1.6024,0.483,1,mild_positive
2004-04-20,114.08000183105467,111.91999816894533,113.0625,-1.0208,1.6045,-0.6362,-1,mild_negative
2004-04-21,112.1999969482422,112.66999816894533,113.223,-0.4908,1.6069,-0.3054,-1,mild_negative
2004-04-22,112.4800033569336,114.25,113.458,0.6932,1.6054,0.4318,1,mild_positive
2004-04-23,114.41999816894533,114.36000061035156,113.626,0.6418,1.6035,0.4003,1,mild_positive
2004-04-26,114.5,114.1999969482422,113.7845,0.3638,1.5942,0.2282,1,mild_positive
2004-04-27,114.2300033569336,114.3000030517578,113.87,0.3762,1.5797,0.2381,1,mild_positive
2004-04-28,113.88999938964844,112.81999969482422,113.8625,-0.924,1.5768,-0.586,-1,mild_negative
2004-04-29,112.72000122070312,111.83000183105467,113.799,-1.7607,1.5841,-1.1115,-2,negative
2004-04-30,112.16999816894533,110.95999908447266,113.658,-2.4315,1.5902,-1.5291,-2,negative
2004-05-03,111.37000274658205,112.1500015258789,113.5335,-1.2336,1.5885,-0.7766,-1,mild_negative
2004-05-04,112.25,112.05999755859376,113.373,-1.1717,1.5891,-0.7373,-1,mild_negative
2004-05-05,112.41000366210938,112.77999877929688,113.267,-0.4318,1.5876,-0.272,-1,mild_negative
2004-05-06,112.0199966430664,111.80999755859376,113.126,-1.177,1.583,-0.7435,-1,mild_negative
2004-05-07,111.22000122070312,109.95999908447266,112.9055,-2.6787,1.591,-1.6837,-2,negative
2004-05-10,109.44000244140624,108.83000183105467,112.606,-3.4696,1.6021,-2.1656,-3,extreme_negative
2004-05-11,109.45999908447266,109.75,112.433,-2.4446,1.6087,-1.5197,-2,negative
2004-05-12,109.56999969482422,110.4499969482422,112.286,-1.6623,1.6145,-1.0296,-2,negative
2004-05-13,109.76000213623048,109.98999786376952,112.1375,-1.9525,1.6185,-1.2063,-2,negative
2004-05-14,109.9499969482422,110.04000091552734,111.948,-1.7339,1.6165,-1.0726,-2,negative
2004-05-17,108.88999938964844,109.0999984741211,111.7115,-2.3937,1.6216,-1.4761,-2,negative
2004-05-18,109.48999786376952,109.6500015258789,111.598,-1.7766,1.6246,-1.0935,-2,negative
2004-05-19,110.5,109.2699966430664,111.428,-1.9749,1.6274,-1.2136,-2,negative
2004-05-20,109.4499969482422,109.62000274658205,111.1965,-1.4381,1.6293,-0.8827,-1,mild_negative
2004-05-21,109.97000122070312,109.80999755859376,110.969,-1.0555,1.6316,-0.6469,-1,mild_negative
2004-05-24,110.52999877929688,110.2699966430664,110.7725,-0.4557,1.6312,-0.2794,-1,mild_negative
2004-05-25,109.9000015258789,111.8499984741211,110.65,1.0729,1.6302,0.6581,1,mild_positive
2004-05-26,111.66000366210938,112.23999786376952,110.621,1.4424,1.6311,0.8843,1,mild_positive
2004-05-27,112.54000091552734,112.87000274658205,110.673,1.9465,1.6333,1.1918,2,positive
2004-05-28,112.7300033569336,112.86000061035156,110.768,1.8536,1.6329,1.1352,2,positive
2004-06-01,112.45999908447266,112.70999908447266,110.796,1.6982,1.6317,1.0407,2,positive
2004-06-02,113.02999877929688,113.12999725341795,110.8495,2.0158,1.6328,1.2345,2,positive
2004-06-03,112.80999755859376,112.08999633789062,110.815,1.1375,1.6266,0.6993,1,mild_positive
2004-06-04,112.9800033569336,112.9800033569336,110.8735,1.8645,1.6209,1.1503,2,positive
2004-06-07,113.43000030517578,114.6999969482422,111.1105,3.1295,1.6201,1.9317,2,positive
2004-06-08,114.37000274658205,114.86000061035156,111.412,3.0019,1.6097,1.8649,2,positive
2004-06-09,114.51000213623048,113.79000091552734,111.614,1.9123,1.5926,1.2007,2,positive
2004-06-10,114.04000091552734,114.3499984741211,111.809,2.2221,1.5829,1.4038,2,positive
2004-06-14,113.81999969482422,113.22000122070312,111.9705,1.1036,1.5781,0.6993,1,mild_positive
2004-06-15,113.9000015258789,114.0199966430664,112.1695,1.623,1.5698,1.0339,2,positive
2004-06-16,114.0,114.0,112.4145,1.3908,1.5548,0.8945,1,mild_positive
2004-06-17,113.8499984741211,113.83000183105467,112.6235,1.0599,1.5392,0.6886,1,mild_positive
2004-06-18,113.2699966430664,113.62999725341795,112.8415,0.6939,1.5323,0.4529,1,mild_positive
2004-06-21,113.75,113.1999969482422,113.0205,0.1586,1.5117,0.1049,1,mild_positive
2004-06-22,113.12999725341795,113.7699966430664,113.2185,0.4847,1.4949,0.3243,1,mild_positive
2004-06-23,113.61000061035156,114.75,113.4425,1.1394,1.4831,0.7683,1,mild_positive
2004-06-24,114.55999755859376,114.38999938964844,113.5695,0.7173,1.4812,0.4842,1,mild_positive
2004-06-25,114.41000366210938,113.83999633789062,113.6495,0.1673,1.4812,0.113,1,mild_positive
2004-06-28,114.5199966430664,113.4499969482422,113.6785,-0.2014,1.4807,-0.136,-1,mild_negative
2004-06-29,113.52999877929688,113.91999816894533,113.7315,0.1655,1.4795,0.1118,1,mild_positive
2004-06-30,114.06999969482422,114.52999877929688,113.8225,0.6177,1.4736,0.4192,1,mild_positive
2004-07-01,114.25,112.94000244140624,113.813,-0.773,1.4745,-0.5242,-1,mild_negative
2004-07-02,113.16000366210938,112.87999725341795,113.8525,-0.8615,1.4705,-0.5859,-1,mild_negative
2004-07-06,112.37000274658205,111.88999938964844,113.798,-1.7052,1.4702,-1.1598,-2,negative
2004-07-07,111.80999755859376,112.22000122070312,113.674,-1.2957,1.4721,-0.8802,-1,mild_negative
2004-07-08,111.80999755859376,111.44000244140624,113.503,-1.8512,1.4793,-1.2514,-2,negative
2004-07-09,111.72000122070312,111.7300033569336,113.4,-1.4947,1.4829,-1.008,-2,negative
2004-07-12,111.5199966430664,111.77999877929688,113.2715,-1.3343,1.4863,-0.8977,-1,mild_negative
2004-07-13,111.91999816894533,111.86000061035156,113.2035,-1.2011,1.4884,-0.807,-1,mild_negative
2004-07-14,111.26000213623048,111.5199966430664,113.0785,-1.3975,1.4926,-0.9363,-1,mild_negative
2004-07-15,111.73999786376952,110.8000030517578,112.9185,-1.912,1.4991,-1.2754,-2,negative
2004-07-16,111.56999969482422,110.70999908447266,112.7625,-1.8539,1.5059,-1.2311,-2,negative
2004-07-19,110.75,110.23999786376952,112.593,-2.1344,1.5138,-1.41,-2,negative
2004-07-20,110.52999877929688,111.63999938964844,112.515,-0.7838,1.5153,-0.5172,-1,mild_negative
2004-07-21,111.81999969482422,109.58000183105467,112.3055,-2.4872,1.5261,-1.6298,-2,negative
2004-07-22,109.36000061035156,109.87999725341795,112.062,-1.9858,1.5314,-1.2967,-2,negative
2004-07-23,109.62000274658205,108.95999908447266,111.7905,-2.5977,1.5428,-1.6838,-2,negative
2004-07-26,109.19000244140624,108.75,111.536,-2.5618,1.5514,-1.6513,-2,negative
2004-07-27,109.0500030517578,109.7699966430664,111.352,-1.4412,1.5553,-0.9267,-1,mild_negative
2004-07-28,109.5500030517578,110.0999984741211,111.161,-0.9637,1.5572,-0.6188,-1,mild_negative
2004-07-29,110.54000091552734,110.56999969482422,110.963,-0.3554,1.5559,-0.2284,-1,mild_negative
2004-07-30,110.31999969482422,110.83999633789062,110.858,-0.0162,1.5558,-0.0104,-1,mild_negative
2004-08-02,110.19000244140624,111.06999969482422,110.7675,0.2724,1.5558,0.1751,1,mild_positive
2004-08-03,110.93000030517578,110.20999908447266,110.6835,-0.4296,1.5562,-0.2761,-1,mild_negative
2004-08-04,109.88999938964844,110.1999969482422,110.5825,-0.3471,1.5558,-0.2231,-1,mild_negative
2004-08-05,110.29000091552734,108.4000015258789,110.4305,-1.8732,1.5616,-1.1995,-2,negative
2004-08-06,107.62999725341795,106.8499984741211,110.1865,-3.1226,1.574,-1.9839,-2,negative
2004-08-09,107.0199966430664,107.0,109.9475,-2.7547,1.5836,-1.7395,-2,negative
2004-08-10,107.30999755859376,108.37999725341795,109.7735,-1.2858,1.5731,-0.8174,-1,mild_negative
2004-08-11,107.68000030517578,108.16000366210938,109.6055,-1.3364,1.5684,-0.8521,-1,mild_negative
2004-08-12,107.68000030517578,106.9800033569336,109.4145,-2.2757,1.5745,-1.4453,-2,negative
2004-08-13,107.0999984741211,107.19000244140624,109.2385,-1.9111,1.5796,-1.2099,-2,negative
2004-08-16,107.13999938964844,108.3000030517578,109.1415,-0.777,1.5808,-0.4915,-1,mild_negative
2004-08-17,108.75,108.91000366210938,109.005,-0.0872,1.5808,-0.0552,-1,mild_negative
2004-08-18,108.5199966430664,110.02999877929688,109.0275,0.9111,1.5812,0.5762,1,mild_positive
2004-08-19,109.80999755859376,109.70999908447266,109.019,0.6298,1.5812,0.3983,1,mild_positive
2004-08-20,109.61000061035156,110.4800033569336,109.095,1.2536,1.582,0.7924,1,mild_positive
2004-08-23,110.5500030517578,110.1999969482422,109.1675,0.9369,1.5806,0.5928,1,mild_positive
2004-08-24,110.63999938964844,110.3499984741211,109.1965,1.0453,1.5784,0.6623,1,mild_positive
2004-08-25,110.33000183105467,111.0999984741211,109.2465,1.6683,1.5792,1.0564,2,positive
2004-08-26,110.95999908447266,111.0999984741211,109.273,1.6445,1.5794,1.0412,2,positive
2004-08-27,111.1999969482422,111.4499969482422,109.3035,1.926,1.5824,1.2171,2,positive
2004-08-30,111.22000122070312,110.52999877929688,109.2765,1.1341,1.583,0.7164,1,mild_positive
2004-08-31,110.66000366210938,111.11000061035156,109.3215,1.6097,1.5846,1.0158,2,positive
2004-09-01,110.9499969482422,111.31999969482422,109.3775,1.745,1.5866,1.0998,2,positive
2004-09-02,111.23999786376952,112.58000183105467,109.5865,2.659,1.5917,1.6705,2,positive
2004-09-03,112.33000183105467,112.12000274658205,109.85,2.0246,1.592,1.2718,2,positive
2004-09-07,112.54000091552734,112.86000061035156,110.143,2.4074,1.5882,1.5158,2,positive
2004-09-08,112.62000274658205,112.58000183105467,110.353,1.9781,1.5812,1.2511,2,positive
2004-09-09,112.56999969482422,112.4800033569336,110.569,1.699,1.5749,1.0788,2,positive
2004-09-10,112.5199966430664,113.05999755859376,110.873,1.9344,1.5738,1.2291,2,positive
2004-09-13,113.30999755859376,113.43000030517578,111.185,1.9792,1.57,1.2607,2,positive
2004-09-14,113.3000030517578,113.66000366210938,111.453,1.9418,1.5702,1.2366,2,positive
2004-09-15,113.3000030517578,112.8000030517578,111.6475,1.0217,1.5706,0.6505,1,mild_positive
2004-09-16,112.8499984741211,113.13999938964844,111.803,1.1817,1.5711,0.7522,1,mild_positive
2004-09-17,112.9499969482422,113.1500015258789,111.975,1.0384,1.5713,0.6609,1,mild_positive
2004-09-20,112.66999816894533,112.47000122070312,112.0745,0.3517,1.5713,0.2238,1,mild_positive
2004-09-21,112.75,112.95999908447266,112.2125,0.6617,1.5689,0.4218,1,mild_positive
2004-09-22,112.5,111.5500030517578,112.2725,-0.6477,1.5687,-0.4129,-1,mild_negative
2004-09-23,111.5999984741211,110.9499969482422,112.265,-1.1852,1.5662,-0.7567,-1,mild_negative
2004-09-24,111.16999816894533,111.45999908447266,112.283,-0.7384,1.5662,-0.4714,-1,mild_negative
2004-09-27,111.0999984741211,110.75,112.248,-1.3526,1.5697,-0.8617,-1,mild_negative
2004-09-28,110.91000366210938,111.27999877929688,112.2855,-0.9036,1.5715,-0.575,-1,mild_negative
2004-09-29,111.20999908447266,111.83999633789062,112.322,-0.431,1.5682,-0.2748,-1,mild_negative
2004-09-30,111.5500030517578,111.76000213623048,112.344,-0.5225,1.5604,-0.3349,-1,mild_negative
2004-10-01,112.26000213623048,113.6500015258789,112.3975,1.1021,1.5503,0.7109,1,mild_positive
2004-10-04,114.0999984741211,113.83999633789062,112.4835,1.1916,1.5465,0.7705,1,mild_positive
2004-10-05,113.8499984741211,113.9000015258789,112.5355,1.198,1.5375,0.7792,1,mild_positive
2004-10-06,113.7699966430664,114.68000030517578,112.6405,1.7784,1.5396,1.1551,2,positive
2004-10-07,114.37999725341795,113.4499969482422,112.689,0.6708,1.5397,0.4356,1,mild_positive
2004-10-08,113.1500015258789,112.51000213623048,112.6615,-0.1347,1.5394,-0.0875,-1,mild_negative
2004-10-11,112.77999877929688,112.97000122070312,112.6385,0.2934,1.5378,0.1908,1,mild_positive
2004-10-12,112.1999969482422,112.52999877929688,112.582,-0.0462,1.5353,-0.0301,-1,mild_negative
2004-10-13,113.0,111.54000091552734,112.519,-0.8777,1.5356,-0.5716,-1,mild_negative
2004-10-14,111.68000030517578,110.63999938964844,112.394,-1.5853,1.5381,-1.0307,-2,negative
2004-10-15,111.0199966430664,111.26000213623048,112.2995,-0.9343,1.5373,-0.6077,-1,mild_negative
2004-10-18,110.88999938964844,111.68000030517578,112.26,-0.5193,1.5347,-0.3384,-1,mild_negative
2004-10-19,112.0199966430664,110.73999786376952,112.149,-1.2724,1.533,-0.83,-1,mild_negative
2004-10-20,110.37999725341795,110.5199966430664,112.0975,-1.4273,1.5334,-0.9309,-1,mild_negative
2004-10-21,110.79000091552734,111.23999786376952,112.112,-0.7839,1.5297,-0.5124,-1,mild_negative
2004-10-22,111.19000244140624,109.98999786376952,112.0385,-1.8624,1.5345,-1.2137,-2,negative
2004-10-25,109.75,109.86000061035156,111.994,-1.9425,1.5377,-1.2633,-2,negative
2004-10-26,110.12999725341795,111.54000091552734,112.007,-0.4187,1.5362,-0.2726,-1,mild_negative
2004-10-27,111.37999725341795,112.87999725341795,112.059,0.7273,1.5365,0.4734,1,mild_positive
2004-10-28,112.77999877929688,113.22000122070312,112.132,0.961,1.5369,0.6253,1,mild_positive
2004-10-29,113.12000274658205,113.1999969482422,112.1095,0.9633,1.5374,0.6266,1,mild_positive
2004-11-01,113.55999755859376,113.51000213623048,112.093,1.2484,1.5384,0.8115,1,mild_positive
2004-11-02,113.66999816894533,113.5500030517578,112.0755,1.2985,1.5393,0.8436,1,mild_positive
2004-11-03,115.02999877929688,114.9800033569336,112.0905,2.513,1.5454,1.6262,2,positive
2004-11-04,114.77999877929688,116.5500030517578,112.2455,3.6933,1.5598,2.3678,3,extreme_positive
2004-11-05,117.0500030517578,117.27999877929688,112.484,4.0894,1.5779,2.5917,3,extreme_positive
2004-11-08,116.9800033569336,117.11000061035156,112.691,3.7734,1.5918,2.3705,3,extreme_positive
2004-11-09,117.08000183105467,116.87999725341795,112.9085,3.3979,1.6031,2.1196,3,extreme_positive
2004-11-10,117.05999755859376,116.97000122070312,113.18,3.2401,1.6131,2.0086,3,extreme_positive
2004-11-11,117.18000030517578,117.86000061035156,113.541,3.6645,1.6254,2.2546,3,extreme_positive
2004-11-12,117.97000122070312,118.79000091552734,113.9175,4.1018,1.6425,2.4973,3,extreme_positive
2004-11-15,118.5,118.7300033569336,114.27,3.7564,1.6565,2.2678,3,extreme_positive
2004-11-16,118.36000061035156,117.87999725341795,114.627,2.7596,1.6633,1.6591,2,positive
2004-11-17,118.37000274658205,118.58000183105467,115.03,2.9938,1.6707,1.7919,2,positive
2004-11-18,118.52999877929688,118.73999786376952,115.405,2.8087,1.6769,1.6749,2,positive
2004-11-19,118.6999969482422,117.41999816894533,115.7765,1.3997,1.6782,0.8341,1,mild_positive
2004-11-22,117.16999816894533,117.9800033569336,116.1825,1.5236,1.6793,0.9073,1,mild_positive
2004-11-23,117.93000030517578,118.16000366210938,116.5135,1.3935,1.6776,0.8306,1,mild_positive
2004-11-24,118.2699966430664,118.44000244140624,116.7915,1.3918,1.678,0.8295,1,mild_positive
2004-11-26,118.51000213623048,118.3499984741211,117.048,1.1001,1.675,0.6568,1,mild_positive
2004-11-29,118.79000091552734,117.80999755859376,117.2785,0.4511,1.6728,0.2697,1,mild_positive
2004-11-30,118.0,117.88999938964844,117.4975,0.3329,1.6728,0.199,1,mild_positive
2004-12-01,118.16000366210938,119.2300033569336,117.7815,1.2149,1.6735,0.7259,1,mild_positive
2004-12-02,119.0999984741211,119.33000183105467,117.999,1.1154,1.6738,0.6664,1,mild_positive
2004-12-03,119.30999755859376,119.25,118.134,0.9358,1.6738,0.5591,1,mild_positive
2004-12-06,119.20999908447266,119.20999908447266,118.2305,0.8217,1.6715,0.4916,1,mild_positive
2004-12-07,119.48999786376952,118.0999984741211,118.28,-0.1524,1.6703,-0.0913,-1,mild_negative
2004-12-08,118.20999908447266,118.79000091552734,118.3755,0.3489,1.6692,0.209,1,mild_positive
2004-12-09,118.13999938964844,119.20999908447266,118.4875,0.6061,1.6673,0.3635,1,mild_positive
2004-12-10,118.91999816894533,119.33000183105467,118.561,0.6444,1.667,0.3866,1,mild_positive
2004-12-13,119.76000213623048,120.37000274658205,118.64,1.4372,1.6668,0.8623,1,mild_positive
2004-12-14,120.18000030517578,120.79000091552734,118.743,1.6947,1.6687,1.0156,2,positive
2004-12-15,120.6999969482422,120.87999725341795,118.893,1.6438,1.6705,0.984,1,mild_positive
2004-12-16,120.72000122070312,120.80999755859376,119.0045,1.4945,1.6701,0.8949,1,mild_positive
2004-12-17,119.45999908447266,119.44000244140624,119.0395,0.3353,1.6679,0.201,1,mild_positive
2004-12-20,119.75,119.47000122070312,119.142,0.2745,1.6672,0.1647,1,mild_positive
2004-12-21,119.5999984741211,120.38999938964844,119.2625,0.9365,1.6661,0.5621,1,mild_positive
2004-12-22,120.37999725341795,120.68000030517578,119.3885,1.0702,1.6649,0.6428,1,mild_positive
2004-12-23,120.87000274658205,120.7699966430664,119.505,1.0474,1.6602,0.6309,1,mild_positive
2004-12-27,121.1999969482422,120.5199966430664,119.6135,0.7522,1.6588,0.4534,1,mild_positive
2004-12-28,120.63999938964844,121.18000030517578,119.782,1.1537,1.6566,0.6964,1,mild_positive
2004-12-29,121.08000183105467,121.36000061035156,119.9555,1.1573,1.6549,0.6993,1,mild_positive
2004-12-30,121.4000015258789,121.12999725341795,120.0505,0.8912,1.6536,0.539,1,mild_positive
2004-12-31,121.3000030517578,120.87000274658205,120.1275,0.6143,1.6522,0.3718,1,mild_positive
2005-01-03,121.55999755859376,120.3000030517578,120.18,0.0998,1.6465,0.0606,1,mild_positive
2005-01-04,120.45999908447266,118.83000183105467,120.161,-1.1201,1.644,-0.6813,-1,mild_negative
2005-01-05,118.73999786376952,118.01000213623048,120.1565,-1.8189,1.6448,-1.1059,-2,negative
2005-01-06,118.44000244140624,118.61000061035156,120.1475,-1.2963,1.6441,-0.7884,-1,mild_negative
2005-01-07,118.97000122070312,118.44000244140624,120.109,-1.4092,1.6394,-0.8596,-1,mild_negative
2005-01-10,118.33999633789062,119.0,120.0925,-0.9181,1.6337,-0.562,-1,mild_negative
2005-01-11,118.63999938964844,118.18000030517578,119.983,-1.5256,1.6295,-0.9363,-1,mild_negative
2005-01-12,118.4000015258789,118.56999969482422,119.872,-1.0981,1.6228,-0.6766,-1,mild_negative
2005-01-13,118.63999938964844,117.62000274658205,119.709,-1.7761,1.6246,-1.0932,-2,negative
2005-01-14,117.97000122070312,118.23999786376952,119.5805,-1.1337,1.6215,-0.6992,-1,mild_negative
2005-01-18,118.0500030517578,119.47000122070312,119.582,-0.0937,1.6194,-0.0579,-1,mild_negative
2005-01-19,119.43000030517578,118.22000122070312,119.5195,-1.0992,1.617,-0.6798,-1,mild_negative
2005-01-20,117.88999938964844,117.5,119.375,-1.5957,1.6164,-0.9872,-1,mild_negative
2005-01-21,117.79000091552734,116.77999877929688,119.18,-2.0551,1.6172,-1.2708,-2,negative
2005-01-24,117.08999633789062,116.5500030517578,118.969,-2.0755,1.619,-1.282,-2,negative
2005-01-25,116.91000366210938,116.87999725341795,118.787,-1.6316,1.6159,-1.0097,-2,negative
2005-01-26,117.31999969482422,117.2300033569336,118.5895,-1.1597,1.6135,-0.7187,-1,mild_negative
2005-01-27,117.19000244140624,117.43000030517578,118.393,-0.8201,1.6122,-0.5087,-1,mild_negative
2005-01-28,117.48999786376952,117.43000030517578,118.208,-0.6625,1.606,-0.4125,-1,mild_negative
2005-01-31,117.9499969482422,118.16000366210938,118.0725,0.0741,1.6044,0.0462,1,mild_positive
2005-02-01,118.25,118.91000366210938,118.003,0.7628,1.6049,0.4753,1,mild_positive
2005-02-02,119.05999755859376,119.2699966430664,118.025,1.0438,1.606,0.65,1,mild_positive
2005-02-03,119.05999755859376,118.95999908447266,118.0725,0.746,1.6064,0.4644,1,mild_positive
2005-02-04,119.0,120.2300033569336,118.1535,1.7271,1.6096,1.073,2,positive
2005-02-07,120.25,120.06999969482422,118.235,1.5283,1.612,0.948,1,mild_positive
2005-02-08,120.16999816894533,120.20999908447266,118.2955,1.5926,1.6135,0.987,1,mild_positive
2005-02-09,120.41999816894533,119.30999755859376,118.352,0.8029,1.6135,0.4976,1,mild_positive
2005-02-10,119.66000366210938,119.73999786376952,118.4105,1.1103,1.6145,0.6877,1,mild_positive
2005-02-11,119.6999969482422,120.7699966430664,118.568,1.8233,1.6178,1.127,2,positive
2005-02-14,120.69000244140624,120.68000030517578,118.69,1.649,1.6202,1.0178,2,positive
2005-02-15,120.8000030517578,121.12999725341795,118.773,1.9458,1.6216,1.1999,2,positive
2005-02-16,120.93000030517578,121.20999908447266,118.9225,1.8872,1.6241,1.162,2,positive
2005-02-17,121.2300033569336,120.2300033569336,119.059,0.974,1.6246,0.5995,1,mild_positive
2005-02-18,120.23999786376952,120.38999938964844,119.2395,0.9556,1.6234,0.5887,1,mild_positive
2005-02-22,119.9000015258789,118.5999984741211,119.342,-0.6256,1.6234,-0.3854,-1,mild_negative
2005-02-23,118.93000030517578,119.4499969482422,119.4705,-0.0172,1.6232,-0.0106,-1,mild_negative
2005-02-24,119.23999786376952,120.23999786376952,119.621,0.5148,1.6233,0.3171,1,mild_positive
2005-02-25,120.2699966430664,121.43000030517578,119.821,1.325,1.625,0.8154,1,mild_positive
2005-02-28,121.1500015258789,120.62999725341795,119.981,0.538,1.6251,0.3311,1,mild_positive
2005-03-01,120.81999969482422,121.2300033569336,120.1345,0.9037,1.6258,0.5558,1,mild_positive
2005-03-02,120.76000213623048,121.16999816894533,120.2475,0.7613,1.6262,0.4682,1,mild_positive
2005-03-03,121.66000366210938,121.22000122070312,120.345,0.7218,1.6266,0.4438,1,mild_positive
2005-03-04,122.0500030517578,122.7300033569336,120.5335,1.7897,1.6286,1.0989,2,positive
2005-03-07,122.66000366210938,122.79000091552734,120.6615,1.7334,1.6314,1.0625,2,positive
2005-03-08,122.66999816894533,122.33000183105467,120.7745,1.2716,1.6326,0.7788,1,mild_positive
2005-03-09,121.97000122070312,120.97000122070312,120.8125,0.1302,1.6323,0.0798,1,mild_positive
2005-03-10,121.1999969482422,121.23999786376952,120.909,0.273,1.6316,0.1673,1,mild_positive
2005-03-11,121.30999755859376,120.38999938964844,120.9415,-0.4581,1.6318,-0.2807,-1,mild_negative
2005-03-14,120.61000061035156,121.13999938964844,120.96,0.1486,1.6308,0.0911,1,mild_positive
2005-03-15,121.41999816894533,120.13999938964844,120.933,-0.6601,1.624,-0.4064,-1,mild_negative
2005-03-16,119.6999969482422,119.12000274658205,120.8325,-1.4376,1.6111,-0.8923,-1,mild_negative
2005-03-17,119.30999755859376,119.36000061035156,120.74,-1.1562,1.6075,-0.7192,-1,mild_negative
2005-03-18,119.11000061035156,118.54000091552734,120.6555,-1.7846,1.5992,-1.1159,-2,negative
2005-03-21,118.70999908447266,118.0999984741211,120.541,-2.0669,1.5976,-1.2937,-2,negative
2005-03-22,118.37000274658205,116.9000015258789,120.456,-3.0419,1.6084,-1.8912,-2,negative
2005-03-23,116.9499969482422,117.0,120.3335,-2.8491,1.618,-1.7609,-2,negative
2005-03-24,117.45999908447266,117.13999938964844,120.1785,-2.5939,1.6178,-1.6033,-2,negative
2005-03-28,117.41999816894533,117.30999755859376,119.9725,-2.2696,1.6067,-1.4126,-2,negative
2005-03-29,117.13999938964844,116.52999877929688,119.7675,-2.7783,1.5992,-1.7373,-2,negative
2005-03-30,116.77999877929688,118.18000030517578,119.615,-1.2142,1.5862,-0.7655,-1,mild_negative
2005-03-31,118.19000244140624,117.95999908447266,119.4545,-1.267,1.5839,-0.7999,-1,mild_negative
2005-04-01,118.62999725341795,117.43000030517578,119.265,-1.5626,1.5837,-0.9867,-1,mild_negative
2005-04-04,117.36000061035156,117.62999725341795,119.01,-1.1732,1.5859,-0.7397,-1,mild_negative
2005-04-05,117.77999877929688,118.19000244140624,118.78,-0.4992,1.5865,-0.3147,-1,mild_negative
2005-04-06,118.4499969482422,118.5999984741211,118.5935,0.0055,1.5862,0.0035,1,mild_positive
2005-04-07,118.41000366210938,119.23999786376952,118.507,0.6147,1.5848,0.3879,1,mild_positive
2005-04-08,119.16999816894533,118.0,118.345,-0.2924,1.5803,-0.185,-1,mild_negative
2005-04-11,118.29000091552734,118.08999633789062,118.23,-0.1186,1.5726,-0.0754,-1,mild_negative
2005-04-12,117.88999938964844,118.6999969482422,118.108,0.4987,1.5668,0.3183,1,mild_positive
2005-04-13,118.55999755859376,117.3000030517578,117.966,-0.5678,1.5631,-0.3632,-1,mild_negative
2005-04-14,117.4000015258789,115.7699966430664,117.7985,-1.7522,1.5647,-1.1199,-2,negative
2005-04-15,115.73999786376952,114.1500015258789,117.538,-2.968,1.5725,-1.8875,-2,negative
2005-04-18,114.12000274658205,114.5,117.336,-2.4769,1.5806,-1.567,-2,negative
2005-04-19,115.0999984741211,115.41000366210938,117.2015,-1.5523,1.5838,-0.9801,-1,mild_negative
2005-04-20,115.37999725341795,113.8000030517578,117.0465,-2.8528,1.5944,-1.7892,-2,negative
2005-04-21,114.79000091552734,116.01000213623048,116.997,-0.8508,1.5946,-0.5335,-1,mild_negative
2005-04-22,115.73999786376952,115.56999969482422,116.9185,-1.1668,1.5959,-0.7311,-1,mild_negative
2005-04-25,115.86000061035156,116.33000183105467,116.8695,-0.4638,1.5948,-0.2908,-1,mild_negative
2005-04-26,115.95999908447266,115.1999969482422,116.803,-1.3915,1.597,-0.8713,-1,mild_negative
2005-04-27,114.86000061035156,115.6500015258789,116.6765,-0.8876,1.5976,-0.5556,-1,mild_negative
2005-04-28,115.2699966430664,114.1999969482422,116.4885,-2.0039,1.6024,-1.2506,-2,negative
2005-04-29,115.06999969482422,115.75,116.4045,-0.5654,1.6027,-0.3528,-1,mild_negative
2005-05-02,116.06999969482422,116.4000015258789,116.343,0.049,1.6026,0.0306,1,mild_positive
2005-05-03,116.06999969482422,116.5999984741211,116.2635,0.2886,1.6015,0.1802,1,mild_positive
2005-05-04,116.6500015258789,117.5,116.2085,1.0991,1.5988,0.6875,1,mild_positive
2005-05-05,117.66999816894533,117.45999908447266,116.1195,1.1412,1.5926,0.7166,1,mild_positive
2005-05-06,117.93000030517578,117.08999633789062,116.074,0.8677,1.5913,0.5453,1,mild_positive
2005-05-09,117.20999908447266,117.81999969482422,116.0605,1.4934,1.5918,0.9382,1,mild_positive
2005-05-10,117.36000061035156,116.5999984741211,115.9555,0.5527,1.5917,0.3473,1,mild_positive
2005-05-11,116.93000030517578,117.23999786376952,115.9525,1.0982,1.5909,0.6903,1,mild_positive
2005-05-12,117.31999969482422,115.9499969482422,115.9615,-0.0099,1.5813,-0.0063,-1,mild_negative
2005-05-13,116.3000030517578,115.72000122070312,116.04,-0.2765,1.5654,-0.1767,-1,mild_negative
2005-05-16,115.6999969482422,116.8000030517578,116.155,0.5522,1.5572,0.3546,1,mild_positive
2005-05-17,116.41000366210938,117.58000183105467,116.2635,1.1197,1.5543,0.7203,1,mild_positive
2005-05-18,118.08999633789062,118.79000091552734,116.513,1.9168,1.5526,1.2346,2,positive
2005-05-19,119.0199966430664,119.29000091552734,116.677,2.1905,1.5532,1.4103,2,positive
2005-05-20,119.33999633789062,119.12000274658205,116.8545,1.9019,1.5485,1.2282,2,positive
2005-05-23,119.20999908447266,119.77999877929688,117.027,2.2984,1.5491,1.4837,2,positive
2005-05-24,119.44000244140624,119.5,117.242,1.8895,1.5465,1.2218,2,positive
2005-05-25,119.3499984741211,119.41000366210938,117.43,1.6582,1.5456,1.0728,2,positive
2005-05-26,119.79000091552734,120.0500030517578,117.7225,1.9388,1.5471,1.2532,2,positive
2005-05-27,120.05999755859376,120.25,117.9475,1.9148,1.5499,1.2354,2,positive
2005-05-31,120.08000183105467,119.4800033569336,118.1015,1.1538,1.5501,0.7443,1,mild_positive
2005-06-01,119.5199966430664,120.5,118.2965,1.8286,1.5515,1.1786,2,positive
2005-06-02,120.2300033569336,120.76000213623048,118.4595,1.905,1.5513,1.228,2,positive
2005-06-03,120.5500030517578,120.1500015258789,118.594,1.295,1.5494,0.8358,1,mild_positive
2005-06-06,119.9499969482422,120.04000091552734,118.7415,1.0817,1.5476,0.6989,1,mild_positive
2005-06-07,120.38999938964844,120.12999725341795,118.857,1.0597,1.5445,0.6861,1,mild_positive
2005-06-08,120.43000030517578,119.91000366210938,119.0225,0.7401,1.5438,0.4794,1,mild_positive
2005-06-09,119.73999786376952,120.4800033569336,119.1845,1.0753,1.5414,0.6976,1,mild_positive
2005-06-10,120.55999755859376,120.1999969482422,119.397,0.668,1.5309,0.4364,1,mild_positive
2005-06-13,119.94000244140624,120.58000183105467,119.64,0.7796,1.5214,0.5124,1,mild_positive
2005-06-14,120.4499969482422,120.86000061035156,119.843,0.8415,1.5182,0.5542,1,mild_positive
2005-06-15,121.16000366210938,121.08999633789062,120.0185,0.8849,1.5136,0.5846,1,mild_positive
2005-06-16,121.05999755859376,121.4000015258789,120.149,1.0305,1.5135,0.6809,1,mild_positive
2005-06-17,121.54000091552734,121.36000061035156,120.2525,0.9126,1.5115,0.6037,1,mild_positive
2005-06-20,121.08000183105467,121.4000015258789,120.3665,0.8513,1.5102,0.5637,1,mild_positive
2005-06-21,121.5,121.47000122070312,120.451,0.8389,1.5098,0.5556,1,mild_positive
2005-06-22,121.68000030517578,121.56999969482422,120.5545,0.8353,1.51,0.5532,1,mild_positive
2005-06-23,121.31999969482422,119.86000061035156,120.577,-0.5982,1.5109,-0.3959,-1,mild_negative
2005-06-24,119.87999725341795,118.9800033569336,120.5235,-1.2973,1.5137,-0.857,-1,mild_negative
2005-06-27,118.97000122070312,119.1500015258789,120.4685,-1.1066,1.5148,-0.7305,-1,mild_negative
2005-06-28,119.4000015258789,120.1500015258789,120.502,-0.293,1.5148,-0.1934,-1,mild_negative
2005-06-29,120.37000274658205,119.83000183105467,120.4685,-0.5328,1.5154,-0.3516,-1,mild_negative
2005-06-30,120.22000122070312,119.18000030517578,120.3895,-1.0149,1.5171,-0.6689,-1,mild_negative
2005-07-01,119.4499969482422,119.52999877929688,120.3585,-0.6931,1.5181,-0.4566,-1,mild_negative
2005-07-05,119.25,120.48999786376952,120.381,0.0905,1.5179,0.0596,1,mild_positive
2005-07-06,120.38999938964844,119.4800033569336,120.3485,-0.7269,1.5178,-0.4789,-1,mild_negative
2005-07-07,118.29000091552734,119.9499969482422,120.3505,-0.3339,1.5167,-0.2201,-1,mild_negative
2005-07-08,119.97000122070312,121.31999969482422,120.3925,0.7645,1.5125,0.5055,1,mild_positive
2005-07-11,121.33000183105467,121.94000244140624,120.4795,1.1977,1.5109,0.7927,1,mild_positive
2005-07-12,121.98999786376952,122.26000213623048,120.5635,1.3876,1.5072,0.9207,1,mild_positive
2005-07-13,122.2699966430664,122.43000030517578,120.642,1.4604,1.5053,0.9702,1,mild_positive
2005-07-14,122.9800033569336,122.91000366210938,120.733,1.7712,1.5052,1.1767,2,positive
2005-07-15,122.79000091552734,122.83999633789062,120.805,1.6566,1.5051,1.1007,2,positive
2005-07-18,122.5,122.3499984741211,120.8545,1.2223,1.5027,0.8134,1,mild_positive
2005-07-19,122.70999908447266,123.0199966430664,120.9355,1.6944,1.4992,1.1303,2,positive
2005-07-20,122.58999633789062,123.44000244140624,121.034,1.9491,1.4968,1.3022,2,positive
2005-07-21,123.5500030517578,122.72000122070312,121.0915,1.327,1.4904,0.8903,1,mild_positive
2005-07-22,122.87999725341795,123.54000091552734,121.2755,1.833,1.4919,1.2286,2,positive
2005-07-25,123.41000366210938,123.19000244140624,121.486,1.3832,1.483,0.9327,1,mild_positive
2005-07-26,123.2300033569336,123.33999633789062,121.6955,1.3333,1.4772,0.9026,1,mild_positive
2005-07-27,123.5,123.79000091552734,121.8775,1.545,1.4675,1.0528,2,positive
2005-07-28,123.95999908447266,124.56999969482422,122.1145,1.9712,1.4594,1.3507,2,positive
2005-07-29,124.41000366210938,123.73999786376952,122.3425,1.1294,1.4557,0.7759,1,mild_positive
2005-08-01,123.83000183105467,123.6500015258789,122.5485,0.8908,1.4535,0.6129,1,mild_positive
2005-08-02,123.87000274658205,124.38999938964844,122.7435,1.3237,1.4539,0.9104,1,mild_positive
2005-08-03,124.25,124.72000122070312,123.0055,1.3747,1.455,0.9448,1,mild_positive
2005-08-04,124.2300033569336,123.72000122070312,123.194,0.4252,1.455,0.2922,1,mild_positive
2005-08-05,123.4499969482422,122.87999725341795,123.272,-0.319,1.4547,-0.2193,-1,mild_negative
2005-08-08,123.1500015258789,122.6500015258789,123.3075,-0.5361,1.4552,-0.3684,-1,mild_negative
2005-08-09,123.05999755859376,123.38999938964844,123.364,0.0211,1.4483,0.0145,1,mild_positive
2005-08-10,123.81999969482422,123.33000183105467,123.409,-0.0641,1.4315,-0.0447,-1,mild_negative
2005-08-11,123.2699966430664,123.81999969482422,123.4545,0.2952,1.4175,0.2082,1,mild_positive
2005-08-12,123.56999969482422,123.05999755859376,123.4655,-0.3295,1.4142,-0.233,-1,mild_negative
2005-08-15,123.22000122070312,123.81999969482422,123.539,0.2269,1.4098,0.161,1,mild_positive
2005-08-16,123.44000244140624,122.20999908447266,123.4985,-1.0543,1.4026,-0.7517,-1,mild_negative
2005-08-17,122.19000244140624,122.1999969482422,123.4365,-1.0119,1.3978,-0.7239,-1,mild_negative
2005-08-18,122.0500030517578,122.19000244140624,123.41,-0.9984,1.3986,-0.7139,-1,mild_negative
2005-08-19,122.62999725341795,122.47000122070312,123.3565,-0.7238,1.4001,-0.517,-1,mild_negative
2005-08-22,122.58000183105467,122.47000122070312,123.3205,-0.6945,1.4017,-0.4955,-1,mild_negative
2005-08-23,122.5,122.23999786376952,123.2655,-0.8389,1.4039,-0.5976,-1,mild_negative
2005-08-24,121.94000244140624,121.1500015258789,123.1335,-1.6372,1.409,-1.162,-2,negative
2005-08-25,121.3499984741211,121.58999633789062,122.9845,-1.1469,1.412,-0.8122,-1,mild_negative
2005-08-26,121.4800033569336,120.76000213623048,122.8355,-1.7187,1.4178,-1.2122,-2,negative
2005-08-29,120.41000366210938,121.69000244140624,122.7375,-0.8608,1.4178,-0.6071,-1,mild_negative
2005-08-30,121.25,121.0500030517578,122.5705,-1.2561,1.4194,-0.8849,-1,mild_negative
2005-08-31,121.19000244140624,122.58000183105467,122.4635,0.095,1.4162,0.0671,1,mild_positive
2005-09-01,122.5199966430664,122.48999786376952,122.402,0.0718,1.4156,0.0508,1,mild_positive
2005-09-02,122.8499984741211,122.2699966430664,122.3715,-0.083,1.4137,-0.0587,-1,mild_negative
2005-09-06,122.66000366210938,123.6999969482422,122.424,1.0315,1.4117,0.7307,1,mild_positive
2005-09-07,123.62999725341795,123.91000366210938,122.45,1.1783,1.4053,0.8385,1,mild_positive
2005-09-08,123.66000366210938,123.5,122.4585,0.8433,1.4017,0.6016,1,mild_positive
2005-09-09,123.83000183105467,124.5999984741211,122.4975,1.6874,1.3983,1.2068,2,positive
2005-09-12,124.4499969482422,124.3499984741211,122.562,1.4379,1.3962,1.0298,2,positive
2005-09-13,124.12999725341795,123.66000366210938,122.554,0.8944,1.3941,0.6416,1,mild_positive
2005-09-14,123.73999786376952,123.20999908447266,122.604,0.4918,1.3905,0.3537,1,mild_positive
2005-09-15,123.58999633789062,123.1500015258789,122.6515,0.4048,1.3867,0.2919,1,mild_positive
2005-09-16,123.3000030517578,123.5,122.717,0.634,1.3832,0.4584,1,mild_positive
2005-09-19,123.47000122070312,123.08999633789062,122.748,0.2778,1.3825,0.201,1,mild_positive
2005-09-20,123.1999969482422,122.0500030517578,122.727,-0.5547,1.3826,-0.4012,-1,mild_negative
2005-09-21,121.79000091552734,120.91000366210938,122.6605,-1.4478,1.3862,-1.0444,-2,negative
2005-09-22,120.9499969482422,121.33999633789062,122.67,-1.0961,1.389,-0.7891,-1,mild_negative
2005-09-23,121.23999786376952,121.44000244140624,122.6625,-1.0067,1.3913,-0.7236,-1,mild_negative
2005-09-26,122.0199966430664,121.58000183105467,122.7035,-0.9241,1.3921,-0.6638,-1,mild_negative
2005-09-27,121.5199966430664,121.5500030517578,122.6965,-0.9432,1.3912,-0.678,-1,mild_negative
2005-09-28,121.93000030517578,121.66999816894533,122.7275,-0.8692,1.3916,-0.6246,-1,mild_negative
2005-09-29,121.5500030517578,122.66000366210938,122.7315,-0.0583,1.3879,-0.042,-1,mild_negative
2005-09-30,122.62000274658205,123.04000091552734,122.759,0.2284,1.3858,0.1648,1,mild_positive
2005-10-03,122.95999908447266,122.5999984741211,122.7755,-0.1432,1.3854,-0.1033,-1,mild_negative
2005-10-04,122.79000091552734,121.22000122070312,122.6515,-1.1809,1.3875,-0.8511,-1,mild_negative
2005-10-05,121.25,119.62999725341795,122.4375,-2.3468,1.3965,-1.6805,-2,negative
2005-10-06,119.77999877929688,119.1999969482422,122.2225,-2.5357,1.4066,-1.8027,-2,negative
2005-10-07,119.6999969482422,119.61000061035156,121.973,-1.9756,1.4124,-1.3987,-2,negative
2005-10-10,119.68000030517578,118.5999984741211,121.6855,-2.6016,1.4206,-1.8314,-2,negative
2005-10-11,118.98999786376952,118.43000030517578,121.424,-2.5281,1.4309,-1.7668,-2,negative
2005-10-12,118.38999938964844,117.5,121.1385,-3.0966,1.4459,-2.1417,-3,extreme_negative
2005-10-13,117.45999908447266,117.43000030517578,120.8525,-2.9145,1.4592,-1.9974,-2,negative
2005-10-14,118.12000274658205,118.66999816894533,120.611,-1.6356,1.4637,-1.1175,-2,negative
2005-10-17,118.8000030517578,119.11000061035156,120.412,-1.0931,1.4644,-0.7465,-1,mild_negative
2005-10-18,118.94000244140624,117.81999969482422,120.2005,-2.0205,1.4667,-1.3775,-2,negative
2005-10-19,117.5,119.77999877929688,120.144,-0.3039,1.4653,-0.2074,-1,mild_negative
2005-10-20,119.48999786376952,117.66999816894533,119.9605,-1.9465,1.4708,-1.3234,-2,negative
2005-10-21,118.29000091552734,118.12999725341795,119.795,-1.4095,1.4714,-0.9579,-1,mild_negative
2005-10-24,118.44000244140624,119.95999908447266,119.714,0.2051,1.4678,0.1397,1,mild_positive
2005-10-25,119.72000122070312,119.72000122070312,119.6225,0.0814,1.4665,0.0555,1,mild_positive
2005-10-26,119.51000213623048,119.37000274658205,119.5075,-0.1152,1.4609,-0.0788,-1,mild_negative
2005-10-27,119.1999969482422,118.0999984741211,119.2795,-0.9987,1.4566,-0.6857,-1,mild_negative
2005-10-28,118.43000030517578,119.8000030517578,119.1175,0.5697,1.4562,0.3912,1,mild_positive
2005-10-31,120.29000091552734,120.12999725341795,118.994,0.9456,1.4565,0.6492,1,mild_positive
2005-11-01,120.58000183105467,120.48999786376952,118.9575,1.2719,1.4573,0.8728,1,mild_positive
2005-11-02,120.16999816894533,121.75,119.0635,2.2066,1.4618,1.5095,2,positive
2005-11-03,122.1500015258789,122.2699966430664,119.217,2.4969,1.4673,1.7017,2,positive
2005-11-04,122.4000015258789,122.11000061035156,119.342,2.2668,1.4713,1.5406,2,positive
2005-11-07,122.37000274658205,122.2300033569336,119.5235,2.2143,1.4696,1.5067,2,positive
2005-11-08,121.93000030517578,122.2300033569336,119.7135,2.0588,1.458,1.4121,2,positive
2005-11-09,122.08000183105467,122.38999938964844,119.958,1.9871,1.442,1.378,2,positive
2005-11-10,122.33999633789062,123.33999633789062,120.2535,2.5024,1.4318,1.7477,2,positive
2005-11-11,123.3499984741211,123.76000213623048,120.508,2.6277,1.4259,1.8428,2,positive
2005-11-14,123.79000091552734,123.69000244140624,120.737,2.3874,1.4198,1.6815,2,positive
2005-11-15,123.5500030517578,123.23999786376952,121.008,1.8111,1.4067,1.2875,2,positive
2005-11-16,123.37000274658205,123.48999786376952,121.1935,1.8597,1.3892,1.3387,2,positive
2005-11-17,123.68000030517578,124.63999938964844,121.542,2.4856,1.3786,1.803,2,positive
2005-11-18,125.05999755859376,125.12999725341795,121.892,2.5877,1.3774,1.8787,2,positive
2005-11-21,125.1500015258789,125.76000213623048,122.182,2.8451,1.3762,2.0673,3,extreme_positive
2005-11-22,125.55999755859376,126.3000030517578,122.511,3.0,1.3777,2.1776,3,extreme_positive
2005-11-23,126.25,127.02999877929688,122.894,3.2559,1.389,2.3441,3,extreme_positive
2005-11-25,126.9800033569336,127.12999725341795,123.3455,2.9769,1.3974,2.1303,3,extreme_positive
2005-11-28,127.25,126.2300033569336,123.667,2.0304,1.4001,1.4502,2,positive
2005-11-29,126.6500015258789,126.08999633789062,123.965,1.6853,1.4012,1.2028,2,positive
2005-11-30,126.16000366210938,125.41000366210938,124.211,0.9561,1.4008,0.6825,1,mild_positive
2005-12-01,126.0199966430664,126.69000244140624,124.458,1.7618,1.4041,1.2547,2,positive
2005-12-02,126.7699966430664,126.8499984741211,124.687,1.7052,1.4072,1.2117,2,positive
2005-12-05,126.6999969482422,126.58000183105467,124.9105,1.3189,1.4075,0.937,1,mild_positive
2005-12-06,127.0500030517578,126.81999969482422,125.14,1.3247,1.4081,0.9408,1,mild_positive
2005-12-07,126.7699966430664,126.08000183105467,125.3325,0.5929,1.4076,0.4212,1,mild_positive
2005-12-08,126.22000122070312,126.0,125.513,0.3865,1.4071,0.2747,1,mild_positive
2005-12-09,126.16000366210938,126.33000183105467,125.6625,0.5284,1.4071,0.3755,1,mild_positive
2005-12-12,126.70999908447266,126.4499969482422,125.797,0.5164,1.4072,0.367,1,mild_positive
2005-12-13,126.41999816894533,127.30999755859376,125.978,1.0463,1.4079,0.7431,1,mild_positive
2005-12-14,127.19000244140624,127.80999755859376,126.2065,1.2546,1.4092,0.8903,1,mild_positive
2005-12-15,127.83999633789062,127.44000244140624,126.404,0.8129,1.4076,0.5775,1,mild_positive
2005-12-16,127.27999877929688,126.36000061035156,126.49,-0.1029,1.4047,-0.0732,-1,mild_negative
2005-12-19,126.7300033569336,125.70999908447266,126.519,-0.6435,1.4028,-0.4588,-1,mild_negative
2005-12-20,125.86000061035156,125.83000183105467,126.5225,-0.5503,1.4013,-0.3928,-1,mild_negative
2005-12-21,126.22000122070312,126.02999877929688,126.509,-0.3801,1.4017,-0.2712,-1,mild_negative
2005-12-22,126.30999755859376,126.69000244140624,126.492,0.1563,1.4017,0.1115,1,mild_positive
2005-12-23,126.77999877929688,126.76000213623048,126.4735,0.226,1.4009,0.1613,1,mild_positive
2005-12-27,126.95999908447266,125.47000122070312,126.4355,-0.7695,1.4011,-0.5492,-1,mild_negative
2005-12-28,125.73999786376952,125.75,126.4185,-0.5316,1.4008,-0.3795,-1,mild_negative
2005-12-29,125.72000122070312,125.19000244140624,126.4075,-0.9725,1.4021,-0.6936,-1,mild_negative
2005-12-30,124.8000030517578,124.51000213623048,126.2985,-1.4364,1.4044,-1.0228,-2,negative
2006-01-03,125.19000244140624,126.6999969482422,126.291,0.3228,1.403,0.2301,1,mild_positive
2006-01-04,126.86000061035156,127.3000030517578,126.327,0.7643,1.4028,0.5449,1,mild_positive
2006-01-05,127.1500015258789,127.37999725341795,126.355,0.8047,1.4031,0.5735,1,mild_positive
2006-01-06,128.02000427246094,128.44000244140625,126.473,1.5315,1.4057,1.0895,2,positive
2006-01-09,128.4199981689453,128.77000427246094,126.6115,1.6762,1.4065,1.1917,2,positive
2006-01-10,128.38999938964844,128.89999389648438,126.74,1.6757,1.4041,1.1935,2,positive
2006-01-11,129.02000427246094,129.30999755859375,126.883,1.8769,1.4049,1.3359,2,positive
2006-01-12,129.0800018310547,128.8000030517578,126.9575,1.4305,1.4034,1.0193,2,positive
2006-01-13,128.57000732421875,128.67999267578125,127.001,1.3048,1.4032,0.9298,1,mild_positive
2006-01-17,128.1999969482422,128.3300018310547,127.0455,1.0009,1.3998,0.7151,1,mild_positive
2006-01-18,127.58000183105467,127.81999969482422,127.1185,0.5488,1.3974,0.3927,1,mild_positive
2006-01-19,128.1300048828125,128.30999755859375,127.2485,0.8273,1.3922,0.5942,1,mild_positive
2006-01-20,128.27999877929688,125.97000122070312,127.2555,-1.0205,1.3917,-0.7332,-1,mild_negative
2006-01-23,126.20999908447266,126.41999816894533,127.275,-0.6763,1.3928,-0.4856,-1,mild_negative
2006-01-24,126.62999725341795,126.5500030517578,127.268,-0.5674,1.3912,-0.4078,-1,mild_negative
2006-01-25,127.04000091552734,126.66000366210938,127.263,-0.4761,1.3871,-0.3432,-1,mild_negative
2006-01-26,127.25,127.36000061035156,127.3575,0.002,1.3796,0.0014,1,mild_positive
2006-01-27,127.66000366210938,128.5399932861328,127.497,0.8114,1.3722,0.5913,1,mild_positive
2006-01-30,128.44000244140625,128.44000244140625,127.6595,0.6077,1.3671,0.4445,1,mild_positive
2006-01-31,128.32000732421875,127.5,127.809,-0.2424,1.3645,-0.1776,-1,mild_negative
2006-02-01,127.81999969482422,128.38999938964844,127.8935,0.3867,1.3627,0.2838,1,mild_positive
2006-02-02,128.10000610351562,126.9000015258789,127.8735,-0.7671,1.3631,-0.5628,-1,mild_negative
2006-02-03,126.58000183105467,126.2699966430664,127.818,-1.2259,1.3663,-0.8973,-1,mild_negative
2006-02-06,126.44000244140624,126.5999984741211,127.726,-0.8894,1.3679,-0.6502,-1,mild_negative
2006-02-07,126.37999725341795,125.4800033569336,127.5615,-1.6588,1.3724,-1.2087,-2,negative
2006-02-08,125.8499984741211,126.62000274658205,127.4475,-0.6535,1.3733,-0.4759,-1,mild_negative
2006-02-09,126.91999816894533,126.41000366210938,127.3025,-0.706,1.3715,-0.5148,-1,mild_negative
2006-02-10,126.43000030517578,126.63999938964844,127.1945,-0.4379,1.3698,-0.3197,-1,mild_negative
2006-02-13,126.5999984741211,126.41000366210938,127.081,-0.5308,1.368,-0.388,-1,mild_negative
2006-02-14,126.45999908447266,127.75,127.052,0.5464,1.3677,0.3995,1,mild_positive
2006-02-15,127.68000030517578,128.1999969482422,127.071,0.8807,1.3672,0.6441,1,mild_positive
2006-02-16,128.33999633789062,129.16000366210938,127.1135,1.5845,1.3662,1.1598,2,positive
2006-02-17,129.0500030517578,128.80999755859375,127.2555,1.2068,1.3646,0.8843,1,mild_positive
2006-02-21,129.11000061035156,128.49000549316406,127.359,0.8802,1.361,0.6468,1,mild_positive
2006-02-22,128.77000427246094,129.27000427246094,127.495,1.3731,1.3589,1.0105,2,positive
2006-02-23,129.27000427246094,129.0800018310547,127.616,1.1342,1.3593,0.8344,1,mild_positive
2006-02-24,129.11000061035156,129.41000366210938,127.7185,1.3071,1.3602,0.961,1,mild_positive
2006-02-27,129.39999389648438,129.4600067138672,127.7645,1.3097,1.3608,0.9624,1,mild_positive
2006-02-28,129.1999969482422,128.22999572753906,127.754,0.3712,1.3608,0.2728,1,mild_positive
2006-03-01,128.60000610351562,129.3699951171875,127.8475,1.1769,1.3619,0.8641,1,mild_positive
2006-03-02,128.89999389648438,129.36000061035156,127.896,1.1317,1.3614,0.8313,1,mild_positive
2006-03-03,128.6699981689453,128.75999450683594,127.989,0.5988,1.3614,0.4398,1,mild_positive
2006-03-06,129.13999938964844,128.1699981689453,128.084,0.0671,1.3608,0.0493,1,mild_positive
2006-03-07,127.86000061035156,127.97000122070312,128.1525,-0.1426,1.3606,-0.1048,-1,mild_negative
2006-03-08,127.6999969482422,128.24000549316406,128.2905,-0.0394,1.3604,-0.0289,-1,mild_negative
2006-03-09,128.27999877929688,127.37999725341795,128.3285,-0.7446,1.3582,-0.5483,-1,mild_negative
2006-03-10,127.70999908447266,128.58999633789062,128.4375,0.1186,1.3548,0.0875,1,mild_positive
2006-03-13,128.83999633789062,128.8300018310547,128.547,0.2197,1.3532,0.1623,1,mild_positive
2006-03-14,128.7100067138672,130.17999267578125,128.7355,1.1096,1.3544,0.8193,1,mild_positive
2006-03-15,130.14999389648438,130.75999450683594,128.886,1.4332,1.3565,1.0565,2,positive
2006-03-16,131.00999450683594,131.02999877929688,129.0275,1.5283,1.3583,1.1251,2,positive
2006-03-17,130.67999267578125,130.6199951171875,129.1005,1.1633,1.3596,0.8556,1,mild_positive
2006-03-20,130.63999938964844,130.41000366210938,129.1805,0.9428,1.3592,0.6936,1,mild_positive
2006-03-21,130.3699951171875,129.58999633789062,129.2355,0.2736,1.3551,0.2019,1,mild_positive
2006-03-22,129.50999450683594,130.3800048828125,129.291,0.8353,1.3528,0.6174,1,mild_positive
2006-03-23,130.25999450683594,130.11000061035156,129.3425,0.5899,1.3469,0.438,1,mild_positive
2006-03-24,129.99000549316406,130.2100067138672,129.3825,0.6355,1.3392,0.4746,1,mild_positive
2006-03-27,130.02999877929688,130.02000427246094,129.4105,0.4688,1.323,0.3543,1,mild_positive
2006-03-28,129.92999267578125,129.22000122070312,129.46,-0.1857,1.3086,-0.1419,-1,mild_negative
2006-03-29,129.41000366210938,130.02999877929688,129.493,0.413,1.296,0.3187,1,mild_positive
2006-03-30,130.11000061035156,129.8000030517578,129.515,0.2196,1.2859,0.1708,1,mild_positive
2006-03-31,130.02000427246094,129.8300018310547,129.5685,0.2014,1.2711,0.1585,1,mild_positive
2006-04-03,130.07000732421875,129.72999572753906,129.6465,0.0644,1.2675,0.0508,1,mild_positive
2006-04-04,129.72999572753906,130.55999755859375,129.776,0.6005,1.2637,0.4752,1,mild_positive
2006-04-05,130.61000061035156,131.00999450683594,129.9145,0.8362,1.2584,0.6645,1,mild_positive
2006-04-06,130.85000610351562,130.8699951171875,130.089,0.5968,1.2549,0.4756,1,mild_positive
2006-04-07,131.05999755859375,129.5399932861328,130.1365,-0.4605,1.2548,-0.367,-1,mild_negative
2006-04-10,129.74000549316406,129.74000549316406,130.182,-0.3407,1.2553,-0.2714,-1,mild_negative
2006-04-11,129.85000610351562,128.63999938964844,130.105,-1.1388,1.2587,-0.9048,-1,mild_negative
2006-04-12,128.77000427246094,128.8800048828125,130.011,-0.8776,1.2604,-0.6963,-1,mild_negative
2006-04-13,128.58999633789062,128.7100067138672,129.895,-0.9207,1.2625,-0.7292,-1,mild_negative
2006-04-17,128.8300018310547,128.66000366210938,129.797,-0.8837,1.2648,-0.6987,-1,mild_negative
2006-04-18,128.92999267578125,130.6999969482422,129.8115,0.6798,1.2637,0.5379,1,mild_positive
2006-04-19,130.75,130.9499969482422,129.8795,0.8175,1.2572,0.6502,1,mild_positive
2006-04-20,131.0,131.1300048828125,129.917,0.925,1.2403,0.7458,1,mild_positive
2006-04-21,131.69000244140625,131.14999389648438,129.969,0.9005,1.2278,0.7334,1,mild_positive
2006-04-24,130.88999938964844,130.91000366210938,130.004,0.6921,1.2219,0.5664,1,mild_positive
2006-04-25,131.0399932861328,130.3699951171875,130.0215,0.2673,1.2049,0.2219,1,mild_positive
2006-04-26,130.5,130.39999389648438,130.0805,0.245,1.2023,0.2038,1,mild_positive
2006-04-27,129.89999389648438,131.02999877929688,130.1305,0.6865,1.1984,0.5728,1,mild_positive
2006-04-28,130.7899932861328,131.47000122070312,130.214,0.9554,1.1976,0.7977,1,mild_positive
2006-05-01,131.47000122070312,130.39999389648438,130.2425,0.1208,1.1924,0.1013,1,mild_positive
2006-05-02,131.00999450683594,131.3800048828125,130.325,0.803,1.1898,0.6749,1,mild_positive
2006-05-03,131.14999389648438,130.88999938964844,130.3415,0.4191,1.1799,0.3552,1,mild_positive
2006-05-04,131.0800018310547,131.36000061035156,130.359,0.762,1.1784,0.6467,1,mild_positive
2006-05-05,132.0500030517578,132.52000427246094,130.4415,1.5684,1.1802,1.3289,2,positive
2006-05-08,132.50999450683594,132.36000061035156,130.5825,1.3429,1.1815,1.1366,2,positive
2006-05-09,132.4199981689453,132.6199951171875,130.7265,1.4278,1.1824,1.2075,2,positive
2006-05-10,132.41000366210938,132.5500030517578,130.922,1.2282,1.1826,1.0386,2,positive
2006-05-11,132.50999450683594,130.9499969482422,131.0255,-0.0577,1.1827,-0.0487,-1,mild_negative
2006-05-12,130.36000061035156,129.24000549316406,131.052,-1.402,1.1866,-1.1816,-2,negative
2006-05-15,128.7899932861328,129.5,131.094,-1.2309,1.1912,-1.0333,-2,negative
2006-05-16,129.75999450683594,129.30999755859375,131.0245,-1.3259,1.1955,-1.1091,-2,negative
2006-05-17,128.6699981689453,126.8499984741211,130.8195,-3.1293,1.2157,-2.574,-3,extreme_negative
2006-05-18,127.3499984741211,126.20999908447266,130.5735,-3.4573,1.2389,-2.7906,-3,extreme_negative
2006-05-19,126.87000274658205,127.0999984741211,130.371,-2.5736,1.2528,-2.0543,-3,extreme_negative
2006-05-22,126.27999877929688,126.12999725341795,130.132,-3.1729,1.2716,-2.4952,-3,extreme_negative
2006-05-23,127.18000030517578,125.16999816894533,129.872,-3.7565,1.2939,-2.9033,-3,extreme_negative
2006-05-24,125.68000030517578,126.16999816894533,129.6605,-2.7665,1.3033,-2.1227,-3,extreme_negative
2006-05-25,126.91999816894533,127.7300033569336,129.4955,-1.3822,1.3039,-1.0601,-2,negative
2006-05-26,128.00999450683594,128.3800048828125,129.341,-0.7486,1.2996,-0.576,-1,mild_negative
2006-05-30,127.97000122070312,126.0999984741211,129.126,-2.3997,1.3067,-1.8364,-2,negative
2006-05-31,126.62000274658205,127.51000213623048,128.9325,-1.1156,1.3068,-0.8537,-1,mild_negative
2006-06-01,127.37999725341795,128.72999572753906,128.8245,-0.0734,1.3028,-0.0564,-1,mild_negative
2006-06-02,129.25,129.0,128.7065,0.2275,1.2987,0.1752,1,mild_positive
2006-06-05,128.85000610351562,127.12000274658205,128.4365,-1.0356,1.3,-0.7967,-1,mild_negative
2006-06-06,127.20999908447266,126.80999755859376,128.159,-1.0638,1.2988,-0.8191,-1,mild_negative
2006-06-07,126.91000366210938,125.86000061035156,127.821,-1.5581,1.2994,-1.1991,-2,negative
2006-06-08,125.58000183105467,125.75,127.481,-1.3765,1.3015,-1.0576,-2,negative
2006-06-09,126.36000061035156,125.3499984741211,127.201,-1.4767,1.3047,-1.1318,-2,negative
2006-06-12,125.87999725341795,123.98999786376952,126.9385,-2.378,1.3136,-1.8103,-2,negative
2006-06-13,123.73999786376952,122.5500030517578,126.591,-3.2974,1.3312,-2.477,-3,extreme_negative
2006-06-14,122.83999633789062,123.5,126.3005,-2.2676,1.3388,-1.6938,-2,negative
2006-06-15,123.9499969482422,126.12000274658205,126.264,-0.1142,1.3385,-0.0853,-1,mild_negative
2006-06-16,125.29000091552734,124.6500015258789,126.186,-1.2322,1.3408,-0.9191,-1,mild_negative
2006-06-19,125.4000015258789,123.66999816894533,126.0145,-1.8958,1.3462,-1.4083,-2,negative
2006-06-20,124.01000213623048,124.08999633789062,125.9125,-1.4687,1.3491,-1.0886,-2,negative
2006-06-21,124.0,125.01000213623048,125.9045,-0.7155,1.349,-0.5304,-1,mild_negative
2006-06-22,124.9499969482422,124.45999908447266,125.819,-1.0919,1.3503,-0.8087,-1,mild_negative
2006-06-23,124.33000183105467,124.44000244140624,125.6545,-0.976,1.3512,-0.7223,-1,mild_negative
2006-06-26,124.54000091552734,124.98999786376952,125.485,-0.396,1.3508,-0.2932,-1,mild_negative
2006-06-27,125.01000213623048,123.91000366210938,125.3755,-1.1827,1.3524,-0.8745,-1,mild_negative
2006-06-28,124.19000244140624,124.75,125.2375,-0.3908,1.3521,-0.289,-1,mild_negative
2006-06-29,125.1999969482422,127.2699966430664,125.1645,1.6544,1.3527,1.223,2,positive
2006-06-30,127.54000091552734,127.27999877929688,125.0785,1.7297,1.3543,1.2772,2,positive
2006-07-03,127.43000030517578,127.8000030517578,125.1125,2.1029,1.3597,1.5466,2,positive
2006-07-05,127.29000091552734,127.06999969482422,125.1255,1.5303,1.3619,1.1237,2,positive
2006-07-06,127.1999969482422,127.44000244140624,125.2045,1.7542,1.3637,1.2864,2,positive
2006-07-07,127.19000244140624,126.61000061035156,125.2475,1.0761,1.3638,0.789,1,mild_positive
2006-07-10,126.94000244140624,126.8499984741211,125.3225,1.2042,1.3654,0.8819,1,mild_positive
2006-07-11,126.61000061035156,127.41000366210938,125.4935,1.5042,1.3668,1.1005,2,positive
2006-07-12,127.1500015258789,126.0500030517578,125.6685,0.3027,1.3665,0.2215,1,mild_positive
2006-07-13,125.4499969482422,124.0,125.6935,-1.3657,1.3694,-0.9973,-1,mild_negative
2006-07-14,124.12999725341795,123.5199966430664,125.5635,-1.6544,1.3726,-1.2053,-2,negative
2006-07-17,123.5199966430664,123.33999633789062,125.498,-1.7496,1.3755,-1.272,-2,negative
2006-07-18,123.70999908447266,123.97000122070312,125.513,-1.2447,1.3757,-0.9047,-1,mild_negative
2006-07-19,124.18000030517578,125.69000244140624,125.593,0.0772,1.3719,0.0563,1,mild_positive
2006-07-20,126.12000274658205,124.83000183105467,125.584,-0.604,1.3692,-0.4411,-1,mild_negative
2006-07-21,125.1500015258789,123.9499969482422,125.5585,-1.2977,1.3703,-0.947,-1,mild_negative
2006-07-24,124.44000244140624,126.20999908447266,125.647,0.4461,1.3668,0.3264,1,mild_positive
2006-07-25,125.9800033569336,126.66000366210938,125.7305,0.7339,1.3625,0.5386,1,mild_positive
2006-07-26,126.58999633789062,126.83000183105467,125.8765,0.7518,1.3609,0.5524,1,mild_positive
2006-07-27,127.37999725341795,126.70999908447266,125.9745,0.5805,1.3568,0.4278,1,mild_positive
2006-07-28,127.04000091552734,127.9800033569336,126.01,1.5393,1.3575,1.134,2,positive
2006-07-31,127.66000366210938,127.8499984741211,126.0385,1.4169,1.3578,1.0435,2,positive
2006-08-01,127.33999633789062,127.22000122070312,126.0095,0.9515,1.3558,0.7018,1,mild_positive
2006-08-02,127.58000183105467,128.0800018310547,126.06,1.5771,1.3538,1.1649,2,positive
2006-08-03,127.33999633789062,128.4199981689453,126.109,1.7996,1.3565,1.3266,2,positive
2006-08-04,129.0800018310547,128.1999969482422,126.1885,1.569,1.3588,1.1547,2,positive
2006-08-07,127.9000015258789,127.9000015258789,126.241,1.2971,1.3587,0.9547,1,mild_positive
2006-08-08,128.08999633789062,127.41000366210938,126.241,0.9175,1.3573,0.676,1,mild_positive
2006-08-09,128.17999267578125,126.9800033569336,126.2875,0.5454,1.3574,0.4018,1,mild_positive
2006-08-10,126.58000183105467,127.37000274658205,126.456,0.7176,1.3577,0.5285,1,mild_positive
2006-08-11,127.16999816894533,127.01000213623048,126.6305,0.2988,1.3572,0.2202,1,mild_positive
2006-08-14,127.62999725341795,127.11000061035156,126.819,0.2289,1.3572,0.1687,1,mild_positive
2006-08-15,128.25,128.6300048828125,127.052,1.2268,1.359,0.9027,1,mild_positive
2006-08-16,129.32000732421875,129.6999969482422,127.2525,1.887,1.3636,1.3839,2,positive
2006-08-17,129.5800018310547,130.02999877929688,127.5125,1.9361,1.3681,1.4152,2,positive
2006-08-18,130.19000244140625,130.69000244140625,127.8495,2.1735,1.3741,1.5817,2,positive
2006-08-21,130.17999267578125,130.1300048828125,128.0455,1.6019,1.3752,1.1648,2,positive
2006-08-22,129.99000549316406,130.1199951171875,128.2185,1.4613,1.3758,1.0622,2,positive
2006-08-23,130.17999267578125,129.75999450683594,128.365,1.0751,1.3751,0.7818,1,mild_positive
2006-08-24,129.99000549316406,129.64999389648438,128.512,0.8777,1.3748,0.6385,1,mild_positive
2006-08-25,129.63999938964844,129.80999755859375,128.6035,0.9294,1.3745,0.6762,1,mild_positive
2006-08-28,129.64999389648438,130.42999267578125,128.7325,1.3015,1.3749,0.9466,1,mild_positive
2006-08-29,130.49000549316406,130.5800018310547,128.9005,1.2862,1.3719,0.9375,1,mild_positive
2006-08-30,130.8699951171875,130.66000366210938,129.0295,1.2479,1.371,0.9102,1,mild_positive
2006-08-31,130.85000610351562,130.63999938964844,129.1405,1.1478,1.3669,0.8397,1,mild_positive
2006-09-01,131.13999938964844,131.4199981689453,129.3015,1.612,1.3681,1.1783,2,positive
2006-09-05,131.50999450683594,131.6699981689453,129.49,1.6557,1.3679,1.2103,2,positive
2006-09-06,131.11000061035156,130.50999450683594,129.645,0.6628,1.3682,0.4844,1,mild_positive
2006-09-07,130.05999755859375,129.91000366210938,129.7915,0.0912,1.3682,0.0667,1,mild_positive
2006-09-08,130.0800018310547,130.27999877929688,129.937,0.2633,1.368,0.1925,1,mild_positive
2006-09-11,129.86000061035156,130.41000366210938,130.107,0.2323,1.3671,0.17,1,mild_positive
2006-09-12,130.55999755859375,131.69000244140625,130.336,1.0282,1.3667,0.7523,1,mild_positive
2006-09-13,131.63999938964844,132.22000122070312,130.5155,1.2891,1.3678,0.9425,1,mild_positive
2006-09-14,131.9600067138672,132.22999572753906,130.642,1.2009,1.3661,0.8791,1,mild_positive
2006-09-15,132.30999755859375,131.9600067138672,130.7385,0.9257,1.3647,0.6783,1,mild_positive
2006-09-18,131.7899932861328,132.13999938964844,130.811,1.0058,1.3649,0.7369,1,mild_positive
2006-09-19,132.1199951171875,131.80999755859375,130.895,0.6942,1.3651,0.5085,1,mild_positive
2006-09-20,132.25,132.50999450683594,131.0145,1.1286,1.3662,0.8261,1,mild_positive
2006-09-21,132.61000061035156,131.8699951171875,131.12,0.5687,1.3662,0.4163,1,mild_positive
2006-09-22,131.6699981689453,131.47000122070312,131.211,0.197,1.3662,0.1442,1,mild_positive
2006-09-25,131.72999572753906,132.47999572753906,131.3445,0.8571,1.3658,0.6275,1,mild_positive
2006-09-26,132.5,133.5800018310547,131.502,1.5556,1.3642,1.1403,2,positive
2006-09-27,133.49000549316406,133.74000549316406,131.66,1.5553,1.3641,1.1402,2,positive
2006-09-28,133.74000549316406,133.69000244140625,131.8115,1.4051,1.3636,1.0304,2,positive
2006-09-29,133.8000030517578,133.5800018310547,131.9585,1.2139,1.3628,0.8907,1,mild_positive
2006-10-02,133.5399932861328,133.0800018310547,132.0415,0.7804,1.3611,0.5734,1,mild_positive
2006-10-03,132.88999938964844,133.36000061035156,132.126,0.9253,1.3597,0.6805,1,mild_positive
2006-10-04,133.22999572753906,134.9199981689453,132.3465,1.9074,1.3633,1.3991,2,positive
2006-10-05,134.9199981689453,135.17999267578125,132.61,1.9012,1.367,1.3908,2,positive
2006-10-06,134.9499969482422,135.00999450683594,132.8465,1.6025,1.3691,1.1704,2,positive
2006-10-09,134.85000610351562,135.08999633789062,133.0805,1.4875,1.3679,1.0875,2,positive
2006-10-10,135.10000610351562,135.27000427246094,133.2595,1.4863,1.3595,1.0933,2,positive
2006-10-11,134.83999633789062,135.11000061035156,133.404,1.2627,1.3487,0.9362,1,mild_positive
2006-10-12,135.4499969482422,136.27999877929688,133.6065,1.9618,1.3445,1.4591,2,positive
2006-10-13,136.16000366210938,136.6300048828125,133.84,2.042,1.3355,1.529,2,positive
2006-10-16,136.52000427246094,136.83999633789062,134.075,2.0206,1.3268,1.5229,2,positive
2006-10-17,136.47000122070312,136.41000366210938,134.305,1.5431,1.3104,1.1776,2,positive
2006-10-18,137.0399932861328,136.58999633789062,134.509,1.5235,1.2953,1.1762,2,positive
2006-10-19,136.38999938964844,136.80999755859375,134.756,1.5014,1.2904,1.1634,2,positive
2006-10-20,136.83999633789062,136.83999633789062,135.0245,1.3267,1.2879,1.0301,2,positive
2006-10-23,136.55999755859375,137.47000122070312,135.274,1.5974,1.2804,1.2476,2,positive
2006-10-24,137.27999877929688,137.8800048828125,135.489,1.7341,1.2819,1.3528,2,positive
2006-10-25,137.74000549316406,138.35000610351562,135.7195,1.9013,1.2759,1.4902,2,positive
2006-10-26,138.66000366210938,138.77999877929688,135.974,2.0219,1.2738,1.5873,2,positive
2006-10-27,138.61000061035156,137.91000366210938,136.1905,1.2468,1.2745,0.9783,1,mild_positive
2006-10-30,137.66000366210938,137.80999755859375,136.427,1.0036,1.2745,0.7874,1,mild_positive
2006-10-31,138.07000732421875,137.7899932861328,136.6485,0.8284,1.2741,0.6502,1,mild_positive
2006-11-01,138.22000122070312,136.86000061035156,136.7455,0.0837,1.2708,0.0658,1,mild_positive
2006-11-02,136.50999450683594,136.77999877929688,136.8255,-0.0333,1.2713,-0.0262,-1,mild_negative
2006-11-03,137.27000427246094,136.5399932861328,136.902,-0.2651,1.2719,-0.2084,-1,mild_negative
2006-11-06,136.9600067138672,138.0800018310547,137.0515,0.7449,1.2711,0.586,1,mild_positive
2006-11-07,138.1999969482422,138.61000061035156,137.2185,1.0039,1.2671,0.7923,1,mild_positive
2006-11-08,138.0,138.91000366210938,137.4085,1.0809,1.2614,0.8569,1,mild_positive
2006-11-09,139.00999450683594,138.17999267578125,137.5035,0.4896,1.2565,0.3896,1,mild_positive
2006-11-10,138.13999938964844,138.24000549316406,137.584,0.4745,1.2519,0.3791,1,mild_positive
2006-11-13,138.17999267578125,138.5800018310547,137.671,0.6559,1.2481,0.5256,1,mild_positive
2006-11-14,138.97000122070312,139.6199951171875,137.8315,1.281,1.2455,1.0285,2,positive
2006-11-15,139.57000732421875,140.02000427246094,138.003,1.4405,1.2405,1.1612,2,positive
2006-11-16,140.44000244140625,140.3800048828125,138.1815,1.5661,1.235,1.2681,2,positive
2006-11-17,139.92999267578125,140.4199981689453,138.3605,1.4667,1.2308,1.1917,2,positive
2006-11-20,140.3000030517578,140.5,138.512,1.4149,1.2293,1.151,2,positive
2006-11-21,140.49000549316406,140.63999938964844,138.65,1.415,1.2277,1.1526,2,positive
2006-11-22,140.75,140.9199981689453,138.7785,1.5197,1.2229,1.2427,2,positive
2006-11-24,140.24000549316406,140.35000610351562,138.857,1.0638,1.2162,0.8747,1,mild_positive
2006-11-27,140.27999877929688,138.4199981689453,138.8825,-0.3341,1.2079,-0.2766,-1,mild_negative
2006-11-28,138.24000549316406,139.02000427246094,138.943,0.0554,1.1974,0.0463,1,mild_positive
2006-11-29,139.47000122070312,140.47000122070312,139.077,0.9917,1.1847,0.837,1,mild_positive
2006-11-30,140.44000244140625,140.52999877929688,139.2605,0.9034,1.1742,0.7693,1,mild_positive
2006-12-01,140.52999877929688,140.22000122070312,139.4325,0.5616,1.1699,0.4801,1,mild_positive
2006-12-04,140.25,141.2899932861328,139.67,1.1466,1.1681,0.9816,1,mild_positive
2006-12-05,141.55999755859375,141.89999389648438,139.861,1.4369,1.1693,1.2288,2,positive
2006-12-06,141.8699951171875,141.77999877929688,140.0195,1.2417,1.1674,1.0636,2,positive
2006-12-07,142.02999877929688,141.16000366210938,140.132,0.7283,1.1648,0.6252,1,mild_positive
2006-12-08,141.1300048828125,141.4199981689453,140.294,0.7962,1.1636,0.6843,1,mild_positive
2006-12-11,141.4199981689453,141.8300018310547,140.4735,0.9564,1.1627,0.8226,1,mild_positive
2006-12-12,141.69000244140625,141.72000122070312,140.6305,0.7688,1.1629,0.6611,1,mild_positive
2006-12-13,142.22999572753906,141.8699951171875,140.743,0.7944,1.1631,0.683,1,mild_positive
2006-12-14,141.86000061035156,143.1199951171875,140.898,1.5525,1.1653,1.3323,2,positive
2006-12-15,142.63999938964844,142.33999633789062,140.996,0.9442,1.1658,0.81,1,mild_positive
2006-12-18,142.5399932861328,141.9499969482422,141.0725,0.6182,1.1652,0.5306,1,mild_positive
2006-12-19,141.5500030517578,142.22000122070312,141.1585,0.7464,1.1641,0.6411,1,mild_positive
2006-12-20,142.27999877929688,142.13999938964844,141.2335,0.6378,1.1639,0.5479,1,mild_positive
2006-12-21,142.27000427246094,141.6199951171875,141.2685,0.2482,1.1636,0.2133,1,mild_positive
2006-12-22,141.63999938964844,140.75,141.2885,-0.3826,1.1627,-0.329,-1,mild_negative
2006-12-26,140.80999755859375,141.5800018310547,141.4465,0.0943,1.1613,0.0812,1,mild_positive
2006-12-27,141.8699951171875,142.50999450683594,141.621,0.6238,1.1604,0.5376,1,mild_positive
2006-12-28,142.41000366210938,142.2100067138672,141.708,0.353,1.1602,0.3042,1,mild_positive
2006-12-29,142.05999755859375,141.6199951171875,141.7625,-0.1006,1.1606,-0.0867,-1,mild_negative
2007-01-03,142.25,141.3699951171875,141.82,-0.3183,1.1592,-0.2746,-1,mild_negative
2007-01-04,141.22999572753906,141.6699981689453,141.839,-0.1193,1.1581,-0.103,-1,mild_negative
2007-01-05,141.3300018310547,140.5399932861328,141.771,-0.8759,1.1577,-0.7566,-1,mild_negative
2007-01-08,140.82000732421875,141.19000244140625,141.7415,-0.3906,1.1529,-0.3388,-1,mild_negative
2007-01-09,141.30999755859375,141.07000732421875,141.737,-0.4728,1.1543,-0.4096,-1,mild_negative
2007-01-10,140.5800018310547,141.5399932861328,141.743,-0.1434,1.1546,-0.1242,-1,mild_negative
2007-01-11,141.5800018310547,142.16000366210938,141.7595,0.2817,1.1544,0.2441,1,mild_positive
2007-01-12,142.14999389648438,143.24000549316406,141.8355,0.9805,1.1528,0.8506,1,mild_positive
2007-01-16,143.07000732421875,142.9600067138672,141.89,0.7485,1.1503,0.6507,1,mild_positive
2007-01-17,142.85000610351562,143.02000427246094,141.885,0.7936,1.1477,0.6914,1,mild_positive
2007-01-18,143.1699981689453,142.5399932861328,141.895,0.4525,1.144,0.3955,1,mild_positive
2007-01-19,142.5399932861328,142.82000732421875,141.9385,0.6172,1.1423,0.5403,1,mild_positive
2007-01-22,143.07000732421875,142.3800048828125,141.9465,0.3045,1.1408,0.2669,1,mild_positive
2007-01-23,142.25999450683594,142.8000030517578,141.9795,0.5746,1.1403,0.5039,1,mild_positive
2007-01-24,142.97000122070312,143.9499969482422,142.096,1.2879,1.1416,1.1282,2,positive
2007-01-25,143.86000061035156,142.25999450683594,142.1715,0.0622,1.1415,0.0545,1,mild_positive
2007-01-26,142.57000732421875,142.1300048828125,142.199,-0.0485,1.1383,-0.0426,-1,mild_negative
2007-01-29,142.19000244140625,142.0500030517578,142.176,-0.0887,1.1368,-0.078,-1,mild_negative
2007-01-30,142.35000610351562,142.7899932861328,142.205,0.4097,1.1352,0.3609,1,mild_positive
2007-01-31,142.6300048828125,143.75,142.3115,1.0007,1.1344,0.8821,1,mild_positive
2007-02-01,144.14999389648438,144.61000061035156,142.4735,1.4774,1.1361,1.3004,2,positive
2007-02-02,144.72999572753906,144.80999755859375,142.6305,1.5051,1.1379,1.3227,2,positive
2007-02-05,144.6999969482422,144.85000610351562,142.846,1.3835,1.1395,1.2142,2,positive
2007-02-06,144.97000122070312,144.88999938964844,143.031,1.283,1.14,1.1255,2,positive
2007-02-07,145.1199951171875,145.2100067138672,143.238,1.358,1.1415,1.1897,2,positive
2007-02-08,144.77999877929688,145.02000427246094,143.412,1.1088,1.1398,0.9728,1,mild_positive
2007-02-09,145.05999755859375,143.94000244140625,143.501,0.305,1.1351,0.2687,1,mild_positive
2007-02-12,143.94000244140625,143.4499969482422,143.5115,-0.0429,1.1324,-0.0379,-1,mild_negative
2007-02-13,143.77000427246094,144.66000366210938,143.5965,0.7352,1.1248,0.6536,1,mild_positive
2007-02-14,144.8000030517578,145.61000061035156,143.726,1.2939,1.1239,1.1513,2,positive
2007-02-15,145.6699981689453,145.8000030517578,143.889,1.3107,1.1227,1.1675,2,positive
2007-02-16,145.44000244140625,145.72999572753906,144.0345,1.1634,1.1221,1.0369,2,positive
2007-02-20,145.55999755859375,146.0399932861328,144.2175,1.2479,1.1213,1.1129,2,positive
2007-02-21,145.61000061035156,145.97999572753906,144.3765,1.0984,1.122,0.979,1,mild_positive
2007-02-22,146.0500030517578,145.8699951171875,144.4725,0.958,1.1221,0.8538,1,mild_positive
2007-02-23,145.74000549316406,145.3000030517578,144.6245,0.4649,1.12,0.4151,1,mild_positive
2007-02-26,145.8300018310547,145.1699981689453,144.7765,0.2711,1.1191,0.2422,1,mild_positive
2007-02-27,143.8800048828125,139.5,144.649,-3.691,1.1489,-3.2128,-3,extreme_negative
2007-02-28,140.38999938964844,140.92999267578125,144.556,-2.5729,1.163,-2.2124,-3,extreme_negative
2007-03-01,139.33999633789062,140.50999450683594,144.394,-2.7642,1.1794,-2.3438,-3,extreme_negative
2007-03-02,140.0500030517578,138.6699981689453,144.097,-3.9136,1.209,-3.2371,-3,extreme_negative
2007-03-05,137.92999267578125,137.35000610351562,143.724,-4.6407,1.2483,-3.7177,-3,extreme_negative
2007-03-06,138.77999877929688,139.6999969482422,143.4665,-2.6961,1.2631,-2.1346,-3,extreme_negative
2007-03-07,139.58999633789062,139.55999755859375,143.2,-2.6082,1.2758,-2.0444,-3,extreme_negative
2007-03-08,140.5399932861328,140.74000549316406,142.9765,-1.5891,1.2806,-1.2409,-2,negative
2007-03-09,141.30999755859375,140.77999877929688,142.7645,-1.4096,1.2852,-1.0968,-2,negative
2007-03-12,140.4199981689453,140.99000549316406,142.617,-1.154,1.2885,-0.8956,-1,mild_negative
2007-03-13,140.17999267578125,138.25,142.357,-2.9707,1.3047,-2.2769,-3,extreme_negative
2007-03-14,138.42999267578125,139.27999877929688,142.088,-2.0161,1.3127,-1.5358,-2,negative
2007-03-15,138.97000122070312,139.47000122070312,141.781,-1.657,1.3169,-1.2583,-2,negative
2007-03-16,139.30999755859375,138.52999877929688,141.4175,-2.0844,1.3253,-1.5727,-2,negative
2007-03-19,139.25999450683594,140.1999969482422,141.141,-0.6712,1.3267,-0.5059,-1,mild_negative
2007-03-20,140.0800018310547,140.97000122070312,140.8875,0.0585,1.3258,0.0441,1,mild_positive
2007-03-21,141.10000610351562,143.2899932861328,140.753,1.7705,1.3271,1.3341,2,positive
2007-03-22,143.47999572753906,143.17999267578125,140.6185,1.789,1.3282,1.347,2,positive
2007-03-23,143.27999877929688,143.38999938964844,140.523,1.9994,1.3314,1.5018,2,positive
2007-03-26,143.5,143.1999969482422,140.4245,1.9382,1.3347,1.4522,2,positive
2007-03-27,143.1199951171875,142.86000061035156,140.5925,1.5872,1.3371,1.1871,2,positive
2007-03-28,142.13999938964844,141.82000732421875,140.637,0.8342,1.3371,0.6239,1,mild_positive
2007-03-29,142.5399932861328,141.97000122070312,140.71,0.8875,1.3375,0.6636,1,mild_positive
2007-03-30,142.24000549316406,142.0,140.8765,0.7912,1.3377,0.5915,1,mild_positive
2007-04-02,142.16000366210938,142.16000366210938,141.117,0.7337,1.3379,0.5484,1,mild_positive
2007-04-03,142.97000122070312,143.69000244140625,141.3165,1.6518,1.3401,1.2326,2,positive
2007-04-04,143.69000244140625,143.85000610351562,141.531,1.6121,1.3426,1.2007,2,positive
2007-04-05,143.6699981689453,144.24000549316406,141.706,1.7568,1.3456,1.3056,2,positive
2007-04-09,144.64999389648438,144.44000244140625,141.889,1.7661,1.3485,1.3097,2,positive
2007-04-10,144.3300018310547,144.61000061035156,142.07,1.7564,1.3513,1.2998,2,positive
2007-04-11,144.82000732421875,144.02000427246094,142.3585,1.1537,1.3522,0.8532,1,mild_positive
2007-04-12,143.74000549316406,144.66000366210938,142.6275,1.405,1.3535,1.0381,2,positive
2007-04-13,144.89999389648438,145.32000732421875,142.92,1.6515,1.3559,1.2181,2,positive
2007-04-16,145.8300018310547,146.6999969482422,143.3285,2.2982,1.3603,1.6894,2,positive
2007-04-17,146.97000122070312,147.08999633789062,143.673,2.3231,1.3651,1.7017,2,positive
2007-04-18,146.60000610351562,147.27000427246094,143.988,2.2286,1.3667,1.6306,2,positive
2007-04-19,146.5500030517578,147.22999572753906,144.185,2.0682,1.3685,1.5113,2,positive
2007-04-20,148.22000122070312,148.6199951171875,144.457,2.8011,1.3742,2.0384,3,extreme_positive
2007-04-23,148.3699951171875,148.05999755859375,144.6905,2.2758,1.3767,1.6531,2,positive
2007-04-24,148.22999572753906,148.1199951171875,144.9365,2.1493,1.3808,1.5565,2,positive
2007-04-25,148.72999572753906,149.47999572753906,145.2675,2.8181,1.3887,2.0293,3,extreme_positive
2007-04-26,149.49000549316406,149.64999389648438,145.659,2.6669,1.3954,1.9112,2,positive
2007-04-27,149.08999633789062,149.52999877929688,146.037,2.336,1.4001,1.6684,2,positive
2007-04-30,149.63999938964844,148.2899932861328,146.3515,1.3072,1.4011,0.933,1,mild_positive
2007-05-01,148.4199981689453,148.6699981689453,146.677,1.3406,1.4021,0.9561,1,mild_positive
2007-05-02,148.89999389648438,149.5399932861328,146.9695,1.7189,1.4043,1.2241,2,positive
2007-05-03,149.97000122070312,150.35000610351562,147.2945,2.0323,1.4076,1.4437,2,positive
2007-05-04,150.75,150.9199981689453,147.6285,2.181,1.4114,1.5453,2,positive
2007-05-07,150.8800048828125,150.9499969482422,147.954,1.9848,1.4144,1.4033,2,positive
2007-05-08,150.5800018310547,150.75,148.261,1.6511,1.4161,1.1659,2,positive
2007-05-09,150.63999938964844,151.16000366210938,148.618,1.6817,1.4181,1.1858,2,positive
2007-05-10,150.72999572753906,149.5800018310547,148.864,0.4787,1.418,0.3376,1,mild_positive
2007-05-11,149.75,150.86000061035156,149.141,1.1395,1.417,0.8042,1,mild_positive
2007-05-14,150.86000061035156,150.52999877929688,149.3325,0.7955,1.4161,0.5618,1,mild_positive
2007-05-15,150.6999969482422,150.57000732421875,149.5065,0.7063,1.4149,0.4992,1,mild_positive
2007-05-16,150.8000030517578,151.60000610351562,149.723,1.2381,1.4149,0.875,1,mild_positive
2007-05-17,151.3800048828125,151.3000030517578,149.9265,0.9078,1.4148,0.6417,1,mild_positive
2007-05-18,152.00999450683594,152.6199951171875,150.1265,1.6338,1.4116,1.1574,2,positive
2007-05-21,152.5800018310547,152.5399932861328,150.3505,1.4354,1.4086,1.019,2,positive
2007-05-22,152.6999969482422,152.4199981689453,150.5655,1.2167,1.4046,0.8662,1,mild_positive
2007-05-23,152.9499969482422,152.44000244140625,150.7135,1.1326,1.3863,0.817,1,mild_positive
2007-05-24,152.52999877929688,151.05999755859375,150.784,0.1827,1.3636,0.134,1,mild_positive
2007-05-25,151.5,151.69000244140625,150.892,0.5261,1.3494,0.3899,1,mild_positive
2007-05-29,151.94000244140625,152.24000549316406,151.0895,0.7557,1.3289,0.5687,1,mild_positive
2007-05-30,151.4600067138672,153.47999572753906,151.33,1.4008,1.3016,1.0762,2,positive
2007-05-31,153.6699981689453,153.32000732421875,151.519,1.1747,1.2848,0.9143,1,mild_positive
2007-06-01,153.8800048828125,154.0800018310547,151.7055,1.5411,1.28,1.204,2,positive
2007-06-04,153.5399932861328,154.10000610351562,151.8645,1.4507,1.2781,1.135,2,positive
2007-06-05,153.74000549316406,153.49000549316406,151.9915,0.9763,1.264,0.7724,1,mild_positive
2007-06-06,152.86000061035156,151.83999633789062,152.046,-0.1357,1.2601,-0.1077,-1,mild_negative
2007-06-07,151.55999755859375,149.10000610351562,151.943,-1.9068,1.2695,-1.502,-2,negative
2007-06-08,149.5800018310547,151.0399932861328,152.016,-0.6462,1.2718,-0.5081,-1,mild_negative
2007-06-11,150.92999267578125,151.3000030517578,152.038,-0.4878,1.2694,-0.3843,-1,mild_negative
2007-06-12,150.6699981689453,149.64999389648438,151.994,-1.5663,1.2724,-1.231,-2,negative
2007-06-13,150.5,151.88999938964844,152.06,-0.1119,1.2658,-0.0884,-1,mild_negative
2007-06-14,152.05999755859375,152.86000061035156,152.123,0.4821,1.2595,0.3828,1,mild_positive
2007-06-15,153.13999938964844,153.07000732421875,152.2115,0.5609,1.2523,0.4478,1,mild_positive
2007-06-18,153.3800048828125,152.88999938964844,152.225,0.435,1.2378,0.3514,1,mild_positive
2007-06-19,152.5500030517578,153.27000427246094,152.2615,0.658,1.2124,0.5427,1,mild_positive
2007-06-20,153.5800018310547,151.13999938964844,152.1975,-0.6997,1.2013,-0.5824,-1,mild_negative
2007-06-21,151.0800018310547,151.97999572753906,152.1745,-0.128,1.2013,-0.1065,-1,mild_negative
2007-06-22,151.52000427246094,150.5500030517578,152.149,-1.0621,1.2003,-0.8849,-1,mild_negative
2007-06-25,150.24000549316406,149.8300018310547,152.056,-1.4857,1.1971,-1.2411,-2,negative
2007-06-26,150.2100067138672,148.2899932861328,151.8585,-2.4064,1.2052,-1.9968,-2,negative
2007-06-27,148.1300048828125,150.39999389648438,151.7045,-0.8674,1.2059,-0.7193,-1,mild_negative
2007-06-28,150.3800048828125,150.3800048828125,151.5575,-0.783,1.2043,-0.6502,-1,mild_negative
2007-06-29,150.89999389648438,150.42999267578125,151.375,-0.6282,1.2026,-0.5224,-1,mild_negative
2007-07-02,150.8699951171875,151.7899932861328,151.2595,0.3495,1.2008,0.291,1,mild_positive
2007-07-03,152.17999267578125,152.33999633789062,151.202,0.747,1.195,0.6251,1,mild_positive
2007-07-05,152.39999389648438,152.17999267578125,151.219,0.6315,1.193,0.5293,1,mild_positive
2007-07-06,152.3800048828125,152.97999572753906,151.413,1.0243,1.1917,0.8595,1,mild_positive
2007-07-09,153.16000366210938,153.10000610351562,151.516,1.0346,1.1901,0.8693,1,mild_positive
2007-07-10,152.2899932861328,150.9199981689453,151.497,-0.3823,1.1888,-0.3216,-1,mild_negative
2007-07-11,150.75,151.99000549316406,151.614,0.2474,1.188,0.2082,1,mild_positive
2007-07-12,152.3699951171875,154.38999938964844,151.739,1.7171,1.1878,1.4456,2,positive
2007-07-13,154.57000732421875,154.85000610351562,151.8385,1.9448,1.1902,1.634,2,positive
2007-07-16,154.99000549316406,154.8300018310547,151.9265,1.8753,1.1921,1.5731,2,positive
2007-07-17,154.92999267578125,154.75,152.0195,1.7645,1.1929,1.4792,2,positive
2007-07-18,154.22999572753906,154.47000122070312,152.0795,1.5476,1.1938,1.2963,2,positive
2007-07-19,155.1999969482422,155.07000732421875,152.276,1.8018,1.1887,1.5157,2,positive
2007-07-20,154.88999938964844,153.5,152.352,0.7479,1.1794,0.6341,1,mild_positive
2007-07-23,154.17999267578125,153.97000122070312,152.523,0.9398,1.1692,0.8038,1,mild_positive
2007-07-24,153.1199951171875,151.3000030517578,152.5965,-0.8569,1.1669,-0.7344,-1,mild_negative
2007-07-25,152.02000427246094,151.61000061035156,152.7625,-0.7602,1.1699,-0.6498,-1,mild_negative
2007-07-26,150.19000244140625,148.02000427246094,152.6435,-3.1236,1.1916,-2.6213,-3,extreme_negative
2007-07-27,148.2100067138672,145.11000061035156,152.38,-5.01,1.2381,-4.0464,-3,extreme_negative
2007-07-30,145.92999267578125,147.3800048828125,152.2275,-3.2891,1.2631,-2.6041,-3,extreme_negative
2007-07-31,148.3300018310547,145.72000122070312,151.924,-4.2575,1.3005,-3.2737,-3,extreme_negative
2007-08-01,145.17999267578125,146.42999267578125,151.6285,-3.5502,1.3271,-2.6752,-3,extreme_negative
2007-08-02,146.75999450683594,147.60000610351562,151.3995,-2.5742,1.3424,-1.9176,-2,negative
2007-08-03,147.27999877929688,143.8000030517578,150.9405,-4.9656,1.3863,-3.5818,-3,extreme_negative
2007-08-06,144.2100067138672,146.2100067138672,150.596,-2.9998,1.4038,-2.137,-3,extreme_negative
2007-08-07,145.94000244140625,147.77000427246094,150.4385,-1.8058,1.4116,-1.2793,-2,negative
2007-08-08,148.41000366210938,149.8300018310547,150.3305,-0.334,1.4114,-0.2367,-1,mild_negative
2007-08-09,147.42999267578125,145.38999938964844,149.8805,-3.0886,1.4279,-2.163,-3,extreme_negative
2007-08-10,144.38999938964844,144.7100067138672,149.3735,-3.2226,1.446,-2.2287,-3,extreme_negative
2007-08-13,146.5,145.22999572753906,148.8935,-2.5226,1.4579,-1.7303,-2,negative
2007-08-14,145.6999969482422,143.00999450683594,148.3065,-3.7036,1.4816,-2.4998,-3,extreme_negative
2007-08-15,142.72000122070312,141.0399932861328,147.635,-4.676,1.5167,-3.083,-3,extreme_negative
2007-08-16,139.7899932861328,142.10000610351562,146.9865,-3.4388,1.5365,-2.2381,-3,extreme_negative
2007-08-17,145.5,144.7100067138672,146.547,-1.2694,1.5403,-0.8242,-1,mild_negative
2007-08-20,145.1699981689453,144.63999938964844,146.0805,-0.9959,1.5429,-0.6455,-1,mild_negative
2007-08-21,144.60000610351562,144.92999267578125,145.762,-0.5741,1.5435,-0.3719,-1,mild_negative
2007-08-22,146.00999450683594,146.64999389648438,145.514,0.7746,1.541,0.5027,1,mild_positive
2007-08-23,147.33999633789062,146.52000427246094,145.439,0.7378,1.5383,0.4796,1,mild_positive
2007-08-24,146.47999572753906,148.3300018310547,145.6,1.8405,1.537,1.1975,2,positive
2007-08-27,147.85000610351562,146.9499969482422,145.5785,0.9333,1.5356,0.6078,1,mild_positive
2007-08-28,146.16000366210938,143.72000122070312,145.4785,-1.2236,1.5378,-0.7957,-1,mild_negative
2007-08-29,144.3699951171875,146.5399932861328,145.484,0.7206,1.5373,0.4687,1,mild_positive
2007-08-30,145.4499969482422,146.14999389648438,145.4115,0.5053,1.5371,0.3287,1,mild_positive
2007-08-31,147.64999389648438,147.58999633789062,145.601,1.3477,1.5378,0.8763,1,mild_positive
2007-09-04,147.4499969482422,149.0800018310547,145.7445,2.2374,1.541,1.4519,2,positive
2007-09-05,148.1999969482422,147.7899932861328,145.7455,1.3834,1.5413,0.8976,1,mild_positive
2007-09-06,147.9499969482422,148.1300048828125,145.6605,1.6671,1.5424,1.0809,2,positive
2007-09-07,146.47999572753906,146.07000732421875,145.6945,0.2571,1.5418,0.1667,1,mild_positive
2007-09-10,146.52000427246094,145.7899932861328,145.7485,0.0285,1.5402,0.0185,1,mild_positive
2007-09-11,146.24000549316406,147.49000549316406,145.8615,1.1041,1.5388,0.7175,1,mild_positive
2007-09-12,147.2899932861328,147.8699951171875,146.1045,1.194,1.5395,0.7755,1,mild_positive
2007-09-13,148.5500030517578,148.91000366210938,146.498,1.6198,1.5412,1.051,2,positive
2007-09-14,147.9600067138672,148.89999389648438,146.838,1.3848,1.5423,0.8979,1,mild_positive
2007-09-17,148.30999755859375,148.10000610351562,147.0075,0.7377,1.5424,0.4783,1,mild_positive
2007-09-18,148.8300018310547,152.4600067138672,147.3985,3.3199,1.5525,2.1385,3,extreme_positive
2007-09-19,153.41000366210938,153.36000061035156,147.82,3.6124,1.5642,2.3095,3,extreme_positive
2007-09-20,153.33999633789062,152.27999877929688,148.1015,2.744,1.5701,1.7477,2,positive
2007-09-21,152.7100067138672,151.97000122070312,148.374,2.3663,1.5743,1.503,2,positive
2007-09-24,152.4199981689453,151.69000244140625,148.542,2.0753,1.5772,1.3158,2,positive
2007-09-25,150.80999755859375,151.38999938964844,148.764,1.7346,1.5791,1.0985,2,positive
2007-09-26,152.25,152.19000244140625,149.1875,1.9729,1.5814,1.2476,2,positive
2007-09-27,152.91000366210938,153.08999633789062,149.515,2.3352,1.5856,1.4728,2,positive
2007-09-28,152.85000610351562,152.5800018310547,149.8365,1.7981,1.5876,1.1326,2,positive
2007-10-01,152.60000610351562,154.3000030517578,150.172,2.6753,1.5933,1.6791,2,positive
2007-10-02,154.61000061035156,154.08999633789062,150.4225,2.3801,1.5963,1.491,2,positive
2007-10-03,153.80999755859375,153.77999877929688,150.722,1.9886,1.5977,1.2446,2,positive
2007-10-04,154.11000061035156,154.02000427246094,151.0165,1.9501,1.5993,1.2194,2,positive
2007-10-05,155.02999877929688,155.85000610351562,151.5055,2.7876,1.605,1.7368,2,positive
2007-10-08,155.38999938964844,155.02000427246094,151.967,1.9694,1.6075,1.2251,2,positive
2007-10-09,155.60000610351562,156.47999572753906,152.4165,2.5968,1.6126,1.6103,2,positive
2007-10-10,156.0399932861328,156.22000122070312,152.834,2.1675,1.6136,1.3433,2,positive
2007-10-11,156.92999267578125,155.47000122070312,153.162,1.4845,1.6124,0.9207,1,mild_positive
2007-10-12,155.4600067138672,156.3300018310547,153.5335,1.7888,1.6129,1.1091,2,positive
2007-10-15,156.27000427246094,155.00999450683594,153.879,0.7296,1.6118,0.4527,1,mild_positive
2007-10-16,154.41000366210938,153.77999877929688,153.945,-0.1073,1.6111,-0.0666,-1,mild_negative
2007-10-17,154.97999572753906,154.25,153.9895,0.1689,1.6106,0.1049,1,mild_positive
2007-10-18,153.4499969482422,153.69000244140625,154.06,-0.2407,1.6087,-0.1497,-1,mild_negative
2007-10-19,153.08999633789062,149.6699981689453,153.945,-2.8563,1.6194,-1.7637,-2,negative
2007-10-22,148.86000061035156,150.5399932861328,153.8875,-2.2237,1.6254,-1.3681,-2,negative
2007-10-23,151.4600067138672,151.75999450683594,153.906,-1.4141,1.6282,-0.8685,-1,mild_negative
2007-10-24,151.2100067138672,151.47999572753906,153.8705,-1.5781,1.6318,-0.9671,-1,mild_negative
2007-10-25,151.64999389648438,151.83999633789062,153.808,-1.2961,1.634,-0.7932,-1,mild_negative
2007-10-26,153.05999755859375,153.6199951171875,153.86,-0.1562,1.6335,-0.0956,-1,mild_negative
2007-10-29,153.92999267578125,154.1300048828125,153.8515,0.1807,1.6319,0.1107,1,mild_positive
2007-10-30,153.4499969482422,153.05999755859375,153.8,-0.4835,1.6308,-0.2965,-1,mild_negative
2007-10-31,153.97999572753906,154.64999389648438,153.8435,0.5215,1.6281,0.3203,1,mild_positive
2007-11-01,153.2899932861328,151.02999877929688,153.694,-1.7639,1.6306,-1.0818,-2,negative
2007-11-02,151.52999877929688,151.1999969482422,153.4615,-1.4957,1.6339,-0.9154,-1,mild_negative
2007-11-05,149.63999938964844,150.0500030517578,153.213,-2.108,1.6409,-1.2847,-2,negative
2007-11-06,150.86000061035156,152.07000732421875,152.9925,-0.6066,1.6417,-0.3695,-1,mild_negative
2007-11-07,150.44000244140625,147.91000366210938,152.577,-3.1553,1.6564,-1.9049,-2,negative
2007-11-08,147.99000549316406,147.16000366210938,152.1615,-3.3987,1.6728,-2.0318,-3,extreme_negative
2007-11-09,145.69000244140625,145.13999938964844,151.602,-4.4523,1.699,-2.6205,-3,extreme_negative
2007-11-12,145.2100067138672,143.6999969482422,151.0365,-5.1054,1.7325,-2.9469,-3,extreme_negative
2007-11-13,145.3699951171875,148.0800018310547,150.7515,-1.8041,1.7369,-1.0387,-2,negative
2007-11-14,149.22000122070312,147.6699981689453,150.4225,-1.864,1.7413,-1.0704,-2,negative
2007-11-15,146.57000732421875,145.5399932861328,150.015,-3.0748,1.7539,-1.7531,-2,negative
2007-11-16,146.30999755859375,145.7899932861328,149.821,-2.7649,1.764,-1.5674,-2,negative
2007-11-19,145.27999877929688,143.75999450683594,149.482,-3.9802,1.7836,-2.2316,-3,extreme_negative
2007-11-20,144.02000427246094,144.63999938964844,149.126,-3.1015,1.7945,-1.7283,-2,negative
2007-11-21,143.0800018310547,141.67999267578125,148.636,-4.9097,1.8213,-2.6957,-3,extreme_negative
2007-11-23,143.07000732421875,144.1300048828125,148.2505,-2.8589,1.8291,-1.563,-2,negative
2007-11-26,144.42999267578125,140.9499969482422,147.617,-4.73,1.8529,-2.5528,-3,extreme_negative
2007-11-27,141.74000549316406,142.57000732421875,147.039,-3.1346,1.8625,-1.683,-2,negative
2007-11-28,144.19000244140625,147.1300048828125,146.7425,0.2634,1.8607,0.1415,1,mild_positive
2007-11-29,146.6199951171875,147.17999267578125,146.369,0.551,1.8589,0.2964,1,mild_positive
2007-11-30,149.0399932861328,148.66000366210938,146.2505,1.6208,1.8603,0.8713,1,mild_positive
2007-12-03,148.19000244140625,147.67999267578125,146.0745,1.0871,1.8611,0.5842,1,mild_positive
2007-12-04,146.66000366210938,146.36000061035156,145.89,0.3211,1.8611,0.1725,1,mild_positive
2007-12-05,147.92999267578125,148.80999755859375,145.727,2.0718,1.8643,1.1113,2,positive
2007-12-06,148.6300048828125,150.94000244140625,145.8785,3.3533,1.8746,1.7889,2,positive
2007-12-07,151.4199981689453,150.91000366210938,146.066,3.2099,1.8842,1.7036,2,positive
2007-12-10,151.27999877929688,152.0800018310547,146.413,3.7263,1.8964,1.9649,2,positive
2007-12-11,152.13999938964844,147.91000366210938,146.6235,0.8698,1.8953,0.4589,1,mild_positive
2007-12-12,151.05999755859375,149.3699951171875,146.688,1.7955,1.8968,0.9466,1,mild_positive
2007-12-13,148.32000732421875,149.05999755859375,146.7575,1.5447,1.8985,0.8136,1,mild_positive
2007-12-14,147.92999267578125,147.1699981689453,146.839,0.2249,1.8981,0.1185,1,mild_positive
2007-12-17,146.61000061035156,145.07000732421875,146.803,-1.1946,1.8993,-0.629,-1,mild_negative
2007-12-18,146.10000610351562,145.8800048828125,146.909,-0.7054,1.8997,-0.3713,-1,mild_negative
2007-12-19,145.94000244140625,145.8800048828125,146.971,-0.7479,1.9001,-0.3936,-1,mild_negative
2007-12-20,146.83999633789062,146.8000030517578,147.227,-0.2909,1.8982,-0.1532,-1,mild_negative
2007-12-21,147.3699951171875,148.1300048828125,147.427,0.4746,1.8977,0.2501,1,mild_positive
2007-12-24,148.82000732421875,149.22999572753906,147.841,0.9308,1.8981,0.4904,1,mild_positive
2007-12-26,148.64999389648438,149.5500030517578,148.19,0.9094,1.8983,0.4791,1,mild_positive
2007-12-27,149.02000427246094,147.6699981689453,148.217,-0.3704,1.8983,-0.1951,-1,mild_negative
2007-12-28,148.5399932861328,147.3000030517578,148.223,-0.6266,1.8989,-0.33,-1,mild_negative
2007-12-31,147.10000610351562,146.2100067138672,148.1005,-1.293,1.9007,-0.6803,-1,mild_negative
2008-01-02,146.52999877929688,144.92999267578125,147.963,-2.0927,1.9058,-1.0981,-2,negative
2008-01-03,144.91000366210938,144.86000061035156,147.888,-2.0903,1.9105,-1.0941,-2,negative
2008-01-04,143.33999633789062,141.30999755859375,147.513,-4.3896,1.9311,-2.2732,-3,extreme_negative
2008-01-07,141.80999755859375,141.19000244140625,147.0255,-4.1331,1.949,-2.1206,-3,extreme_negative
2008-01-08,142.0800018310547,138.91000366210938,146.4255,-5.4103,1.9789,-2.734,-3,extreme_negative
2008-01-09,139.08999633789062,140.3699951171875,145.84,-3.8968,1.9943,-1.954,-2,negative
2008-01-10,139.67999267578125,141.2899932861328,145.509,-2.9861,2.0025,-1.4912,-2,negative
2008-01-11,140.77999877929688,140.14999389648438,145.048,-3.4948,2.0144,-1.7349,-2,negative
2008-01-14,141.16000366210938,141.27999877929688,144.659,-2.3917,2.0198,-1.1841,-2,negative
2008-01-15,139.7899932861328,138.1699981689453,144.209,-4.3707,2.0383,-2.1442,-3,extreme_negative
2008-01-16,137.36000061035156,136.97999572753906,143.8045,-4.9821,2.0619,-2.4162,-3,extreme_negative
2008-01-17,137.80999755859375,133.42999267578125,143.182,-7.3087,2.1107,-3.4626,-3,extreme_negative
2008-01-18,134.74000549316406,132.05999755859375,142.491,-7.8987,2.1664,-3.646,-3,extreme_negative
2008-01-22,127.20999908447266,130.72000122070312,141.687,-8.3897,2.2271,-3.7671,-3,extreme_negative
2008-01-23,127.08999633789062,133.86000061035156,140.9735,-5.3141,2.2503,-2.3615,-3,extreme_negative
2008-01-24,134.47999572753906,134.99000549316406,140.2615,-3.9051,2.262,-1.7264,-2,negative
2008-01-25,136.50999450683594,133.0399932861328,139.436,-4.8076,2.2803,-2.1083,-3,extreme_negative
2008-01-28,133.25999450683594,135.24000549316406,138.8145,-2.6431,2.285,-1.1567,-2,negative
2008-01-29,136.10000610351562,135.91000366210938,138.245,-1.718,2.285,-0.7519,-1,mild_negative
2008-01-30,135.5800018310547,134.91000366210938,137.68,-2.0532,2.2878,-0.8974,-1,mild_negative
2008-01-31,133.39999389648438,137.3699951171875,137.302,0.0495,2.2879,0.0216,1,mild_positive
2008-02-01,137.94000244140625,139.5800018310547,137.038,1.8212,2.2914,0.7948,1,mild_positive
2008-02-04,139.2100067138672,137.82000732421875,136.8635,0.694,2.2918,0.3028,1,mild_positive
2008-02-05,135.94000244140625,134.1300048828125,136.5105,-1.7748,2.2926,-0.7741,-1,mild_negative
2008-02-06,134.5800018310547,133.0500030517578,136.2175,-2.3807,2.2941,-1.0378,-2,negative
2008-02-07,131.8000030517578,133.92999267578125,135.8955,-1.4676,2.2927,-0.6401,-1,mild_negative
2008-02-08,133.08999633789062,133.07000732421875,135.4845,-1.8145,2.2925,-0.7915,-1,mild_negative
2008-02-11,133.10000610351562,133.75,135.1645,-1.0576,2.2909,-0.4616,-1,mild_negative
2008-02-12,134.91000366210938,134.99000549316406,134.85,0.1037,2.2888,0.0453,1,mild_positive
2008-02-13,136.00999450683594,136.3699951171875,134.76,1.1806,2.2889,0.5158,1,mild_positive
2008-02-14,136.9499969482422,135.1699981689453,134.6695,0.3703,2.289,0.1618,1,mild_positive
2008-02-15,134.5,135.13999938964844,134.755,0.2849,2.2892,0.1244,1,mild_positive
2008-02-19,136.72000122070312,135.52000427246094,134.928,0.4368,2.2888,0.1909,1,mild_positive
2008-02-20,133.99000549316406,135.9199981689453,135.188,0.5385,2.2872,0.2355,1,mild_positive
2008-02-21,136.66000366210938,134.7899932861328,135.2345,-0.3298,2.2851,-0.1443,-1,mild_negative
2008-02-22,134.97000122070312,135.6199951171875,135.266,0.261,2.2835,0.1143,1,mild_positive
2008-02-25,135.5399932861328,137.3300018310547,135.4805,1.3468,2.2838,0.5897,1,mild_positive
2008-02-26,136.75,138.36000061035156,135.6365,1.9684,2.2865,0.8609,1,mild_positive
2008-02-27,137.55999755859375,138.22000122070312,135.752,1.7856,2.2889,0.7801,1,mild_positive
2008-02-28,137.24000549316406,136.8699951171875,135.85,0.7452,2.2893,0.3255,1,mild_positive
2008-02-29,135.60000610351562,133.82000732421875,135.6725,-1.3843,2.2901,-0.6045,-1,mild_negative
2008-03-03,133.13999938964844,133.5,135.3685,-1.3996,2.2811,-0.6136,-1,mild_negative
2008-03-04,132.22999572753906,132.99000549316406,135.127,-1.6069,2.2781,-0.7054,-1,mild_negative
2008-03-05,133.4199981689453,133.8300018310547,135.112,-0.9579,2.2731,-0.4214,-1,mild_negative
2008-03-06,132.97999572753906,131.05999755859375,135.0125,-3.0158,2.2682,-1.3296,-2,negative
2008-03-07,129.77000427246094,129.7100067138672,134.8015,-3.9253,2.2632,-1.7344,-2,negative
2008-03-10,129.83999633789062,128.0,134.548,-5.1156,2.2784,-2.2452,-3,extreme_negative
2008-03-11,130.72000122070312,132.60000610351562,134.4905,-1.4257,2.2749,-0.6267,-1,mild_negative
2008-03-12,132.74000549316406,131.36000061035156,134.309,-2.245,2.2767,-0.9861,-1,mild_negative
2008-03-13,129.61000061035156,131.64999389648438,134.073,-1.8405,2.2777,-0.808,-1,mild_negative
2008-03-14,132.77000427246094,129.61000061035156,133.795,-3.2289,2.2846,-1.4133,-2,negative
2008-03-17,126.56999969482422,128.3000030517578,133.453,-4.0164,2.2904,-1.7536,-2,negative
2008-03-18,130.6199951171875,133.6300048828125,133.3585,0.2032,2.288,0.0888,1,mild_positive
2008-03-19,134.13999938964844,130.32000732421875,133.0785,-2.1167,2.2893,-0.9246,-1,mild_negative
2008-03-20,130.0500030517578,132.0800018310547,132.943,-0.6534,2.2866,-0.2858,-1,mild_negative
2008-03-24,133.30999755859375,134.72000122070312,132.898,1.3524,2.2887,0.5909,1,mild_positive
2008-03-25,134.86000061035156,134.85000610351562,132.774,1.5395,2.2914,0.6719,1,mild_positive
2008-03-26,134.4600067138672,133.1999969482422,132.516,0.5135,2.2884,0.2244,1,mild_positive
2008-03-27,134.1999969482422,132.77999877929688,132.244,0.4037,2.2851,0.1767,1,mild_positive
2008-03-28,132.99000549316406,131.50999450683594,131.976,-0.3544,2.2807,-0.1554,-1,mild_negative
2008-03-31,131.2899932861328,131.97000122070312,131.8835,0.0655,2.2765,0.0288,1,mild_positive
2008-04-01,133.61000061035156,136.61000061035156,132.039,3.346,2.2848,1.4644,2,positive
2008-04-02,137.0500030517578,136.6999969482422,132.2245,3.274,2.2946,1.4268,2,positive
2008-04-03,135.9600067138672,137.0399932861328,132.385,3.3968,2.3049,1.4737,2,positive
2008-04-04,137.1199951171875,136.88999938964844,132.6765,3.078,2.3135,1.3305,2,positive
2008-04-07,137.8699951171875,136.9600067138672,133.039,2.8629,2.3209,1.2335,2,positive
2008-04-08,136.19000244140625,136.82000732421875,133.48,2.4412,2.3239,1.0504,2,positive
2008-04-09,136.61000061035156,135.8300018310547,133.6415,1.6112,2.3239,0.6933,1,mild_positive
2008-04-10,135.4199981689453,136.02000427246094,133.8745,1.5773,2.3234,0.6789,1,mild_positive
2008-04-11,134.49000549316406,133.3800048828125,133.961,-0.4356,2.32,-0.1878,-1,mild_negative
2008-04-14,133.19000244140625,132.92999267578125,134.127,-0.9005,2.3169,-0.3887,-1,mild_negative
2008-04-15,133.5800018310547,133.24000549316406,134.374,-0.8511,2.3155,-0.3676,-1,mild_negative
2008-04-16,134.5399932861328,136.85000610351562,134.535,1.6916,2.3164,0.7303,1,mild_positive
2008-04-17,136.02000427246094,137.0500030517578,134.8715,1.5896,2.3162,0.6863,1,mild_positive
2008-04-18,138.94000244140625,138.47999572753906,135.1915,2.3747,2.3165,1.0251,2,positive
2008-04-21,138.22999572753906,138.5500030517578,135.383,2.2858,2.3163,0.9868,1,mild_positive
2008-04-22,138.19000244140625,137.94000244140625,135.5375,1.7417,2.3145,0.7525,1,mild_positive
2008-04-23,138.08999633789062,137.72000122070312,135.7635,1.4206,2.3123,0.6144,1,mild_positive
2008-04-24,138.0800018310547,138.32000732421875,136.0405,1.648,2.3074,0.7142,1,mild_positive
2008-04-25,139.39999389648438,139.60000610351562,136.445,2.26,2.3073,0.9795,1,mild_positive
2008-04-28,139.8800048828125,139.6300048828125,136.828,2.0067,2.3067,0.87,1,mild_positive
2008-04-29,139.38999938964844,139.0800018310547,136.9515,1.5304,2.3013,0.665,1,mild_positive
2008-04-30,139.2899932861328,138.25999450683594,137.0295,0.89,2.295,0.3878,1,mild_positive
2008-05-01,138.3800048828125,141.1199951171875,137.2335,2.754,2.2971,1.1989,2,positive
2008-05-02,142.33999633789062,141.50999450683594,137.4645,2.8588,2.3034,1.2411,2,positive
2008-05-05,141.0500030517578,140.8300018310547,137.658,2.2524,2.3066,0.9765,1,mild_positive
2008-05-06,140.02000427246094,142.0500030517578,137.9195,2.9078,2.3118,1.2578,2,positive
2008-05-07,141.88999938964844,139.52000427246094,138.104,1.0149,2.3087,0.4396,1,mild_positive
2008-05-08,139.74000549316406,139.16000366210938,138.261,0.646,2.3043,0.2804,1,mild_positive
2008-05-09,138.60000610351562,138.89999389648438,138.537,0.2613,2.3001,0.1136,1,mild_positive
2008-05-12,139.25,140.4600067138672,138.9135,1.101,2.2986,0.479,1,mild_positive
2008-05-13,140.8000030517578,140.47999572753906,139.2755,0.8574,2.2964,0.3734,1,mild_positive
2008-05-14,141.07000732421875,140.77000427246094,139.4715,0.9224,2.2971,0.4016,1,mild_positive
2008-05-15,141.0399932861328,142.52999877929688,139.7455,1.9536,2.2997,0.8495,1,mild_positive
2008-05-16,142.86000061035156,142.66000366210938,139.9545,1.8965,2.3028,0.8236,1,mild_positive
2008-05-19,142.80999755859375,143.0500030517578,140.1795,2.0066,2.3064,0.87,1,mild_positive
2008-05-20,142.27000427246094,141.88999938964844,140.377,1.0663,2.306,0.4624,1,mild_positive
2008-05-21,141.80999755859375,139.49000549316406,140.4655,-0.6993,2.3049,-0.3034,-1,mild_negative
2008-05-22,139.42999267578125,139.50999450683594,140.525,-0.7276,2.3019,-0.3161,-1,mild_negative
2008-05-23,139.0500030517578,137.63999938964844,140.427,-2.0248,2.3019,-0.8797,-1,mild_negative
2008-05-27,137.8000030517578,138.66000366210938,140.3785,-1.2394,2.3006,-0.5387,-1,mild_negative
2008-05-28,139.1699981689453,139.3000030517578,140.3895,-0.7821,2.299,-0.3402,-1,mild_negative
2008-05-29,139.1300048828125,140.0,140.4765,-0.3404,2.2987,-0.1481,-1,mild_negative
2008-05-30,140.47000122070312,140.35000610351562,140.438,-0.0627,2.2982,-0.0273,-1,mild_negative
2008-06-02,139.8300018310547,138.89999389648438,140.3075,-1.0133,2.2976,-0.441,-1,mild_negative
2008-06-03,139.3000030517578,138.08999633789062,140.1705,-1.5066,2.2961,-0.6562,-1,mild_negative
2008-06-04,137.6999969482422,138.02000427246094,139.969,-1.4121,2.2951,-0.6153,-1,mild_negative
2008-06-05,138.5800018310547,140.77999877929688,140.032,0.5313,2.2927,0.2318,1,mild_positive
2008-06-06,139.5500030517578,136.2899932861328,139.8885,-2.6403,2.2942,-1.1509,-2,negative
2008-06-09,136.86000061035156,136.6199951171875,139.7745,-2.309,2.2958,-1.0057,-2,negative
2008-06-10,135.6699981689453,135.94000244140625,139.5485,-2.6545,2.3001,-1.1541,-2,negative
2008-06-11,135.97000122070312,133.94000244140625,139.2215,-3.9432,2.3089,-1.7078,-2,negative
2008-06-12,134.60000610351562,134.4499969482422,138.9055,-3.3139,2.316,-1.4309,-2,negative
2008-06-13,135.1699981689453,136.14999389648438,138.5865,-1.7896,2.3176,-0.7722,-1,mild_negative
2008-06-16,135.5500030517578,136.22999572753906,138.265,-1.4938,2.3175,-0.6446,-1,mild_negative
2008-06-17,137.07000732421875,135.57000732421875,137.891,-1.712,2.3188,-0.7383,-1,mild_negative
2008-06-18,134.69000244140625,134.25,137.509,-2.4276,2.3214,-1.0457,-2,negative
2008-06-19,134.14999389648438,134.4199981689453,137.2555,-2.1094,2.3229,-0.9081,-1,mild_negative
2008-06-20,132.83999633789062,131.5800018310547,136.859,-4.012,2.3329,-1.7198,-2,negative
2008-06-23,132.08999633789062,131.4499969482422,136.5495,-3.8794,2.3415,-1.6568,-2,negative
2008-06-24,131.0500030517578,131.19000244140625,136.176,-3.8006,2.3507,-1.6168,-2,negative
2008-06-25,131.72000122070312,131.80999755859375,135.8015,-3.0282,2.3559,-1.2854,-2,negative
2008-06-26,130.57000732421875,128.22999572753906,135.213,-5.4457,2.3758,-2.2921,-3,extreme_negative
2008-06-27,128.27999877929688,127.52999877929688,134.572,-5.5218,2.3956,-2.305,-3,extreme_negative
2008-06-30,127.88999938964844,127.9800033569336,134.026,-4.7242,2.4071,-1.9626,-2,negative
2008-07-01,126.5199966430664,128.3800048828125,133.5405,-4.0197,2.4167,-1.6633,-2,negative
2008-07-02,128.7899932861328,126.18000030517578,132.9485,-5.3642,2.4353,-2.2026,-3,extreme_negative
2008-07-03,127.11000061035156,126.30999755859376,132.225,-4.6829,2.4488,-1.9123,-2,negative
2008-07-07,126.79000091552734,125.0199966430664,131.6615,-5.3124,2.4658,-2.1544,-3,extreme_negative
2008-07-08,124.98999786376952,127.23999786376952,131.1925,-3.1063,2.4692,-1.258,-2,negative
2008-07-09,127.5,124.79000091552734,130.635,-4.6839,2.4808,-1.888,-2,negative
2008-07-10,124.43000030517578,125.3000030517578,130.203,-3.913,2.4869,-1.5734,-2,negative
2008-07-11,123.97000122070312,123.83999633789062,129.6725,-4.7097,2.4973,-1.8859,-2,negative
2008-07-14,125.26000213623048,122.72000122070312,129.001,-5.1182,2.5125,-2.0371,-3,extreme_negative
2008-07-15,121.8000030517578,120.98999786376952,128.239,-5.9914,2.5334,-2.365,-3,extreme_negative
2008-07-16,121.4499969482422,123.95999908447266,127.6585,-2.9836,2.5325,-1.1781,-2,negative
2008-07-17,125.13999938964844,125.1999969482422,127.206,-1.6022,2.5273,-0.634,-1,mild_negative
2008-07-18,126.16999816894533,125.9800033569336,126.784,-0.6382,2.5218,-0.2531,-1,mild_negative
2008-07-21,126.51000213623048,126.0500030517578,126.5075,-0.3629,2.5169,-0.1442,-1,mild_negative
2008-07-22,125.1500015258789,127.4800033569336,126.309,0.9186,2.5149,0.3653,1,mild_positive
2008-07-23,127.88999938964844,128.1699981689453,126.158,1.5698,2.514,0.6244,1,mild_positive
2008-07-24,128.33999633789062,125.51000213623048,125.843,-0.2653,2.5123,-0.1056,-1,mild_negative
2008-07-25,125.88999938964844,125.4800033569336,125.7055,-0.1797,2.5103,-0.0716,-1,mild_negative
2008-07-28,125.51000213623048,123.63999938964844,125.511,-1.5133,2.5107,-0.6027,-1,mild_negative
2008-07-29,123.9800033569336,126.27999877929688,125.426,0.6763,2.5124,0.2692,1,mild_positive
2008-07-30,127.11000061035156,128.52999877929688,125.4335,2.4092,2.5161,0.9575,1,mild_positive
2008-07-31,127.4000015258789,126.83000183105467,125.466,1.0755,2.5047,0.4294,1,mild_positive
2008-08-01,127.12000274658205,126.16000366210938,125.4585,0.556,2.501,0.2223,1,mild_positive
2008-08-04,126.04000091552734,124.98999786376952,125.457,-0.3736,2.4913,-0.15,-1,mild_negative
2008-08-05,126.0199966430664,128.36000061035156,125.513,2.218,2.4917,0.8901,1,mild_positive
2008-08-06,128.02000427246094,128.92999267578125,125.72,2.4897,2.4969,0.9971,1,mild_positive
2008-08-07,127.95999908447266,127.01000213623048,125.8055,0.9484,2.4844,0.3817,1,mild_positive
2008-08-08,126.58000183105467,129.3699951171875,126.082,2.5415,2.4881,1.0215,2,positive
2008-08-11,129.47000122070312,130.7100067138672,126.4815,3.235,2.4988,1.2946,2,positive
2008-08-12,130.27999877929688,129.35000610351562,126.8995,1.8945,2.5037,0.7567,1,mild_positive
2008-08-13,128.7899932861328,128.57000732421875,127.13,1.12,2.5012,0.4478,1,mild_positive
2008-08-14,127.83999633789062,129.5399932861328,127.347,1.6929,2.4998,0.6772,1,mild_positive
2008-08-15,129.92999267578125,130.1699981689453,127.5565,2.0078,2.502,0.8025,1,mild_positive
2008-08-18,130.42999267578125,128.38999938964844,127.6735,0.5581,2.4951,0.2237,1,mild_positive
2008-08-19,127.41999816894533,126.98999786376952,127.649,-0.5189,2.4815,-0.2091,-1,mild_negative
2008-08-20,127.38999938964844,127.58000183105467,127.6195,-0.031,2.4749,-0.0125,-1,mild_negative
2008-08-21,126.75,127.8000030517578,127.734,0.0516,2.4747,0.0209,1,mild_positive
2008-08-22,128.6699981689453,129.64999389648438,127.9425,1.317,2.4771,0.5317,1,mild_positive
2008-08-25,128.8000030517578,127.0199966430664,128.1115,-0.8593,2.4772,-0.3469,-1,mild_negative
2008-08-26,127.0199966430664,127.38999938964844,128.167,-0.6099,2.4759,-0.2463,-1,mild_negative
2008-08-27,127.5500030517578,128.6300048828125,128.172,0.3561,2.4753,0.1438,1,mild_positive
2008-08-28,129.27999877929688,130.19000244140625,128.34,1.421,2.4739,0.5744,1,mild_positive
2008-08-29,129.72999572753906,128.7899932861328,128.4715,0.2473,2.4727,0.1,1,mild_positive
2008-09-02,130.02999877929688,127.98999786376952,128.6215,-0.4934,2.4723,-0.1996,-1,mild_negative
2008-09-03,127.87999725341795,127.87999725341795,128.5975,-0.5611,2.4711,-0.2271,-1,mild_negative
2008-09-04,126.97000122070312,124.02999877929688,128.3525,-3.485,2.4772,-1.4068,-2,negative
2008-09-05,123.29000091552734,124.41999816894533,128.223,-3.0566,2.4795,-1.2328,-2,negative
2008-09-08,128.0399932861328,126.98999786376952,128.104,-0.8772,2.4734,-0.3547,-1,mild_negative
2008-09-09,127.0999984741211,123.22000122070312,127.7295,-3.6597,2.478,-1.4769,-2,negative
2008-09-10,123.88999938964844,123.72000122070312,127.448,-3.0133,2.4786,-1.2157,-2,negative
2008-09-11,122.12000274658205,125.51000213623048,127.295,-1.4222,2.4786,-0.5738,-1,mild_negative
2008-09-12,124.29000091552734,126.08999633789062,127.1225,-0.8189,2.4783,-0.3304,-1,mild_negative
2008-09-15,121.62999725341795,120.08999633789062,126.6185,-5.4363,2.4944,-2.1795,-3,extreme_negative
2008-09-16,117.1999969482422,122.0999984741211,126.304,-3.4431,2.4979,-1.3784,-2,negative
2008-09-17,119.63999938964844,116.61000061035156,125.785,-7.8681,2.5344,-3.1045,-3,extreme_negative
2008-09-18,118.0500030517578,120.06999969482422,125.4095,-4.447,2.542,-1.7494,-2,negative
2008-09-19,126.6999969482422,124.12000274658205,125.2255,-0.8907,2.5404,-0.3506,-1,mild_negative
2008-09-22,124.4499969482422,121.30999755859376,124.8085,-2.8839,2.5313,-1.1393,-2,negative
2008-09-23,120.8499984741211,118.5500030517578,124.385,-4.922,2.5299,-1.9455,-2,negative
2008-09-24,119.3499984741211,118.93000030517578,123.962,-4.2311,2.5295,-1.6727,-2,negative
2008-09-25,119.4000015258789,120.79000091552734,123.57,-2.3015,2.5234,-0.9121,-1,mild_negative
2008-09-26,118.83000183105467,120.8499984741211,123.103,-1.8643,2.5176,-0.7405,-1,mild_negative
2008-09-29,119.13999938964844,111.37999725341795,122.2325,-9.7437,2.5735,-3.7861,-3,extreme_negative
2008-09-30,113.51000213623048,115.98999786376952,121.6325,-4.8646,2.5793,-1.886,-2,negative
2008-10-01,115.2699966430664,116.05999755859376,121.0415,-4.2922,2.58,-1.6637,-2,negative
2008-10-02,114.9499969482422,111.8499984741211,120.4325,-7.6732,2.6085,-2.9416,-3,extreme_negative
2008-10-03,112.86000061035156,110.33999633789062,119.7285,-8.5087,2.6409,-3.2219,-3,extreme_negative
2008-10-06,107.1500015258789,104.72000122070312,118.615,-13.2687,2.7416,-4.8397,-3,extreme_negative
2008-10-07,106.83999633789062,100.02999877929688,117.4555,-17.4203,2.9199,-5.966,-3,extreme_negative
2008-10-08,97.5199966430664,97.51000213623048,116.145,-19.1109,3.1227,-6.1199,-3,extreme_negative
2008-10-09,99.66000366210938,90.6999969482422,114.4045,-26.1351,3.4809,-7.5082,-3,extreme_negative
2008-10-10,86.76000213623047,88.5,112.525,-27.1469,3.8316,-7.085,-3,extreme_negative
2008-10-13,93.87000274658205,101.3499984741211,111.588,-10.1016,3.8611,-2.6163,-3,extreme_negative
2008-10-14,104.6999969482422,99.8499984741211,110.4755,-10.6415,3.8962,-2.7312,-3,extreme_negative
2008-10-15,97.45999908447266,90.0199966430664,109.146,-21.2464,4.0819,-5.205,-3,extreme_negative
2008-10-16,91.29000091552734,93.7699966430664,107.831,-14.9952,4.1608,-3.6039,-3,extreme_negative
2008-10-17,91.98999786376952,93.20999908447266,106.2855,-14.028,4.2288,-3.3173,-3,extreme_negative
2008-10-20,95.3499984741211,98.80999755859376,105.1605,-6.427,4.2375,-1.5167,-2,negative
2008-10-21,96.97000122070312,95.86000061035156,104.026,-8.5187,4.2565,-2.0013,-3,extreme_negative
2008-10-22,93.1999969482422,90.63999938964844,102.6115,-13.2077,4.3145,-3.0613,-3,extreme_negative
2008-10-23,90.29000091552734,91.69000244140624,101.1565,-10.3245,4.3463,-2.3754,-3,extreme_negative
2008-10-24,84.05999755859375,87.04000091552734,99.466,-14.2762,4.4148,-3.2337,-3,extreme_negative
2008-10-27,85.97000122070312,83.94999694824219,98.0945,-16.8487,4.512,-3.7342,-3,extreme_negative
2008-10-28,87.33999633789062,93.76000213623048,96.983,-3.4375,4.5128,-0.7617,-1,mild_negative
2008-10-29,93.7699966430664,93.08000183105467,95.834,-2.9587,4.5129,-0.6556,-1,mild_negative
2008-10-30,95.77999877929688,96.3000030517578,95.0565,1.2913,4.5162,0.2859,1,mild_positive
2008-10-31,95.08000183105467,96.83000183105467,94.381,2.5292,4.5231,0.5592,1,mild_positive
2008-11-03,96.77999877929688,97.11000061035156,94.0005,3.202,4.5339,0.7062,1,mild_positive
2008-11-04,99.05999755859376,100.41000366210938,94.0195,6.3644,4.5614,1.3953,2,positive
2008-11-05,99.1999969482422,96.19000244140624,93.9535,2.3251,4.5694,0.5088,1,mild_positive
2008-11-06,94.45999908447266,90.86000061035156,93.9615,-3.4135,4.5702,-0.7469,-1,mild_negative
2008-11-07,91.6500015258789,93.86000061035156,94.2295,-0.3937,4.5712,-0.0861,-1,mild_negative
2008-11-10,95.20999908447266,92.62999725341795,93.7935,-1.2561,4.5706,-0.2748,-1,mild_negative
2008-11-11,90.76000213623048,89.7699966430664,93.2895,-3.9206,4.5717,-0.8576,-1,mild_negative
2008-11-12,88.2300033569336,85.81999969482422,93.0795,-8.459,4.5888,-1.8434,-2,negative
2008-11-13,86.12999725341797,91.16999816894533,92.9495,-1.9519,4.5862,-0.4256,-1,mild_negative
2008-11-14,89.41000366210938,86.62000274658203,92.62,-6.9268,4.5925,-1.5083,-2,negative
2008-11-17,86.37999725341797,85.47000122070312,91.953,-7.5851,4.6059,-1.6468,-2,negative
2008-11-18,85.1500015258789,87.08000183105469,91.514,-5.0919,4.6099,-1.1046,-2,negative
2008-11-19,85.91000366210938,81.5,91.057,-11.7264,4.6493,-2.5222,-3,extreme_negative
2008-11-20,80.12999725341797,75.44999694824219,90.245,-19.609,4.7773,-4.1046,-3,extreme_negative
2008-11-21,77.45999908447266,79.5199966430664,89.869,-13.0143,4.8244,-2.6976,-3,extreme_negative
2008-11-24,81.91999816894531,85.02999877929688,89.923,-5.7544,4.8293,-1.1916,-2,negative
2008-11-25,87.30000305175781,85.66000366210938,89.518,-4.5038,4.8285,-0.9328,-1,mild_negative
2008-11-26,84.30000305175781,88.97000122070312,89.3125,-0.385,4.8296,-0.0797,-1,mild_negative
2008-11-28,88.62999725341797,90.08999633789062,89.002,1.2077,4.8314,0.25,1,mild_positive
2008-12-01,87.51000213623047,82.11000061035156,88.266,-7.4973,4.8427,-1.5482,-2,negative
2008-12-02,83.47000122070312,85.2699966430664,87.674,-2.8193,4.8405,-0.5824,-1,mild_negative
2008-12-03,83.4000015258789,87.31999969482422,87.0195,0.3441,4.84,0.0711,1,mild_positive
2008-12-04,86.05999755859375,85.30000305175781,86.475,-1.3775,4.8345,-0.2849,-1,mild_negative
2008-12-05,83.6500015258789,87.93000030517578,86.3285,1.8213,4.8366,0.3766,1,mild_positive
2008-12-08,90.33999633789062,91.0,86.1855,5.2907,4.8567,1.0894,2,positive
2008-12-09,90.37000274658205,89.5,86.029,3.8782,4.8642,0.7973,1,mild_positive
2008-12-10,90.31999969482422,90.11000061035156,86.046,4.51,4.8699,0.9261,1,mild_positive
2008-12-11,89.54000091552734,87.94000244140625,86.152,2.0332,4.8653,0.4179,1,mild_positive
2008-12-12,85.55000305175781,88.98999786376953,86.043,3.3116,4.8634,0.6809,1,mild_positive
2008-12-15,89.0199966430664,87.75,86.0995,1.8809,4.8663,0.3865,1,mild_positive
2008-12-16,91.87999725341795,91.87999725341795,86.42,5.9425,4.8864,1.2161,2,positive
2008-12-17,90.83999633789062,90.98999786376952,86.6155,4.8077,4.9003,0.9811,1,mild_positive
2008-12-18,91.4000015258789,89.29000091552734,87.005,2.5591,4.9069,0.5215,1,mild_positive
2008-12-19,89.0999984741211,88.19000244140625,87.642,0.6214,4.9095,0.1266,1,mild_positive
2008-12-22,88.58000183105469,87.05999755859375,88.019,-1.1015,4.9092,-0.2244,-1,mild_negative
2008-12-23,87.52999877929688,86.16000366210938,88.0755,-2.2232,4.9084,-0.4529,-1,mild_negative
2008-12-24,86.44999694824219,86.66000366210938,88.1255,-1.6911,4.9072,-0.3446,-1,mild_negative
2008-12-26,87.23999786376953,87.16000366210938,88.035,-1.0039,4.905,-0.2047,-1,mild_negative
2008-12-29,87.23999786376953,86.91000366210938,87.876,-1.1115,4.9016,-0.2268,-1,mild_negative
2008-12-30,87.51000213623047,88.97000122070312,88.219,0.8441,4.9015,0.1722,1,mild_positive
2008-12-31,89.08000183105469,90.23999786376952,88.4675,1.9642,4.907,0.4003,1,mild_positive
2009-01-02,90.44000244140624,92.95999908447266,88.7495,4.5294,4.9237,0.9199,1,mild_positive
2009-01-05,92.62999725341795,92.8499984741211,89.127,4.0097,4.9383,0.812,1,mild_positive
2009-01-06,93.63999938964844,93.47000122070312,89.404,4.3501,4.9547,0.878,1,mild_positive
2009-01-07,92.0,90.66999816894533,89.3875,1.4145,4.9594,0.2852,1,mild_positive
2009-01-08,90.16000366210938,91.04000091552734,89.4645,1.7306,4.9628,0.3487,1,mild_positive
2009-01-09,91.16000366210938,89.08999633789062,89.4135,-0.3631,4.9621,-0.0732,-1,mild_negative
2009-01-12,88.83999633789062,86.94999694824219,89.364,-2.7763,4.9577,-0.56,-1,mild_negative
2009-01-13,86.7300033569336,87.11000061035156,89.27,-2.4796,4.9563,-0.5003,-1,mild_negative
2009-01-14,85.54000091552734,84.37000274658203,89.101,-5.6074,4.9611,-1.1303,-2,negative
2009-01-15,84.12000274658203,84.4000015258789,88.727,-5.1268,4.9641,-1.0328,-2,negative
2009-01-16,85.86000061035156,85.05999755859375,88.4305,-3.9625,4.9656,-0.798,-1,mild_negative
2009-01-20,84.2300033569336,80.56999969482422,87.9945,-9.215,4.9839,-1.8489,-2,negative
2009-01-21,81.94000244140625,84.05000305175781,87.7875,-4.4468,4.9828,-0.8924,-1,mild_negative
2009-01-22,82.41999816894531,82.75,87.572,-5.8272,4.9774,-1.1707,-2,negative
2009-01-23,80.9000015258789,83.11000061035156,87.4195,-5.1853,4.9677,-1.0438,-2,negative
2009-01-26,83.58999633789062,83.68000030517578,87.2705,-4.2908,4.9536,-0.8662,-1,mild_negative
2009-01-27,84.12999725341797,84.52999877929688,87.139,-3.0865,4.9497,-0.6236,-1,mild_negative
2009-01-28,86.4000015258789,87.38999938964844,87.163,0.2598,4.9502,0.0525,1,mild_positive
2009-01-29,86.11000061035156,84.55000305175781,86.942,-2.8291,4.9472,-0.5719,-1,mild_negative
2009-01-30,84.9800033569336,82.83000183105469,86.5715,-4.5171,4.9497,-0.9126,-1,mild_negative
2009-02-02,81.56999969482422,82.58000183105469,86.0525,-4.205,4.9516,-0.8492,-1,mild_negative
2009-02-03,83.0999984741211,83.73999786376953,85.597,-2.2176,4.9516,-0.4478,-1,mild_negative
2009-02-04,84.30000305175781,83.33000183105469,85.09,-2.1121,4.95,-0.4267,-1,mild_negative
2009-02-05,82.69999694824219,84.56999969482422,84.785,-0.2542,4.9454,-0.0514,-1,mild_negative
2009-02-06,84.86000061035156,86.9800033569336,84.582,2.757,4.9515,0.5568,1,mild_positive
2009-02-09,86.95999908447266,87.0999984741211,84.4825,3.0052,4.9614,0.6057,1,mild_positive
2009-02-10,86.2699966430664,83.11000061035156,84.2905,-1.4204,4.9614,-0.2863,-1,mild_negative
2009-02-11,83.44999694824219,83.5999984741211,84.115,-0.616,4.962,-0.1241,-1,mild_negative
2009-02-12,82.16999816894531,83.66000366210938,84.0795,-0.5014,4.9628,-0.101,-1,mild_negative
2009-02-13,83.55000305175781,82.76000213623047,83.9975,-1.4953,4.9626,-0.3013,-1,mild_negative
2009-02-17,80.16000366210938,79.22000122070312,83.7055,-5.6621,4.9663,-1.1401,-2,negative
2009-02-18,79.79000091552734,79.02999877929688,83.6285,-5.8187,4.9682,-1.1712,-2,negative
2009-02-19,79.83999633789062,78.18000030517578,83.335,-6.5938,4.9742,-1.3256,-2,negative
2009-02-20,76.7300033569336,77.41999816894531,83.0685,-7.2959,4.9829,-1.4642,-2,negative
2009-02-23,78.2699966430664,74.6500015258789,82.6455,-10.7106,5.0098,-2.138,-3,extreme_negative
2009-02-24,75.29000091552734,77.4800033569336,82.3355,-6.2668,5.0138,-1.2499,-2,negative
2009-02-25,77.13999938964844,76.87000274658203,81.9525,-6.6118,5.0203,-1.317,-2,negative
2009-02-26,77.81999969482422,75.62000274658203,81.364,-7.5959,5.0295,-1.5103,-2,negative
2009-02-27,74.01000213623047,73.93000030517578,80.833,-9.3372,5.0444,-1.851,-2,negative
2009-03-02,72.5199966430664,70.5999984741211,80.2215,-13.6282,5.0877,-2.6786,-3,extreme_negative
2009-03-03,71.61000061035156,70.06999969482422,79.596,-13.595,5.1302,-2.65,-3,extreme_negative
2009-03-04,71.2300033569336,71.7300033569336,78.9955,-10.129,5.1495,-1.967,-2,negative
2009-03-05,70.0999984741211,68.80000305175781,78.269,-13.7631,5.1981,-2.6477,-3,extreme_negative
2009-03-06,69.4000015258789,68.91999816894531,77.4865,-12.4296,5.2352,-2.3743,-3,extreme_negative
2009-03-09,67.94999694824219,68.11000061035156,76.543,-12.3814,5.2714,-2.3488,-3,extreme_negative
2009-03-10,69.51000213623047,72.16999816894531,75.7965,-5.0249,5.2728,-0.953,-1,mild_negative
2009-03-11,73.0,72.63999938964844,75.273,-3.6247,5.2732,-0.6874,-1,mild_negative
2009-03-12,72.62000274658203,75.5,74.868,0.8371,5.2767,0.1586,1,mild_positive
2009-03-13,76.01000213623047,76.08999633789062,74.4895,2.1034,5.2821,0.3982,1,mild_positive
2009-03-16,76.95999908447266,75.86000061035156,74.1445,2.2614,5.2901,0.4275,1,mild_positive
2009-03-17,76.06999969482422,78.18000030517578,74.0925,5.2283,5.3121,0.9842,1,mild_positive
2009-03-18,77.80999755859375,79.93000030517578,74.1375,7.247,5.3466,1.3554,2,positive
2009-03-19,80.93000030517578,78.94000244140625,74.1755,6.0356,5.3725,1.1234,2,positive
2009-03-20,78.76000213623047,76.70999908447266,74.14,3.3503,5.3834,0.6223,1,mild_positive
2009-03-23,78.73999786376953,82.22000122070312,74.5185,9.3669,5.4309,1.7247,2,positive
2009-03-24,81.23999786376953,80.5999984741211,74.6745,7.3517,5.4646,1.3453,2,positive
2009-03-25,81.2300033569336,81.44999694824219,74.9035,8.0374,5.5017,1.4609,2,positive
2009-03-26,82.25,83.11000061035156,75.278,9.4237,5.5456,1.6993,2,positive
2009-03-27,82.05000305175781,81.61000061035156,75.662,7.2883,5.5725,1.3079,2,positive
2009-03-30,79.80000305175781,78.79000091552734,76.0715,3.4503,5.5812,0.6182,1,mild_positive
2009-03-31,79.55999755859375,79.5199966430664,76.544,3.7425,5.5912,0.6694,1,mild_positive
2009-04-01,78.52999877929688,81.05999755859375,77.0105,4.9957,5.608,0.8908,1,mild_positive
2009-04-02,83.08000183105469,83.43000030517578,77.742,6.8177,5.6344,1.21,2,positive
2009-04-03,83.48999786376953,84.26000213623047,78.509,6.8253,5.6518,1.2076,2,positive
2009-04-06,83.33999633789062,83.5999984741211,79.2835,5.1633,5.6602,0.9122,1,mild_positive
2009-04-07,82.25,81.6500015258789,79.7575,2.3178,5.6564,0.4098,1,mild_positive
2009-04-08,82.05999755859375,82.52999877929688,80.252,2.7602,5.6553,0.4881,1,mild_positive
2009-04-09,84.66999816894531,85.80999755859375,80.7675,5.8764,5.6689,1.0366,2,positive
2009-04-13,84.91999816894531,85.83000183105469,81.2545,5.3309,5.6808,0.9384,1,mild_positive
2009-04-14,85.02999877929688,84.3499984741211,81.679,3.1666,5.6857,0.5569,1,mild_positive
2009-04-15,83.83999633789062,85.25,82.0325,3.7742,5.6929,0.663,1,mild_positive
2009-04-16,85.93000030517578,86.5,82.361,4.785,5.7081,0.8383,1,mild_positive
2009-04-17,86.83000183105469,87.08000183105469,82.768,4.9518,5.7245,0.865,1,mild_positive
2009-04-20,85.54000091552734,83.43000030517578,83.104,0.3907,5.726,0.0682,1,mild_positive
2009-04-21,82.81999969482422,85.05999755859375,83.246,2.1326,5.7272,0.3724,1,mild_positive
2009-04-22,84.29000091552734,84.54000091552734,83.443,1.2976,5.7265,0.2266,1,mild_positive
2009-04-23,84.70999908447266,85.37000274658203,83.639,2.0276,5.7255,0.3541,1,mild_positive
2009-04-24,86.02999877929688,86.66000366210938,83.8165,3.2812,5.7288,0.5728,1,mild_positive
2009-04-27,85.68000030517578,85.83999633789062,84.028,2.1109,5.7298,0.3684,1,mild_positive
2009-04-28,84.97000122070312,85.56999969482422,84.367,1.4059,5.7298,0.2454,1,mild_positive
2009-04-29,86.5199966430664,87.38999938964844,84.7605,3.0089,5.7338,0.5248,1,mild_positive
2009-04-30,88.55000305175781,87.41999816894531,85.0785,2.6784,5.7351,0.467,1,mild_positive
2009-05-01,87.44000244140625,87.88999938964844,85.3015,2.9452,5.738,0.5133,1,mild_positive
2009-05-04,88.55000305175781,90.87999725341795,85.6325,5.7741,5.7544,1.0034,2,positive
2009-05-05,90.56999969482422,90.56999969482422,85.981,5.0668,5.7686,0.8783,1,mild_positive
2009-05-06,91.68000030517578,92.13999938964844,86.5055,6.1152,5.7832,1.0574,2,positive
2009-05-07,93.01000213623048,90.86000061035156,86.922,4.3341,5.7888,0.7487,1,mild_positive
2009-05-08,92.02999877929688,92.9800033569336,87.2805,6.1298,5.8049,1.056,2,positive
2009-05-11,91.6999969482422,91.23999786376952,87.551,4.0432,5.8091,0.696,1,mild_positive
2009-05-12,91.62999725341795,90.97000122070312,87.882,3.3945,5.8158,0.5837,1,mild_positive
2009-05-13,89.73999786376953,88.68000030517578,88.0535,0.7065,5.8159,0.1215,1,mild_positive
2009-05-14,88.72000122070312,89.44000244140625,88.2005,1.3858,5.818,0.2382,1,mild_positive
2009-05-15,89.37000274658203,88.70999908447266,88.282,0.4825,5.8168,0.0829,1,mild_positive
2009-05-18,89.55000305175781,91.2300033569336,88.672,2.8039,5.8218,0.4816,1,mild_positive
2009-05-19,91.18000030517578,91.12000274658205,88.975,2.354,5.8252,0.4041,1,mild_positive
2009-05-20,91.9499969482422,90.51000213623048,89.2735,1.3661,5.8238,0.2346,1,mild_positive
2009-05-21,89.45999908447266,89.20999908447266,89.4655,-0.2864,5.8198,-0.0492,-1,mild_negative
2009-05-22,89.45999908447266,89.0199966430664,89.5835,-0.633,5.8151,-0.1089,-1,mild_negative
2009-05-26,88.36000061035156,91.3000030517578,89.8565,1.5811,5.8162,0.2718,1,mild_positive
2009-05-27,91.44000244140624,89.66999816894531,90.0615,-0.4366,5.8165,-0.0751,-1,mild_negative
2009-05-28,90.45999908447266,90.91999816894533,90.238,0.7501,5.8184,0.1289,1,mild_positive
2009-05-29,91.41999816894533,92.52999877929688,90.4935,2.2009,5.8241,0.3779,1,mild_positive
2009-06-01,93.66999816894533,94.7699966430664,90.8375,4.1495,5.8363,0.711,1,mild_positive
2009-06-02,94.4000015258789,94.8499984741211,91.036,4.0211,5.8476,0.6876,1,mild_positive
2009-06-03,94.04000091552734,93.6500015258789,91.19,2.6268,5.8536,0.4488,1,mild_positive
2009-06-04,94.0,94.52999877929688,91.3095,3.4069,5.8618,0.5812,1,mild_positive
2009-06-05,95.48999786376952,94.5500030517578,91.494,3.2322,5.8702,0.5506,1,mild_positive
2009-06-08,93.83999633789062,94.16000366210938,91.553,2.7687,5.8772,0.4711,1,mild_positive
2009-06-09,94.69000244140624,94.63999938964844,91.723,3.0822,5.8851,0.5237,1,mild_positive
2009-06-10,95.4800033569336,94.4000015258789,91.8945,2.6541,5.8899,0.4506,1,mild_positive
2009-06-11,94.58000183105467,94.81999969482422,92.2015,2.7615,5.8965,0.4683,1,mild_positive
2009-06-12,94.4000015258789,95.08000183105467,92.4835,2.7309,5.9031,0.4626,1,mild_positive
2009-06-15,93.95999908447266,92.9000015258789,92.693,0.2228,5.904,0.0377,1,mild_positive
2009-06-16,93.2300033569336,91.63999938964844,92.7135,-1.1714,5.9025,-0.1985,-1,mild_negative
2009-06-17,91.5999984741211,91.5500030517578,92.735,-1.2944,5.9017,-0.2193,-1,mild_negative
2009-06-18,91.69000244140624,92.22000122070312,92.8205,-0.6512,5.9021,-0.1103,-1,mild_negative
2009-06-19,92.58000183105467,92.04000091552734,92.962,-1.0017,5.9022,-0.1697,-1,mild_negative
2009-06-22,91.13999938964844,89.27999877929688,92.975,-4.1387,5.9042,-0.701,-1,mild_negative
2009-06-23,89.47000122070312,89.3499984741211,92.8775,-3.948,5.9057,-0.6685,-1,mild_negative
2009-06-24,90.16000366210938,90.12000274658205,92.9,-3.0848,5.9063,-0.5223,-1,mild_negative
2009-06-25,89.66999816894531,92.08000183105467,92.958,-0.9535,5.9047,-0.1615,-1,mild_negative
2009-06-26,91.7699966430664,91.83999633789062,92.9235,-1.1798,5.9032,-0.1999,-1,mild_negative
2009-06-29,92.11000061035156,92.6999969482422,92.82,-0.1295,5.9025,-0.0219,-1,mild_negative
2009-06-30,92.72000122070312,91.9499969482422,92.675,-0.7885,5.9022,-0.1336,-1,mild_negative
2009-07-01,92.33999633789062,92.33000183105467,92.609,-0.3022,5.898,-0.0512,-1,mild_negative
2009-07-02,91.12999725341795,89.80999755859375,92.373,-2.8538,5.8935,-0.4842,-1,mild_negative
2009-07-06,88.94000244140625,89.80000305175781,92.1355,-2.6008,5.8906,-0.4415,-1,mild_negative
2009-07-07,89.70999908447266,88.05999755859375,91.8305,-4.2817,5.8911,-0.7268,-1,mild_negative
2009-07-08,88.58999633789062,88.0,91.4985,-3.9756,5.8883,-0.6752,-1,mild_negative
2009-07-09,88.61000061035156,88.16999816894531,91.187,-3.4218,5.8862,-0.5813,-1,mild_negative
2009-07-10,87.69999694824219,87.95999908447266,90.844,-3.2788,5.8826,-0.5574,-1,mild_negative
2009-07-13,88.30999755859375,90.0999984741211,90.595,-0.5494,5.8822,-0.0934,-1,mild_negative
2009-07-14,90.37999725341795,90.61000061035156,90.4805,0.1429,5.88,0.0243,1,mild_positive
2009-07-15,91.80999755859376,93.26000213623048,90.5615,2.8935,5.8849,0.4917,1,mild_positive
2009-07-16,93.0,93.11000061035156,90.6395,2.6533,5.8875,0.4507,1,mild_positive
2009-07-17,94.05999755859376,94.12999725341795,90.735,3.6067,5.8919,0.6121,1,mild_positive
2009-07-20,94.68000030517578,95.12999725341795,90.8895,4.4576,5.8969,0.7559,1,mild_positive
2009-07-21,95.87000274658205,95.56999969482422,91.204,4.5684,5.9081,0.7732,1,mild_positive
2009-07-22,94.95999908447266,95.5500030517578,91.514,4.224,5.9187,0.7137,1,mild_positive
2009-07-23,95.61000061035156,97.66000366210938,91.891,5.9072,5.9362,0.9951,1,mild_positive
2009-07-24,97.1999969482422,98.05999755859376,92.19,5.9861,5.9538,1.0054,2,positive
2009-07-27,97.87999725341795,98.3499984741211,92.5155,5.9324,5.9696,0.9938,1,mild_positive
2009-07-28,97.66000366210938,97.88999938964844,92.775,5.2253,5.981,0.8736,1,mild_positive
2009-07-29,97.44000244140624,97.6500015258789,93.06,4.7005,5.9925,0.7844,1,mild_positive
2009-07-30,98.83000183105467,98.66999816894533,93.377,5.3643,6.0066,0.8931,1,mild_positive
2009-07-31,98.6500015258789,98.80999755859376,93.827,5.043,6.0196,0.8378,1,mild_positive
2009-08-03,99.8499984741211,100.44000244140624,94.359,6.0544,6.0358,1.0031,2,positive
2009-08-04,99.98999786376952,100.6999969482422,94.991,5.6693,6.047,0.9375,1,mild_positive
2009-08-05,100.7699966430664,100.41000366210938,95.6115,4.7789,6.057,0.789,1,mild_positive
2009-08-06,100.87000274658205,99.88999938964844,96.1975,3.6966,6.0638,0.6096,1,mild_positive
2009-08-07,100.94000244140624,101.1999969482422,96.8595,4.289,6.0733,0.7062,1,mild_positive
2009-08-10,100.73999786376952,100.98999786376952,97.404,3.5508,6.0768,0.5843,1,mild_positive
2009-08-11,100.54000091552734,99.7300033569336,97.86,1.8751,6.0754,0.3086,1,mild_positive
2009-08-12,99.55999755859376,100.8000030517578,98.237,2.5427,6.0784,0.4183,1,mild_positive
2009-08-13,101.26000213623048,101.56999969482422,98.66,2.865,6.0793,0.4713,1,mild_positive
2009-08-14,101.5199966430664,100.79000091552734,98.993,1.7829,6.0758,0.2934,1,mild_positive
2009-08-17,98.8499984741211,98.30999755859376,99.152,-0.8565,6.0728,-0.141,-1,mild_negative
2009-08-18,98.52999877929688,99.08999633789062,99.328,-0.2402,6.0713,-0.0396,-1,mild_negative
2009-08-19,98.30999755859376,99.95999908447266,99.5485,0.4117,6.0695,0.0678,1,mild_positive
2009-08-20,100.08999633789062,100.98999786376952,99.715,1.2625,6.0681,0.2081,1,mild_positive
2009-08-21,101.81999969482422,102.97000122070312,99.9605,2.9227,6.0726,0.4813,1,mild_positive
2009-08-24,103.38999938964844,102.95999908447266,100.191,2.6894,6.0773,0.4425,1,mild_positive
2009-08-25,103.37000274658205,103.16000366210938,100.4545,2.6226,6.0815,0.4312,1,mild_positive
2009-08-26,102.83999633789062,103.16999816894533,100.7305,2.3645,6.0851,0.3886,1,mild_positive
2009-08-27,103.11000061035156,103.4000015258789,100.967,2.353,6.0871,0.3866,1,mild_positive
2009-08-28,104.2300033569336,103.37999725341795,101.1955,2.1131,6.0905,0.3469,1,mild_positive
2009-08-31,102.37000274658205,102.45999908447266,101.2965,1.1356,6.0921,0.1864,1,mild_positive
2009-09-01,101.9499969482422,100.1999969482422,101.2715,-1.0694,6.0913,-0.1756,-1,mild_negative
2009-09-02,99.77999877929688,99.81999969482422,101.242,-1.4246,6.0893,-0.2339,-1,mild_negative
2009-09-03,100.4000015258789,100.6500015258789,101.28,-0.6259,6.0887,-0.1028,-1,mild_negative
2009-09-04,100.8499984741211,102.05999755859376,101.323,0.7221,6.0897,0.1186,1,mild_positive
2009-09-08,103.0,102.94000244140624,101.4205,1.4761,6.0918,0.2423,1,mild_positive
2009-09-09,103.12000274658205,103.7300033569336,101.6205,2.0336,6.0932,0.3338,1,mild_positive
2009-09-10,103.8000030517578,104.79000091552734,101.82,2.8342,6.097,0.4649,1,mild_positive
2009-09-11,104.98999786376952,104.7699966430664,101.98,2.663,6.1015,0.4364,1,mild_positive
2009-09-14,103.87999725341795,105.27999877929688,102.2045,2.9213,6.1045,0.4785,1,mild_positive
2009-09-15,105.4499969482422,105.72000122070312,102.575,2.9748,6.1085,0.487,1,mild_positive
2009-09-16,106.0999984741211,107.31999969482422,102.9865,4.0379,6.1166,0.6602,1,mild_positive
2009-09-17,107.16999816894533,107.16000366210938,103.3465,3.5587,6.1233,0.5812,1,mild_positive
2009-09-18,107.1500015258789,106.72000122070312,103.633,2.8926,6.1217,0.4725,1,mild_positive
2009-09-21,105.88999938964844,106.4499969482422,103.807,2.4829,6.1235,0.4055,1,mild_positive
2009-09-22,107.08000183105467,107.06999969482422,104.0125,2.8556,6.1125,0.4672,1,mild_positive
2009-09-23,107.31999969482422,106.18000030517578,104.1635,1.8991,6.1109,0.3108,1,mild_positive
2009-09-24,106.41000366210938,105.01000213623048,104.2555,0.7185,6.1117,0.1176,1,mild_positive
2009-09-25,104.77999877929688,104.4499969482422,104.308,0.1359,6.1107,0.0222,1,mild_positive
2009-09-28,104.8499984741211,106.31999969482422,104.455,1.7541,6.1075,0.2872,1,mild_positive
2009-09-29,106.51000213623048,106.0,104.632,1.2906,6.1052,0.2114,1,mild_positive
2009-09-30,106.36000061035156,105.58999633789062,104.9015,0.652,6.1051,0.1068,1,mild_positive
2009-10-01,103.0,102.97000122070312,105.059,-2.0287,6.1052,-0.3323,-1,mild_negative
2009-10-02,102.0199966430664,102.48999786376952,105.151,-2.5964,6.0803,-0.427,-1,mild_negative
2009-10-05,102.9000015258789,104.0199966430664,105.249,-1.1815,6.0749,-0.1945,-1,mild_negative
2009-10-06,104.7699966430664,105.51000213623048,105.3775,0.1256,6.0711,0.0207,1,mild_positive
2009-10-07,105.2699966430664,105.8000030517578,105.481,0.3015,6.0557,0.0498,1,mild_positive
2009-10-08,106.5500030517578,106.61000061035156,105.572,0.9736,6.0367,0.1613,1,mild_positive
2009-10-09,106.63999938964844,107.26000213623048,105.6965,1.4577,5.9858,0.2435,1,mild_positive
2009-10-12,107.76000213623048,107.68000030517578,105.8165,1.7306,5.8935,0.2936,1,mild_positive
2009-10-13,107.38999938964844,107.45999908447266,105.9035,1.4484,5.7778,0.2507,1,mild_positive
2009-10-14,108.72000122070312,109.30999755859376,106.003,3.0253,5.5515,0.545,1,mild_positive
2009-10-15,108.77999877929688,109.70999908447266,106.1305,3.2627,5.294,0.6163,1,mild_positive
2009-10-16,108.8000030517578,108.88999938964844,106.239,2.4346,5.2599,0.4629,1,mild_positive
2009-10-19,109.06999969482422,109.79000091552734,106.406,3.0822,5.2224,0.5902,1,mild_positive
2009-10-20,109.9499969482422,109.20999908447266,106.513,2.4696,5.053,0.4887,1,mild_positive
2009-10-21,109.04000091552734,108.2300033569336,106.6155,1.4917,4.9654,0.3004,1,mild_positive
2009-10-22,108.19000244140624,109.33000183105467,106.8315,2.2853,4.8878,0.4675,1,mild_positive
2009-10-23,109.69000244140624,108.08000183105467,107.013,0.9872,4.8708,0.2027,1,mild_positive
2009-10-26,108.1999969482422,106.91000366210938,107.0425,-0.1239,4.8404,-0.0256,-1,mild_negative
2009-10-27,107.02999877929688,106.41999816894533,107.0635,-0.6047,4.767,-0.1268,-1,mild_negative
2009-10-28,106.1500015258789,104.41000366210938,107.0045,-2.4849,4.7238,-0.526,-1,mild_negative
2009-10-29,105.19000244140624,106.6500015258789,107.1885,-0.5049,4.635,-0.1089,-1,mild_negative
2009-10-30,106.3000030517578,103.55999755859376,107.242,-3.5554,4.5145,-0.7876,-1,mild_negative
2009-11-02,104.12999725341795,104.31999969482422,107.257,-2.8154,4.5126,-0.6239,-1,mild_negative
2009-11-03,103.73999786376952,104.6500015258789,107.214,-2.4501,4.5112,-0.5431,-1,mild_negative
2009-11-04,105.51000213623048,104.91999816894533,107.17,-2.1445,4.5136,-0.4751,-1,mild_negative
2009-11-05,105.66000366210938,106.8499984741211,107.182,-0.3107,4.5117,-0.0689,-1,mild_negative
2009-11-06,106.26000213623048,107.12999725341795,107.1755,-0.0425,4.5081,-0.0094,-1,mild_negative
2009-11-09,107.9499969482422,109.56999969482422,107.27,2.0991,4.4935,0.4671,1,mild_positive
2009-11-10,109.30999755859376,109.58999633789062,107.3765,2.0198,4.493,0.4495,1,mild_positive
2009-11-11,110.30999755859376,110.1500015258789,107.4185,2.4798,4.489,0.5524,1,mild_positive
2009-11-12,110.0,109.02999877929688,107.3845,1.5092,4.4894,0.3362,1,mild_positive
2009-11-13,109.30999755859376,109.62000274658205,107.421,2.006,4.4895,0.4468,1,mild_positive
2009-11-16,110.37999725341795,111.20999908447266,107.492,3.3432,4.4853,0.7454,1,mild_positive
2009-11-17,110.91999816894533,111.33999633789062,107.5985,3.3604,4.4546,0.7544,1,mild_positive
2009-11-18,111.26000213623048,111.2699966430664,107.7505,3.163,4.4554,0.7099,1,mild_positive
2009-11-19,110.51000213623048,109.81999969482422,107.775,1.8621,4.4321,0.4202,1,mild_positive
2009-11-20,109.25,109.43000030517578,107.8425,1.4507,4.4034,0.3295,1,mild_positive
2009-11-23,110.72000122070312,110.81999969482422,108.038,2.5104,4.391,0.5717,1,mild_positive
2009-11-24,111.0,110.98999786376952,108.2665,2.4538,4.3243,0.5675,1,mild_positive
2009-11-25,111.16999816894533,111.37999725341795,108.615,2.4825,4.135,0.6004,1,mild_positive
2009-11-27,108.4000015258789,109.56999969482422,108.761,0.7383,4.0443,0.1826,1,mild_positive
2009-11-30,109.4800033569336,109.94000244140624,109.08,0.7822,4.0236,0.1944,1,mild_positive
2009-12-01,110.91999816894533,111.3000030517578,109.429,1.681,4.0103,0.4192,1,mild_positive
2009-12-02,111.27999877929688,111.25,109.759,1.3402,4.0098,0.3342,1,mild_positive
2009-12-03,111.5500030517578,110.37999725341795,110.032,0.3153,4.0098,0.0786,1,mild_positive
2009-12-04,111.83999633789062,111.01000213623048,110.24,0.6936,3.9758,0.1745,1,mild_positive
2009-12-07,110.91000366210938,110.83999633789062,110.4255,0.374,3.9693,0.0942,1,mild_positive
2009-12-08,110.04000091552734,109.61000061035156,110.4275,-0.7458,3.9704,-0.1878,-1,mild_negative
2009-12-09,109.58000183105467,110.0199966430664,110.449,-0.3899,3.9688,-0.0983,-1,mild_negative
2009-12-10,110.6999969482422,110.63999938964844,110.4735,0.1505,3.9685,0.0379,1,mild_positive
2009-12-11,111.11000061035156,111.11000061035156,110.5775,0.4793,3.9586,0.1211,1,mild_positive
2009-12-14,111.87000274658205,111.87000274658205,110.69,1.0548,3.954,0.2668,1,mild_positive
2009-12-15,111.45999908447266,111.3499984741211,110.697,0.5864,3.9471,0.1486,1,mild_positive
2009-12-16,111.8000030517578,111.5199966430664,110.706,0.7299,3.9463,0.185,1,mild_positive
2009-12-17,110.72000122070312,110.18000030517578,110.6515,-0.4279,3.9438,-0.1085,-1,mild_negative
2009-12-18,110.1999969482422,110.20999908447266,110.671,-0.4183,3.9439,-0.1061,-1,mild_negative
2009-12-21,110.76000213623048,111.33000183105467,110.766,0.5066,3.9304,0.1289,1,mild_positive
2009-12-22,111.56999969482422,111.7300033569336,110.8115,0.8221,3.9221,0.2096,1,mild_positive
2009-12-23,112.0,111.9499969482422,110.8595,0.9741,3.9204,0.2485,1,mild_positive
2009-12-24,112.19000244140624,112.4800033569336,110.9145,1.3918,3.9206,0.355,1,mild_positive
2009-12-28,112.9000015258789,112.72000122070312,111.072,1.462,3.9192,0.373,1,mild_positive
2009-12-29,113.01000213623048,112.55999755859376,111.203,1.2056,3.915,0.3079,1,mild_positive
2009-12-30,112.2300033569336,112.5199966430664,111.264,1.1162,3.912,0.2853,1,mild_positive
2009-12-31,112.7699966430664,111.44000244140624,111.2735,0.1494,3.9107,0.0382,1,mild_positive
2010-01-04,112.37000274658205,113.33000183105467,111.421,1.6845,3.9093,0.4309,1,mild_positive
2010-01-05,113.26000213623048,113.62999725341795,111.552,1.8287,3.9099,0.4677,1,mild_positive
2010-01-06,113.5199966430664,113.70999908447266,111.6955,1.7716,3.9097,0.4531,1,mild_positive
2010-01-07,113.5,114.19000244140624,111.9245,1.984,3.9033,0.5083,1,mild_positive
2010-01-08,113.88999938964844,114.56999969482422,112.152,2.1105,3.8989,0.5413,1,mild_positive
2010-01-11,115.08000183105467,114.7300033569336,112.3565,2.0688,3.8932,0.5314,1,mild_positive
2010-01-12,113.97000122070312,113.66000366210938,112.484,1.0347,3.893,0.2658,1,mild_positive
2010-01-13,113.9499969482422,114.62000274658205,112.6215,1.7436,3.893,0.4479,1,mild_positive
2010-01-14,114.48999786376952,114.93000030517578,112.8005,1.8529,3.893,0.4759,1,mild_positive
2010-01-15,114.7300033569336,113.63999938964844,112.9065,0.6455,3.8867,0.1661,1,mild_positive
2010-01-19,113.62000274658205,115.05999755859376,113.1505,1.6596,3.8818,0.4275,1,mild_positive
2010-01-20,114.27999877929688,113.88999938964844,113.3345,0.4878,3.861,0.1263,1,mild_positive
2010-01-21,113.91999816894533,111.6999969482422,113.353,-1.4799,3.8457,-0.3848,-1,mild_negative
2010-01-22,111.1999969482422,109.20999908447266,113.227,-3.6782,3.8443,-0.9568,-1,mild_negative
2010-01-25,110.20999908447266,109.7699966430664,113.118,-3.05,3.8001,-0.8026,-1,mild_negative
2010-01-26,109.33999633789062,109.30999755859376,112.9595,-3.3387,3.7946,-0.8798,-1,mild_negative
2010-01-27,109.16999816894533,109.83000183105467,112.815,-2.7178,3.7781,-0.7194,-1,mild_negative
2010-01-28,110.19000244140624,108.56999969482422,112.6155,-3.7262,3.77,-0.9884,-1,mild_negative
2010-01-29,109.04000091552734,107.38999938964844,112.359,-4.6271,3.7718,-1.2267,-2,negative
2010-02-01,108.1500015258789,109.05999755859376,112.24,-2.9158,3.7712,-0.7732,-1,mild_negative
2010-02-02,109.26000213623048,110.37999725341795,112.0925,-1.5515,3.774,-0.4111,-1,mild_negative
2010-02-03,109.87999725341795,109.83000183105467,111.9025,-1.887,3.7708,-0.5004,-1,mild_negative
2010-02-04,108.9800033569336,106.44000244140624,111.539,-4.7905,3.7724,-1.2699,-2,negative
2010-02-05,106.55999755859376,106.66000366210938,111.1625,-4.2214,3.7725,-1.119,-2,negative
2010-02-08,106.73999786376952,105.88999938964844,110.7285,-4.5694,3.7829,-1.2079,-2,negative
2010-02-09,107.12999725341795,107.22000122070312,110.353,-2.922,3.7858,-0.7718,-1,mild_negative
2010-02-10,107.0500030517578,107.01000213623048,110.0205,-2.8133,3.7921,-0.7419,-1,mild_negative
2010-02-11,106.87000274658205,108.12999725341795,109.696,-1.4483,3.7928,-0.3818,-1,mild_negative
2010-02-12,106.98999786376952,108.04000091552734,109.3515,-1.2139,3.7925,-0.3201,-1,mild_negative
2010-02-16,108.86000061035156,109.73999786376952,109.1565,0.5317,3.7899,0.1403,1,mild_positive
2010-02-17,110.2699966430664,110.26000213623048,108.9165,1.2185,3.789,0.3216,1,mild_positive
2010-02-18,110.08000183105467,110.91000366210938,108.7675,1.9317,3.7887,0.5099,1,mild_positive
2010-02-19,110.62000274658205,111.13999938964844,108.7395,2.1599,3.7868,0.5704,1,mild_positive
2010-02-22,111.5500030517578,111.16000366210938,108.837,2.0898,3.7654,0.555,1,mild_positive
2010-02-23,110.86000061035156,109.80999755859376,108.839,0.8843,3.7418,0.2363,1,mild_positive
2010-02-24,110.13999938964844,110.81999969482422,108.9145,1.7195,3.7123,0.4632,1,mild_positive
2010-02-25,109.23999786376952,110.66999816894533,108.9565,1.5483,3.6763,0.4212,1,mild_positive
2010-02-26,110.7699966430664,110.73999786376952,109.065,1.5125,3.6024,0.4199,1,mild_positive
2010-03-01,111.1999969482422,111.88999938964844,109.29,2.3237,3.5741,0.6502,1,mild_positive
2010-03-02,112.37000274658205,112.1999969482422,109.447,2.4537,3.5425,0.6926,1,mild_positive
2010-03-03,112.48999786376952,112.3000030517578,109.543,2.455,3.5012,0.7012,1,mild_positive
2010-03-04,112.4499969482422,112.63999938964844,109.6835,2.6247,3.4401,0.763,1,mild_positive
2010-03-05,113.37000274658205,114.25,110.074,3.6551,3.3154,1.1025,2,positive
2010-03-08,114.26000213623048,114.2699966430664,110.4545,3.339,3.1841,1.0487,2,positive
2010-03-09,113.93000030517578,114.45999908447266,110.883,3.1251,3.1038,1.0069,2,positive
2010-03-10,114.51000213623048,114.97000122070312,111.2705,3.2178,2.9568,1.0883,2,positive
2010-03-11,114.6999969482422,115.4499969482422,111.6925,3.2547,2.8278,1.1509,2,positive
2010-03-12,115.9499969482422,115.45999908447266,112.059,2.9456,2.6915,1.0944,2,positive
2010-03-15,115.26000213623048,115.48999786376952,112.4315,2.6483,2.6605,0.9954,1,mild_positive
2010-03-16,115.80999755859376,116.41000366210938,112.765,3.1312,2.6421,1.1851,2,positive
2010-03-17,116.76000213623048,117.0999984741211,113.107,3.4099,2.6441,1.2896,2,positive
2010-03-18,117.11000061035156,117.04000091552734,113.4135,3.0985,2.6455,1.1712,2,positive
2010-03-19,115.97000122070312,115.97000122070312,113.655,1.9962,2.6453,0.7546,1,mild_positive
2010-03-22,115.30999755859376,116.58999633789062,113.9265,2.2845,2.6359,0.8667,1,mild_positive
2010-03-23,116.76000213623048,117.41000366210938,114.3065,2.6433,2.6128,1.0117,2,positive
2010-03-24,116.97000122070312,116.83999633789062,114.6075,1.9107,2.5978,0.7355,1,mild_positive
2010-03-25,117.62999725341795,116.6500015258789,114.9065,1.4946,2.5954,0.5759,1,mild_positive
2010-03-26,116.87000274658205,116.58000183105467,115.1985,1.185,2.5487,0.465,1,mild_positive
2010-03-29,117.16999816894533,117.31999969482422,115.47,1.5769,2.5223,0.6252,1,mild_positive
2010-03-30,117.45999908447266,117.4000015258789,115.73,1.4225,2.4887,0.5716,1,mild_positive
2010-03-31,116.9499969482422,117.0,115.965,0.8846,2.4383,0.3628,1,mild_positive
2010-04-01,117.8000030517578,117.8000030517578,116.223,1.3387,2.4105,0.5554,1,mild_positive
2010-04-05,118.25,118.76000213623048,116.4485,1.9464,2.4074,0.8085,1,mild_positive
2010-04-06,118.41999816894533,119.04000091552734,116.687,1.9766,2.4032,0.8225,1,mild_positive
2010-04-07,118.8000030517578,118.36000061035156,116.882,1.2487,2.3926,0.5219,1,mild_positive
2010-04-08,117.9499969482422,118.7699966430664,117.072,1.4297,2.3682,0.6037,1,mild_positive
2010-04-09,119.0199966430664,119.5500030517578,117.277,1.9013,2.3436,0.8113,1,mild_positive
2010-04-12,119.6999969482422,119.73999786376952,117.491,1.8782,2.3316,0.8056,1,mild_positive
2010-04-13,119.62000274658205,119.83000183105467,117.708,1.7708,2.3309,0.7597,1,mild_positive
2010-04-14,120.2699966430664,121.19000244140624,117.947,2.676,2.3307,1.1481,2,positive
2010-04-15,120.98999786376952,121.29000091552734,118.1565,2.5835,2.3146,1.1162,2,positive
2010-04-16,120.86000061035156,119.36000061035156,118.2725,0.9111,2.301,0.396,1,mild_positive
2010-04-19,119.01000213623048,119.80999755859376,118.4645,1.123,2.2981,0.4887,1,mild_positive
2010-04-20,120.55999755859376,120.87999725341795,118.679,1.8208,2.293,0.7941,1,mild_positive
2010-04-21,120.9499969482422,120.66000366210938,118.8415,1.5071,2.2826,0.6603,1,mild_positive
2010-04-22,119.80999755859376,121.0199966430664,119.0505,1.6274,2.271,0.7166,1,mild_positive
2010-04-23,120.94000244140624,121.80999755859376,119.3085,2.0536,2.2708,0.9043,1,mild_positive
2010-04-26,121.8499984741211,121.3499984741211,119.547,1.4858,2.2702,0.6545,1,mild_positive
2010-04-27,120.6500015258789,118.4800033569336,119.605,-0.9495,2.2745,-0.4175,-1,mild_negative
2010-04-28,119.0500030517578,119.37999725341795,119.704,-0.2714,2.276,-0.1192,-1,mild_negative
2010-04-29,120.0999984741211,120.86000061035156,119.897,0.7968,2.2726,0.3506,1,mild_positive
2010-04-30,120.87999725341795,118.80999755859376,119.9475,-0.9574,2.2762,-0.4206,-1,mild_negative
2010-05-03,119.37999725341795,120.3499984741211,120.027,0.2684,2.2769,0.1179,1,mild_positive
2010-05-04,119.01000213623048,117.5199966430664,119.951,-2.0686,2.2835,-0.9059,-1,mild_negative
2010-05-05,116.55999755859376,116.81999969482422,119.874,-2.6143,2.2941,-1.1396,-2,negative
2010-05-06,116.26000213623048,112.94000244140624,119.5825,-5.8814,2.3338,-2.5201,-3,extreme_negative
2010-05-07,112.63999938964844,111.26000213623048,119.168,-7.1077,2.3725,-2.9959,-3,extreme_negative
2010-05-10,115.80999755859376,116.16000366210938,118.989,-2.4354,2.3696,-1.0278,-2,negative
2010-05-11,115.06999969482422,115.83000183105467,118.789,-2.5546,2.3592,-1.0828,-2,negative
2010-05-12,116.29000091552734,117.4499969482422,118.602,-0.9808,2.3535,-0.4168,-1,mild_negative
2010-05-13,117.12999725341795,115.98999786376952,118.337,-2.0235,2.3391,-0.8651,-1,mild_negative
2010-05-14,115.12000274658205,113.88999938964844,118.0635,-3.6645,2.3492,-1.5599,-2,negative
2010-05-17,114.1999969482422,113.9499969482422,117.7705,-3.3528,2.3596,-1.4209,-2,negative
2010-05-18,114.87999725341795,112.4000015258789,117.3465,-4.4008,2.3831,-1.8467,-2,negative
2010-05-19,111.7699966430664,111.76000213623048,116.9015,-4.6005,2.4078,-1.9107,-2,negative
2010-05-20,109.37999725341795,107.54000091552734,116.2275,-8.0784,2.4723,-3.2676,-3,extreme_negative
2010-05-21,105.91000366210938,109.11000061035156,115.5925,-5.9413,2.5055,-2.3713,-3,extreme_negative
2010-05-24,108.5199966430664,107.70999908447266,114.9105,-6.6851,2.5473,-2.6244,-3,extreme_negative
2010-05-25,105.11000061035156,107.81999969482422,114.3775,-6.0819,2.5831,-2.3545,-3,extreme_negative
2010-05-26,108.4800033569336,107.16999816894533,113.767,-6.1556,2.6183,-2.351,-3,extreme_negative
2010-05-27,109.19000244140624,110.76000213623048,113.262,-2.2589,2.6236,-0.861,-1,mild_negative
2010-05-28,110.63999938964844,109.37000274658205,112.79,-3.127,2.6341,-1.1871,-2,negative
2010-06-01,108.3499984741211,107.52999877929688,112.149,-4.2955,2.6517,-1.6199,-2,negative
2010-06-02,108.08000183105467,110.33000183105467,111.7895,-1.3228,2.6547,-0.4983,-1,mild_negative
2010-06-03,110.6500015258789,110.70999908447266,111.484,-0.6991,2.6544,-0.2634,-1,mild_negative
2010-06-04,108.61000061035156,106.81999969482422,111.178,-4.0798,2.662,-1.5326,-2,negative
2010-06-07,107.1999969482422,105.48999786376952,110.8895,-5.1185,2.6778,-1.9115,-2,negative
2010-06-08,105.56999969482422,106.62000274658205,110.4125,-3.557,2.6873,-1.3236,-2,negative
2010-06-09,107.23999786376952,106.0500030517578,109.9235,-3.6525,2.6945,-1.3556,-2,negative
2010-06-10,107.86000061035156,109.1500015258789,109.5085,-0.3284,2.6897,-0.1221,-1,mild_negative
2010-06-11,108.19000244140624,109.68000030517578,109.193,0.444,2.6861,0.1653,1,mild_positive
2010-06-14,110.5199966430664,109.51000213623048,108.974,0.4895,2.6813,0.1825,1,mild_positive
2010-06-15,110.27999877929688,112.0,108.8765,2.7888,2.6817,1.0399,2,positive
2010-06-16,111.41999816894533,111.95999908447266,108.8545,2.7738,2.6818,1.0343,2,positive
2010-06-17,112.27999877929688,112.13999938964844,108.8735,2.9129,2.6824,1.0859,2,positive
2010-06-18,111.83000183105467,111.7300033569336,109.083,2.3691,2.6848,0.8824,1,mild_positive
2010-06-21,113.12000274658205,111.41000366210938,109.198,1.9855,2.6842,0.7397,1,mild_positive
2010-06-22,111.41000366210938,109.56999969482422,109.291,0.2546,2.6818,0.0949,1,mild_positive
2010-06-23,109.63999938964844,109.2300033569336,109.3615,-0.1204,2.6811,-0.0449,-1,mild_negative
2010-06-24,108.69000244140624,107.41999816894533,109.374,-1.819,2.6834,-0.6779,-1,mild_negative
2010-06-25,107.73999786376952,107.87000274658205,109.2295,-1.2603,2.6697,-0.4721,-1,mild_negative
2010-06-28,108.02999877929688,107.52999877929688,109.1375,-1.4949,2.6577,-0.5625,-1,mild_negative
2010-06-29,106.0199966430664,104.20999908447266,108.9715,-4.5691,2.6674,-1.713,-2,negative
2010-06-30,103.91999816894533,103.22000122070312,108.616,-5.2277,2.6903,-1.9432,-2,negative
2010-07-01,103.1500015258789,102.76000213623048,108.2185,-5.3119,2.713,-1.9579,-2,negative
2010-07-02,103.11000061035156,102.1999969482422,107.9875,-5.6629,2.7403,-2.0665,-3,extreme_negative
2010-07-06,103.63999938964844,102.87000274658205,107.8565,-4.8474,2.7596,-1.7566,-2,negative
2010-07-07,103.12999725341795,106.11000061035156,107.831,-1.6219,2.7623,-0.5872,-1,mild_negative
2010-07-08,107.0,107.16000366210938,107.8865,-0.678,2.7553,-0.2461,-1,mild_negative
2010-07-09,107.12999725341795,107.95999908447266,107.827,0.1232,2.7485,0.0448,1,mild_positive
2010-07-12,107.5999984741211,108.02999877929688,107.7445,0.2643,2.7321,0.0967,1,mild_positive
2010-07-13,109.1500015258789,109.66000366210938,107.752,1.7399,2.7184,0.64,1,mild_positive
2010-07-14,109.30999755859376,109.6500015258789,107.6345,1.8381,2.7082,0.6787,1,mild_positive
2010-07-15,109.61000061035156,109.68000030517578,107.5205,1.9689,2.6988,0.7296,1,mild_positive
2010-07-16,109.08999633789062,106.66000366210938,107.2465,-0.5499,2.6988,-0.2038,-1,mild_negative
2010-07-19,107.0500030517578,107.29000091552734,107.0245,0.2475,2.6987,0.0917,1,mild_positive
2010-07-20,105.87000274658205,108.4800033569336,106.878,1.4768,2.6954,0.5479,1,mild_positive
2010-07-21,109.04000091552734,107.06999969482422,106.753,0.2961,2.6923,0.11,1,mild_positive
2010-07-22,108.33999633789062,109.45999908447266,106.7645,2.4625,2.6882,0.9161,1,mild_positive
2010-07-23,109.23999786376952,110.41000366210938,106.914,3.1664,2.682,1.1806,2,positive
2010-07-26,110.5999984741211,111.55999755859376,107.0985,3.9992,2.6789,1.4929,2,positive
2010-07-27,112.16999816894533,111.5500030517578,107.2995,3.8104,2.6768,1.4235,2,positive
2010-07-28,111.31999969482422,110.83000183105467,107.6305,2.8869,2.6597,1.0854,2,positive
2010-07-29,111.5199966430664,110.29000091552734,107.984,2.0909,2.6394,0.7922,1,mild_positive
2010-07-30,109.16999816894533,110.2699966430664,108.3595,1.7326,2.6186,0.6616,1,mild_positive
2010-08-02,111.98999786376952,112.76000213623048,108.8875,3.4343,2.6083,1.3167,2,positive
2010-08-03,112.4800033569336,112.22000122070312,109.355,2.553,2.5981,0.9826,1,mild_positive
2010-08-04,112.52999877929688,112.97000122070312,109.698,2.8963,2.5845,1.1207,2,positive
2010-08-05,112.25,112.8499984741211,109.9825,2.541,2.5719,0.988,1,mild_positive
2010-08-06,111.73999786376952,112.38999938964844,110.204,1.945,2.5496,0.7629,1,mild_positive
2010-08-09,112.91999816894533,112.98999786376952,110.452,2.2462,2.531,0.8875,1,mild_positive
2010-08-10,112.02999877929688,112.37999725341795,110.588,1.5946,2.5174,0.6334,1,mild_positive
2010-08-11,110.6500015258789,109.3000030517578,110.5705,-1.1624,2.511,-0.4629,-1,mild_negative
2010-08-12,107.6500015258789,108.62999725341795,110.518,-1.738,2.5028,-0.6944,-1,mild_negative
2010-08-13,108.29000091552734,108.30999755859376,110.6005,-2.1148,2.4998,-0.846,-1,mild_negative
2010-08-16,107.56999969482422,108.26000213623048,110.649,-2.2067,2.5032,-0.8816,-1,mild_negative
2010-08-17,109.19000244140624,109.58999633789062,110.7045,-1.017,2.5009,-0.4066,-1,mild_negative
2010-08-18,109.54000091552734,109.79000091552734,110.8405,-0.9568,2.4972,-0.3832,-1,mild_negative
2010-08-19,109.22000122070312,107.87999725341795,110.7615,-2.671,2.5025,-1.0673,-2,negative
2010-08-20,107.55999755859376,107.52999877929688,110.6175,-2.8713,2.5094,-1.1442,-2,negative
2010-08-23,108.04000091552734,107.12000274658205,110.3955,-3.0578,2.518,-1.2144,-2,negative
2010-08-24,105.9499969482422,105.52999877929688,110.0945,-4.3253,2.5345,-1.7066,-2,negative
2010-08-25,104.9499969482422,105.94000244140624,109.85,-3.6908,2.5458,-1.4497,-2,negative
2010-08-26,106.44000244140624,105.2300033569336,109.597,-4.15,2.5551,-1.6242,-2,negative
2010-08-27,105.88999938964844,106.86000061035156,109.4265,-2.4017,2.5557,-0.9398,-1,mild_negative
2010-08-30,106.58000183105467,105.30999755859376,109.054,-3.5552,2.562,-1.3877,-2,negative
2010-08-31,104.91999816894533,105.30999755859376,108.7085,-3.2271,2.5671,-1.2571,-2,negative
2010-09-01,106.7300033569336,108.45999908447266,108.483,-0.0212,2.5635,-0.0083,-1,mild_negative
2010-09-02,108.72000122070312,109.47000122070312,108.314,1.056,2.5611,0.4123,1,mild_positive
2010-09-03,110.54000091552734,110.88999938964844,108.239,2.3907,2.5642,0.9323,1,mild_positive
2010-09-07,110.37000274658205,109.63999938964844,108.0715,1.4306,2.5643,0.5579,1,mild_positive
2010-09-08,109.86000061035156,110.41000366210938,107.973,2.2072,2.5656,0.8603,1,mild_positive
2010-09-09,111.6500015258789,110.91999816894533,108.054,2.5838,2.5695,1.0056,2,positive
2010-09-10,111.12000274658205,111.4800033569336,108.1965,2.9454,2.5751,1.1438,2,positive
2010-09-13,112.58000183105467,112.72000122070312,108.417,3.8174,2.5838,1.4774,2,positive
2010-09-14,112.5,112.6500015258789,108.6365,3.5628,2.5899,1.3757,2,positive
2010-09-15,112.31999969482422,113.08000183105467,108.811,3.7752,2.5943,1.4552,2,positive
2010-09-16,112.7300033569336,113.0500030517578,108.974,3.6055,2.5984,1.3876,2,positive
2010-09-17,113.04000091552734,112.48999786376952,109.2045,2.9207,2.5984,1.124,2,positive
2010-09-20,112.87999725341795,114.20999908447266,109.5385,4.0903,2.604,1.5707,2,positive
2010-09-21,114.3000030517578,113.9800033569336,109.8815,3.5958,2.6016,1.3821,2,positive
2010-09-22,113.8000030517578,113.41999816894533,110.276,2.772,2.5981,1.0669,2,positive
2010-09-23,112.48999786376952,112.5,110.604,1.6853,2.5943,0.6496,1,mild_positive
2010-09-24,113.75,114.81999969482422,111.0835,3.2542,2.5974,1.2529,2,positive
2010-09-27,114.86000061035156,114.2699966430664,111.454,2.4643,2.596,0.9493,1,mild_positive
2010-09-28,114.41999816894533,114.66999816894533,111.922,2.3964,2.5974,0.9226,1,mild_positive
2010-09-29,114.37999725341795,114.47000122070312,112.38,1.8258,2.5992,0.7024,1,mild_positive
2010-09-30,115.0500030517578,114.12999725341795,112.6635,1.2849,2.6001,0.4942,1,mild_positive
2010-10-01,114.98999786376952,114.61000061035156,112.9205,1.4741,2.5995,0.5671,1,mild_positive
2010-10-04,114.37000274658205,113.75,113.0635,0.6035,2.5987,0.2322,1,mild_positive
2010-10-05,114.8000030517578,116.04000091552734,113.3835,2.2893,2.6018,0.8799,1,mild_positive
2010-10-06,116.0199966430664,116.02999877929688,113.6645,2.0387,2.6004,0.784,1,mild_positive
2010-10-07,116.5,115.88999938964844,113.913,1.7059,2.5958,0.6572,1,mild_positive
2010-10-08,116.0500030517578,116.54000091552734,114.166,2.0371,2.5966,0.7845,1,mild_positive
2010-10-11,116.72000122070312,116.6500015258789,114.3625,1.961,2.5987,0.7546,1,mild_positive
2010-10-12,116.2699966430664,117.01000213623048,114.5805,2.0763,2.6012,0.7982,1,mild_positive
2010-10-13,117.66000366210938,117.91999816894533,114.8225,2.6268,2.6049,1.0084,2,positive
2010-10-14,117.80999755859376,117.45999908447266,115.043,2.0577,2.6063,0.7895,1,mild_positive
2010-10-15,118.27999877929688,117.6999969482422,115.3035,2.0361,2.607,0.781,1,mild_positive
2010-10-18,117.73999786376952,118.27999877929688,115.507,2.3444,2.6092,0.8985,1,mild_positive
2010-10-19,117.19000244140624,116.7300033569336,115.6445,0.9299,2.6038,0.3571,1,mild_positive
2010-10-20,116.94000244140624,117.87000274658205,115.867,1.6993,2.5987,0.6539,1,mild_positive
2010-10-21,118.4000015258789,118.12999725341795,116.1485,1.6774,2.5966,0.646,1,mild_positive
2010-10-22,118.30999755859376,118.3499984741211,116.325,1.711,2.5922,0.6601,1,mild_positive
2010-10-25,119.13999938964844,118.6999969482422,116.5465,1.8142,2.5904,0.7004,1,mild_positive
2010-10-26,118.0999984741211,118.72000122070312,116.749,1.6602,2.5907,0.6408,1,mild_positive
2010-10-27,117.88999938964844,118.37999725341795,116.9445,1.2126,2.5883,0.4685,1,mild_positive
2010-10-28,119.05999755859376,118.4000015258789,117.158,1.049,2.5884,0.4053,1,mild_positive
2010-10-29,118.27999877929688,118.48999786376952,117.352,0.9604,2.5886,0.371,1,mild_positive
2010-11-01,119.06999969482422,118.52999877929688,117.591,0.7922,2.5882,0.3061,1,mild_positive
2010-11-02,119.41999816894533,119.47000122070312,117.7625,1.4292,2.5833,0.5533,1,mild_positive
2010-11-03,119.68000030517578,119.9499969482422,117.9585,1.6603,2.5842,0.6425,1,mild_positive
2010-11-04,121.27999877929688,122.26000213623048,118.277,3.2578,2.5794,1.263,2,positive
2010-11-05,122.33999633789062,122.72000122070312,118.586,3.3686,2.5787,1.3063,2,positive
2010-11-08,122.33999633789062,122.48999786376952,118.878,2.9488,2.5777,1.144,2,positive
2010-11-09,122.81999969482422,121.61000061035156,119.108,2.0574,2.575,0.799,1,mild_positive
2010-11-10,121.58000183105467,122.0999984741211,119.317,2.2793,2.5773,0.8844,1,mild_positive
2010-11-11,121.0500030517578,121.63999938964844,119.526,1.7379,2.5785,0.674,1,mild_positive
2010-11-12,120.81999969482422,120.1999969482422,119.651,0.4567,2.5763,0.1773,1,mild_positive
2010-11-15,120.58000183105467,120.02999877929688,119.7385,0.2429,2.5743,0.0943,1,mild_positive
2010-11-16,119.29000091552734,118.16000366210938,119.81,-1.3964,2.5734,-0.5426,-1,mild_negative
2010-11-17,118.20999908447266,118.22000122070312,119.8275,-1.3598,2.5748,-0.5281,-1,mild_negative
2010-11-18,119.36000061035156,119.95999908447266,119.919,0.0342,2.5728,0.0133,1,mild_positive
2010-11-19,119.9000015258789,120.29000091552734,120.016,0.2278,2.566,0.0888,1,mild_positive
2010-11-22,119.69000244140624,120.19000244140624,120.0905,0.0828,2.559,0.0324,1,mild_positive
2010-11-23,118.7699966430664,118.4499969482422,120.077,-1.3736,2.5551,-0.5376,-1,mild_negative
2010-11-24,119.1999969482422,120.1999969482422,120.168,0.0266,2.5533,0.0104,1,mild_positive
2010-11-26,119.16000366210938,118.8000030517578,120.188,-1.1683,2.554,-0.4575,-1,mild_negative
2010-11-29,118.5,119.16000366210938,120.2215,-0.8908,2.5513,-0.3492,-1,mild_negative
2010-11-30,117.9800033569336,118.48999786376952,120.2195,-1.4596,2.55,-0.5724,-1,mild_negative
2010-12-01,120.1999969482422,121.01000213623048,120.2965,0.5896,2.5463,0.2316,1,mild_positive
2010-12-02,121.1999969482422,122.55999755859376,120.427,1.7404,2.5478,0.6831,1,mild_positive
2010-12-03,122.13999938964844,122.88999938964844,120.4585,1.9786,2.5499,0.776,1,mild_positive
2010-12-06,122.62999725341795,122.76000213623048,120.4605,1.8732,2.5503,0.7345,1,mild_positive
2010-12-07,123.94000244140624,122.83000183105467,120.4775,1.9153,2.5515,0.7506,1,mild_positive
2010-12-08,122.9800033569336,123.27999877929688,120.561,2.2055,2.5544,0.8634,1,mild_positive
2010-12-09,123.97000122070312,123.76000213623048,120.644,2.5178,2.5581,0.9842,1,mild_positive
2010-12-10,124.13999938964844,124.4800033569336,120.786,2.9675,2.5635,1.1576,2,positive
2010-12-13,125.0500030517578,124.55999755859376,121.004,2.8548,2.5676,1.1119,2,positive
2010-12-14,124.75,124.66999816894533,121.236,2.7545,2.5718,1.071,2,positive
2010-12-15,124.44000244140624,124.0999984741211,121.533,2.0685,2.574,0.8036,1,mild_positive
2010-12-16,124.18000030517578,124.81999969482422,121.863,2.369,2.5772,0.9192,1,mild_positive
2010-12-17,124.08000183105467,124.3000030517578,122.08,1.786,2.5784,0.6927,1,mild_positive
2010-12-20,124.63999938964844,124.5999984741211,122.2955,1.8495,2.58,0.7169,1,mild_positive
2010-12-21,124.98999786376952,125.38999938964844,122.5555,2.2605,2.5827,0.8753,1,mild_positive
2010-12-22,125.4800033569336,125.77999877929688,122.922,2.2722,2.585,0.879,1,mild_positive
2010-12-23,125.63999938964844,125.5999984741211,123.192,1.9172,2.5863,0.7413,1,mild_positive
2010-12-27,125.12999725341795,125.6500015258789,123.5345,1.6836,2.5876,0.6507,1,mild_positive
2010-12-28,125.9000015258789,125.83000183105467,123.868,1.5592,2.5885,0.6024,1,mild_positive
2010-12-29,125.9800033569336,125.91999816894533,124.2395,1.3346,2.5889,0.5155,1,mild_positive
2010-12-30,125.8000030517578,125.72000122070312,124.475,0.9903,2.5884,0.3826,1,mild_positive
2010-12-31,125.52999877929688,125.75,124.6345,0.8871,2.5877,0.3428,1,mild_positive
2011-01-03,126.70999908447266,127.0500030517578,124.8425,1.7375,2.5886,0.6712,1,mild_positive
2011-01-04,127.33000183105467,126.9800033569336,125.0535,1.5172,2.5892,0.586,1,mild_positive
2011-01-05,126.58000183105467,127.63999938964844,125.294,1.838,2.5907,0.7094,1,mild_positive
2011-01-06,127.69000244140624,127.38999938964844,125.4995,1.484,2.5904,0.5729,1,mild_positive
2011-01-07,127.55999755859376,127.13999938964844,125.6685,1.1574,2.5892,0.447,1,mild_positive
2011-01-10,126.58000183105467,126.9800033569336,125.7935,0.9344,2.588,0.361,1,mild_positive
2011-01-11,127.44000244140624,127.43000030517578,125.937,1.1716,2.5865,0.453,1,mild_positive
2011-01-12,128.2100067138672,128.5800018310547,126.1325,1.9035,2.586,0.7361,1,mild_positive
2011-01-13,128.6300048828125,128.3699951171875,126.346,1.5767,2.585,0.6099,1,mild_positive
2011-01-14,128.19000244140625,129.3000030517578,126.57,2.1114,2.5869,0.8162,1,mild_positive
2011-01-18,129.17999267578125,129.52000427246094,126.831,2.0761,2.5877,0.8023,1,mild_positive
2011-01-19,129.41000366210938,128.25,127.0135,0.9641,2.5863,0.3728,1,mild_positive
2011-01-20,127.95999908447266,128.0800018310547,127.148,0.7277,2.5863,0.2814,1,mild_positive
2011-01-21,128.8800048828125,128.3699951171875,127.2775,0.8511,2.5853,0.3292,1,mild_positive
2011-01-24,128.2899932861328,129.10000610351562,127.4525,1.2761,2.5859,0.4935,1,mild_positive
2011-01-25,128.75999450683594,129.1699981689453,127.6285,1.1934,2.5837,0.4619,1,mild_positive
2011-01-26,129.49000549316406,129.6699981689453,127.8205,1.4263,2.5717,0.5546,1,mild_positive
2011-01-27,129.6999969482422,129.99000549316406,128.024,1.5124,2.5634,0.59,1,mild_positive
2011-01-28,130.13999938964844,127.72000122070312,128.124,-0.3163,2.5529,-0.1239,-1,mild_negative
2011-01-31,128.07000732421875,128.67999267578125,128.2705,0.3182,2.5451,0.125,1,mild_positive
2011-02-01,129.4600067138672,130.74000549316406,128.455,1.7477,2.5328,0.6901,1,mild_positive
2011-02-02,130.39999389648438,130.49000549316406,128.6305,1.425,2.513,0.5671,1,mild_positive
2011-02-03,130.25999450683594,130.77999877929688,128.7875,1.5235,2.5046,0.6083,1,mild_positive
2011-02-04,130.8300018310547,131.14999389648438,128.9755,1.658,2.5022,0.6626,1,mild_positive
2011-02-07,131.44000244140625,131.97000122070312,129.217,2.0861,2.4995,0.8346,1,mild_positive
2011-02-08,132.08999633789062,132.57000732421875,129.4965,2.3184,2.4792,0.9351,1,mild_positive
2011-02-09,132.2100067138672,132.27000427246094,129.7385,1.9139,2.4622,0.7773,1,mild_positive
2011-02-10,131.60000610351562,132.32000732421875,129.9255,1.8096,2.4418,0.7411,1,mild_positive
2011-02-11,131.8000030517578,133.11000061035156,130.1625,2.2143,2.4336,0.9099,1,mild_positive
2011-02-14,133.02999877929688,133.42999267578125,130.369,2.2941,2.426,0.9456,1,mild_positive
2011-02-15,133.02000427246094,133.00999450683594,130.5435,1.8544,2.4235,0.7651,1,mild_positive
2011-02-16,133.4600067138672,133.85000610351562,130.8235,2.2611,2.4226,0.9333,1,mild_positive
2011-02-17,133.4600067138672,134.25,131.132,2.3225,2.4248,0.9578,1,mild_positive
2011-02-18,134.3699951171875,134.52999877929688,131.44,2.2969,2.4266,0.9465,1,mild_positive
2011-02-22,133.1199951171875,131.8300018310547,131.5765,0.1923,2.4256,0.0793,1,mild_positive
2011-02-23,131.75,131.02000427246094,131.669,-0.4953,2.425,-0.2043,-1,mild_negative
2011-02-24,130.8800048828125,130.92999267578125,131.732,-0.6125,2.4247,-0.2526,-1,mild_negative
2011-02-25,131.47999572753906,132.3300018310547,131.849,0.3635,2.4248,0.1499,1,mild_positive
2011-02-28,132.82000732421875,133.14999389648438,132.1205,0.7732,2.4239,0.319,1,mild_positive
2011-03-01,133.57000732421875,130.92999267578125,132.233,-0.9952,2.4255,-0.4103,-1,mild_negative
2011-03-02,130.75,131.2100067138672,132.2565,-0.7976,2.4266,-0.3287,-1,mild_negative
2011-03-03,132.39999389648438,133.47000122070312,132.4055,0.7976,2.4243,0.329,1,mild_positive
2011-03-04,133.3699951171875,132.47000122070312,132.49,-0.0151,2.422,-0.0062,-1,mild_negative
2011-03-07,132.86000061035156,131.42999267578125,132.504,-0.8172,2.421,-0.3375,-1,mild_negative
2011-03-08,131.63999938964844,132.5800018310547,132.5345,0.0343,2.418,0.0142,1,mild_positive
2011-03-09,132.32000732421875,132.38999938964844,132.5255,-0.1023,2.4108,-0.0425,-1,mild_negative
2011-03-10,131.0,129.94000244140625,132.409,-1.9001,2.4097,-0.7885,-1,mild_negative
2011-03-11,129.52000427246094,130.83999633789062,132.335,-1.1426,2.4067,-0.4748,-1,mild_negative
2011-03-14,129.99000549316406,130.0500030517578,132.182,-1.6394,2.4048,-0.6817,-1,mild_negative
2011-03-15,126.58999633789062,128.55999755859375,131.9385,-2.628,2.4069,-1.0919,-2,negative
2011-03-16,128.14999389648438,126.18000030517578,131.597,-4.2931,2.4208,-1.7734,-2,negative
2011-03-17,128.0,127.8499984741211,131.297,-2.6961,2.4251,-1.1117,-2,negative
2011-03-18,128.83999633789062,127.76000213623048,130.9725,-2.5145,2.4265,-1.0363,-2,negative
2011-03-21,129.35000610351562,129.74000549316406,130.733,-0.7654,2.4205,-0.3162,-1,mild_negative
2011-03-22,129.72000122070312,129.2899932861328,130.606,-1.0179,2.4163,-0.4212,-1,mild_negative
2011-03-23,128.92999267578125,129.66000366210938,130.538,-0.6772,2.4152,-0.2804,-1,mild_negative
2011-03-24,130.39999389648438,130.89999389648438,130.5365,0.2777,2.4124,0.1151,1,mild_positive
2011-03-25,131.24000549316406,131.3000030517578,130.485,0.6207,2.4083,0.2577,1,mild_positive
2011-03-28,131.5800018310547,130.97999572753906,130.3765,0.4608,2.4064,0.1915,1,mild_positive
2011-03-29,130.8699951171875,131.86000061035156,130.423,1.0898,2.4057,0.453,1,mild_positive
2011-03-30,132.5500030517578,132.77000427246094,130.501,1.709,2.4067,0.7101,1,mild_positive
2011-03-31,132.60000610351562,132.58999633789062,130.457,1.6087,2.4067,0.6684,1,mild_positive
2011-04-01,133.41000366210938,133.14999389648438,130.491,1.997,2.408,0.8293,1,mild_positive
2011-04-04,133.42999267578125,133.25999450683594,130.5825,2.0092,2.4099,0.8337,1,mild_positive
2011-04-05,133.0,133.24000549316406,130.6155,1.9698,2.4112,0.8169,1,mild_positive
2011-04-06,133.8800048828125,133.66000366210938,130.679,2.2303,2.412,0.9247,1,mild_positive
2011-04-07,133.4199981689453,133.32000732421875,130.848,1.8542,2.4117,0.7688,1,mild_positive
2011-04-08,133.91000366210938,132.86000061035156,130.949,1.4384,2.412,0.5963,1,mild_positive
2011-04-11,133.0,132.4600067138672,131.0695,1.0498,2.4115,0.4353,1,mild_positive
2011-04-12,131.72000122070312,131.47000122070312,131.215,0.194,2.4096,0.0805,1,mild_positive
2011-04-13,132.0800018310547,131.4600067138672,131.479,-0.0144,2.4079,-0.006,-1,mild_negative
2011-04-14,130.6999969482422,131.55999755859375,131.6645,-0.0794,2.4065,-0.033,-1,mild_negative
2011-04-15,131.8000030517578,132.0399932861328,131.8785,0.1223,2.4022,0.0509,1,mild_positive
2011-04-18,130.58999633789062,130.55999755859375,131.9195,-1.0413,2.3997,-0.4339,-1,mild_negative
2011-04-19,130.75999450683594,131.30999755859375,132.0205,-0.5411,2.4001,-0.2254,-1,mild_negative
2011-04-20,132.8800048828125,133.10000610351562,132.1925,0.6818,2.3997,0.2841,1,mild_positive
2011-04-21,133.7899932861328,133.77999877929688,132.3365,1.079,2.3983,0.4499,1,mild_positive
2011-04-25,133.67999267578125,133.63999938964844,132.4535,0.8878,2.3974,0.3703,1,mild_positive
2011-04-26,134.0500030517578,134.7899932861328,132.644,1.5921,2.3973,0.6641,1,mild_positive
2011-04-27,135.0500030517578,135.6699981689453,132.8345,2.09,2.3974,0.8718,1,mild_positive
2011-04-28,135.42999267578125,136.11000061035156,133.0015,2.2838,2.3995,0.9518,1,mild_positive
2011-04-29,136.16000366210938,136.42999267578125,133.1935,2.3723,2.4015,0.9878,1,mild_positive
2011-05-02,137.07000732421875,136.22000122070312,133.347,2.1091,2.4037,0.8774,1,mild_positive
2011-05-03,135.9600067138672,135.72999572753906,133.4705,1.6647,2.4049,0.6922,1,mild_positive
2011-05-04,135.6699981689453,134.8300018310547,133.55,0.9493,2.4038,0.3949,1,mild_positive
2011-05-05,134.0800018310547,133.61000061035156,133.5475,0.0468,2.4039,0.0195,1,mild_positive
2011-05-06,134.94000244140625,134.1999969482422,133.5915,0.4534,2.399,0.189,1,mild_positive
2011-05-09,134.19000244140625,134.72000122070312,133.6845,0.7686,2.3917,0.3214,1,mild_positive
2011-05-10,135.1699981689453,135.8699951171875,133.855,1.483,2.3599,0.6284,1,mild_positive
2011-05-11,135.6699981689453,134.44000244140625,134.0035,0.3247,2.312,0.1404,1,mild_positive
2011-05-12,134.0800018310547,135.0800018310547,134.1845,0.6629,2.3049,0.2876,1,mild_positive
2011-05-13,135.14999389648438,134.0399932861328,134.3085,-0.2003,2.2975,-0.0872,-1,mild_negative
2011-05-16,133.55999755859375,133.19000244140625,134.366,-0.8829,2.2972,-0.3844,-1,mild_negative
2011-05-17,132.69000244140625,133.1699981689453,134.4965,-0.9961,2.2937,-0.4343,-1,mild_negative
2011-05-18,133.24000549316406,134.36000061035156,134.649,-0.2151,2.2794,-0.0944,-1,mild_negative
2011-05-19,134.8000030517578,134.67999267578125,134.728,-0.0356,2.2668,-0.0157,-1,mild_negative
2011-05-20,134.3300018310547,133.61000061035156,134.7195,-0.8304,2.2473,-0.3695,-1,mild_negative
2011-05-23,131.97999572753906,132.05999755859375,134.6405,-1.954,2.2297,-0.8764,-1,mild_negative
2011-05-24,132.44000244140625,131.9499969482422,134.4985,-1.9314,2.1687,-0.8906,-1,mild_negative
2011-05-25,131.4199981689453,132.38999938964844,134.3345,-1.4688,2.1338,-0.6883,-1,mild_negative
2011-05-26,132.02999877929688,133.0,134.179,-0.8865,2.0865,-0.4249,-1,mild_negative
2011-05-27,133.3699951171875,133.50999450683594,134.033,-0.3917,2.0449,-0.1916,-1,mild_negative
2011-05-31,134.77000427246094,134.89999389648438,133.967,0.6916,2.0002,0.3458,1,mild_positive
2011-06-01,134.50999450683594,131.8699951171875,133.774,-1.4438,1.9962,-0.7233,-1,mild_negative
2011-06-02,131.9600067138672,131.72999572753906,133.619,-1.434,1.9864,-0.7219,-1,mild_negative
2011-06-03,130.14999389648438,130.4199981689453,133.4595,-2.3305,1.9708,-1.1825,-2,negative
2011-06-06,130.08999633789062,129.0399932861328,133.2015,-3.225,1.9819,-1.6272,-2,negative
2011-06-07,129.6999969482422,128.9600067138672,132.9135,-3.0657,1.9938,-1.5376,-2,negative
2011-06-08,128.75999450683594,128.4199981689453,132.541,-3.209,1.9864,-1.6155,-2,negative
2011-06-09,128.77000427246094,129.39999389648438,132.289,-2.2326,1.9615,-1.1382,-2,negative
2011-06-10,128.85000610351562,127.5999984741211,131.915,-3.3817,1.9601,-1.7253,-2,negative
2011-06-13,127.88999938964844,127.6999969482422,131.598,-3.0525,1.9552,-1.5612,-2,negative
2011-06-14,128.8699951171875,129.32000732421875,131.4045,-1.6119,1.9594,-0.8226,-1,mild_negative
2011-06-15,128.24000549316406,127.0199966430664,131.097,-3.2097,1.9742,-1.6258,-2,negative
2011-06-16,127.05999755859376,127.3000030517578,130.744,-2.7054,1.9853,-1.3627,-2,negative
2011-06-17,127.93000030517578,127.0500030517578,130.3625,-2.6072,1.9909,-1.3096,-2,negative
2011-06-20,126.62000274658205,127.6999969482422,130.067,-1.8536,1.9922,-0.9304,-1,mild_negative
2011-06-21,128.36000061035156,129.4499969482422,129.9365,-0.3758,1.9877,-0.1891,-1,mild_negative
2011-06-22,129.0500030517578,128.6699981689453,129.7725,-0.8568,1.9865,-0.4313,-1,mild_negative
2011-06-23,127.16000366210938,128.3000030517578,129.568,-0.9883,1.9868,-0.4974,-1,mild_negative
2011-06-24,128.27000427246094,126.80999755859376,129.2585,-1.9308,1.9928,-0.9689,-1,mild_negative
2011-06-27,126.88999938964844,127.94000244140624,128.98,-0.8129,1.9942,-0.4076,-1,mild_negative
2011-06-28,128.4499969482422,129.61000061035156,128.7155,0.6901,1.9887,0.347,1,mild_positive
2011-06-29,130.1999969482422,130.72000122070312,128.658,1.5774,1.9865,0.7941,1,mild_positive
2011-06-30,131.13999938964844,131.97000122070312,128.67,2.5006,1.9859,1.2591,2,positive
2011-07-01,132.08999633789062,133.9199981689453,128.845,3.7896,1.9696,1.924,2,positive
2011-07-05,133.77999877929688,133.80999755859375,129.0835,3.5322,1.9437,1.8173,2,positive
2011-07-06,133.49000549316406,133.97000122070312,129.334,3.4605,1.9153,1.8068,2,positive
2011-07-07,135.16000366210938,135.36000061035156,129.681,4.1955,1.8861,2.2244,3,extreme_positive
2011-07-08,133.8300018310547,134.39999389648438,129.931,3.3251,1.8605,1.7873,2,positive
2011-07-11,132.75,131.97000122070312,130.1495,1.3795,1.8549,0.7437,1,mild_positive
2011-07-12,131.69000244140625,131.39999389648438,130.3345,0.8109,1.8527,0.4377,1,mild_positive
2011-07-13,132.08999633789062,131.83999633789062,130.4605,1.0463,1.8523,0.5649,1,mild_positive
2011-07-14,132.1699981689453,130.92999267578125,130.656,0.2093,1.8524,0.113,1,mild_positive
2011-07-15,131.66000366210938,131.69000244140625,130.8755,0.6185,1.8514,0.3341,1,mild_positive
2011-07-18,131.0800018310547,130.61000061035156,131.0535,-0.3396,1.8515,-0.1834,-1,mild_negative
2011-07-19,131.33999633789062,132.72999572753906,131.305,1.0736,1.85,0.5803,1,mild_positive
2011-07-20,133.07000732421875,132.64999389648438,131.465,0.8933,1.8482,0.4833,1,mild_positive
2011-07-21,133.39999389648438,134.49000549316406,131.756,2.0329,1.8497,1.099,2,positive
2011-07-22,134.52000427246094,134.5800018310547,132.07,1.8651,1.8504,1.0079,2,positive
2011-07-25,133.3000030517578,133.8300018310547,132.421,1.0528,1.8503,0.569,1,mild_positive
2011-07-26,133.74000549316406,133.3300018310547,132.6905,0.4796,1.8473,0.2596,1,mild_positive
2011-07-27,132.58999633789062,130.60000610351562,132.74,-1.6386,1.8472,-0.8871,-1,mild_negative
2011-07-28,130.60000610351562,130.22000122070312,132.715,-1.916,1.8432,-1.0395,-2,negative
2011-07-29,128.91000366210938,129.3300018310547,132.583,-2.5153,1.844,-1.364,-2,negative
2011-08-01,130.83999633789062,128.77999877929688,132.326,-2.7535,1.8514,-1.4872,-2,negative
2011-08-02,127.80999755859376,125.48999786376952,131.91,-5.1159,1.8844,-2.7149,-3,extreme_negative
2011-08-03,125.66000366210938,126.16999816894533,131.52,-4.2403,1.9078,-2.2226,-3,extreme_negative
2011-08-04,124.41999816894533,120.26000213623048,130.765,-8.7352,1.9877,-4.3947,-3,extreme_negative
2011-08-05,121.76000213623048,120.08000183105467,130.049,-8.302,2.06,-4.03,-3,extreme_negative
2011-08-08,116.91000366210938,112.26000213623048,129.0635,-14.9684,2.2721,-6.5879,-3,extreme_negative
2011-08-09,114.06999969482422,117.4800033569336,128.3675,-9.2675,2.3486,-3.946,-3,extreme_negative
2011-08-10,115.26000213623048,112.29000091552734,127.39,-13.4473,2.5019,-5.3749,-3,extreme_negative
2011-08-11,113.26000213623048,117.33000183105467,126.71,-7.9945,2.553,-3.1314,-3,extreme_negative
2011-08-12,118.4000015258789,118.12000274658205,126.0315,-6.6978,2.5892,-2.5868,-3,extreme_negative
2011-08-15,119.19000244140624,120.62000274658205,125.532,-4.0723,2.602,-1.5651,-2,negative
2011-08-16,119.47000122070312,119.58999633789062,124.875,-4.4193,2.6155,-1.6897,-2,negative
2011-08-17,120.25,119.66999816894533,124.226,-3.8071,2.6237,-1.4511,-2,negative
2011-08-18,116.5,114.51000213623048,123.227,-7.6124,2.6651,-2.8563,-3,extreme_negative
2011-08-19,112.95999908447266,112.63999938964844,122.13,-8.4251,2.7186,-3.099,-3,extreme_negative
2011-08-22,115.16999816894533,112.7300033569336,121.075,-7.4026,2.7591,-2.683,-3,extreme_negative
2011-08-23,113.1500015258789,116.44000244140624,120.2305,-3.2553,2.7617,-1.1787,-2,negative
2011-08-24,116.19000244140624,118.08000183105467,119.6045,-1.2911,2.7566,-0.4684,-1,mild_negative
2011-08-25,118.7300033569336,116.27999877929688,118.9075,-2.2596,2.7534,-0.8207,-1,mild_negative
2011-08-26,115.69000244140624,117.97000122070312,118.3395,-0.3132,2.7389,-0.1144,-1,mild_negative
2011-08-29,119.55999755859376,121.36000061035156,117.9685,2.7946,2.7328,1.0226,2,positive
2011-08-30,120.83000183105467,121.68000030517578,117.778,3.2068,2.7252,1.1767,2,positive
2011-08-31,122.45999908447266,122.22000122070312,117.5805,3.796,2.7291,1.3909,2,positive
2011-09-01,122.29000091552734,120.94000244140624,117.6145,2.7497,2.7228,1.0099,2,positive
2011-09-02,118.41999816894533,117.8499984741211,117.503,0.2944,2.7137,0.1085,1,mild_positive
2011-09-06,114.38999938964844,116.98999786376952,117.7395,-0.6407,2.7143,-0.236,-1,mild_negative
2011-09-07,118.76000213623048,120.29000091552734,117.88,2.0035,2.716,0.7377,1,mild_positive
2011-09-08,119.56999969482422,119.04000091552734,118.2175,0.6909,2.713,0.2547,1,mild_positive
2011-09-09,117.68000030517578,115.91999816894533,118.147,-1.9212,2.7156,-0.7074,-1,mild_negative
2011-09-12,114.47000122070312,116.66999816894533,118.0745,-1.2038,2.7146,-0.4435,-1,mild_negative
2011-09-13,117.0500030517578,117.73999786376952,117.9305,-0.1618,2.7109,-0.0597,-1,mild_negative
2011-09-14,118.33999633789062,119.37000274658205,117.9195,1.2151,2.7063,0.449,1,mild_positive
2011-09-15,120.6500015258789,121.43000030517578,118.0075,2.8185,2.7019,1.0432,2,positive
2011-09-16,121.29000091552734,121.5199966430664,118.358,2.602,2.6979,0.9645,1,mild_positive
2011-09-19,119.52999877929688,120.30999755859376,118.7415,1.3037,2.6897,0.4847,1,mild_positive
2011-09-20,120.81999969482422,120.16999816894533,119.1135,0.8792,2.6817,0.3278,1,mild_positive
2011-09-21,120.2300033569336,116.62999725341795,119.123,-2.1375,2.6805,-0.7974,-1,mild_negative
2011-09-22,113.25,112.86000061035156,118.862,-5.3181,2.6917,-1.9757,-2,negative
2011-09-23,112.11000061035156,113.54000091552734,118.725,-4.5667,2.6995,-1.6917,-2,negative
2011-09-26,114.61000061035156,116.23999786376952,118.6385,-2.0634,2.698,-0.7648,-1,mild_negative
2011-09-27,118.52999877929688,117.54000091552734,118.4475,-0.7721,2.6968,-0.2863,-1,mild_negative
2011-09-28,117.77999877929688,115.13999938964844,118.1205,-2.5886,2.6949,-0.9605,-1,mild_negative
2011-09-29,117.0500030517578,116.0500030517578,117.812,-1.5183,2.6927,-0.5639,-1,mild_negative
2011-09-30,114.4499969482422,113.1500015258789,117.4225,-3.776,2.6995,-1.3987,-2,negative
2011-10-03,112.48999786376952,109.93000030517578,117.0265,-6.4555,2.7279,-2.3665,-3,extreme_negative
2011-10-04,108.3499984741211,112.33999633789062,116.794,-3.9648,2.7381,-1.448,-2,negative
2011-10-05,112.62000274658205,114.41999816894533,116.5005,-1.8183,2.7389,-0.6639,-1,mild_negative
2011-10-06,114.36000061035156,116.48999786376952,116.373,0.1004,2.7387,0.0367,1,mild_positive
2011-10-07,117.16999816894533,115.70999908447266,116.3625,-0.5639,2.7351,-0.2062,-1,mild_negative
2011-10-10,117.68000030517578,119.58000183105467,116.508,2.569,2.7368,0.9387,1,mild_positive
2011-10-11,118.87000274658205,119.6999969482422,116.606,2.5848,2.7396,0.9435,1,mild_positive
2011-10-12,120.5999984741211,120.75,116.675,3.3747,2.7448,1.2295,2,positive
2011-10-13,120.04000091552734,120.51000213623048,116.629,3.2205,2.7495,1.1713,2,positive
2011-10-14,121.91000366210938,122.56999969482422,116.6815,4.8042,2.7629,1.7388,2,positive
2011-10-17,121.98999786376952,120.2300033569336,116.6775,2.9548,2.7642,1.0689,2,positive
2011-10-18,120.13999938964844,122.58000183105467,116.798,4.7169,2.7769,1.6986,2,positive
2011-10-19,122.37999725341795,121.12999725341795,117.023,3.3906,2.7821,1.2187,2,positive
2011-10-20,121.43000030517578,121.66000366210938,117.463,3.4498,2.7866,1.238,2,positive
2011-10-21,123.08999633789062,123.97000122070312,117.9845,4.8282,2.8022,1.723,2,positive
2011-10-24,124.16999816894533,125.48999786376952,118.447,5.6124,2.822,1.9888,2,positive
2011-10-25,124.88999938964844,123.0500030517578,118.7225,3.5169,2.8285,1.2434,2,positive
2011-10-26,124.3499984741211,124.3000030517578,119.1805,4.1187,2.838,1.4513,2,positive
2011-10-27,127.62999725341795,128.6300048828125,119.8095,6.8573,2.8676,2.3913,3,extreme_positive
2011-10-28,128.0,128.60000610351562,120.582,6.2348,2.8916,2.1562,3,extreme_positive
2011-10-31,127.16000366210938,125.5,121.3605,3.2984,2.8977,1.1383,2,positive
2011-11-01,122.02999877929688,122.0,121.8435,0.1283,2.8971,0.0443,1,mild_positive
2011-11-02,123.83000183105467,123.98999786376952,122.322,1.3453,2.8976,0.4643,1,mild_positive
2011-11-03,125.2699966430664,126.25,122.81,2.7248,2.9019,0.9389,1,mild_positive
2011-11-04,125.2300033569336,125.4800033569336,123.2985,1.7385,2.9025,0.599,1,mild_positive
2011-11-07,125.38999938964844,126.26000213623048,123.6325,2.081,2.9035,0.7167,1,mild_positive
2011-11-08,126.91999816894533,127.87999725341795,124.0415,3.0016,2.9025,1.0342,2,positive
2011-11-09,124.88999938964844,123.16000366210938,124.162,-0.8136,2.8959,-0.2809,-1,mild_negative
2011-11-10,124.79000091552734,124.31999969482422,124.3525,-0.0261,2.8904,-0.009,-1,mild_negative
2011-11-11,125.83000183105467,126.66000366210938,124.557,1.6604,2.8895,0.5746,1,mild_positive
2011-11-14,126.19000244140624,125.45999908447266,124.8185,0.5113,2.8863,0.1772,1,mild_positive
2011-11-15,125.16999816894533,126.08000183105467,124.9935,0.8618,2.8849,0.2987,1,mild_positive
2011-11-16,124.80999755859376,124.08000183105467,125.141,-0.8551,2.8854,-0.2964,-1,mild_negative
2011-11-17,123.8499984741211,122.11000061035156,125.1635,-2.5006,2.8899,-0.8653,-1,mild_negative
2011-11-18,122.5,121.9800033569336,125.064,-2.5283,2.893,-0.8739,-1,mild_negative
2011-11-21,120.1999969482422,119.66000366210938,124.7725,-4.2725,2.9044,-1.471,-2,negative
2011-11-22,119.4000015258789,119.19000244140624,124.5795,-4.5218,2.9185,-1.5493,-2,negative
2011-11-23,118.06999969482422,116.55999755859376,124.1925,-6.5481,2.9475,-2.2216,-3,extreme_negative
2011-11-25,116.37999725341795,116.33999633789062,123.578,-6.2214,2.9732,-2.0925,-3,extreme_negative
2011-11-28,119.54000091552734,119.70999908447266,123.1335,-2.8598,2.9774,-0.9605,-1,mild_negative
2011-11-29,120.0500030517578,120.0500030517578,122.861,-2.3415,2.9809,-0.7855,-1,mild_negative
2011-11-30,123.48999786376952,124.98999786376952,123.0105,1.5837,2.9818,0.5311,1,mild_positive
2011-12-01,124.8499984741211,124.97000122070312,123.0595,1.5288,2.9828,0.5125,1,mild_positive
2011-12-02,126.12000274658205,124.86000061035156,122.99,1.4977,2.9829,0.5021,1,mild_positive
2011-12-05,126.83999633789062,126.22000122070312,123.027,2.5297,2.9869,0.8469,1,mild_positive
2011-12-06,126.20999908447266,126.26000213623048,123.027,2.5606,2.9892,0.8566,1,mild_positive
2011-12-07,125.83999633789062,126.7300033569336,122.9695,2.9673,2.9924,0.9916,1,mild_positive
2011-12-08,125.9000015258789,123.9499969482422,123.009,0.7592,2.9905,0.2539,1,mild_positive
2011-12-09,124.51000213623048,126.0500030517578,123.0955,2.3439,2.9917,0.7835,1,mild_positive
2011-12-12,124.9499969482422,124.20999908447266,122.973,0.9959,2.9891,0.3332,1,mild_positive
2011-12-13,124.86000061035156,123.0500030517578,122.8525,0.1605,2.985,0.0538,1,mild_positive
2011-12-14,122.55999755859376,121.73999786376952,122.6355,-0.7356,2.9795,-0.2469,-1,mild_negative
2011-12-15,123.02999877929688,122.18000030517578,122.5405,-0.2951,2.9741,-0.0992,-1,mild_negative
2011-12-16,122.2300033569336,121.58999633789062,122.5145,-0.7603,2.9693,-0.2561,-1,mild_negative
2011-12-19,122.05999755859376,120.29000091552734,122.43,-1.779,2.9683,-0.5993,-1,mild_negative
2011-12-20,122.18000030517578,123.93000030517578,122.6435,1.0381,2.9652,0.3501,1,mild_positive
2011-12-21,123.93000030517578,124.16999816894533,122.8925,1.0288,2.9638,0.3471,1,mild_positive
2011-12-22,124.62999725341795,125.2699966430664,123.328,1.5502,2.9631,0.5232,1,mild_positive
2011-12-23,125.66999816894533,126.38999938964844,123.8305,2.0251,2.9624,0.6836,1,mild_positive
2011-12-27,126.16999816894533,126.48999786376952,124.1695,1.8345,2.9611,0.6195,1,mild_positive
2011-12-28,126.51000213623048,124.83000183105467,124.4085,0.3377,2.9586,0.1141,1,mild_positive
2011-12-29,125.23999786376952,126.12000274658205,124.465,1.3122,2.9578,0.4436,1,mild_positive
2011-12-30,126.0199966430664,125.5,124.4915,0.8036,2.9566,0.2718,1,mild_positive
2012-01-03,127.76000213623048,127.5,124.6235,2.2561,2.9589,0.7625,1,mild_positive
2012-01-04,127.1999969482422,127.6999969482422,124.6975,2.3512,2.962,0.7938,1,mild_positive
2012-01-05,127.01000213623048,128.0399932861328,124.7865,2.541,2.9659,0.8567,1,mild_positive
2012-01-06,128.1999969482422,127.70999908447266,124.8355,2.2508,2.9673,0.7585,1,mild_positive
2012-01-09,128.0,128.02000427246094,125.039,2.3285,2.9695,0.7842,1,mild_positive
2012-01-10,129.38999938964844,129.1300048828125,125.193,3.0489,2.9735,1.0254,2,positive
2012-01-11,128.72999572753906,129.1999969482422,125.4425,2.9083,2.9777,0.9767,1,mild_positive
2012-01-12,129.57000732421875,129.50999450683594,125.7655,2.8913,2.9824,0.9694,1,mild_positive
2012-01-13,128.63999938964844,128.83999633789062,126.1205,2.1108,2.9849,0.7072,1,mild_positive
2012-01-17,130.0800018310547,129.33999633789062,126.4785,2.2124,2.9872,0.7406,1,mild_positive
2012-01-18,129.30999755859375,130.77000427246094,126.9375,2.9307,2.9905,0.98,1,mild_positive
2012-01-19,131.22000122070312,131.4600067138672,127.496,3.0154,2.9949,1.0068,2,positive
2012-01-20,131.24000549316406,131.9499969482422,127.897,3.0716,2.9982,1.0245,2,positive
2012-01-23,131.50999450683594,131.61000061035156,128.269,2.5386,2.9996,0.8463,1,mild_positive
2012-01-24,130.8000030517578,131.4600067138672,128.5785,2.1919,3.0022,0.7301,1,mild_positive
2012-01-25,131.25999450683594,132.55999755859375,128.887,2.7708,3.0069,0.9215,1,mild_positive
2012-01-26,133.14999389648438,131.8800048828125,129.1565,2.0651,3.0092,0.6863,1,mild_positive
2012-01-27,131.24000549316406,131.82000732421875,129.506,1.7554,3.0101,0.5832,1,mild_positive
2012-01-30,130.50999450683594,131.3699951171875,129.7685,1.2191,3.0102,0.405,1,mild_positive
2012-01-31,132.02000427246094,131.32000732421875,130.0595,0.9599,3.0095,0.319,1,mild_positive
2012-02-01,132.2899932861328,132.47000122070312,130.308,1.6321,3.0097,0.5423,1,mild_positive
2012-02-02,132.72999572753906,132.67999267578125,130.557,1.6001,3.0113,0.5314,1,mild_positive
2012-02-03,134.0,134.5399932861328,130.882,2.7189,3.016,0.9015,1,mild_positive
2012-02-06,133.97999572753906,134.4499969482422,131.219,2.4031,3.0178,0.7963,1,mild_positive
2012-02-07,134.1699981689453,134.7899932861328,131.5575,2.3982,3.0202,0.7941,1,mild_positive
2012-02-08,134.86000061035156,135.19000244140625,131.8605,2.4628,3.0226,0.8148,1,mild_positive
2012-02-09,135.41000366210938,135.36000061035156,132.1685,2.3578,3.0244,0.7796,1,mild_positive
2012-02-10,134.16000366210938,134.36000061035156,132.411,1.4506,3.0229,0.4799,1,mild_positive
2012-02-13,135.32000732421875,135.36000061035156,132.737,1.9378,3.0219,0.6413,1,mild_positive
2012-02-14,135.0,135.19000244140625,133.0295,1.5981,3.0212,0.529,1,mild_positive
2012-02-15,135.6300048828125,134.55999755859375,133.219,0.9966,3.0197,0.33,1,mild_positive
2012-02-16,134.57000732421875,136.0500030517578,133.4485,1.9122,3.0189,0.6334,1,mild_positive
2012-02-17,136.52000427246094,136.41000366210938,133.6715,2.0076,3.0181,0.6652,1,mild_positive
2012-02-21,136.72999572753906,136.47000122070312,133.9145,1.8726,3.0182,0.6204,1,mild_positive
2012-02-22,136.25999450683594,136.02999877929688,134.143,1.3872,3.0161,0.4599,1,mild_positive
2012-02-23,135.9600067138672,136.6300048828125,134.3465,1.6713,3.0144,0.5544,1,mild_positive
2012-02-24,136.92999267578125,136.92999267578125,134.599,1.7023,3.0129,0.565,1,mild_positive
2012-02-27,136.02000427246094,137.16000366210938,134.866,1.6725,3.0147,0.5548,1,mild_positive
2012-02-28,137.1999969482422,137.55999755859375,135.1755,1.7334,3.0164,0.5747,1,mild_positive
2012-02-29,137.75999450683594,137.02000427246094,135.4605,1.1382,3.0169,0.3773,1,mild_positive
2012-03-01,137.30999755859375,137.72999572753906,135.7235,1.4568,3.0182,0.4827,1,mild_positive
2012-03-02,137.63999938964844,137.30999755859375,135.955,0.9868,3.0184,0.3269,1,mild_positive
2012-03-05,137.10000610351562,136.75,136.0655,0.5005,3.0178,0.1659,1,mild_positive
2012-03-06,135.35000610351562,134.75,136.0805,-0.9874,3.0181,-0.3272,-1,mild_negative
2012-03-07,135.05999755859375,135.69000244140625,136.1255,-0.321,3.0178,-0.1064,-1,mild_negative
2012-03-08,136.52000427246094,137.0399932861328,136.218,0.5998,3.018,0.1987,1,mild_positive
2012-03-09,137.3000030517578,137.57000732421875,136.3285,0.9025,3.018,0.299,1,mild_positive
2012-03-12,137.5500030517578,137.5800018310547,136.4895,0.7926,3.0183,0.2626,1,mild_positive
2012-03-13,138.32000732421875,140.05999755859375,136.7245,2.3815,3.0218,0.7881,1,mild_positive
2012-03-14,140.10000610351562,139.91000366210938,136.9605,2.1081,3.022,0.6976,1,mild_positive
2012-03-15,140.1199951171875,140.72000122070312,137.2685,2.4527,3.0246,0.8109,1,mild_positive
2012-03-16,140.36000061035156,140.3000030517578,137.481,2.0093,3.025,0.6642,1,mild_positive
2012-03-19,140.2100067138672,140.85000610351562,137.703,2.2343,3.0231,0.7391,1,mild_positive
2012-03-20,140.0500030517578,140.44000244140625,137.9015,1.8075,3.0121,0.6001,1,mild_positive
2012-03-21,140.52000427246094,140.2100067138672,138.1105,1.4974,3.0079,0.4978,1,mild_positive
2012-03-22,139.17999267578125,139.1999969482422,138.239,0.6904,3.0033,0.2299,1,mild_positive
2012-03-23,139.32000732421875,139.64999389648438,138.375,0.913,3.0031,0.304,1,mild_positive
2012-03-26,140.64999389648438,141.61000061035156,138.5975,2.1273,3.0046,0.708,1,mild_positive
2012-03-27,141.74000549316406,141.1699981689453,138.778,1.6944,3.0056,0.5638,1,mild_positive
2012-03-28,141.10000610351562,140.47000122070312,138.9505,1.0817,3.006,0.3599,1,mild_positive
2012-03-29,139.63999938964844,140.22999572753906,139.0755,0.8233,3.0062,0.2739,1,mild_positive
2012-03-30,140.9199981689453,140.80999755859375,139.2505,1.1075,3.0067,0.3684,1,mild_positive
2012-04-02,140.63999938964844,141.83999633789062,139.505,1.6462,3.0075,0.5474,1,mild_positive
2012-04-03,141.63999938964844,141.25999450683594,139.8305,1.012,3.0065,0.3366,1,mild_positive
2012-04-04,140.22000122070312,139.86000061035156,140.039,-0.128,3.0053,-0.0426,-1,mild_negative
2012-04-05,139.3800048828125,139.7899932861328,140.1765,-0.2765,3.0033,-0.0921,-1,mild_negative
2012-04-09,138.02999877929688,138.22000122070312,140.209,-1.439,3.0029,-0.4792,-1,mild_negative
2012-04-10,137.9499969482422,135.89999389648438,140.125,-3.1089,3.0078,-1.0336,-2,negative
2012-04-11,137.2899932861328,137.0,139.972,-2.1693,3.0085,-0.7211,-1,mild_negative
2012-04-12,137.1300048828125,138.7899932861328,139.916,-0.8113,3.0072,-0.2698,-1,mild_negative
2012-04-13,138.47000122070312,137.13999938964844,139.737,-1.8937,3.0088,-0.6294,-1,mild_negative
2012-04-16,137.83999633789062,137.0500030517578,139.5745,-1.842,3.0107,-0.6118,-1,mild_negative
2012-04-17,137.83999633789062,139.0800018310547,139.486,-0.2919,3.0108,-0.097,-1,mild_negative
2012-04-18,138.4600067138672,138.61000061035156,139.3945,-0.566,3.0111,-0.188,-1,mild_negative
2012-04-19,138.6300048828125,137.72000122070312,139.27,-1.1255,3.0121,-0.3737,-1,mild_negative
2012-04-20,138.3300018310547,137.9499969482422,139.2075,-0.9116,3.0128,-0.3026,-1,mild_negative
2012-04-23,136.5399932861328,136.7899932861328,139.0645,-1.6628,3.0139,-0.5517,-1,mild_negative
2012-04-24,136.91000366210938,137.30999755859375,138.8495,-1.1212,3.0146,-0.3719,-1,mild_negative
2012-04-25,138.64999389648438,139.19000244140625,138.7505,0.3158,3.0144,0.1047,1,mild_positive
2012-04-26,138.88999938964844,140.16000366210938,138.735,1.0167,3.0144,0.3373,1,mild_positive
2012-04-27,140.5800018310547,140.38999938964844,138.743,1.1732,3.0147,0.3891,1,mild_positive
2012-04-30,140.11000061035156,139.8699951171875,138.696,0.8393,3.0136,0.2785,1,mild_positive
2012-05-01,139.7899932861328,140.74000549316406,138.641,1.4914,3.0123,0.4951,1,mild_positive
2012-05-02,139.9199981689453,140.32000732421875,138.594,1.2301,3.01,0.4087,1,mild_positive
2012-05-03,140.33999633789062,139.25,138.5635,0.493,3.0067,0.164,1,mild_positive
2012-05-04,138.52000427246094,137.0,138.424,-1.0394,3.0048,-0.3459,-1,mild_negative
2012-05-07,136.50999450683594,137.10000610351562,138.368,-0.9249,3.0037,-0.3079,-1,mild_negative
2012-05-08,136.27999877929688,136.5500030517578,138.4005,-1.3552,3.0045,-0.4511,-1,mild_negative
2012-05-09,135.10000610351562,135.74000549316406,138.3375,-1.9136,3.007,-0.6364,-1,mild_negative
2012-05-10,136.67999267578125,136.02000427246094,138.199,-1.602,3.0086,-0.5325,-1,mild_negative
2012-05-11,135.1699981689453,135.61000061035156,138.1225,-1.8527,3.0106,-0.6154,-1,mild_negative
2012-05-14,134.30999755859375,134.11000061035156,137.9755,-2.8823,3.0146,-0.9561,-1,mild_negative
2012-05-15,134.02000427246094,133.33999633789062,137.6885,-3.2612,3.0215,-1.0793,-2,negative
2012-05-16,133.94000244140625,132.8300018310547,137.3995,-3.4401,3.0288,-1.1358,-2,negative
2012-05-17,132.86000061035156,130.86000061035156,137.0565,-4.7352,3.0431,-1.5561,-2,negative
2012-05-18,131.3699951171875,129.74000549316406,136.646,-5.323,3.0606,-1.7392,-2,negative
2012-05-21,130.16000366210938,131.97000122070312,136.405,-3.3606,3.067,-1.0957,-2,negative
2012-05-22,132.30999755859375,132.1999969482422,136.1495,-2.9875,3.0724,-0.9724,-1,mild_negative
2012-05-23,131.25,132.27000427246094,135.8035,-2.6714,3.0767,-0.8683,-1,mild_negative
2012-05-24,132.6300048828125,132.52999877929688,135.422,-2.1821,3.0791,-0.7087,-1,mild_negative
2012-05-25,132.47999572753906,132.10000610351562,135.0075,-2.201,3.0797,-0.7147,-1,mild_negative
2012-05-29,133.16000366210938,133.6999969482422,134.699,-0.7472,3.0779,-0.2428,-1,mild_negative
2012-05-30,132.55999755859375,131.75999450683594,134.25,-1.8898,3.0787,-0.6138,-1,mild_negative
2012-05-31,131.7100067138672,131.47000122070312,133.8075,-1.778,3.0801,-0.5772,-1,mild_negative
2012-06-01,129.41000366210938,128.16000366210938,133.253,-3.9739,3.0896,-1.2862,-2,negative
2012-06-04,128.38999938964844,128.10000610351562,132.808,-3.6753,3.0972,-1.1866,-2,negative
2012-06-05,127.8499984741211,129.07000732421875,132.4065,-2.585,3.1,-0.8339,-1,mild_negative
2012-06-06,129.97000122070312,131.97000122070312,132.1775,-0.1572,3.0989,-0.0507,-1,mild_negative
2012-06-07,133.47000122070312,132.0500030517578,131.993,0.0432,3.0958,0.0139,1,mild_positive
2012-06-08,131.7100067138672,133.10000610351562,131.847,0.9414,3.0904,0.3046,1,mild_positive
2012-06-11,134.1699981689453,131.41000366210938,131.637,-0.1727,3.0847,-0.056,-1,mild_negative
2012-06-12,131.7899932861328,132.9199981689453,131.5775,1.01,3.0793,0.328,1,mild_positive
2012-06-13,132.52999877929688,132.07000732421875,131.514,0.421,3.0764,0.1368,1,mild_positive
2012-06-14,132.33999633789062,133.47000122070312,131.546,1.4415,3.0708,0.4694,1,mild_positive
2012-06-15,133.3800048828125,134.13999938964844,131.71,1.8115,3.0672,0.5906,1,mild_positive
2012-06-18,133.5800018310547,134.39999389648438,131.943,1.8281,3.0677,0.5959,1,mild_positive
2012-06-19,135.0800018310547,135.6999969482422,132.1295,2.6312,3.0656,0.8583,1,mild_positive
2012-06-20,135.7100067138672,135.47999572753906,132.2935,2.352,3.0643,0.7675,1,mild_positive
2012-06-21,135.63999938964844,132.44000244140625,132.302,0.1042,3.0598,0.0341,1,mild_positive
2012-06-22,133.1300048828125,133.4600067138672,132.3485,0.8328,3.0579,0.2724,1,mild_positive
2012-06-25,132.0500030517578,131.32000732421875,132.3095,-0.7535,3.0582,-0.2464,-1,mild_negative
2012-06-26,131.6999969482422,131.97999572753906,132.2235,-0.1845,3.0577,-0.0603,-1,mild_negative
2012-06-27,132.4199981689453,133.1699981689453,132.294,0.6578,3.0572,0.2152,1,mild_positive
2012-06-28,132.2899932861328,132.7899932861328,132.36,0.3238,3.0547,0.106,1,mild_positive
2012-06-29,135.1999969482422,136.10000610351562,132.757,2.4563,3.0579,0.8033,1,mild_positive
2012-07-02,136.47999572753906,136.50999450683594,133.1775,2.4412,3.0612,0.7975,1,mild_positive
2012-07-03,136.47999572753906,137.41000366210938,133.5945,2.7767,3.0645,0.9061,1,mild_positive
2012-07-05,136.89999389648438,136.7899932861328,133.8355,2.1599,3.0635,0.705,1,mild_positive
2012-07-06,135.47000122070312,135.49000549316406,134.0075,1.0942,3.0553,0.3581,1,mild_positive
2012-07-09,135.3800048828125,135.32000732421875,134.1185,0.8879,3.048,0.2913,1,mild_positive
2012-07-10,136.00999450683594,134.13999938964844,134.255,-0.0857,3.0405,-0.0282,-1,mild_negative
2012-07-11,134.2100067138672,134.16000366210938,134.317,-0.117,3.0294,-0.0386,-1,mild_negative
2012-07-12,133.3800048828125,133.50999450683594,134.389,-0.6584,3.0226,-0.2178,-1,mild_negative
2012-07-13,133.86000061035156,135.75,134.503,0.9186,3.022,0.304,1,mild_positive
2012-07-16,135.44000244140625,135.42999267578125,134.5675,0.6369,3.0218,0.2108,1,mild_positive
2012-07-17,135.97000122070312,136.36000061035156,134.6655,1.2427,3.0221,0.4112,1,mild_positive
2012-07-18,136.0399932861328,137.3699951171875,134.749,1.908,3.0244,0.6309,1,mild_positive
2012-07-19,137.64999389648438,137.72999572753906,134.8615,2.0827,3.0269,0.6881,1,mild_positive
2012-07-20,136.9499969482422,136.47000122070312,135.063,1.031,3.0274,0.3405,1,mild_positive
2012-07-23,134.47000122070312,135.08999633789062,135.1445,-0.0403,3.0268,-0.0133,-1,mild_negative
2012-07-24,135.19000244140625,133.92999267578125,135.275,-1.0043,3.027,-0.3318,-1,mild_negative
2012-07-25,134.2100067138672,133.9600067138672,135.374,-1.0555,3.0251,-0.3489,-1,mild_negative
2012-07-26,135.88999938964844,136.1699981689453,135.524,0.4744,3.023,0.1569,1,mild_positive
2012-07-27,136.88999938964844,138.67999267578125,135.8185,2.0634,3.025,0.6821,1,mild_positive
2012-07-30,138.52000427246094,138.67999267578125,135.9475,1.9704,3.0274,0.6508,1,mild_positive
2012-07-31,138.49000549316406,137.7100067138672,136.0075,1.2363,3.0265,0.4085,1,mild_positive
2012-08-01,138.6999969482422,137.58999633789062,136.0165,1.1436,3.0248,0.3781,1,mild_positive
2012-08-02,136.5500030517578,136.63999938964844,136.009,0.4618,3.0207,0.1529,1,mild_positive
2012-08-03,138.55999755859375,139.35000610351562,136.202,2.2591,3.0187,0.7484,1,mild_positive
2012-08-06,139.72000122070312,139.6199951171875,136.417,2.2941,3.0041,0.7636,1,mild_positive
2012-08-07,140.17999267578125,140.32000732421875,136.726,2.5613,2.9956,0.855,1,mild_positive
2012-08-08,139.85000610351562,140.49000549316406,137.0425,2.4539,2.9468,0.8327,1,mild_positive
2012-08-09,140.2899932861328,140.61000061035156,137.3975,2.2847,2.9012,0.7875,1,mild_positive
2012-08-10,140.0399932861328,140.83999633789062,137.652,2.2636,2.7425,0.8254,1,mild_positive
2012-08-13,140.60000610351562,140.77000427246094,137.919,2.0253,2.6781,0.7562,1,mild_positive
2012-08-14,141.2899932861328,140.7899932861328,138.1405,1.8819,2.536,0.7421,1,mild_positive
2012-08-15,140.63999938964844,140.9499969482422,138.3195,1.8663,2.4823,0.7518,1,mild_positive
2012-08-16,141.14999389648438,141.99000549316406,138.5325,2.435,2.4448,0.996,1,mild_positive
2012-08-17,142.22999572753906,142.17999267578125,138.818,2.3646,2.431,0.9727,1,mild_positive
2012-08-20,141.97999572753906,142.19000244140625,139.173,2.1218,2.4135,0.8792,1,mild_positive
2012-08-21,142.5399932861328,141.75999450683594,139.5645,1.5487,2.399,0.6456,1,mild_positive
2012-08-22,141.39999389648438,141.82000732421875,139.9575,1.3133,2.3442,0.5602,1,mild_positive
2012-08-23,141.47000122070312,140.66000366210938,140.182,0.3398,2.275,0.1494,1,mild_positive
2012-08-24,140.30999755859375,141.50999450683594,140.3235,0.8385,2.2187,0.3779,1,mild_positive
2012-08-27,141.88999938964844,141.5399932861328,140.4665,0.7584,2.2052,0.3439,1,mild_positive
2012-08-28,141.17999267578125,141.39999389648438,140.651,0.5297,2.2019,0.2406,1,mild_positive
2012-08-29,141.52000427246094,141.50999450683594,140.847,0.4685,2.1942,0.2135,1,mild_positive
2012-08-30,140.89999389648438,140.49000549316406,141.0395,-0.3911,2.1944,-0.1782,-1,mild_negative
2012-08-31,141.2899932861328,141.16000366210938,141.13,0.0213,2.1907,0.0097,1,mild_positive
2012-09-04,141.0399932861328,141.02999877929688,141.2005,-0.1209,2.1853,-0.0553,-1,mild_negative
2012-09-05,141.08999633789062,140.91000366210938,141.23,-0.2271,2.177,-0.1043,-1,mild_negative
2012-09-06,141.75999450683594,143.77000427246094,141.394,1.6526,2.1739,0.7602,1,mild_positive
2012-09-07,144.00999450683594,144.3300018310547,141.58,1.9054,2.1752,0.8759,1,mild_positive
2012-09-10,144.19000244140625,143.50999450683594,141.7135,1.2518,2.1741,0.5758,1,mild_positive
2012-09-11,143.60000610351562,143.91000366210938,141.8705,1.4172,2.173,0.6522,1,mild_positive
2012-09-12,144.38999938964844,144.38999938964844,142.0505,1.6203,2.1738,0.7453,1,mild_positive
2012-09-13,144.3699951171875,146.58999633789062,142.3325,2.9044,2.1725,1.3369,2,positive
2012-09-14,146.8800048828125,147.24000549316406,142.595,3.1547,2.1749,1.4505,2,positive
2012-09-17,146.94000244140625,146.74000549316406,142.823,2.6694,2.1779,1.2257,2,positive
2012-09-18,146.49000549316406,146.6199951171875,143.0445,2.4386,2.1804,1.1184,2,positive
2012-09-19,146.7899932861328,146.6999969482422,143.2915,2.3234,2.1787,1.0664,2,positive
2012-09-20,146.02999877929688,146.7100067138672,143.536,2.1635,2.1774,0.9936,1,mild_positive
2012-09-21,146.63999938964844,145.8699951171875,143.7965,1.4215,2.1775,0.6528,1,mild_positive
2012-09-24,145.14999389648438,145.64999389648438,144.0035,1.1304,2.1776,0.5191,1,mild_positive
2012-09-25,145.9600067138672,144.10000610351562,144.1315,-0.0219,2.1709,-0.0101,-1,mild_negative
2012-09-26,144.07000732421875,143.2899932861328,144.226,-0.6532,2.1394,-0.3053,-1,mild_negative
2012-09-27,143.88999938964844,144.63999938964844,144.3825,0.178,2.1138,0.0842,1,mild_positive
2012-09-28,144.08999633789062,143.97000122070312,144.5565,-0.4074,2.1077,-0.1933,-1,mild_negative
2012-10-01,144.52000427246094,144.35000610351562,144.716,-0.2535,2.1065,-0.1204,-1,mild_negative
2012-10-02,144.9199981689453,144.5,144.8895,-0.2696,2.097,-0.1285,-1,mild_negative
2012-10-03,144.88999938964844,145.08999633789062,145.0985,-0.0059,2.0927,-0.0028,-1,mild_negative
2012-10-04,145.63999938964844,146.1300048828125,145.2165,0.6251,2.0732,0.3015,1,mild_positive
2012-10-05,146.91000366210938,146.13999938964844,145.307,0.57,2.0228,0.2818,1,mild_positive
2012-10-08,145.60000610351562,145.63999938964844,145.4135,0.1555,2.001,0.0777,1,mild_positive
2012-10-09,145.52999877929688,144.1999969482422,145.428,-0.8516,1.9969,-0.4265,-1,mild_negative
2012-10-10,144.17999267578125,143.27999877929688,145.3725,-1.4604,2.0015,-0.7297,-1,mild_negative
2012-10-11,144.27999877929688,143.36000061035156,145.211,-1.2912,2.004,-0.6443,-1,mild_negative
2012-10-12,143.4600067138672,142.88999938964844,144.9935,-1.4721,2.006,-0.7339,-1,mild_negative
2012-10-15,143.22999572753906,144.0800018310547,144.8605,-0.5417,2.0046,-0.2702,-1,mild_negative
2012-10-16,144.75999450683594,145.5399932861328,144.8065,0.504,1.998,0.2522,1,mild_positive
2012-10-17,145.63999938964844,146.1999969482422,144.7815,0.9702,1.9921,0.487,1,mild_positive
2012-10-18,145.82000732421875,145.82000732421875,144.737,0.7427,1.9759,0.3759,1,mild_positive
2012-10-19,145.5500030517578,143.38999938964844,144.613,-0.8529,1.9735,-0.4322,-1,mild_negative
2012-10-22,143.14999389648438,143.41000366210938,144.501,-0.7608,1.9598,-0.3882,-1,mild_negative
2012-10-23,141.86000061035156,141.4199981689453,144.367,-2.0839,1.9603,-1.063,-2,negative
2012-10-24,141.92999267578125,141.02000427246094,144.2535,-2.2929,1.9614,-1.169,-2,negative
2012-10-25,142.02000427246094,141.42999267578125,144.093,-1.8829,1.9504,-0.9654,-1,mild_negative
2012-10-26,141.3000030517578,141.35000610351562,143.962,-1.8479,1.9314,-0.9568,-1,mild_negative
2012-10-31,141.85000610351562,141.35000610351562,143.812,-1.7418,1.9283,-0.9032,-1,mild_negative
2012-11-01,141.64999389648438,142.8300018310547,143.7285,-0.6291,1.917,-0.3281,-1,mild_negative
2012-11-02,143.67999267578125,141.55999755859375,143.552,-1.4072,1.8799,-0.7485,-1,mild_negative
2012-11-05,141.35000610351562,141.85000610351562,143.338,-1.049,1.8481,-0.5676,-1,mild_negative
2012-11-06,142.27999877929688,142.9600067138672,143.179,-0.1532,1.8402,-0.0832,-1,mild_negative
2012-11-07,141.66000366210938,139.72000122070312,142.883,-2.2638,1.8482,-1.2249,-2,negative
2012-11-08,139.6999969482422,138.0399932861328,142.575,-3.2853,1.8625,-1.7639,-2,negative
2012-11-09,137.6199951171875,138.16000366210938,142.319,-3.0103,1.8698,-1.61,-2,negative
2012-11-12,138.58999633789062,138.27000427246094,142.0645,-2.7443,1.8786,-1.4608,-2,negative
2012-11-13,137.5399932861328,137.7899932861328,141.8095,-2.9171,1.8874,-1.5456,-2,negative
2012-11-14,138.2100067138672,135.92999267578125,141.402,-4.0256,1.9007,-2.118,-3,extreme_negative
2012-11-15,135.97999572753906,135.6999969482422,140.91,-3.8394,1.9176,-2.0022,-3,extreme_negative
2012-11-16,135.89999389648438,136.3699951171875,140.4185,-2.9688,1.9288,-1.5392,-2,negative
2012-11-19,137.89999389648438,139.1300048828125,140.084,-0.6857,1.9282,-0.3556,-1,mild_negative
2012-11-20,138.91000366210938,139.19000244140625,139.874,-0.4914,1.9289,-0.2548,-1,mild_negative
2012-11-21,139.30999755859375,139.4499969482422,139.676,-0.1621,1.9289,-0.084,-1,mild_negative
2012-11-23,140.1300048828125,141.35000610351562,139.6725,1.1868,1.9281,0.6155,1,mild_positive
2012-11-26,140.64999389648438,141.0500030517578,139.674,0.9755,1.9201,0.5081,1,mild_positive
2012-11-27,140.91000366210938,140.3300018310547,139.619,0.5067,1.9115,0.2651,1,mild_positive
2012-11-28,139.75999450683594,141.4600067138672,139.6245,1.2975,1.8899,0.6866,1,mild_positive
2012-11-29,141.99000549316406,142.1199951171875,139.663,1.7288,1.8662,0.9264,1,mild_positive
2012-11-30,142.13999938964844,142.14999389648438,139.629,1.7735,1.8159,0.9767,1,mild_positive
2012-12-03,142.8000030517578,141.4499969482422,139.6235,1.2913,1.7674,0.7306,1,mild_positive
2012-12-04,141.44000244140625,141.25,139.5935,1.1727,1.7554,0.6681,1,mild_positive
2012-12-05,141.3699951171875,141.5,139.5205,1.3989,1.7471,0.8007,1,mild_positive
2012-12-06,141.3699951171875,141.97999572753906,139.6335,1.6527,1.7473,0.9459,1,mild_positive
2012-12-07,142.52999877929688,142.41000366210938,139.852,1.7962,1.748,1.0276,2,positive
2012-12-10,142.2100067138672,142.47000122070312,140.0675,1.6863,1.7484,0.9645,1,mild_positive
2012-12-11,143.05999755859375,143.44000244140625,140.326,2.1709,1.747,1.2427,2,positive
2012-12-12,144.0,143.50999450683594,140.612,2.0194,1.7448,1.1574,2,positive
2012-12-13,143.4199981689453,142.6300048828125,140.947,1.18,1.7385,0.6787,1,mild_positive
2012-12-14,142.32000732421875,142.10000610351562,141.267,0.5862,1.7384,0.3372,1,mild_positive
2012-12-17,142.47000122070312,143.77000427246094,141.637,1.4836,1.7357,0.8548,1,mild_positive
2012-12-18,144.0,145.3699951171875,141.949,2.3533,1.7393,1.353,2,positive
2012-12-19,145.52999877929688,144.2899932861328,142.204,1.4457,1.7401,0.8308,1,mild_positive
2012-12-20,144.3800048828125,145.1199951171875,142.4875,1.814,1.7402,1.0424,2,positive
2012-12-21,142.1699981689453,142.7899932861328,142.5595,0.1614,1.7396,0.0928,1,mild_positive
2012-12-24,142.47999572753906,142.35000610351562,142.6245,-0.1928,1.7383,-0.1109,-1,mild_negative
2012-12-26,142.63999938964844,141.75,142.6955,-0.667,1.7339,-0.3847,-1,mild_negative
2012-12-27,141.7899932861328,141.55999755859375,142.7005,-0.8057,1.7356,-0.4642,-1,mild_negative
2012-12-28,140.63999938964844,140.02999877929688,142.596,-1.8325,1.7416,-1.0522,-2,negative
2012-12-31,139.66000366210938,142.41000366210938,142.609,-0.1397,1.7409,-0.0803,-1,mild_negative
2013-01-02,145.11000061035156,146.05999755859375,142.8395,2.2049,1.7415,1.2661,2,positive
2013-01-03,145.99000549316406,145.72999572753906,143.0635,1.8298,1.7415,1.0507,2,positive
2013-01-04,145.97000122070312,146.3699951171875,143.307,2.0926,1.7443,1.1997,2,positive
2013-01-07,145.85000610351562,145.97000122070312,143.5065,1.6877,1.7451,0.9671,1,mild_positive
2013-01-08,145.7100067138672,145.5500030517578,143.6635,1.2961,1.7457,0.7425,1,mild_positive
2013-01-09,145.8699951171875,145.9199981689453,143.836,1.4282,1.7432,0.8193,1,mild_positive
2013-01-10,146.72999572753906,147.0800018310547,144.018,2.0819,1.7422,1.195,2,positive
2013-01-11,147.0399932861328,147.07000732421875,144.196,1.9542,1.7399,1.1232,2,positive
2013-01-14,146.88999938964844,146.97000122070312,144.413,1.7398,1.7382,1.0009,2,positive
2013-01-15,146.2899932861328,147.07000732421875,144.6615,1.6377,1.7359,0.9434,1,mild_positive
2013-01-16,146.77000427246094,147.0500030517578,144.8255,1.5128,1.7297,0.8746,1,mild_positive
2013-01-17,147.6999969482422,148.0,144.957,2.0561,1.7258,1.1914,2,positive
2013-01-18,147.97000122070312,148.3300018310547,145.159,2.1378,1.7223,1.2412,2,positive
2013-01-22,148.3300018310547,149.1300048828125,145.3595,2.5283,1.7241,1.4665,2,positive
2013-01-23,149.1300048828125,149.3699951171875,145.6885,2.4647,1.7251,1.4287,2,positive
2013-01-24,149.14999389648438,149.41000366210938,146.0415,2.2545,1.7219,1.3093,2,positive
2013-01-25,149.8800048828125,150.25,146.4665,2.5181,1.7193,1.4646,2,positive
2013-01-28,150.2899932861328,150.07000732421875,146.892,2.1177,1.7147,1.235,2,positive
2013-01-29,149.77000427246094,150.66000366210938,147.4235,2.1482,1.7131,1.254,2,positive
2013-01-30,150.63999938964844,150.07000732421875,147.8065,1.5083,1.7109,0.8816,1,mild_positive
2013-01-31,149.88999938964844,149.6999969482422,147.9885,1.1433,1.7054,0.6704,1,mild_positive
2013-02-01,150.64999389648438,151.24000549316406,148.264,1.9677,1.705,1.1541,2,positive
2013-02-04,150.32000732421875,149.5399932861328,148.4225,0.7473,1.7032,0.4387,1,mild_positive
2013-02-05,150.35000610351562,151.0500030517578,148.6765,1.5713,1.704,0.9222,1,mild_positive
2013-02-06,150.52000427246094,151.16000366210938,148.957,1.4574,1.7048,0.8549,1,mild_positive
2013-02-07,151.2100067138672,150.9600067138672,149.209,1.1599,1.7038,0.6808,1,mild_positive
2013-02-08,151.22000122070312,151.8000030517578,149.445,1.5514,1.7037,0.9106,1,mild_positive
2013-02-11,151.74000549316406,151.77000427246094,149.68,1.3771,1.6988,0.8106,1,mild_positive
2013-02-12,151.77999877929688,152.02000427246094,149.9325,1.3732,1.6954,0.8099,1,mild_positive
2013-02-13,152.3300018310547,152.14999389648438,150.1865,1.2905,1.6918,0.7628,1,mild_positive
2013-02-14,151.69000244140625,152.2899932861328,150.4485,1.2092,1.6878,0.7164,1,mild_positive
2013-02-15,152.42999267578125,152.11000061035156,150.654,0.9572,1.6839,0.5684,1,mild_positive
2013-02-19,152.3699951171875,153.25,150.9,1.5334,1.6841,0.9106,1,mild_positive
2013-02-20,153.13999938964844,151.33999633789062,151.0105,0.2177,1.6815,0.1295,1,mild_positive
2013-02-21,150.9600067138672,150.4199981689453,151.063,-0.4275,1.6809,-0.2543,-1,mild_negative
2013-02-22,151.14999389648438,151.88999938964844,151.187,0.4628,1.6805,0.2754,1,mild_positive
2013-02-25,152.6300048828125,149.0,151.1245,-1.4258,1.6819,-0.8477,-1,mild_negative
2013-02-26,149.72000122070312,150.02000427246094,151.122,-0.7346,1.6805,-0.4371,-1,mild_negative
2013-02-27,149.88999938964844,151.91000366210938,151.1845,0.4776,1.678,0.2846,1,mild_positive
2013-02-28,151.89999389648438,151.61000061035156,151.2615,0.2299,1.6769,0.1371,1,mild_positive
2013-03-01,151.08999633789062,152.11000061035156,151.382,0.4786,1.675,0.2857,1,mild_positive
2013-03-04,151.75999450683594,152.9199981689453,151.466,0.9508,1.6734,0.5682,1,mild_positive
2013-03-05,153.66000366210938,154.2899932861328,151.7035,1.6764,1.6734,1.0018,2,positive
2013-03-06,154.83999633789062,154.5,151.876,1.6984,1.6733,1.015,2,positive
2013-03-07,154.6999969482422,154.77999877929688,152.057,1.7593,1.6748,1.0504,2,positive
2013-03-08,155.4600067138672,155.44000244140625,152.281,2.0323,1.6766,1.2121,2,positive
2013-03-11,155.32000732421875,156.02999877929688,152.4925,2.2672,1.6803,1.3493,2,positive
2013-03-12,155.9199981689453,155.67999267578125,152.688,1.9219,1.683,1.1419,2,positive
2013-03-13,155.75999450683594,155.89999389648438,152.882,1.9359,1.6834,1.15,2,positive
2013-03-14,156.30999755859375,156.72999572753906,153.111,2.3091,1.6869,1.3688,2,positive
2013-03-15,155.85000610351562,155.8300018310547,153.288,1.6313,1.6886,0.9661,1,mild_positive
2013-03-18,154.33999633789062,154.97000122070312,153.431,0.9931,1.6887,0.5881,1,mild_positive
2013-03-19,155.3000030517578,154.61000061035156,153.499,0.7186,1.6886,0.4255,1,mild_positive
2013-03-20,155.52000427246094,155.69000244140625,153.7165,1.2676,1.685,0.7523,1,mild_positive
2013-03-21,154.75999450683594,154.36000061035156,153.9135,0.2893,1.6817,0.172,1,mild_positive
2013-03-22,154.85000610351562,155.60000610351562,154.099,0.9647,1.6772,0.5752,1,mild_positive
2013-03-25,156.00999450683594,154.9499969482422,154.3965,0.3572,1.6742,0.2134,1,mild_positive
2013-03-26,155.58999633789062,156.19000244140625,154.705,0.9508,1.6706,0.5691,1,mild_positive
2013-03-27,155.25999450683594,156.19000244140625,154.919,0.8138,1.6685,0.4877,1,mild_positive
2013-03-28,156.08999633789062,156.6699981689453,155.172,0.9561,1.6675,0.5734,1,mild_positive
2013-04-01,156.58999633789062,156.0500030517578,155.369,0.4364,1.6674,0.2617,1,mild_positive
2013-04-02,156.61000061035156,156.82000732421875,155.564,0.8009,1.6672,0.4804,1,mild_positive
2013-04-03,156.91000366210938,155.22999572753906,155.611,-0.2454,1.6642,-0.1475,-1,mild_negative
2013-04-04,155.42999267578125,155.86000061035156,155.679,0.1161,1.6622,0.0699,1,mild_positive
2013-04-05,153.9499969482422,155.16000366210938,155.698,-0.3467,1.6623,-0.2086,-1,mild_negative
2013-04-08,155.27000427246094,156.2100067138672,155.7365,0.3031,1.662,0.1824,1,mild_positive
2013-04-09,156.5,156.75,155.7725,0.6236,1.6615,0.3753,1,mild_positive
2013-04-10,157.1699981689453,158.6699981689453,155.922,1.7319,1.6617,1.0422,2,positive
2013-04-11,158.6999969482422,159.19000244140625,156.0865,1.9496,1.6642,1.1715,2,positive
2013-04-12,158.67999267578125,158.8000030517578,156.19,1.6436,1.6658,0.9867,1,mild_positive
2013-04-15,158.0,155.1199951171875,156.1545,-0.6669,1.6666,-0.4002,-1,mild_negative
2013-04-16,156.2899932861328,157.41000366210938,156.2765,0.7201,1.6627,0.4331,1,mild_positive
2013-04-17,156.2899932861328,155.11000061035156,156.3015,-0.7682,1.6498,-0.4656,-1,mild_negative
2013-04-18,155.3699951171875,154.13999938964844,156.224,-1.352,1.6455,-0.8216,-1,mild_negative
2013-04-19,154.5,155.47999572753906,156.28,-0.5145,1.6448,-0.3128,-1,mild_negative
2013-04-22,155.77999877929688,156.1699981689453,156.3085,-0.0887,1.6387,-0.0541,-1,mild_negative
2013-04-23,156.9499969482422,157.77999877929688,156.45,0.8429,1.6328,0.5163,1,mild_positive
2013-04-24,157.8300018310547,157.8800048828125,156.5345,0.8522,1.6324,0.5221,1,mild_positive
2013-04-25,158.33999633789062,158.52000427246094,156.651,1.179,1.6319,0.7225,1,mild_positive
2013-04-26,158.3300018310547,158.24000549316406,156.7295,0.9546,1.6293,0.5859,1,mild_positive
2013-04-29,158.6699981689453,159.3000030517578,156.892,1.5116,1.6284,0.9283,1,mild_positive
2013-04-30,159.27000427246094,159.67999267578125,157.035,1.6564,1.6247,1.0195,2,positive
2013-05-01,159.3300018310547,158.27999877929688,157.1875,0.6902,1.6217,0.4256,1,mild_positive
2013-05-02,158.67999267578125,159.75,157.382,1.4823,1.6229,0.9134,1,mild_positive
2013-05-03,161.13999938964844,161.3699951171875,157.6925,2.2789,1.6265,1.4011,2,positive
2013-05-06,161.49000549316406,161.77999877929688,157.971,2.3544,1.6302,1.4443,2,positive
2013-05-07,162.1300048828125,162.60000610351562,158.2635,2.667,1.6357,1.6305,2,positive
2013-05-08,162.4199981689453,163.33999633789062,158.497,2.965,1.6419,1.8059,2,positive
2013-05-09,163.27000427246094,162.8800048828125,158.6815,2.5777,1.6464,1.5656,2,positive
2013-05-10,162.99000549316406,163.41000366210938,158.912,2.7526,1.6524,1.6658,2,positive
2013-05-13,163.1999969482422,163.5399932861328,159.333,2.5725,1.6545,1.5548,2,positive
2013-05-14,163.6699981689453,165.22999572753906,159.724,3.3323,1.6613,2.0059,3,extreme_positive
2013-05-15,164.9600067138672,166.1199951171875,160.2745,3.5188,1.6674,2.1104,3,extreme_positive
2013-05-16,165.77999877929688,165.33999633789062,160.8345,2.725,1.6656,1.6361,2,positive
2013-05-17,165.9499969482422,166.94000244140625,161.4075,3.3141,1.6687,1.9861,2,positive
2013-05-20,166.77999877929688,166.92999267578125,161.9455,2.986,1.6682,1.79,2,positive
2013-05-21,167.0800018310547,167.1699981689453,162.415,2.8444,1.6594,1.7141,2,positive
2013-05-22,167.33999633789062,165.92999267578125,162.8175,1.8758,1.6429,1.1417,2,positive
2013-05-23,164.16000366210938,165.4499969482422,163.164,1.3817,1.6232,0.8512,1,mild_positive
2013-05-24,164.47000122070312,165.30999755859375,163.5175,1.0843,1.5873,0.6831,1,mild_positive
2013-05-28,167.0399932861328,166.3000030517578,163.8675,1.4627,1.5421,0.9485,1,mild_positive
2013-05-29,165.4199981689453,165.22000122070312,164.1445,0.651,1.5205,0.4281,1,mild_positive
2013-05-30,165.35000610351562,165.8300018310547,164.522,0.7888,1.5023,0.525,1,mild_positive
2013-05-31,165.3699951171875,163.4499969482422,164.707,-0.769,1.4898,-0.5162,-1,mild_negative
2013-06-03,163.8300018310547,164.35000610351562,164.856,-0.3079,1.4798,-0.208,-1,mild_negative
2013-06-04,164.44000244140625,163.55999755859375,164.945,-0.8468,1.4715,-0.5755,-1,mild_negative
2013-06-05,163.08999633789062,161.27000427246094,164.8785,-2.2375,1.4805,-1.5113,-2,negative
2013-06-06,161.1999969482422,162.72999572753906,164.848,-1.3015,1.4768,-0.8813,-1,mild_negative
2013-06-07,163.85000610351562,164.8000030517578,164.944,-0.0874,1.4691,-0.0595,-1,mild_negative
2013-06-10,165.30999755859375,164.8000030517578,165.0135,-0.1295,1.4395,-0.09,-1,mild_negative
2013-06-11,163.3000030517578,163.10000610351562,164.9915,-1.1597,1.4172,-0.8183,-1,mild_negative
2013-06-12,164.22000122070312,161.75,164.8175,-1.8964,1.4113,-1.3438,-2,negative
2013-06-13,161.66000366210938,164.2100067138672,164.722,-0.3118,1.4118,-0.2209,-1,mild_negative
2013-06-14,164.02999877929688,163.17999267578125,164.614,-0.8788,1.4149,-0.6211,-1,mild_negative
2013-06-17,164.2899932861328,164.44000244140625,164.489,-0.0298,1.4158,-0.021,-1,mild_negative
2013-06-18,164.52999877929688,165.74000549316406,164.4295,0.7907,1.4145,0.559,1,mild_positive
2013-06-19,165.60000610351562,163.4499969482422,164.2435,-0.4855,1.4168,-0.3427,-1,mild_negative
2013-06-20,161.86000061035156,159.39999389648438,163.917,-2.8338,1.4348,-1.9751,-2,negative
2013-06-21,159.63999938964844,159.07000732421875,163.598,-2.8465,1.4521,-1.9603,-2,negative
2013-06-24,157.41000366210938,157.05999755859375,163.1855,-3.9001,1.4798,-2.6356,-3,extreme_negative
2013-06-25,158.47999572753906,158.57000732421875,162.799,-2.667,1.4936,-1.7856,-2,negative
2013-06-26,159.8699951171875,160.13999938964844,162.545,-1.5018,1.4953,-1.0044,-2,negative
2013-06-27,161.10000610351562,161.0800018310547,162.3075,-0.762,1.4946,-0.5099,-1,mild_negative
2013-06-28,160.6300048828125,160.4199981689453,162.156,-1.0822,1.4983,-0.7223,-1,mild_negative
2013-07-01,161.25999450683594,161.36000061035156,162.0065,-0.4007,1.4999,-0.2671,-1,mild_negative
2013-07-02,161.1199951171875,161.2100067138672,161.889,-0.4212,1.4987,-0.281,-1,mild_negative
2013-07-03,160.47999572753906,161.27999877929688,161.8895,-0.3779,1.4992,-0.2521,-1,mild_negative
2013-07-05,162.47000122070312,163.02000427246094,161.904,0.6846,1.4992,0.4566,1,mild_positive
2013-07-08,163.86000061035156,163.9499969482422,161.8615,1.2739,1.4995,0.8495,1,mild_positive
2013-07-09,164.97999572753906,165.1300048828125,161.878,1.9694,1.4975,1.3151,2,positive
2013-07-10,164.97000122070312,165.19000244140625,161.9825,1.9417,1.4956,1.2983,2,positive
2013-07-11,167.11000061035156,167.44000244140625,162.267,3.0895,1.4974,2.0632,3,extreme_positive
2013-07-12,167.38999938964844,167.50999450683594,162.432,3.0315,1.5018,2.0186,3,extreme_positive
2013-07-15,167.97000122070312,168.14999389648438,162.6805,3.2527,1.5101,2.154,3,extreme_positive
2013-07-16,168.25999450683594,167.52000427246094,162.8345,2.797,1.5157,1.8454,2,positive
2013-07-17,168.16000366210938,167.9499969482422,162.945,2.9801,1.5215,1.9587,2,positive
2013-07-18,168.30999755859375,168.8699951171875,163.216,3.3481,1.5294,2.1892,3,extreme_positive
2013-07-19,168.52000427246094,169.1699981689453,163.7045,3.2308,1.5347,2.1051,3,extreme_positive
2013-07-22,169.41000366210938,169.5,164.226,3.1115,1.5418,2.0181,3,extreme_positive
2013-07-23,169.8000030517578,169.13999938964844,164.83,2.5482,1.5458,1.6485,2,positive
2013-07-24,169.7899932861328,168.52000427246094,165.3275,1.8944,1.5471,1.2245,2,positive
2013-07-25,168.22000122070312,168.92999267578125,165.767,1.8724,1.547,1.2103,2,positive
2013-07-26,168.22000122070312,169.11000061035156,166.1685,1.7394,1.546,1.1251,2,positive
2013-07-29,168.67999267578125,168.58999633789062,166.577,1.194,1.5462,0.7722,1,mild_positive
2013-07-30,169.10000610351562,168.58999633789062,166.9385,0.9796,1.5454,0.6339,1,mild_positive
2013-07-31,168.94000244140625,168.7100067138672,167.3135,0.8278,1.5413,0.537,1,mild_positive
2013-08-01,169.99000549316406,170.66000366210938,167.7825,1.6861,1.538,1.0963,2,positive
2013-08-02,170.27999877929688,170.9499969482422,168.179,1.6209,1.5387,1.0534,2,positive
2013-08-05,170.57000732421875,170.6999969482422,168.5165,1.2791,1.537,0.8322,1,mild_positive
2013-08-06,170.3699951171875,169.72999572753906,168.7465,0.5794,1.5353,0.3774,1,mild_positive
2013-08-07,169.19000244140625,169.17999267578125,168.946,0.1383,1.5355,0.0901,1,mild_positive
2013-08-08,169.97999572753906,169.8000030517578,169.064,0.4335,1.5355,0.2823,1,mild_positive
2013-08-09,169.5800018310547,169.30999755859375,169.154,0.0921,1.536,0.06,1,mild_positive
2013-08-12,168.4600067138672,169.11000061035156,169.202,-0.0544,1.5341,-0.0355,-1,mild_negative
2013-08-13,169.41000366210938,169.61000061035156,169.3065,0.1789,1.5316,0.1168,1,mild_positive
2013-08-14,169.52999877929688,168.74000549316406,169.346,-0.3591,1.529,-0.2349,-1,mild_negative
2013-08-15,167.41000366210938,166.3800048828125,169.2215,-1.7078,1.533,-1.1141,-2,negative
2013-08-16,166.05999755859375,165.8300018310547,169.0545,-1.9445,1.539,-1.2634,-2,negative
2013-08-19,165.63999938964844,164.77000427246094,168.818,-2.4568,1.5488,-1.5863,-2,negative
2013-08-20,165.0399932861328,165.5800018310547,168.64,-1.848,1.5547,-1.1887,-2,negative
2013-08-21,165.1199951171875,164.55999755859375,168.442,-2.359,1.5645,-1.5078,-2,negative
2013-08-22,164.89999389648438,166.05999755859375,168.2985,-1.348,1.5678,-0.8598,-1,mild_negative
2013-08-23,166.5500030517578,166.6199951171875,168.174,-0.9327,1.567,-0.5952,-1,mild_negative
2013-08-26,166.7899932861328,166.0,168.0445,-1.2316,1.5676,-0.7857,-1,mild_negative
2013-08-27,164.36000061035156,163.3300018310547,167.7815,-2.7255,1.5788,-1.7263,-2,negative
2013-08-28,163.25999450683594,163.91000366210938,167.5415,-2.2155,1.5876,-1.3956,-2,negative
2013-08-29,163.5500030517578,164.1699981689453,167.217,-1.856,1.5943,-1.1641,-2,negative
2013-08-30,164.50999450683594,163.64999389648438,166.852,-1.9566,1.6022,-1.2212,-2,negative
2013-09-03,165.22999572753906,164.38999938964844,166.5365,-1.3057,1.6064,-0.8128,-1,mild_negative
2013-09-04,164.42999267578125,165.75,166.3375,-0.3544,1.6074,-0.2205,-1,mild_negative
2013-09-05,165.85000610351562,165.9600067138672,166.1765,-0.1304,1.608,-0.0811,-1,mild_negative
2013-09-06,166.50999450683594,166.0399932861328,165.9885,0.031,1.6083,0.0193,1,mild_positive
2013-09-09,166.4499969482422,167.6300048828125,165.9045,1.0294,1.6075,0.6404,1,mild_positive
2013-09-10,168.63999938964844,168.8699951171875,165.8925,1.7632,1.6089,1.0959,2,positive
2013-09-11,168.63999938964844,169.39999389648438,165.882,2.0767,1.611,1.2891,2,positive
2013-09-12,169.33999633789062,168.9499969482422,165.8925,1.8097,1.6121,1.1226,2,positive
2013-09-13,169.1300048828125,169.3300018310547,166.04,1.943,1.6129,1.2046,2,positive
2013-09-16,171.16000366210938,170.30999755859375,166.264,2.3757,1.6147,1.4713,2,positive
2013-09-17,170.4600067138672,171.07000732421875,166.579,2.6252,1.6192,1.6213,2,positive
2013-09-18,171.00999450683594,173.0500030517578,166.9525,3.5236,1.6288,2.1633,3,extreme_positive
2013-09-19,173.52000427246094,172.75999450683594,167.3625,3.1243,1.6352,1.9107,2,positive
2013-09-20,172.3300018310547,170.72000122070312,167.5955,1.8302,1.6306,1.1224,2,positive
2013-09-23,170.49000549316406,169.92999267578125,167.761,1.2764,1.6233,0.7863,1,mild_positive
2013-09-24,169.89999389648438,169.52999877929688,167.9375,0.9394,1.6182,0.5805,1,mild_positive
2013-09-25,169.63999938964844,169.0399932861328,168.223,0.4833,1.614,0.2994,1,mild_positive
2013-09-26,169.32000732421875,169.69000244140625,168.512,0.6942,1.6103,0.4311,1,mild_positive
2013-09-27,168.83999633789062,168.91000366210938,168.749,0.0953,1.6075,0.0593,1,mild_positive
2013-09-30,167.47999572753906,168.00999450683594,168.967,-0.5696,1.6082,-0.3542,-1,mild_negative
2013-10-01,168.13999938964844,169.33999633789062,169.2145,0.0741,1.6081,0.0461,1,mild_positive
2013-10-02,168.35000610351562,169.17999267578125,169.386,-0.1218,1.6082,-0.0757,-1,mild_negative
2013-10-03,168.7899932861328,167.6199951171875,169.469,-1.1031,1.6098,-0.6852,-1,mild_negative
2013-10-04,167.75,168.88999938964844,169.6115,-0.4272,1.6108,-0.2652,-1,mild_negative
2013-10-07,167.4199981689453,167.42999267578125,169.6015,-1.297,1.6139,-0.8036,-1,mild_negative
2013-10-08,167.39999389648438,165.47999572753906,169.432,-2.3882,1.6236,-1.471,-2,negative
2013-10-09,165.8000030517578,165.60000610351562,169.242,-2.1993,1.6318,-1.3477,-2,negative
2013-10-10,167.2899932861328,169.1699981689453,169.253,-0.0491,1.6319,-0.0301,-1,mild_negative
2013-10-11,168.91000366210938,170.25999450683594,169.2995,0.5641,1.6319,0.3457,1,mild_positive
2013-10-14,169.2100067138672,170.94000244140625,169.331,0.9413,1.6321,0.5767,1,mild_positive
2013-10-15,170.50999450683594,169.6999969482422,169.2625,0.2578,1.632,0.158,1,mild_positive
2013-10-16,170.72000122070312,172.07000732421875,169.2135,1.6601,1.6312,1.0177,2,positive
2013-10-17,171.3699951171875,173.22000122070312,169.2365,2.2997,1.63,1.4109,2,positive
2013-10-18,173.86000061035156,174.38999938964844,169.42,2.8499,1.6321,1.7462,2,positive
2013-10-21,174.4499969482422,174.39999389648438,169.6435,2.7273,1.6325,1.6706,2,positive
2013-10-22,174.91000366210938,175.41000366210938,169.9375,3.1198,1.6386,1.9039,2,positive
2013-10-23,174.80999755859375,174.57000732421875,170.214,2.4953,1.6429,1.5189,2,positive
2013-10-24,174.9199981689453,175.14999389648438,170.487,2.6623,1.6477,1.6157,2,positive
2013-10-25,175.50999450683594,175.9499969482422,170.839,2.9048,1.6539,1.7563,2,positive
2013-10-28,175.88999938964844,176.22999572753906,171.25,2.8259,1.657,1.7054,2,positive
2013-10-29,176.6300048828125,177.1699981689453,171.6415,3.1204,1.6618,1.8777,2,positive
2013-10-30,177.3800048828125,176.2899932861328,171.997,2.4352,1.6565,1.47,2,positive
2013-10-31,176.14999389648438,175.7899932861328,172.4055,1.9253,1.6478,1.1684,2,positive
2013-11-01,176.02000427246094,176.2100067138672,172.7715,1.9514,1.6417,1.1886,2,positive
2013-11-04,176.69000244140625,176.8300018310547,173.2415,2.0294,1.6359,1.2405,2,positive
2013-11-05,176.13999938964844,176.27000427246094,173.781,1.412,1.6291,0.8668,1,mild_positive
2013-11-06,177.02999877929688,177.1699981689453,174.3595,1.5863,1.6277,0.9746,1,mild_positive
2013-11-07,177.5,174.92999267578125,174.6475,0.1615,1.6225,0.0995,1,mild_positive
2013-11-08,174.8699951171875,177.2899932861328,174.999,1.2922,1.6189,0.7982,1,mild_positive
2013-11-11,177.1199951171875,177.32000732421875,175.318,1.129,1.618,0.6978,1,mild_positive
2013-11-12,176.94000244140625,176.9600067138672,175.681,0.7228,1.6068,0.4498,1,mild_positive
2013-11-13,176.08999633789062,178.3800048828125,175.9965,1.3362,1.5867,0.8421,1,mild_positive
2013-11-14,178.5399932861328,179.27000427246094,176.299,1.6573,1.5695,1.0559,2,positive
2013-11-15,179.55999755859375,180.0500030517578,176.582,1.9261,1.555,1.2387,2,positive
2013-11-18,180.3500061035156,179.4199981689453,176.833,1.4419,1.5375,0.9378,1,mild_positive
2013-11-19,179.3300018310547,179.02999877929688,177.014,1.1261,1.5067,0.7474,1,mild_positive
2013-11-20,179.38999938964844,178.47000122070312,177.209,0.7066,1.4774,0.4782,1,mild_positive
2013-11-21,178.97000122070312,179.91000366210938,177.447,1.369,1.4577,0.9392,1,mild_positive
2013-11-22,179.97999572753906,180.80999755859372,177.69,1.7256,1.4551,1.1858,2,positive
2013-11-25,181.1300048828125,180.6300048828125,177.91,1.5058,1.4529,1.0364,2,positive
2013-11-26,180.72000122070312,180.67999267578125,178.0855,1.436,1.4517,0.9892,1,mild_positive
2013-11-27,180.8699951171875,181.1199951171875,178.327,1.5421,1.4521,1.062,2,positive
2013-11-29,181.32000732421875,181.0,178.5875,1.3329,1.4523,0.9178,1,mild_positive
2013-12-02,181.08999633789065,180.52999877929688,178.8035,0.9563,1.4521,0.6586,1,mild_positive
2013-12-03,179.94000244140625,179.75,178.9495,0.4453,1.4522,0.3067,1,mild_positive
2013-12-04,179.10000610351562,179.72999572753906,179.1225,0.338,1.4518,0.2328,1,mild_positive
2013-12-05,179.41000366210938,178.94000244140625,179.211,-0.1514,1.4524,-0.1043,-1,mild_negative
2013-12-06,180.6699981689453,180.94000244140625,179.5115,0.7895,1.4522,0.5437,1,mild_positive
2013-12-09,181.47000122070312,181.3999938964844,179.717,0.9278,1.4521,0.6389,1,mild_positive
2013-12-10,180.97999572753903,180.75,179.8885,0.4766,1.452,0.3282,1,mild_positive
2013-12-11,180.82000732421875,178.72000122070312,179.9765,-0.7031,1.4548,-0.4833,-1,mild_negative
2013-12-12,178.63999938964844,178.1300048828125,179.964,-1.0296,1.4587,-0.7058,-1,mild_negative
2013-12-13,178.5,178.11000061035156,179.906,-1.0084,1.4626,-0.6894,-1,mild_negative
2013-12-16,178.9499969482422,179.22000122070312,179.8645,-0.3596,1.4624,-0.2459,-1,mild_negative
2013-12-17,179.3800048828125,178.64999389648438,179.826,-0.6583,1.4637,-0.4497,-1,mild_negative
2013-12-18,178.9199981689453,181.6999969482422,179.9595,0.9579,1.4636,0.6545,1,mild_positive
2013-12-19,181.17999267578125,181.4900054931641,180.1105,0.7601,1.4635,0.5194,1,mild_positive
2013-12-20,180.69000244140625,181.55999755859372,180.193,0.7529,1.463,0.5146,1,mild_positive
2013-12-23,182.4499969482422,182.52999877929688,180.279,1.2332,1.4602,0.8446,1,mild_positive
2013-12-24,182.5399932861328,182.92999267578125,180.394,1.3863,1.4601,0.9495,1,mild_positive
2013-12-26,183.33999633789065,183.8600006103516,180.553,1.7987,1.46,1.2319,2,positive
2013-12-27,184.1000061035156,183.8500061035156,180.6895,1.7191,1.4604,1.1771,2,positive
2013-12-30,183.8699951171875,183.82000732421875,180.8305,1.6263,1.4597,1.1142,2,positive
2013-12-31,184.07000732421875,184.69000244140625,181.0385,1.9771,1.4582,1.3559,2,positive
2014-01-02,183.97999572753903,182.9199981689453,181.197,0.9419,1.4543,0.6477,1,mild_positive
2014-01-03,183.22999572753903,182.88999938964844,181.355,0.8393,1.4443,0.5811,1,mild_positive
2014-01-06,183.4900054931641,182.3600006103516,181.526,0.4573,1.4431,0.3169,1,mild_positive
2014-01-07,183.08999633789065,183.47999572753903,181.653,0.9957,1.4408,0.6911,1,mild_positive
2014-01-08,183.4499969482422,183.5200042724609,181.759,0.9596,1.4396,0.6666,1,mild_positive
2014-01-09,184.1100006103516,183.63999938964844,181.9035,0.9456,1.4376,0.6578,1,mild_positive
2014-01-10,183.9499969482422,184.13999938964844,182.1745,1.0674,1.4367,0.7429,1,mild_positive
2014-01-13,183.6699981689453,181.69000244140625,182.3525,-0.3646,1.4386,-0.2535,-1,mild_negative
2014-01-14,182.2899932861328,183.6699981689453,182.6305,0.566,1.4383,0.3935,1,mild_positive
2014-01-15,184.1000061035156,184.66000366210935,182.9025,0.9518,1.4363,0.6627,1,mild_positive
2014-01-16,184.27999877929688,184.4199981689453,183.191,0.6664,1.4347,0.4645,1,mild_positive
2014-01-17,184.1000061035156,183.63999938964844,183.288,0.1917,1.4342,0.1336,1,mild_positive
2014-01-21,184.6999969482422,184.17999267578125,183.4225,0.4113,1.4336,0.2869,1,mild_positive
2014-01-22,184.4900054931641,184.3000030517578,183.5595,0.4018,1.4333,0.2803,1,mild_positive
2014-01-23,183.3699951171875,182.7899932861328,183.5725,-0.4281,1.4335,-0.2986,-1,mild_negative
2014-01-24,181.6000061035156,178.88999938964844,183.3705,-2.5046,1.4462,-1.7318,-2,negative
2014-01-27,179.05999755859375,178.00999450683594,183.078,-2.847,1.4603,-1.9496,-2,negative
2014-01-28,178.13999938964844,179.07000732421875,182.839,-2.1048,1.4677,-1.434,-2,negative
2014-01-29,177.5800018310547,177.35000610351562,182.5155,-2.9126,1.4828,-1.9642,-2,negative
2014-01-30,178.8300018310547,179.22999572753906,182.2425,-1.6808,1.4865,-1.1307,-2,negative
2014-01-31,177.00999450683594,178.17999267578125,182.0055,-2.147,1.4949,-1.4362,-2,negative
2014-02-03,177.97000122070312,174.1699981689453,181.5695,-4.2484,1.5243,-2.7872,-3,extreme_negative
2014-02-04,174.9499969482422,175.38999938964844,181.221,-3.3246,1.5441,-2.1532,-3,extreme_negative
2014-02-05,174.77999877929688,175.1699981689453,180.8055,-3.2172,1.5629,-2.0584,-3,extreme_negative
2014-02-06,175.5800018310547,177.47999572753906,180.5035,-1.7036,1.5677,-1.0866,-2,negative
2014-02-07,178.30999755859375,179.67999267578125,180.3055,-0.3481,1.569,-0.2219,-1,mild_negative
2014-02-10,179.6999969482422,180.00999450683594,180.099,-0.0494,1.5685,-0.0315,-1,mild_negative
2014-02-11,180.16000366210935,181.97999572753903,180.1135,1.0257,1.5678,0.6542,1,mild_positive
2014-02-12,182.25,182.07000732421875,180.0335,1.1185,1.5678,0.7135,1,mild_positive
2014-02-13,180.83999633789065,183.00999450683597,179.951,1.6715,1.5681,1.066,2,positive
2014-02-14,182.83999633789065,184.0200042724609,179.931,2.222,1.5705,1.4148,2,positive
2014-02-18,184.17999267578125,184.2400054931641,179.961,2.3225,1.5734,1.4761,2,positive
2014-02-19,183.75999450683597,183.0200042724609,179.903,1.7031,1.5743,1.0818,2,positive
2014-02-20,183.2700042724609,184.1000061035156,179.893,2.2852,1.5772,1.4488,2,positive
2014-02-21,184.4499969482422,183.88999938964844,179.948,2.1437,1.5799,1.3568,2,positive
2014-02-24,184.27999877929688,184.91000366210935,180.249,2.5207,1.5833,1.5921,2,positive
2014-02-25,185.05999755859372,184.83999633789065,180.5905,2.299,1.5864,1.4492,2,positive
2014-02-26,185.1100006103516,184.8500061035156,180.8795,2.148,1.5876,1.353,2,positive
2014-02-27,184.5800018310547,185.82000732421875,181.303,2.4309,1.5913,1.5276,2,positive
2014-02-28,185.7899932861328,186.2899932861328,181.656,2.4875,1.5898,1.5647,2,positive
2014-03-03,184.6499938964844,184.97999572753903,181.996,1.6131,1.5882,1.0157,2,positive
2014-03-04,186.7899932861328,187.5800018310547,182.6665,2.6194,1.5927,1.6447,2,positive
2014-03-05,187.7400054931641,187.75,183.2845,2.3784,1.5958,1.4904,2,positive
2014-03-06,188.2100067138672,188.17999267578125,183.935,2.2558,1.5986,1.4111,2,positive
2014-03-07,188.9600067138672,188.25999450683597,184.474,2.011,1.6005,1.2565,2,positive
2014-03-10,187.97000122070312,188.16000366210935,184.898,1.7336,1.6007,1.0831,2,positive
2014-03-11,188.44000244140625,187.22999572753903,185.259,1.0527,1.5997,0.6581,1,mild_positive
2014-03-12,186.32000732421875,187.27999877929688,185.524,0.9376,1.5984,0.5866,1,mild_positive
2014-03-13,187.83999633789065,185.17999267578125,185.6795,-0.2697,1.5975,-0.1688,-1,mild_negative
2014-03-14,184.8500061035156,184.66000366210935,185.762,-0.5968,1.5967,-0.3738,-1,mild_negative
2014-03-17,185.58999633789065,186.3300018310547,185.8775,0.2428,1.5951,0.1522,1,mild_positive
2014-03-18,186.7100067138672,187.66000366210935,186.0485,0.8587,1.5933,0.539,1,mild_positive
2014-03-19,187.67999267578125,186.66000366210935,186.2305,0.2301,1.5903,0.1447,1,mild_positive
2014-03-20,186.25,187.75,186.413,0.7121,1.5892,0.4481,1,mild_positive
2014-03-21,187.7100067138672,186.1999969482422,186.5285,-0.1764,1.59,-0.111,-1,mild_negative
2014-03-24,186.83999633789065,185.42999267578125,186.5545,-0.6064,1.5921,-0.3809,-1,mild_negative
2014-03-25,186.3699951171875,186.30999755859372,186.628,-0.1707,1.5925,-0.1072,-1,mild_negative
2014-03-26,187.0399932861328,184.97000122070312,186.634,-0.8996,1.5954,-0.5639,-1,mild_negative
2014-03-27,184.75,184.5800018310547,186.572,-1.0792,1.599,-0.6749,-1,mild_negative
2014-03-28,185.1100006103516,185.4900054931641,186.532,-0.5618,1.6007,-0.3509,-1,mild_negative
2014-03-31,186.6699981689453,187.00999450683597,186.6335,0.2013,1.6008,0.1258,1,mild_positive
2014-04-01,187.6199951171875,188.25,186.667,0.8409,1.6009,0.5253,1,mild_positive
2014-04-02,188.4900054931641,188.8800048828125,186.7235,1.1417,1.601,0.7131,1,mild_positive
2014-04-03,189.1699981689453,188.6300048828125,186.746,0.9988,1.6011,0.6238,1,mild_positive
2014-04-04,189.66000366210935,186.3999938964844,186.653,-0.1357,1.6019,-0.0847,-1,mild_negative
2014-04-07,185.9499969482422,184.33999633789065,186.462,-1.1511,1.6049,-0.7173,-1,mild_negative
2014-04-08,184.25999450683597,185.1000061035156,186.3555,-0.6783,1.6067,-0.4222,-1,mild_negative
2014-04-09,185.6000061035156,187.08999633789065,186.346,0.3977,1.6055,0.2477,1,mild_positive
2014-04-10,187.0800018310547,183.16000366210935,186.245,-1.6843,1.612,-1.0448,-2,negative
2014-04-11,182.13999938964844,181.50999450683597,186.0875,-2.5219,1.6241,-1.5528,-2,negative
2014-04-14,182.92999267578125,182.94000244140625,185.918,-1.6279,1.6288,-0.9994,-1,mild_negative
2014-04-15,183.32000732421875,184.1999969482422,185.745,-0.8388,1.6291,-0.5149,-1,mild_negative
2014-04-16,185.47000122070312,186.1300048828125,185.7185,0.2211,1.628,0.1358,1,mild_positive
2014-04-17,185.8800048828125,186.38999938964844,185.6505,0.3967,1.6261,0.244,1,mild_positive
2014-04-21,186.44000244140625,187.0399932861328,185.6925,0.7204,1.6261,0.443,1,mild_positive
2014-04-22,187.22999572753903,187.88999938964844,185.8155,1.1041,1.6241,0.6798,1,mild_positive
2014-04-23,187.82000732421875,187.4499969482422,185.8725,0.8416,1.6195,0.5196,1,mild_positive
2014-04-24,188.3699951171875,187.8300018310547,186.0155,0.966,1.6181,0.597,1,mild_positive
2014-04-25,187.22000122070312,186.2899932861328,186.101,0.1015,1.6178,0.0627,1,mild_positive
2014-04-28,187.0500030517578,186.8800048828125,186.1705,0.3797,1.6178,0.2347,1,mild_positive
2014-04-29,187.47999572753903,187.75,186.2075,0.8216,1.6178,0.5078,1,mild_positive
2014-04-30,187.44000244140625,188.30999755859372,186.2105,1.1149,1.6177,0.6892,1,mild_positive
2014-05-01,188.22000122070312,188.3300018310547,186.183,1.14,1.6179,0.7046,1,mild_positive
2014-05-02,188.30999755859372,188.05999755859372,186.1545,1.0132,1.6171,0.6266,1,mild_positive
2014-05-05,187.13999938964844,188.4199981689453,186.2555,1.1488,1.6161,0.7108,1,mild_positive
2014-05-06,188.0,186.77999877929688,186.3775,0.2155,1.6163,0.1333,1,mild_positive
2014-05-07,187.41000366210935,187.8800048828125,186.5165,0.7257,1.6154,0.4492,1,mild_positive
2014-05-08,187.7100067138672,187.67999267578125,186.546,0.6042,1.612,0.3748,1,mild_positive
2014-05-09,187.7100067138672,187.9600067138672,186.786,0.6246,1.6083,0.3884,1,mild_positive
2014-05-12,188.8000030517578,189.7899932861328,187.2,1.3647,1.6038,0.8509,1,mild_positive
2014-05-13,190.0399932861328,189.9600067138672,187.551,1.2682,1.5974,0.7939,1,mild_positive
2014-05-14,189.7899932861328,189.05999755859372,187.794,0.6696,1.5925,0.4205,1,mild_positive
2014-05-15,188.67999267578125,187.3999938964844,187.8575,-0.2441,1.5875,-0.1538,-1,mild_negative
2014-05-16,187.50999450683597,188.0500030517578,187.9405,0.0582,1.5828,0.0368,1,mild_positive
2014-05-19,187.69000244140625,188.7400054931641,188.0255,0.3786,1.5732,0.2406,1,mild_positive
2014-05-20,188.6499938964844,187.5500030517578,188.0085,-0.2445,1.5629,-0.1564,-1,mild_negative
2014-05-21,188.08999633789065,189.1300048828125,188.0925,0.5486,1.5568,0.3524,1,mild_positive
2014-05-22,189.17999267578125,189.58999633789065,188.1805,0.7434,1.5469,0.4806,1,mild_positive
2014-05-23,189.75999450683597,190.3500061035156,188.3835,1.0331,1.5395,0.6711,1,mild_positive
2014-05-27,191.05999755859372,191.5200042724609,188.6155,1.5166,1.5338,0.9888,1,mild_positive
2014-05-28,191.5200042724609,191.3800048828125,188.797,1.3497,1.5323,0.8808,1,mild_positive
2014-05-29,191.82000732421875,192.3699951171875,189.0,1.7518,1.5333,1.1425,2,positive
2014-05-30,192.19000244140625,192.67999267578125,189.2175,1.797,1.535,1.1707,2,positive
2014-06-02,192.9499969482422,192.8999938964844,189.4595,1.7836,1.5359,1.1612,2,positive
2014-06-03,192.42999267578125,192.8000030517578,189.6785,1.619,1.5375,1.053,2,positive
2014-06-04,192.47000122070312,193.19000244140625,189.999,1.6517,1.539,1.0732,2,positive
2014-06-05,193.41000366210935,194.4499969482422,190.3275,2.1201,1.5402,1.3765,2,positive
2014-06-06,194.8699951171875,195.3800048828125,190.7125,2.3889,1.5437,1.5475,2,positive
2014-06-09,195.3500061035156,195.5800018310547,191.0935,2.2939,1.5452,1.4846,2,positive
2014-06-10,195.33999633789065,195.6000061035156,191.384,2.1554,1.5385,1.401,2,positive
2014-06-11,194.8999938964844,194.9199981689453,191.632,1.6868,1.5356,1.0985,2,positive
2014-06-12,194.69000244140625,193.5399932861328,191.856,0.8701,1.5351,0.5668,1,mild_positive
2014-06-13,193.9199981689453,194.1300048828125,192.1925,0.998,1.5347,0.6503,1,mild_positive
2014-06-16,193.88999938964844,194.2899932861328,192.5045,0.919,1.5309,0.6003,1,mild_positive
2014-06-17,194.0200042724609,194.8300018310547,192.809,1.0373,1.5232,0.681,1,mild_positive
2014-06-18,194.8300018310547,196.25999450683597,193.2445,1.5365,1.5232,1.0087,2,positive
2014-06-19,196.42999267578125,196.47999572753903,193.612,1.4597,1.5212,0.9596,1,mild_positive
2014-06-20,196.02999877929688,195.94000244140625,193.9295,1.0261,1.5209,0.6747,1,mild_positive
2014-06-23,195.9900054931641,195.8800048828125,194.206,0.8546,1.5209,0.5619,1,mild_positive
2014-06-24,195.52999877929688,194.6999969482422,194.365,0.1721,1.5196,0.1132,1,mild_positive
2014-06-25,194.2899932861328,195.5800018310547,194.575,0.5139,1.5039,0.3417,1,mild_positive
2014-06-26,195.6100006103516,195.44000244140625,194.7285,0.3641,1.488,0.2447,1,mild_positive
2014-06-27,194.97999572753903,195.82000732421875,194.8855,0.4772,1.4602,0.3268,1,mild_positive
2014-06-30,195.6999969482422,195.72000122070312,195.0265,0.3543,1.4452,0.2452,1,mild_positive
2014-07-01,196.1999969482422,197.02999877929688,195.238,0.9095,1.4388,0.6321,1,mild_positive
2014-07-02,197.0500030517578,197.22999572753903,195.44,0.9076,1.4359,0.6321,1,mild_positive
2014-07-03,197.7899932861328,198.1999969482422,195.6275,1.2979,1.432,0.9064,1,mild_positive
2014-07-07,197.82000732421875,197.50999450683597,195.734,0.8992,1.4304,0.6286,1,mild_positive
2014-07-08,197.1499938964844,196.2400054931641,195.767,0.241,1.4289,0.1687,1,mild_positive
2014-07-09,196.72999572753903,197.1199951171875,195.843,0.6478,1.4273,0.4539,1,mild_positive
2014-07-10,195.22000122070312,196.33999633789065,195.914,0.217,1.4276,0.152,1,mild_positive
2014-07-11,196.22000122070312,196.6100006103516,196.0675,0.2759,1.4274,0.1933,1,mild_positive
2014-07-14,197.6100006103516,197.6000061035156,196.241,0.6878,1.4253,0.4825,1,mild_positive
2014-07-15,197.72000122070312,197.22999572753903,196.388,0.4269,1.4233,0.3,1,mild_positive
2014-07-16,198.1100006103516,197.9600067138672,196.5445,0.715,1.4153,0.5052,1,mild_positive
2014-07-17,197.3500061035156,195.7100067138672,196.517,-0.4123,1.4093,-0.2926,-1,mild_negative
2014-07-18,196.3500061035156,197.7100067138672,196.5785,0.5723,1.4,0.4088,1,mild_positive
2014-07-21,197.08999633789065,197.33999633789065,196.6485,0.3504,1.3938,0.2514,1,mild_positive
2014-07-22,198.00999450683597,198.1999969482422,196.7645,0.7243,1.3861,0.5225,1,mild_positive
2014-07-23,198.5,198.63999938964844,196.9615,0.845,1.3758,0.6142,1,mild_positive
2014-07-24,198.8300018310547,198.6499938964844,197.115,0.7727,1.3661,0.5656,1,mild_positive
2014-07-25,198.08999633789065,197.72000122070312,197.229,0.2483,1.3574,0.1829,1,mild_positive
2014-07-28,197.75999450683597,197.8000030517578,197.328,0.2386,1.3522,0.1765,1,mild_positive
2014-07-29,198.1699981689453,196.9499969482422,197.3895,-0.2232,1.3508,-0.1652,-1,mild_negative
2014-07-30,197.6499938964844,196.97999572753903,197.387,-0.2066,1.3493,-0.1531,-1,mild_negative
2014-07-31,195.6100006103516,193.08999633789065,197.18,-2.1182,1.358,-1.5597,-2,negative
2014-08-01,192.55999755859372,192.5,196.895,-2.2831,1.3693,-1.6674,-2,negative
2014-08-04,192.8699951171875,193.88999938964844,196.714,-1.4565,1.3749,-1.0594,-2,negative
2014-08-05,193.1000061035156,192.00999450683597,196.5025,-2.3397,1.3866,-1.6873,-2,negative
2014-08-06,191.1100006103516,192.07000732421875,196.25,-2.1763,1.3952,-1.5599,-2,negative
2014-08-07,192.94000244140625,191.02999877929688,195.9845,-2.5936,1.4071,-1.8432,-2,negative
2014-08-08,191.4600067138672,193.2400054931641,195.816,-1.3331,1.411,-0.9448,-1,mild_negative
2014-08-11,193.97000122070312,193.8000030517578,195.626,-0.9422,1.4139,-0.6664,-1,mild_negative
2014-08-12,193.6100006103516,193.52999877929688,195.441,-0.9874,1.4168,-0.697,-1,mild_negative
2014-08-13,194.2899932861328,194.83999633789065,195.285,-0.2284,1.4175,-0.1611,-1,mild_negative
2014-08-14,195.16000366210935,195.75999450683597,195.2875,0.2414,1.4173,0.1703,1,mild_positive
2014-08-15,196.47000122070312,195.72000122070312,195.188,0.2718,1.417,0.1918,1,mild_positive
2014-08-18,196.8000030517578,197.3600006103516,195.189,1.1,1.4174,0.7761,1,mild_positive
2014-08-19,197.83999633789065,198.38999938964844,195.1985,1.6087,1.4181,1.1344,2,positive
2014-08-20,198.1199951171875,198.9199981689453,195.2125,1.8638,1.4138,1.3183,2,positive
2014-08-21,199.08999633789065,199.5,195.255,2.1278,1.4089,1.5103,2,positive
2014-08-22,199.33999633789065,199.19000244140625,195.3285,1.9386,1.399,1.3857,2,positive
2014-08-25,200.13999938964844,200.1999969482422,195.4485,2.3734,1.3955,1.7007,2,positive
2014-08-26,200.3300018310547,200.3300018310547,195.6175,2.3524,1.3878,1.695,2,positive
2014-08-27,200.42999267578125,200.25,195.781,2.2317,1.3863,1.6099,2,positive
2014-08-28,199.58999633789065,200.13999938964844,196.1335,2.0018,1.3857,1.4446,2,positive
2014-08-29,200.4499969482422,200.7100067138672,196.544,2.0756,1.3839,1.4999,2,positive
2014-09-02,200.97000122070312,200.6100006103516,196.88,1.8593,1.3699,1.3573,2,positive
2014-09-03,201.3800048828125,200.5,197.3045,1.5938,1.3594,1.1724,2,positive
2014-09-04,200.83999633789065,200.2100067138672,197.7115,1.2479,1.3507,0.9239,1,mild_positive
2014-09-05,200.1699981689453,201.1100006103516,198.2155,1.4393,1.3414,1.073,2,positive
2014-09-08,200.9199981689453,200.58999633789065,198.583,1.0005,1.3357,0.7491,1,mild_positive
2014-09-09,200.41000366210935,199.32000732421875,198.859,0.2313,1.3344,0.1733,1,mild_positive
2014-09-10,199.42999267578125,200.07000732421875,199.186,0.4418,1.3335,0.3313,1,mild_positive
2014-09-11,199.2700042724609,200.3000030517578,199.459,0.4199,1.333,0.315,1,mild_positive
2014-09-12,200.1000061035156,199.1300048828125,199.6275,-0.2498,1.3341,-0.1873,-1,mild_negative
2014-09-15,199.16000366210935,198.97999572753903,199.7905,-0.4073,1.3342,-0.3053,-1,mild_negative
2014-09-16,198.6100006103516,200.47999572753903,199.9465,0.2661,1.3315,0.1999,1,mild_positive
2014-09-17,200.7700042724609,200.75,200.0645,0.3415,1.3298,0.2568,1,mild_positive
2014-09-18,201.3600006103516,201.82000732421875,200.2095,0.798,1.3274,0.6012,1,mild_positive
2014-09-19,201.5200042724609,200.6999969482422,200.2695,0.2145,1.3233,0.1621,1,mild_positive
2014-09-22,200.3500061035156,199.1499938964844,200.2675,-0.5611,1.3197,-0.4252,-1,mild_negative
2014-09-23,198.42999267578125,198.00999450683597,200.158,-1.0848,1.3117,-0.827,-1,mild_negative
2014-09-24,198.0399932861328,199.55999755859372,200.1195,-0.2804,1.3034,-0.2151,-1,mild_negative
2014-09-25,199.0399932861328,196.33999633789065,199.924,-1.8254,1.3101,-1.3934,-2,negative
2014-09-26,196.6999969482422,197.8999938964844,199.812,-0.9661,1.313,-0.7358,-1,mild_negative
2014-09-29,196.1999969482422,197.5399932861328,199.6535,-1.0699,1.317,-0.8124,-1,mild_negative
2014-09-30,197.69000244140625,197.0200042724609,199.474,-1.2456,1.3219,-0.9422,-1,mild_negative
2014-10-01,196.6999969482422,194.3500061035156,199.1665,-2.4783,1.3356,-1.8555,-2,negative
2014-10-02,194.17999267578125,194.3800048828125,198.875,-2.3125,1.3474,-1.7162,-2,negative
2014-10-03,195.67999267578125,196.5200042724609,198.6455,-1.0816,1.3495,-0.8015,-1,mild_negative
2014-10-06,197.33999633789065,196.2899932861328,198.4305,-1.0905,1.3531,-0.8059,-1,mild_negative
2014-10-07,195.27999877929688,193.25999450683597,198.1275,-2.5186,1.366,-1.8438,-2,negative
2014-10-08,193.3699951171875,196.63999938964844,197.956,-0.6692,1.3642,-0.4906,-1,mild_negative
2014-10-09,196.3300018310547,192.7400054931641,197.578,-2.5101,1.3762,-1.8239,-2,negative
2014-10-10,192.69000244140625,190.5399932861328,197.1485,-3.4683,1.3942,-2.4877,-3,extreme_negative
2014-10-13,190.4600067138672,187.41000366210935,196.57,-4.8877,1.4232,-3.4343,-3,extreme_negative
2014-10-14,188.4199981689453,187.6999969482422,195.931,-4.3852,1.446,-3.0327,-3,extreme_negative
2014-10-15,185.16000366210935,186.42999267578125,195.215,-4.7122,1.482,-3.1796,-3,extreme_negative
2014-10-16,183.05999755859372,186.2700042724609,194.4375,-4.3848,1.5131,-2.8979,-3,extreme_negative
2014-10-17,188.4199981689453,188.47000122070312,193.826,-2.8418,1.5269,-1.8612,-2,negative
2014-10-20,188.1300048828125,190.3000030517578,193.3835,-1.6203,1.5324,-1.0574,-2,negative
2014-10-21,191.67999267578125,194.07000732421875,193.1865,0.4553,1.5304,0.2975,1,mild_positive
2014-10-22,194.41000366210935,192.69000244140625,192.843,-0.0794,1.5263,-0.052,-1,mild_negative
2014-10-23,194.6199951171875,194.92999267578125,192.7725,1.1068,1.5193,0.7285,1,mild_positive
2014-10-24,195.25,196.42999267578125,192.699,1.8994,1.5152,1.2535,2,positive
2014-10-27,195.72999572753903,196.16000366210935,192.63,1.7996,1.5082,1.1932,2,positive
2014-10-28,196.82000732421875,198.41000366210935,192.6995,2.8781,1.5105,1.9054,2,positive
2014-10-29,198.5500030517578,198.1100006103516,192.8875,2.6362,1.5103,1.7454,2,positive
2014-10-30,197.5800018310547,199.3800048828125,193.1375,3.131,1.5119,2.0709,3,extreme_positive
2014-10-31,201.77999877929688,201.66000366210935,193.3945,4.0987,1.5219,2.6931,3,extreme_positive
2014-11-03,201.9199981689453,201.7700042724609,193.6685,4.0152,1.5292,2.6257,3,extreme_positive
2014-11-04,201.22999572753903,201.07000732421875,194.059,3.4868,1.536,2.27,3,extreme_positive
2014-11-05,202.5399932861328,202.33999633789065,194.344,3.9518,1.549,2.5512,3,extreme_positive
2014-11-06,202.38999938964844,203.1499938964844,194.8645,4.0785,1.5628,2.6097,3,extreme_positive
2014-11-07,203.1699981689453,203.33999633789065,195.5045,3.8534,1.5742,2.4478,3,extreme_positive
2014-11-10,203.3800048828125,203.97999572753903,196.333,3.7489,1.5866,2.3628,3,extreme_positive
2014-11-11,204.05999755859372,204.17999267578125,197.157,3.4396,1.596,2.1552,3,extreme_positive
2014-11-12,203.3500061035156,203.9600067138672,198.0335,2.9057,1.6031,1.8125,2,positive
2014-11-13,204.16000366210935,204.19000244140625,198.9295,2.5763,1.6077,1.6025,2,positive
2014-11-14,204.1000061035156,204.2400054931641,199.718,2.2141,1.6109,1.3745,2,positive
2014-11-17,203.8500061035156,204.3699951171875,200.4215,1.932,1.6133,1.1976,2,positive
2014-11-18,204.44000244140625,205.5500030517578,200.9955,2.2158,1.6161,1.3711,2,positive
2014-11-19,205.30999755859372,205.22000122070312,201.622,1.7532,1.6163,1.0847,2,positive
2014-11-20,204.25999450683597,205.5800018310547,202.1545,1.6663,1.6155,1.0314,2,positive
2014-11-21,207.63999938964844,206.67999267578125,202.667,1.9416,1.617,1.2008,2,positive
2014-11-24,207.1699981689453,207.25999450683597,203.222,1.9483,1.6191,1.2033,2,positive
2014-11-25,207.5399932861328,207.1100006103516,203.657,1.6672,1.6206,1.0287,2,positive
2014-11-26,207.2899932861328,207.63999938964844,204.1335,1.6887,1.6214,1.0415,2,positive
2014-11-28,207.4900054931641,207.1999969482422,204.5245,1.2913,1.6204,0.7969,1,mild_positive
2014-12-01,206.3999938964844,205.75999450683597,204.7295,0.5008,1.6192,0.3093,1,mild_positive
2014-12-02,205.80999755859372,207.08999633789065,204.9955,1.0114,1.6184,0.6249,1,mild_positive
2014-12-03,207.3000030517578,207.88999938964844,205.3365,1.2283,1.6177,0.7593,1,mild_positive
2014-12-04,207.5399932861328,207.66000366210935,205.6025,0.9908,1.6172,0.6127,1,mild_positive
2014-12-05,207.8699951171875,208.0,205.845,1.0361,1.6173,0.6406,1,mild_positive
2014-12-08,207.5200042724609,206.6100006103516,206.0085,0.2911,1.6173,0.18,1,mild_positive
2014-12-09,204.3699951171875,206.47000122070312,206.133,0.1632,1.6174,0.1009,1,mild_positive
2014-12-10,205.91000366210935,203.16000366210935,206.082,-1.4383,1.6215,-0.887,-1,mild_negative
2014-12-11,203.8800048828125,204.19000244140625,206.0935,-0.9322,1.6238,-0.5741,-1,mild_negative
2014-12-12,202.63999938964844,200.88999938964844,205.9285,-2.5081,1.6343,-1.5346,-2,negative
2014-12-15,201.97999572753903,199.50999450683597,205.692,-3.0986,1.6496,-1.8784,-2,negative
2014-12-16,198.5800018310547,197.91000366210935,205.369,-3.7689,1.6691,-2.258,-3,extreme_negative
2014-12-17,198.44000244140625,201.7899932861328,205.181,-1.6805,1.6719,-1.0051,-2,negative
2014-12-18,204.7400054931641,206.77999877929688,205.259,0.7356,1.6695,0.4406,1,mild_positive
2014-12-19,206.42999267578125,206.5200042724609,205.306,0.5878,1.6687,0.3523,1,mild_positive
2014-12-22,206.75,207.47000122070312,205.3455,1.024,1.6676,0.614,1,mild_positive
2014-12-23,208.1699981689453,207.75,205.37,1.1456,1.6679,0.6869,1,mild_positive
2014-12-24,208.0200042724609,207.7700042724609,205.403,1.1392,1.6683,0.6829,1,mild_positive
2014-12-26,208.30999755859372,208.44000244140625,205.443,1.4378,1.6693,0.8613,1,mild_positive
2014-12-29,208.22000122070312,208.72000122070312,205.519,1.5336,1.67,0.9183,1,mild_positive
2014-12-30,208.2100067138672,207.6000061035156,205.611,0.9581,1.6693,0.574,1,mild_positive
2014-12-31,207.9900054931641,205.5399932861328,205.5335,0.0032,1.6674,0.0019,1,mild_positive
2015-01-02,206.3800048828125,205.42999267578125,205.4105,0.0095,1.6658,0.0057,1,mild_positive
2015-01-05,204.1699981689453,201.72000122070312,205.1135,-1.6823,1.6694,-1.0077,-2,negative
2015-01-06,202.08999633789065,199.82000732421875,204.7045,-2.4444,1.6763,-1.4582,-2,negative
2015-01-07,201.4199981689453,202.30999755859372,204.4895,-1.0773,1.6786,-0.6418,-1,mild_negative
2015-01-08,204.00999450683597,205.8999938964844,204.461,0.6989,1.6785,0.4164,1,mild_positive
2015-01-09,206.3999938964844,204.25,204.5155,-0.13,1.6789,-0.0774,-1,mild_negative
2015-01-12,204.41000366210935,202.6499938964844,204.4385,-0.8826,1.6804,-0.5252,-1,mild_negative
2015-01-13,204.1199951171875,202.0800018310547,204.498,-1.1966,1.683,-0.711,-1,mild_negative
2015-01-14,199.6499938964844,200.8600006103516,204.5655,-1.8448,1.6885,-1.0926,-2,negative
2015-01-15,201.6300048828125,199.0200042724609,204.621,-2.8143,1.6997,-1.6557,-2,negative
2015-01-16,198.7700042724609,201.6300048828125,204.613,-1.4794,1.703,-0.8687,-1,mild_negative
2015-01-20,202.3999938964844,202.05999755859372,204.377,-1.1467,1.7056,-0.6723,-1,mild_negative
2015-01-21,201.5,203.0800018310547,204.205,-0.554,1.7062,-0.3247,-1,mild_negative
2015-01-22,203.9900054931641,206.1000061035156,204.1365,0.9527,1.7065,0.5583,1,mild_positive
2015-01-23,205.7899932861328,204.97000122070312,203.9975,0.4745,1.7064,0.278,1,mild_positive
2015-01-26,204.7100067138672,205.4499969482422,203.8815,0.7634,1.7066,0.4473,1,mild_positive
2015-01-27,202.97000122070312,202.7400054931641,203.5965,-0.4225,1.7073,-0.2474,-1,mild_negative
2015-01-28,204.1699981689453,200.13999938964844,203.1675,-1.5127,1.7106,-0.8843,-1,mild_negative
2015-01-29,200.3800048828125,201.9900054931641,202.887,-0.4441,1.7019,-0.2609,-1,mild_negative
2015-01-30,200.57000732421875,199.4499969482422,202.5825,-1.5706,1.6943,-0.9269,-1,mild_negative
2015-02-02,200.0500030517578,201.9199981689453,202.407,-0.2412,1.6877,-0.1429,-1,mild_negative
2015-02-03,203.0,204.83999633789065,202.563,1.1116,1.6757,0.6634,1,mild_positive
2015-02-04,203.9199981689453,204.05999755859372,202.775,0.6297,1.6707,0.3769,1,mild_positive
2015-02-05,204.8600006103516,206.1199951171875,202.9655,1.5304,1.6646,0.9194,1,mild_positive
2015-02-06,206.55999755859372,205.5500030517578,202.948,1.2659,1.6395,0.7721,1,mild_positive
2015-02-09,204.7700042724609,204.6300048828125,202.967,0.8127,1.6226,0.5009,1,mild_positive
2015-02-10,205.8800048828125,206.80999755859372,203.175,1.7577,1.6082,1.0929,2,positive
2015-02-11,206.6100006103516,206.92999267578125,203.4175,1.6974,1.6043,1.0581,2,positive
2015-02-12,207.88999938964844,208.9199981689453,203.8205,2.4409,1.6081,1.5178,2,positive
2015-02-13,209.07000732421875,209.77999877929688,204.3585,2.5844,1.6131,1.6021,2,positive
2015-02-17,209.3999938964844,210.1100006103516,204.7825,2.5356,1.6178,1.5673,2,positive
2015-02-18,209.66000366210935,210.1300048828125,205.186,2.3528,1.6215,1.451,2,positive
2015-02-19,209.41000366210935,209.97999572753903,205.531,2.1188,1.623,1.3054,2,positive
2015-02-20,209.47999572753903,211.2400054931641,205.788,2.581,1.6247,1.5886,2,positive
2015-02-23,210.94000244140625,211.2100067138672,206.1,2.4194,1.6251,1.4888,2,positive
2015-02-24,211.1199951171875,211.80999755859372,206.418,2.5457,1.6284,1.5633,2,positive
2015-02-25,211.66000366210935,211.6300048828125,206.8625,2.2528,1.6283,1.3835,2,positive
2015-02-26,211.5200042724609,211.3800048828125,207.4245,1.8713,1.6273,1.1499,2,positive
2015-02-27,211.25999450683597,210.66000366210935,207.858,1.3301,1.6232,0.8194,1,mild_positive
2015-03-02,210.77999877929688,211.9900054931641,208.485,1.6534,1.6209,1.02,2,positive
2015-03-03,211.47000122070312,211.1199951171875,208.945,1.0302,1.618,0.6367,1,mild_positive
2015-03-04,210.3999938964844,210.22999572753903,209.2145,0.483,1.6134,0.2994,1,mild_positive
2015-03-05,210.6199951171875,210.4600067138672,209.5345,0.4398,1.6085,0.2734,1,mild_positive
2015-03-06,209.4199981689453,207.5,209.6035,-1.0137,1.6097,-0.6298,-1,mild_negative
2015-03-09,207.7400054931641,208.3600006103516,209.744,-0.6642,1.6056,-0.4137,-1,mild_negative
2015-03-10,206.7100067138672,204.97999572753903,209.7615,-2.3327,1.6106,-1.4483,-2,negative
2015-03-11,205.2899932861328,204.5,209.646,-2.5164,1.6172,-1.556,-2,negative
2015-03-12,205.25999450683597,207.1000061035156,209.6545,-1.2335,1.6175,-0.7626,-1,mild_negative
2015-03-13,206.7700042724609,205.8300018310547,209.5,-1.783,1.6212,-1.0998,-2,negative
2015-03-16,206.7100067138672,208.5800018310547,209.44,-0.4123,1.6214,-0.2543,-1,mild_negative
2015-03-17,207.69000244140625,207.9600067138672,209.3325,-0.66,1.6224,-0.4068,-1,mild_negative
2015-03-18,207.38999938964844,210.4600067138672,209.349,0.5279,1.6219,0.3255,1,mild_positive
2015-03-19,209.9600067138672,209.5,209.325,0.0835,1.6208,0.0515,1,mild_positive
2015-03-20,209.7100067138672,210.41000366210935,209.2835,0.5354,1.6208,0.3303,1,mild_positive
2015-03-23,210.4199981689453,210.0,209.223,0.37,1.6206,0.2283,1,mild_positive
2015-03-24,209.8500061035156,208.82000732421875,209.0735,-0.1214,1.6209,-0.0749,-1,mild_negative
2015-03-25,209.07000732421875,205.75999450683597,208.78,-1.4677,1.6249,-0.9033,-1,mild_negative
2015-03-26,204.9600067138672,205.2700042724609,208.4745,-1.5611,1.6291,-0.9583,-1,mild_negative
2015-03-27,205.1300048828125,205.7400054931641,208.2285,-1.2095,1.631,-0.7416,-1,mild_negative
2015-03-30,206.97999572753903,208.25,208.0415,0.1001,1.6307,0.0614,1,mild_positive
2015-03-31,207.25999450683597,206.42999267578125,207.807,-0.6671,1.6301,-0.4092,-1,mild_negative
2015-04-01,206.38999938964844,205.6999969482422,207.5805,-0.9142,1.6295,-0.561,-1,mild_negative
2015-04-02,205.6199951171875,206.44000244140625,207.3795,-0.4551,1.6293,-0.2793,-1,mild_negative
2015-04-06,205.3699951171875,207.8300018310547,207.396,0.2088,1.6293,0.1282,1,mild_positive
2015-04-07,207.8600006103516,207.27999877929688,207.342,-0.0299,1.6292,-0.0184,-1,mild_negative
2015-04-08,207.5500030517578,207.97999572753903,207.492,0.2346,1.6285,0.1441,1,mild_positive
2015-04-09,207.77999877929688,208.8999938964844,207.712,0.5687,1.6281,0.3493,1,mild_positive
2015-04-10,209.1999969482422,210.0399932861328,207.859,1.0384,1.6283,0.6377,1,mild_positive
2015-04-13,209.8699951171875,209.08999633789065,208.022,0.5108,1.6255,0.3142,1,mild_positive
2015-04-14,208.8500061035156,209.4900054931641,208.0675,0.679,1.6243,0.4181,1,mild_positive
2015-04-15,210.0500030517578,210.42999267578125,208.191,1.064,1.6248,0.6549,1,mild_positive
2015-04-16,210.02999877929688,210.3699951171875,208.1865,1.0379,1.6201,0.6407,1,mild_positive
2015-04-17,208.94000244140625,207.9499969482422,208.109,-0.0765,1.6099,-0.0475,-1,mild_negative
2015-04-20,209.05999755859372,209.8500061035156,208.081,0.843,1.605,0.5252,1,mild_positive
2015-04-21,210.6699981689453,209.6000061035156,208.061,0.7343,1.6032,0.458,1,mild_positive
2015-04-22,210.00999450683597,210.6300048828125,208.1515,1.1767,1.6038,0.7337,1,mild_positive
2015-04-23,210.1499938964844,211.16000366210935,208.4215,1.2969,1.6047,0.8082,1,mild_positive
2015-04-24,211.66000366210935,211.6499938964844,208.7405,1.3747,1.6057,0.8561,1,mild_positive
2015-04-27,212.3300018310547,210.7700042724609,208.992,0.8436,1.6054,0.5255,1,mild_positive
2015-04-28,210.7400054931641,211.44000244140625,209.1515,1.0823,1.6057,0.6741,1,mild_positive
2015-04-29,210.3699951171875,210.57000732421875,209.3585,0.5753,1.6054,0.3584,1,mild_positive
2015-04-30,209.8800048828125,208.4600067138672,209.4965,-0.4972,1.6063,-0.3095,-1,mild_negative
2015-05-01,209.3999938964844,210.72000122070312,209.7105,0.4791,1.6063,0.2982,1,mild_positive
2015-05-04,211.22999572753903,211.32000732421875,209.885,0.6791,1.6062,0.4228,1,mild_positive
2015-05-05,211.02999877929688,208.8999938964844,209.966,-0.5103,1.6067,-0.3176,-1,mild_negative
2015-05-06,209.55999755859372,208.0399932861328,209.969,-0.9272,1.6083,-0.5765,-1,mild_negative
2015-05-07,207.9199981689453,208.8699951171875,209.9675,-0.5254,1.6089,-0.3266,-1,mild_negative
2015-05-08,210.8800048828125,211.6199951171875,210.0465,0.7435,1.6084,0.4623,1,mild_positive
2015-05-11,211.57000732421875,210.6100006103516,210.1225,0.2315,1.6084,0.1439,1,mild_positive
2015-05-12,209.6100006103516,209.97999572753903,210.147,-0.0795,1.6085,-0.0494,-1,mild_negative
2015-05-13,210.47000122070312,210.0200042724609,210.1265,-0.0507,1.6088,-0.0315,-1,mild_negative
2015-05-14,211.2400054931641,212.2100067138672,210.2185,0.9385,1.609,0.5832,1,mild_positive
2015-05-15,212.44000244140625,212.44000244140625,210.443,0.94,1.6083,0.5845,1,mild_positive
2015-05-18,212.2400054931641,213.1000061035156,210.6055,1.1706,1.6081,0.7279,1,mild_positive
2015-05-19,213.2400054931641,213.02999877929688,210.777,1.0576,1.6085,0.6575,1,mild_positive
2015-05-20,213.1499938964844,212.8800048828125,210.8895,0.935,1.6083,0.5814,1,mild_positive
2015-05-21,212.7100067138672,213.5,211.0065,1.1679,1.6089,0.7259,1,mild_positive
2015-05-22,213.0399932861328,212.9900054931641,211.0735,0.8998,1.6092,0.5592,1,mild_positive
2015-05-26,212.3999938964844,210.6999969482422,211.07,-0.1756,1.6091,-0.1091,-1,mild_negative
2015-05-27,211.25,212.6999969482422,211.133,0.7367,1.6092,0.4578,1,mild_positive
2015-05-28,212.3300018310547,212.4600067138672,211.2275,0.5801,1.6091,0.3605,1,mild_positive
2015-05-29,212.3800048828125,211.13999938964844,211.3615,-0.1049,1.6089,-0.0652,-1,mild_negative
2015-06-01,211.94000244140625,211.57000732421875,211.404,0.0785,1.6076,0.0488,1,mild_positive
2015-06-02,211.0200042724609,211.3600006103516,211.406,-0.0218,1.6067,-0.0135,-1,mild_negative
2015-06-03,212.0,211.9199981689453,211.557,0.1713,1.6045,0.1068,1,mild_positive
2015-06-04,211.07000732421875,210.1300048828125,211.6615,-0.7288,1.6036,-0.4545,-1,mild_negative
2015-06-05,209.9499969482422,209.7700042724609,211.7065,-0.9232,1.6032,-0.5758,-1,mild_negative
2015-06-08,209.63999938964844,208.47999572753903,211.5495,-1.4723,1.6055,-0.9171,-1,mild_negative
2015-06-09,208.4499969482422,208.4499969482422,211.4415,-1.4351,1.6073,-0.8929,-1,mild_negative
2015-06-10,209.3699951171875,210.9499969482422,211.49,-0.256,1.6039,-0.1596,-1,mild_negative
2015-06-11,211.47999572753903,211.6300048828125,211.5705,0.0281,1.5988,0.0176,1,mild_positive
2015-06-12,210.63999938964844,210.00999450683597,211.4605,-0.6907,1.5953,-0.4329,-1,mild_negative
2015-06-15,208.63999938964844,209.1100006103516,211.294,-1.0444,1.5934,-0.6555,-1,mild_negative
2015-06-16,208.92999267578125,210.25,211.1515,-0.4288,1.5917,-0.2694,-1,mild_negative
2015-06-17,210.58999633789065,210.58999633789065,211.0295,-0.2087,1.5916,-0.1311,-1,mild_negative
2015-06-18,211.30999755859372,212.77999877929688,211.0245,0.825,1.5913,0.5184,1,mild_positive
2015-06-19,211.4600067138672,210.80999755859372,210.89,-0.038,1.591,-0.0239,-1,mild_negative
2015-06-22,211.91000366210935,211.88999938964844,210.835,0.4979,1.5903,0.3131,1,mild_positive
2015-06-23,212.13999938964844,212.0399932861328,210.902,0.5367,1.5885,0.3379,1,mild_positive
2015-06-24,211.72000122070312,210.5,210.792,-0.1387,1.587,-0.0874,-1,mild_negative
2015-06-25,211.1000061035156,209.8600006103516,210.662,-0.3822,1.5868,-0.2408,-1,mild_negative
2015-06-26,210.2899932861328,209.82000732421875,210.596,-0.3698,1.5869,-0.2331,-1,mild_negative
2015-06-29,208.0500030517578,205.4199981689453,210.2885,-2.37,1.5955,-1.4855,-2,negative
2015-06-30,207.25999450683597,205.8500061035156,210.013,-2.0223,1.6017,-1.2626,-2,negative
2015-07-01,207.72999572753903,207.5,209.792,-1.1046,1.6039,-0.6887,-1,mild_negative
2015-07-02,208.07000732421875,207.30999755859372,209.651,-1.1292,1.6062,-0.7031,-1,mild_negative
2015-07-06,205.7700042724609,206.72000122070312,209.4985,-1.3441,1.6092,-0.8353,-1,mild_negative
2015-07-07,206.9600067138672,208.0200042724609,209.4755,-0.6997,1.6097,-0.4347,-1,mild_negative
2015-07-08,206.4199981689453,204.52999877929688,209.2795,-2.3222,1.6169,-1.4361,-2,negative
2015-07-09,207.0399932861328,204.8999938964844,208.977,-1.9898,1.6213,-1.2272,-2,negative
2015-07-10,207.2899932861328,207.47999572753903,208.7695,-0.6215,1.6215,-0.3833,-1,mild_negative
2015-07-13,208.9900054931641,209.7700042724609,208.7575,0.4827,1.6216,0.2976,1,mild_positive
2015-07-14,209.72000122070312,210.67999267578125,208.836,0.8753,1.6219,0.5396,1,mild_positive
2015-07-15,210.72999572753903,210.6100006103516,208.854,0.8338,1.6224,0.5139,1,mild_positive
2015-07-16,211.8699951171875,212.3000030517578,208.9395,1.5829,1.6248,0.9742,1,mild_positive
2015-07-17,212.2899932861328,212.47999572753903,208.9245,1.6733,1.6271,1.0284,2,positive
2015-07-20,212.75,212.58999633789065,209.0135,1.6823,1.6297,1.0323,2,positive
2015-07-21,212.42999267578125,211.75,209.0065,1.2956,1.6308,0.7945,1,mild_positive
2015-07-22,210.92999267578125,211.3699951171875,208.973,1.134,1.6313,0.6952,1,mild_positive
2015-07-23,211.52999877929688,210.17999267578125,208.957,0.5819,1.6313,0.3567,1,mild_positive
2015-07-24,210.3000030517578,208.0,208.864,-0.4154,1.6318,-0.2546,-1,mild_negative
2015-07-27,206.94000244140625,206.7899932861328,208.7125,-0.9297,1.633,-0.5693,-1,mild_negative
2015-07-28,207.7899932861328,209.3300018310547,208.908,0.2016,1.6326,0.1235,1,mild_positive
2015-07-29,209.47999572753903,210.7700042724609,209.154,0.7667,1.6325,0.4696,1,mild_positive
2015-07-30,210.16000366210935,210.82000732421875,209.32,0.7115,1.6329,0.4357,1,mild_positive
2015-07-31,211.4199981689453,210.5,209.4795,0.4848,1.6329,0.2969,1,mild_positive
2015-08-03,210.4600067138672,209.7899932861328,209.633,0.0748,1.6327,0.0458,1,mild_positive
2015-08-04,209.6999969482422,209.3800048828125,209.701,-0.1533,1.6327,-0.0939,-1,mild_negative
2015-08-05,210.4499969482422,210.07000732421875,209.978,0.0438,1.6262,0.0269,1,mild_positive
2015-08-06,210.2899932861328,208.3500061035156,210.1505,-0.8642,1.62,-0.5334,-1,mild_negative
2015-08-07,208.16000366210935,207.9499969482422,210.174,-1.0695,1.6186,-0.6608,-1,mild_negative
2015-08-10,209.27999877929688,210.57000732421875,210.214,0.1691,1.6105,0.105,1,mild_positive
2015-08-11,208.97000122070312,208.6699981689453,210.1135,-0.6918,1.6045,-0.4311,-1,mild_negative
2015-08-12,207.1100006103516,208.9199981689453,210.029,-0.5308,1.5953,-0.3327,-1,mild_negative
2015-08-13,208.72999572753903,208.66000366210935,209.847,-0.5689,1.593,-0.3571,-1,mild_negative
2015-08-14,208.42999267578125,209.4199981689453,209.694,-0.1308,1.5915,-0.0822,-1,mild_negative
2015-08-17,208.7100067138672,210.58999633789065,209.594,0.473,1.5896,0.2975,1,mild_positive
2015-08-18,210.25999450683597,209.97999572753903,209.5055,0.226,1.5893,0.1422,1,mild_positive
2015-08-19,209.08999633789065,208.32000732421875,209.353,-0.4959,1.59,-0.3119,-1,mild_negative
2015-08-20,206.50999450683597,203.97000122070312,209.0425,-2.4869,1.5993,-1.555,-2,negative
2015-08-21,201.72999572753903,197.8300018310547,208.534,-5.4107,1.6371,-3.305,-3,extreme_negative
2015-08-24,187.4900054931641,189.5,207.6695,-9.5881,1.7463,-5.4904,-3,extreme_negative
2015-08-25,195.42999267578125,187.2700042724609,206.5665,-10.3041,1.8625,-5.5325,-3,extreme_negative
2015-08-26,192.0800018310547,194.4600067138672,205.751,-5.8063,1.895,-3.0641,-3,extreme_negative
2015-08-27,197.0200042724609,199.2700042724609,205.1735,-2.9626,1.9011,-1.5583,-2,negative
2015-08-28,198.5,199.27999877929688,204.6125,-2.6759,1.9034,-1.4058,-2,negative
2015-08-31,198.1100006103516,197.6699981689453,204.0065,-3.2056,1.9089,-1.6793,-2,negative
2015-09-01,193.1199951171875,191.7700042724609,203.126,-5.9217,1.94,-3.0523,-3,extreme_negative
2015-09-02,194.6199951171875,195.41000366210935,202.393,-3.5735,1.9489,-1.8336,-2,negative
2015-09-03,196.25999450683597,195.5500030517578,201.753,-3.1721,1.9544,-1.623,-2,negative
2015-09-04,192.8500061035156,192.58999633789065,200.985,-4.359,1.9694,-2.2134,-3,extreme_negative
2015-09-08,195.94000244140625,197.42999267578125,200.328,-1.4679,1.9686,-0.7456,-1,mild_negative
2015-09-09,199.32000732421875,194.7899932861328,199.634,-2.4868,1.9726,-1.2606,-2,negative
2015-09-10,194.55999755859372,195.8500061035156,198.9805,-1.5984,1.9726,-0.8103,-1,mild_negative
2015-09-11,195.3800048828125,196.7400054931641,198.3845,-0.8359,1.9719,-0.4239,-1,mild_negative
2015-09-14,196.9499969482422,196.00999450683597,197.714,-0.8693,1.9724,-0.4408,-1,mild_negative
2015-09-15,196.6100006103516,198.4600067138672,197.1075,0.6815,1.9727,0.3455,1,mild_positive
2015-09-16,198.82000732421875,200.17999267578125,196.6175,1.7796,1.9759,0.9007,1,mild_positive
2015-09-17,200.0200042724609,199.72999572753903,196.188,1.7734,1.9794,0.8959,1,mild_positive
2015-09-18,195.7100067138672,195.4499969482422,195.762,-0.1596,1.9793,-0.0807,-1,mild_negative
2015-09-21,196.44000244140625,196.4600067138672,195.6935,0.3902,1.9794,0.1971,1,mild_positive
2015-09-22,193.8800048828125,193.91000366210935,195.914,-1.0335,1.9801,-0.5219,-1,mild_negative
2015-09-23,194.1100006103516,193.6000061035156,196.2305,-1.3587,1.9809,-0.6859,-1,mild_negative
2015-09-24,192.1499938964844,192.8999938964844,196.1525,-1.6861,1.9832,-0.8502,-1,mild_negative
2015-09-25,194.63999938964844,192.8500061035156,195.8315,-1.546,1.9851,-0.7788,-1,mild_negative
2015-09-28,191.77999877929688,188.00999450683597,195.268,-3.8604,1.9979,-1.9322,-2,negative
2015-09-29,188.2700042724609,188.1199951171875,194.7905,-3.5459,2.0093,-1.7647,-2,negative
2015-09-30,190.3699951171875,191.6300048828125,194.7835,-1.6456,2.0088,-0.8192,-1,mild_negative
2015-10-01,192.0800018310547,192.1300048828125,194.6195,-1.2957,2.0094,-0.6448,-1,mild_negative
2015-10-02,189.7700042724609,195.0,194.592,0.2092,2.0087,0.1042,1,mild_positive
2015-10-05,196.4600067138672,198.47000122070312,194.886,1.8058,2.0112,0.8979,1,mild_positive
2015-10-06,198.30999755859372,197.7899932861328,194.904,1.4591,2.0081,0.7266,1,mild_positive
2015-10-07,198.8999938964844,199.41000366210935,195.135,2.1438,2.0083,1.0675,2,positive
2015-10-08,198.9499969482422,201.2100067138672,195.403,2.886,2.016,1.4316,2,positive
2015-10-09,201.3800048828125,201.3300018310547,195.6325,2.8299,2.0232,1.3988,2,positive
2015-10-12,201.4199981689453,201.5200042724609,195.908,2.7848,2.0251,1.3752,2,positive
2015-10-13,200.6499938964844,200.25,195.9975,2.1236,2.0292,1.0465,2,positive
2015-10-14,200.17999267578125,199.2899932861328,195.953,1.6744,2.026,0.8265,1,mild_positive
2015-10-15,200.0800018310547,202.3500061035156,196.084,3.0966,2.0237,1.5302,2,positive
2015-10-16,202.8300018310547,203.2700042724609,196.475,3.3428,2.0108,1.6624,2,positive
2015-10-19,202.5,203.3699951171875,196.8205,3.2205,2.0013,1.6092,2,positive
2015-10-20,202.8500061035156,203.1100006103516,197.2805,2.8701,1.9861,1.4451,2,positive
2015-10-21,203.6100006103516,201.8500061035156,197.693,2.0595,1.9698,1.0455,2,positive
2015-10-22,202.97999572753903,205.25999450683597,198.311,3.3855,1.9714,1.7173,2,positive
2015-10-23,207.25,207.50999450683597,199.044,4.0798,1.9835,2.0569,3,extreme_positive
2015-10-26,207.3000030517578,207.0,199.9935,3.3848,1.9936,1.6978,2,positive
2015-10-27,206.1999969482422,206.6000061035156,200.9175,2.7505,2.0,1.3753,2,positive
2015-10-28,207.0,208.9499969482422,201.7835,3.4298,2.0094,1.7069,2,positive
2015-10-29,208.3500061035156,208.8300018310547,202.6185,2.9744,2.0141,1.4768,2,positive
2015-10-30,209.05999755859372,207.92999267578125,203.265,2.2435,2.0156,1.1131,2,positive
2015-11-02,208.32000732421875,210.38999938964844,203.861,3.1033,2.0169,1.5387,2,positive
2015-11-03,209.97000122070312,211.0,204.5215,3.0704,2.0191,1.5207,2,positive
2015-11-04,211.3500061035156,210.3600006103516,205.069,2.5152,2.016,1.2476,2,positive
2015-11-05,210.42999267578125,210.1499938964844,205.516,2.2051,2.005,1.0998,2,positive
2015-11-06,209.7400054931641,210.0399932861328,205.9515,1.9465,1.9937,0.9763,1,mild_positive
2015-11-09,209.30999755859372,208.0800018310547,206.2795,0.8653,1.9834,0.4363,1,mild_positive
2015-11-10,207.50999450683597,208.55999755859372,206.695,0.8942,1.9698,0.454,1,mild_positive
2015-11-11,208.8800048828125,207.7400054931641,207.1175,0.2997,1.9544,0.1533,1,mild_positive
2015-11-12,206.5,204.83999633789065,207.242,-1.1726,1.9424,-0.6037,-1,mild_negative
2015-11-13,204.3500061035156,202.5399932861328,207.2055,-2.3035,1.9351,-1.1904,-2,negative
2015-11-16,202.32000732421875,205.6199951171875,207.318,-0.8258,1.9246,-0.4291,-1,mild_negative
2015-11-17,205.9900054931641,205.47000122070312,207.436,-0.9568,1.9176,-0.499,-1,mild_negative
2015-11-18,206.0399932861328,208.72999572753903,207.78,0.4551,1.9114,0.2381,1,mild_positive
2015-11-19,208.58999633789065,208.5500030517578,207.9445,0.2903,1.9067,0.1523,1,mild_positive
2015-11-20,209.4499969482422,209.30999755859372,208.0345,0.6094,1.9034,0.3202,1,mild_positive
2015-11-23,209.3800048828125,209.07000732421875,208.138,0.4458,1.8988,0.2348,1,mild_positive
2015-11-24,207.8699951171875,209.3500061035156,208.2755,0.5133,1.896,0.2707,1,mild_positive
2015-11-25,209.5,209.32000732421875,208.294,0.4902,1.8935,0.2589,1,mild_positive
2015-11-27,209.42999267578125,209.55999755859372,208.3305,0.5867,1.89,0.3104,1,mild_positive
2015-11-30,209.75,208.69000244140625,208.3685,0.1541,1.8862,0.0817,1,mild_positive
2015-12-01,209.44000244140625,210.67999267578125,208.383,1.0903,1.8846,0.5785,1,mild_positive
2015-12-02,210.6199951171875,208.52999877929688,208.2595,0.1297,1.8817,0.0689,1,mild_positive
2015-12-03,208.8300018310547,205.6100006103516,208.022,-1.1731,1.8816,-0.6235,-1,mild_negative
2015-12-04,205.6100006103516,209.6199951171875,207.9955,0.775,1.8819,0.4118,1,mild_positive
2015-12-07,209.22999572753903,208.3500061035156,207.911,0.2107,1.8809,0.112,1,mild_positive
2015-12-08,206.4900054931641,206.9499969482422,207.8545,-0.4371,1.8796,-0.2325,-1,mild_negative
2015-12-09,206.19000244140625,205.33999633789065,207.6935,-1.1461,1.8799,-0.6097,-1,mild_negative
2015-12-10,205.4199981689453,205.8699951171875,207.6,-0.8403,1.8795,-0.4471,-1,mild_negative
2015-12-11,203.3500061035156,201.8800048828125,207.452,-2.7601,1.8873,-1.4624,-2,negative
2015-12-14,202.07000732421875,202.8999938964844,207.47,-2.2523,1.8925,-1.1902,-2,negative
2015-12-15,204.6999969482422,205.02999877929688,207.4405,-1.1757,1.8918,-0.6215,-1,mild_negative
2015-12-16,206.3699951171875,208.02999877929688,207.5685,0.2218,1.891,0.1173,1,mild_positive
2015-12-17,208.3999938964844,204.8600006103516,207.375,-1.2277,1.886,-0.6509,-1,mild_negative
2015-12-18,202.7700042724609,200.0200042724609,206.9485,-3.4639,1.8885,-1.8342,-2,negative
2015-12-21,201.41000366210935,201.6699981689453,206.5665,-2.428,1.8799,-1.2915,-2,negative
2015-12-22,202.72000122070312,203.5,206.288,-1.37,1.8789,-0.7292,-1,mild_negative
2015-12-23,204.69000244140625,206.0200042724609,206.1215,-0.0493,1.8783,-0.0262,-1,mild_negative
2015-12-24,205.72000122070312,205.67999267578125,205.9395,-0.1262,1.878,-0.0672,-1,mild_negative
2015-12-28,204.8600006103516,205.2100067138672,205.722,-0.2495,1.8769,-0.1329,-1,mild_negative
2015-12-29,206.50999450683597,207.3999938964844,205.6575,0.8402,1.8762,0.4478,1,mild_positive
2015-12-30,207.1100006103516,205.92999267578125,205.42,0.2477,1.8749,0.1321,1,mild_positive
2015-12-31,205.1300048828125,203.8699951171875,205.187,-0.646,1.873,-0.3449,-1,mild_negative
2016-01-04,200.4900054931641,201.0200042724609,204.9575,-1.9588,1.8742,-1.0451,-2,negative
2016-01-05,201.3999938964844,201.3600006103516,204.5445,-1.5815,1.8756,-0.8432,-1,mild_negative
2016-01-06,198.33999633789065,198.82000732421875,204.068,-2.6396,1.8825,-1.4021,-2,negative
2016-01-07,195.3300018310547,194.0500030517578,203.423,-4.8302,1.906,-2.5343,-3,extreme_negative
2016-01-08,195.19000244140625,191.9199981689453,202.752,-5.644,1.9349,-2.9169,-3,extreme_negative
2016-01-11,193.00999450683597,192.1100006103516,202.064,-5.1814,1.9554,-2.6498,-3,extreme_negative
2016-01-12,193.82000732421875,193.66000366210935,201.653,-4.1273,1.9706,-2.0945,-3,extreme_negative
2016-01-13,194.4499969482422,188.8300018310547,200.9495,-6.4182,2.0089,-3.1949,-3,extreme_negative
2016-01-14,189.5500030517578,191.92999267578125,200.2945,-4.3581,2.026,-2.1511,-3,extreme_negative
2016-01-15,186.7700042724609,187.80999755859372,199.2835,-6.1091,2.0594,-2.9665,-3,extreme_negative
2016-01-19,189.9600067138672,188.05999755859372,198.4435,-5.5214,2.0853,-2.6477,-3,extreme_negative
2016-01-20,185.02999877929688,185.6499938964844,197.725,-6.5042,2.1198,-3.0682,-3,extreme_negative
2016-01-21,186.2100067138672,186.69000244140625,196.976,-5.5097,2.1394,-2.5753,-3,extreme_negative
2016-01-22,189.77999877929688,190.5200042724609,196.327,-3.048,2.1452,-1.4208,-2,negative
2016-01-25,189.9199981689453,187.63999938964844,195.408,-4.1398,2.1583,-1.9181,-2,negative
2016-01-26,188.4199981689453,190.1999969482422,194.634,-2.3312,2.1622,-1.0782,-2,negative
2016-01-27,189.5800018310547,188.1300048828125,193.78,-3.0032,2.1676,-1.3855,-2,negative
2016-01-28,189.9600067138672,189.1100006103516,192.8655,-1.9859,2.1697,-0.9153,-1,mild_negative
2016-01-29,190.0200042724609,193.72000122070312,192.255,0.7562,2.1697,0.3486,1,mild_positive
2016-02-01,192.52999877929688,193.6499938964844,191.744,0.9842,2.1711,0.4533,1,mild_positive
2016-02-02,191.9600067138672,190.16000366210935,191.201,-0.5474,2.1698,-0.2523,-1,mild_negative
2016-02-03,191.41000366210935,191.3000030517578,190.698,0.3147,2.1701,0.145,1,mild_positive
2016-02-04,190.7100067138672,191.6000061035156,190.337,0.6592,2.1694,0.3039,1,mild_positive
2016-02-05,190.9900054931641,187.9499969482422,190.032,-1.1077,2.17,-0.5105,-1,mild_negative
2016-02-08,185.7700042724609,185.4199981689453,189.707,-2.312,2.172,-1.0645,-2,negative
2016-02-09,183.3600006103516,185.42999267578125,189.373,-2.1264,2.1743,-0.978,-1,mild_negative
2016-02-10,186.41000366210935,185.2700042724609,188.9535,-1.9882,2.1738,-0.9146,-1,mild_negative
2016-02-11,182.33999633789065,182.8600006103516,188.655,-3.1691,2.1789,-1.4544,-2,negative
2016-02-12,184.9600067138672,186.6300048828125,188.39,-0.943,2.1781,-0.433,-1,mild_negative
2016-02-16,188.7700042724609,189.77999877929688,188.4885,0.6805,2.175,0.3129,1,mild_positive
2016-02-17,191.16000366210935,192.8800048828125,188.7295,2.1519,2.1769,0.9885,1,mild_positive
2016-02-18,193.1999969482422,192.08999633789065,189.0515,1.5818,2.1732,0.7279,1,mild_positive
2016-02-19,191.1699981689453,192.0,189.317,1.3974,2.1682,0.6445,1,mild_positive
2016-02-22,193.8699951171875,194.77999877929688,189.53,2.6953,2.1691,1.2426,2,positive
2016-02-23,194.0,192.32000732421875,189.764,1.329,2.165,0.6139,1,mild_positive
2016-02-24,190.6300048828125,193.1999969482422,189.914,1.7008,2.1633,0.7862,1,mild_positive
2016-02-25,193.72999572753903,195.5399932861328,190.2845,2.6877,2.1639,1.2421,2,positive
2016-02-26,196.57000732421875,195.08999633789065,190.5835,2.31,2.1633,1.0678,2,positive
2016-02-29,195.1100006103516,193.55999755859372,190.5755,1.5419,2.159,0.7142,1,mild_positive
2016-03-01,195.00999450683597,198.1100006103516,190.7985,3.6906,2.1677,1.7026,2,positive
2016-03-02,197.7400054931641,199.0,191.2405,3.8992,2.1795,1.789,2,positive
2016-03-03,198.7899932861328,199.77999877929688,191.6645,4.0622,2.1944,1.8512,2,positive
2016-03-04,200.00999450683597,200.42999267578125,192.106,4.1531,2.2088,1.8802,2,positive
2016-03-07,199.33999633789065,200.58999633789065,192.738,3.9145,2.2231,1.7608,2,positive
2016-03-08,199.32000732421875,198.3999938964844,193.387,2.5267,2.2297,1.1332,2,positive
2016-03-09,199.3600006103516,199.3800048828125,194.0845,2.656,2.2369,1.1874,2,positive
2016-03-10,199.9600067138672,199.5399932861328,194.798,2.3765,2.2426,1.0597,2,positive
2016-03-11,201.25999450683597,202.75999450683597,195.793,3.4361,2.2545,1.5241,2,positive
2016-03-14,202.16000366210935,202.5,196.5865,2.9202,2.2595,1.2924,2,positive
2016-03-15,201.3600006103516,202.1699981689453,197.206,2.4554,2.2612,1.0858,2,positive
2016-03-16,201.6000061035156,203.33999633789065,197.729,2.7594,2.268,1.2167,2,positive
2016-03-17,203.2400054931641,204.6300048828125,198.356,3.066,2.2751,1.3477,2,positive
2016-03-18,204.1699981689453,204.3800048828125,198.975,2.6446,2.2819,1.1589,2,positive
2016-03-21,204.07000732421875,204.6699981689453,199.4695,2.5409,2.288,1.1105,2,positive
2016-03-22,203.75999450683597,204.55999755859372,200.0815,2.1893,2.2924,0.9551,1,mild_positive
2016-03-23,204.1100006103516,203.2100067138672,200.582,1.2932,2.2941,0.5637,1,mild_positive
2016-03-24,202.0,203.1199951171875,200.961,1.0629,2.295,0.4632,1,mild_positive
2016-03-28,203.6100006103516,203.2400054931641,201.3685,0.9208,2.2957,0.4011,1,mild_positive
2016-03-29,202.75999450683597,205.1199951171875,201.9465,1.5471,2.2982,0.6732,1,mild_positive
2016-03-30,206.3000030517578,206.0200042724609,202.342,1.7853,2.2998,0.7763,1,mild_positive
2016-03-31,205.91000366210935,205.5200042724609,202.668,1.3877,2.3,0.6034,1,mild_positive
2016-04-01,204.3500061035156,206.9199981689453,203.025,1.8824,2.3023,0.8176,1,mild_positive
2016-04-04,206.8300018310547,206.25,203.316,1.4225,2.3043,0.6173,1,mild_positive
2016-04-05,204.6699981689453,204.19000244140625,203.496,0.3399,2.3042,0.1475,1,mild_positive
2016-04-06,204.19000244140625,206.4199981689453,203.897,1.2223,2.3051,0.5303,1,mild_positive
2016-04-07,205.13999938964844,203.9499969482422,204.1255,-0.0861,2.3049,-0.0373,-1,mild_negative
2016-04-08,205.33999633789065,204.5,204.3735,0.0619,2.3049,0.0268,1,mild_positive
2016-04-11,205.25,204.0200042724609,204.4365,-0.2041,2.3049,-0.0886,-1,mild_negative
2016-04-12,204.22000122070312,205.9199981689453,204.6075,0.6374,2.3053,0.2765,1,mild_positive
2016-04-13,207.0,208.0,204.899,1.4909,2.307,0.6462,1,mild_positive
2016-04-14,208.07000732421875,208.00999450683597,205.1325,1.3833,2.3078,0.5994,1,mild_positive
2016-04-15,208.00999450683597,207.77999877929688,205.29,1.1984,2.3089,0.519,1,mild_positive
2016-04-18,207.77999877929688,209.2400054931641,205.533,1.7717,2.3113,0.7665,1,mild_positive
2016-04-19,209.7400054931641,209.8999938964844,205.7945,1.9559,2.3137,0.8454,1,mild_positive
2016-04-20,209.9499969482422,210.1000061035156,206.0715,1.9174,2.316,0.8279,1,mild_positive
2016-04-21,210.1199951171875,208.97000122070312,206.3595,1.2492,2.3175,0.539,1,mild_positive
2016-04-22,208.5500030517578,208.97000122070312,206.652,1.1093,2.3179,0.4786,1,mild_positive
2016-04-25,208.25999450683597,208.6100006103516,206.9205,0.8099,2.318,0.3494,1,mild_positive
2016-04-26,209.0399932861328,208.9199981689453,207.1105,0.8661,2.3175,0.3737,1,mild_positive
2016-04-27,208.47000122070312,209.3500061035156,207.277,0.9902,2.3168,0.4274,1,mild_positive
2016-04-28,208.4600067138672,207.4499969482422,207.3735,0.0369,2.3151,0.0159,1,mild_positive
2016-04-29,206.72000122070312,206.3300018310547,207.344,-0.4914,2.3145,-0.2123,-1,mild_negative
2016-05-02,206.9199981689453,207.97000122070312,207.43,0.2597,2.3135,0.1122,1,mild_positive
2016-05-03,206.5200042724609,206.16000366210935,207.5285,-0.6638,2.3134,-0.2869,-1,mild_negative
2016-05-04,204.9900054931641,205.00999450683597,207.458,-1.1941,2.3143,-0.516,-1,mild_negative
2016-05-05,205.55999755859372,204.97000122070312,207.509,-1.2387,2.3152,-0.535,-1,mild_negative
2016-05-06,204.05999755859372,205.72000122070312,207.57,-0.8993,2.3152,-0.3884,-1,mild_negative
2016-05-09,205.57000732421875,205.88999938964844,207.6635,-0.8614,2.3156,-0.372,-1,mild_negative
2016-05-10,206.72000122070312,208.4499969482422,207.79,0.3166,2.3151,0.1368,1,mild_positive
2016-05-11,207.91000366210935,206.5,207.715,-0.5884,2.3152,-0.2541,-1,mild_negative
2016-05-12,207.2899932861328,206.55999755859372,207.6425,-0.5241,2.3147,-0.2264,-1,mild_negative
2016-05-13,206.2100067138672,204.75999450683597,207.4915,-1.334,2.3159,-0.576,-1,mild_negative
2016-05-16,204.9600067138672,206.77999877929688,207.3685,-0.2846,2.316,-0.1229,-1,mild_negative
2016-05-17,206.4600067138672,204.8500061035156,207.116,-1.1062,2.3168,-0.4775,-1,mild_negative
2016-05-18,204.44000244140625,204.91000366210935,206.8565,-0.9499,2.3165,-0.4101,-1,mild_negative
2016-05-19,204.05999755859372,204.1999969482422,206.618,-1.1841,2.3165,-0.5112,-1,mild_negative
2016-05-20,204.9199981689453,205.4900054931641,206.444,-0.4643,2.3151,-0.2005,-1,mild_negative
2016-05-23,205.50999450683597,205.2100067138672,206.274,-0.5185,2.3141,-0.2241,-1,mild_negative
2016-05-24,206.1699981689453,207.8699951171875,206.2215,0.793,2.3138,0.3427,1,mild_positive
2016-05-25,208.6699981689453,209.27999877929688,206.218,1.4631,2.3145,0.6321,1,mild_positive
2016-05-26,209.44000244140625,209.33999633789065,206.3125,1.4462,2.3158,0.6245,1,mild_positive
2016-05-27,209.52999877929688,210.2400054931641,206.508,1.7751,2.3188,0.7655,1,mild_positive
2016-05-31,210.55999755859372,209.83999633789065,206.6015,1.5433,2.3206,0.6651,1,mild_positive
2016-06-01,209.1199951171875,210.2700042724609,206.807,1.6469,2.3228,0.709,1,mild_positive
2016-06-02,209.8000030517578,210.91000366210935,207.102,1.8055,2.3259,0.7763,1,mild_positive
2016-06-03,210.25,210.27999877929688,207.3675,1.3851,2.3278,0.595,1,mild_positive
2016-06-06,210.6999969482422,211.3500061035156,207.649,1.7511,2.3307,0.7513,1,mild_positive
2016-06-07,211.52999877929688,211.67999267578125,207.9385,1.7675,2.3336,0.7574,1,mild_positive
2016-06-08,211.83999633789065,212.3699951171875,208.1345,1.9944,2.3369,0.8534,1,mild_positive
2016-06-09,211.50999450683597,212.0800018310547,208.4135,1.7288,2.339,0.7391,1,mild_positive
2016-06-10,210.4600067138672,210.07000732421875,208.589,0.705,2.3379,0.3016,1,mild_positive
2016-06-13,209.3600006103516,208.4499969482422,208.7735,-0.1552,2.3363,-0.0664,-1,mild_negative
2016-06-14,208.0,208.0399932861328,208.8365,-0.3829,2.3363,-0.1639,-1,mild_negative
2016-06-15,208.0399932861328,207.75,208.9815,-0.5928,2.3366,-0.2537,-1,mild_negative
2016-06-16,207.75,208.3699951171875,209.1545,-0.3765,2.3363,-0.1611,-1,mild_negative
2016-06-17,207.1699981689453,206.5200042724609,209.2705,-1.3318,2.3369,-0.5699,-1,mild_negative
2016-06-20,208.82000732421875,207.8500061035156,209.3885,-0.7402,2.3371,-0.3167,-1,mild_negative
2016-06-21,208.3000030517578,208.44000244140625,209.55,-0.5325,2.3373,-0.2278,-1,mild_negative
2016-06-22,208.6499938964844,208.1000061035156,209.5615,-0.7023,2.337,-0.3005,-1,mild_negative
2016-06-23,209.80999755859372,210.80999755859372,209.638,0.5559,2.3373,0.2379,1,mild_positive
2016-06-24,203.6300048828125,203.2400054931641,209.333,-2.9979,2.3442,-1.2789,-2,negative
2016-06-27,201.58999633789065,199.6000061035156,208.801,-4.6097,2.361,-1.9525,-2,negative
2016-06-28,201.47999572753903,203.1999969482422,208.469,-2.593,2.3661,-1.0959,-2,negative
2016-06-29,204.83999633789065,206.66000366210935,208.2885,-0.788,2.3664,-0.333,-1,mild_negative
2016-06-30,207.2100067138672,209.47999572753903,208.217,0.6029,2.3668,0.2547,1,mild_positive
2016-07-01,209.47999572753903,209.9199981689453,208.199,0.8198,2.3632,0.3469,1,mild_positive
2016-07-05,208.9499969482422,208.41000366210935,208.052,0.1718,2.3602,0.0728,1,mild_positive
2016-07-06,207.8300018310547,209.66000366210935,207.951,0.8151,2.36,0.3454,1,mild_positive
2016-07-07,209.8699951171875,209.52999877929688,207.809,0.8214,2.3597,0.3481,1,mild_positive
2016-07-08,211.0500030517578,212.6499938964844,207.8375,2.2631,2.3629,0.9578,1,mild_positive
2016-07-11,213.19000244140625,213.3999938964844,208.004,2.5286,2.3681,1.0678,2,positive
2016-07-12,214.52999877929688,214.9499969482422,208.329,3.0802,2.3718,1.2987,2,positive
2016-07-13,215.44000244140625,214.9199981689453,208.673,2.9067,2.3757,1.2235,2,positive
2016-07-14,216.3999938964844,216.1199951171875,209.0915,3.2521,2.3841,1.3641,2,positive
2016-07-15,216.77999877929688,215.8300018310547,209.4645,2.9493,2.391,1.2335,2,positive
2016-07-18,215.97000122070312,216.41000366210935,209.959,2.9809,2.3976,1.2433,2,positive
2016-07-19,215.9199981689453,216.19000244140625,210.376,2.6893,2.4029,1.1192,2,positive
2016-07-20,216.19000244140625,217.08999633789065,210.8085,2.8935,2.4076,1.2018,2,positive
2016-07-21,216.9600067138672,216.2700042724609,211.217,2.3364,2.4097,0.9696,1,mild_positive
2016-07-22,216.41000366210935,217.2400054931641,211.5385,2.6245,2.413,1.0877,2,positive
2016-07-25,217.0,216.6499938964844,212.209,2.0498,2.4149,0.8488,1,mild_positive
2016-07-26,216.52999877929688,216.75,213.0665,1.6994,2.4162,0.7033,1,mild_positive
2016-07-27,217.19000244140625,216.5200042724609,213.7325,1.2874,2.4172,0.5326,1,mild_positive
2016-07-28,216.2899932861328,216.7700042724609,214.238,1.1681,2.418,0.4831,1,mild_positive
2016-07-29,216.4600067138672,217.1199951171875,214.62,1.1514,2.4182,0.4762,1,mild_positive
2016-08-01,217.19000244140625,216.94000244140625,214.971,0.9076,2.4188,0.3752,1,mild_positive
2016-08-02,216.6499938964844,215.5500030517578,215.328,0.103,2.4184,0.0426,1,mild_positive
2016-08-03,215.47999572753903,216.17999267578125,215.654,0.2433,2.4181,0.1006,1,mild_positive
2016-08-04,216.30999755859372,216.41000366210935,215.998,0.1904,2.4179,0.0787,1,mild_positive
2016-08-05,216.41000366210935,218.17999267578125,216.2745,0.8734,2.4185,0.3611,1,mild_positive
2016-08-08,218.3999938964844,218.0500030517578,216.507,0.7076,2.4187,0.2926,1,mild_positive
2016-08-09,218.1300048828125,218.17999267578125,216.6685,0.6928,2.4191,0.2864,1,mild_positive
2016-08-10,218.30999755859372,217.63999938964844,216.8045,0.3839,2.4184,0.1587,1,mild_positive
2016-08-11,218.25999450683597,218.6499938964844,216.931,0.7862,2.4177,0.3252,1,mild_positive
2016-08-12,218.2899932861328,218.4600067138672,217.0625,0.6397,2.418,0.2646,1,mild_positive
2016-08-15,218.88999938964844,219.08999633789065,217.1965,0.8643,2.418,0.3574,1,mild_positive
2016-08-16,218.6000061035156,217.9600067138672,217.285,0.3097,2.4177,0.1281,1,mild_positive
2016-08-17,218.0,218.3699951171875,217.349,0.4676,2.4174,0.1934,1,mild_positive
2016-08-18,218.33999633789065,218.8600006103516,217.4785,0.6312,2.4176,0.2611,1,mild_positive
2016-08-19,218.30999755859372,218.5399932861328,217.5435,0.456,2.4176,0.1886,1,mild_positive
2016-08-22,218.25999450683597,218.52999877929688,217.6375,0.4084,2.4177,0.1689,1,mild_positive
2016-08-23,219.25,218.97000122070312,217.7485,0.5578,2.4175,0.2307,1,mild_positive
2016-08-24,218.8000030517578,217.8500061035156,217.815,0.0161,2.412,0.0067,1,mild_positive
2016-08-25,217.3999938964844,217.6999969482422,217.8615,-0.0742,2.3869,-0.0311,-1,mild_negative
2016-08-26,217.9199981689453,217.2899932861328,217.87,-0.2669,2.3073,-0.1157,-1,mild_negative
2016-08-29,217.44000244140625,218.3600006103516,217.941,0.1919,2.2112,0.0868,1,mild_positive
2016-08-30,218.25999450683597,218.0,218.0635,-0.0291,2.1786,-0.0134,-1,mild_negative
2016-08-31,217.6100006103516,217.3800048828125,218.1235,-0.342,2.1696,-0.1576,-1,mild_negative
2016-09-01,217.3699951171875,217.38999938964844,218.1725,-0.36,2.1621,-0.1665,-1,mild_negative
2016-09-02,218.38999938964844,218.3699951171875,218.182,0.0861,2.1512,0.04,1,mild_positive
2016-09-06,218.6999969482422,219.02999877929688,218.231,0.3648,2.1156,0.1724,1,mild_positive
2016-09-07,218.83999633789065,219.00999450683597,218.2725,0.3367,2.1016,0.1602,1,mild_positive
2016-09-08,218.6199951171875,218.50999450683597,218.316,0.0888,2.0902,0.0425,1,mild_positive
2016-09-09,216.97000122070312,213.27999877929688,218.0475,-2.2353,2.0756,-1.077,-2,negative
2016-09-12,212.38999938964844,216.33999633789065,217.9415,-0.7403,2.0736,-0.357,-1,mild_negative
2016-09-13,214.83999633789065,213.22999572753903,217.6485,-2.0722,2.0715,-1.0003,-2,negative
2016-09-14,213.2899932861328,213.1499938964844,217.408,-1.9977,2.0732,-0.9636,-1,mild_negative
2016-09-15,212.9600067138672,215.27999877929688,217.2535,-0.9167,2.0733,-0.4421,-1,mild_negative
2016-09-16,213.47999572753903,213.3699951171875,216.979,-1.6914,2.0759,-0.8148,-1,mild_negative
2016-09-19,214.1300048828125,213.41000366210935,216.7225,-1.5522,2.0791,-0.7466,-1,mild_negative
2016-09-20,214.41000366210935,213.4199981689453,216.467,-1.4277,2.08,-0.6864,-1,mild_negative
2016-09-21,214.2400054931641,215.82000732421875,216.3095,-0.2268,2.0782,-0.1091,-1,mild_negative
2016-09-22,217.0,217.17999267578125,216.276,0.4162,2.078,0.2003,1,mild_positive
2016-09-23,216.72000122070312,215.9900054931641,216.1905,-0.0928,2.0782,-0.0447,-1,mild_negative
2016-09-26,215.0200042724609,214.2400054931641,216.038,-0.8392,2.0777,-0.4039,-1,mild_negative
2016-09-27,214.0500030517578,215.57000732421875,215.8985,-0.1524,2.0753,-0.0734,-1,mild_negative
2016-09-28,215.8300018310547,216.63999938964844,215.8305,0.3737,2.0715,0.1804,1,mild_positive
2016-09-29,216.3999938964844,214.67999267578125,215.6955,-0.473,2.0688,-0.2287,-1,mild_negative
2016-09-30,215.6499938964844,216.3000030517578,215.641,0.3047,2.052,0.1485,1,mild_positive
2016-10-03,215.82000732421875,215.77999877929688,215.5115,0.1244,2.0374,0.0611,1,mild_positive
2016-10-04,215.91000366210935,214.67999267578125,215.294,-0.286,2.034,-0.1406,-1,mild_negative
2016-10-05,215.41000366210935,215.6300048828125,215.125,0.2342,2.0313,0.1153,1,mild_positive
2016-10-06,215.3699951171875,215.77999877929688,214.9885,0.3668,2.0313,0.1806,1,mild_positive
2016-10-07,216.1000061035156,215.0399932861328,215.0765,-0.017,2.0294,-0.0084,-1,mild_negative
2016-10-10,216.16000366210935,216.16000366210935,215.0675,0.5054,2.0283,0.2492,1,mild_positive
2016-10-11,215.66000366210935,213.42999267578125,215.0775,-0.7719,2.0263,-0.3809,-1,mild_negative
2016-10-12,213.58999633789065,213.7100067138672,215.1055,-0.653,2.021,-0.3231,-1,mild_negative
2016-10-13,212.16000366210935,213.00999450683597,214.992,-0.9305,2.0164,-0.4615,-1,mild_negative
2016-10-14,214.1499938964844,213.1199951171875,214.9795,-0.8725,2.0117,-0.4337,-1,mild_negative
2016-10-17,213.08999633789065,212.3800048828125,214.928,-1.1997,2.0106,-0.5967,-1,mild_negative
2016-10-18,214.2400054931641,213.7100067138672,214.9425,-0.5767,2.0095,-0.287,-1,mild_negative
2016-10-19,214.0200042724609,214.27999877929688,214.8655,-0.2732,2.0019,-0.1365,-1,mild_negative
2016-10-20,213.8699951171875,213.8800048828125,214.7005,-0.3836,1.993,-0.1925,-1,mild_negative
2016-10-21,213.8800048828125,213.97999572753903,214.6,-0.2897,1.9845,-0.146,-1,mild_negative
2016-10-24,215.0,214.88999938964844,214.6325,0.1198,1.9776,0.0606,1,mild_positive
2016-10-25,214.67999267578125,214.1699981689453,214.5625,-0.1833,1.9744,-0.0928,-1,mild_negative
2016-10-26,213.2100067138672,213.7400054931641,214.4175,-0.317,1.9646,-0.1613,-1,mild_negative
2016-10-27,214.5800018310547,213.1699981689453,214.342,-0.5498,1.9499,-0.282,-1,mild_negative
2016-10-28,213.13999938964844,212.5399932861328,214.154,-0.7594,1.9404,-0.3914,-1,mild_negative
2016-10-31,212.92999267578125,212.5500030517578,213.9925,-0.6787,1.9343,-0.3509,-1,mild_negative
2016-11-01,212.92999267578125,211.00999450683597,213.809,-1.3265,1.9255,-0.6889,-1,mild_negative
2016-11-02,210.6499938964844,209.7400054931641,213.5145,-1.7996,1.921,-0.9368,-1,mild_negative
2016-11-03,209.9900054931641,208.77999877929688,213.1645,-2.1001,1.9213,-1.093,-2,negative
2016-11-04,208.91000366210935,208.5500030517578,212.84,-2.0571,1.9168,-1.0732,-2,negative
2016-11-07,208.5500030517578,213.1499938964844,212.6895,0.216,1.9075,0.1133,1,mild_positive
2016-11-08,212.69000244140625,214.1100006103516,212.7235,0.6476,1.9017,0.3405,1,mild_positive
2016-11-09,212.3699951171875,216.3800048828125,212.857,1.6282,1.8995,0.8572,1,mild_positive
2016-11-10,217.3000030517578,216.9199981689453,213.0525,1.7829,1.8989,0.9389,1,mild_positive
2016-11-11,216.0800018310547,216.4199981689453,213.2175,1.4798,1.9003,0.7787,1,mild_positive
2016-11-14,217.02999877929688,216.58999633789065,213.428,1.4599,1.9016,0.7677,1,mild_positive
2016-11-15,217.0399932861328,218.27999877929688,213.6565,2.1182,1.9059,1.1114,2,positive
2016-11-16,217.55999755859372,217.8699951171875,213.836,1.8516,1.9075,0.9707,1,mild_positive
2016-11-17,218.0500030517578,218.9900054931641,214.0915,2.2369,1.9063,1.1734,2,positive
2016-11-18,219.07000732421875,218.5,214.3175,1.9142,1.9088,1.0028,2,positive
2016-11-21,219.1699981689453,220.1499938964844,214.5805,2.5299,1.9136,1.322,2,positive
2016-11-22,220.50999450683597,220.5800018310547,214.901,2.5746,1.9197,1.3412,2,positive
2016-11-23,219.97999572753903,220.6999969482422,215.249,2.4699,1.9252,1.2829,2,positive
2016-11-25,221.1000061035156,221.5200042724609,215.6665,2.6424,1.9314,1.3682,2,positive
2016-11-28,221.16000366210935,220.47999572753903,216.0635,2.0031,1.9348,1.0353,2,positive
2016-11-29,220.5200042724609,220.91000366210935,216.4815,2.0047,1.9381,1.0344,2,positive
2016-11-30,221.6300048828125,220.3800048828125,216.95,1.5564,1.94,0.8023,1,mild_positive
2016-12-01,220.72999572753903,219.57000732421875,217.4415,0.9694,1.9404,0.4996,1,mild_positive
2016-12-02,219.6699981689453,219.67999267578125,217.9865,0.7709,1.9408,0.3972,1,mild_positive
2016-12-05,220.6499938964844,221.0,218.609,1.0819,1.9408,0.5575,1,mild_positive
2016-12-06,221.22000122070312,221.6999969482422,219.0365,1.2014,1.9419,0.6187,1,mild_positive
2016-12-07,221.5200042724609,224.6000061035156,219.561,2.2435,1.9443,1.1539,2,positive
2016-12-08,224.57000732421875,225.1499938964844,219.9995,2.2876,1.9484,1.1741,2,positive
2016-12-09,225.41000366210935,226.50999450683597,220.479,2.6626,1.9545,1.3623,2,positive
2016-12-12,226.3999938964844,226.25,220.9705,2.3335,1.9587,1.1914,2,positive
2016-12-13,227.0200042724609,227.75999450683597,221.529,2.7358,1.9631,1.3936,2,positive
2016-12-14,227.41000366210935,225.8800048828125,221.909,1.758,1.9643,0.895,1,mild_positive
2016-12-15,226.16000366210935,226.80999755859372,222.356,1.9638,1.9582,1.0028,2,positive
2016-12-16,226.00999450683597,225.0399932861328,222.6585,1.0583,1.9524,0.542,1,mild_positive
2016-12-19,225.25,225.52999877929688,223.01,1.1174,1.951,0.5727,1,mild_positive
2016-12-20,226.1499938964844,226.3999938964844,223.3225,1.3593,1.9522,0.6963,1,mild_positive
2016-12-21,226.25,225.7700042724609,223.582,0.9691,1.9504,0.4969,1,mild_positive
2016-12-22,225.6000061035156,225.3800048828125,223.816,0.6939,1.9362,0.3584,1,mild_positive
2016-12-23,225.42999267578125,225.7100067138672,224.0255,0.7463,1.9287,0.387,1,mild_positive
2016-12-27,226.0200042724609,226.2700042724609,224.315,0.864,1.926,0.4486,1,mild_positive
2016-12-28,226.57000732421875,224.3999938964844,224.4895,-0.0399,1.926,-0.0207,-1,mild_negative
2016-12-29,224.47999572753903,224.3500061035156,224.688,-0.1507,1.9261,-0.0782,-1,mild_negative
2016-12-30,224.72999572753903,223.52999877929688,224.886,-0.6066,1.9266,-0.3149,-1,mild_negative
2017-01-03,225.0399932861328,225.2400054931641,225.164,0.0337,1.9264,0.0175,1,mild_positive
2017-01-04,225.6199951171875,226.5800018310547,225.443,0.5018,1.9264,0.2605,1,mild_positive
2017-01-05,226.2700042724609,226.3999938964844,225.678,0.3189,1.9255,0.1656,1,mild_positive
2017-01-06,226.52999877929688,227.2100067138672,225.8085,0.6168,1.9202,0.3212,1,mild_positive
2017-01-09,226.91000366210935,226.4600067138672,225.874,0.2588,1.9164,0.135,1,mild_positive
2017-01-10,226.47999572753903,226.4600067138672,225.8715,0.2599,1.9072,0.1363,1,mild_positive
2017-01-11,226.3600006103516,227.1000061035156,225.914,0.5222,1.8791,0.2779,1,mild_positive
2017-01-12,226.5,226.52999877929688,225.8525,0.2991,1.8405,0.1625,1,mild_positive
2017-01-13,226.72999572753903,227.0500030517578,225.911,0.5017,1.8067,0.2777,1,mild_positive
2017-01-17,226.30999755859372,226.25,225.883,0.1622,1.784,0.0909,1,mild_positive
2017-01-18,226.5399932861328,226.75,225.9685,0.3447,1.7311,0.1991,1,mild_positive
2017-01-19,226.83999633789065,225.91000366210935,225.9875,-0.0343,1.7046,-0.0201,-1,mild_negative
2017-01-20,226.6999969482422,226.7400054931641,226.0045,0.3244,1.6535,0.1962,1,mild_positive
2017-01-23,226.7400054931641,226.1499938964844,226.0235,0.0559,1.6097,0.0347,1,mild_positive
2017-01-24,226.3999938964844,227.6000061035156,226.1345,0.6439,1.5477,0.416,1,mild_positive
2017-01-25,228.6999969482422,229.57000732421875,226.3275,1.4124,1.5008,0.9411,1,mild_positive
2017-01-26,229.3999938964844,229.3300018310547,226.4805,1.2425,1.4838,0.8374,1,mild_positive
2017-01-27,229.4199981689453,228.97000122070312,226.709,0.9875,1.4537,0.6793,1,mild_positive
2017-01-30,228.1699981689453,227.5500030517578,226.869,0.2993,1.4419,0.2076,1,mild_positive
2017-01-31,226.97999572753903,227.52999877929688,227.069,0.2026,1.4239,0.1423,1,mild_positive
2017-02-01,227.52999877929688,227.6199951171875,227.188,0.1898,1.4146,0.1342,1,mild_positive
2017-02-02,227.6199951171875,227.7700042724609,227.2475,0.2294,1.4148,0.1621,1,mild_positive
2017-02-03,228.82000732421875,229.33999633789065,227.3945,0.8483,1.4147,0.5996,1,mild_positive
2017-02-06,228.8699951171875,228.92999267578125,227.4805,0.6332,1.4127,0.4482,1,mild_positive
2017-02-07,229.3800048828125,228.94000244140625,227.6045,0.5833,1.4125,0.413,1,mild_positive
2017-02-08,228.94000244140625,229.2400054931641,227.7435,0.6528,1.4125,0.4622,1,mild_positive
2017-02-09,229.2400054931641,230.6000061035156,227.9185,1.1628,1.4085,0.8256,1,mild_positive
2017-02-10,231.0,231.50999450683597,228.1675,1.4438,1.3968,1.0336,2,positive
2017-02-13,232.0800018310547,232.7700042724609,228.4535,1.8544,1.3875,1.3365,2,positive
2017-02-14,232.55999755859372,233.6999969482422,228.826,2.0856,1.3799,1.5114,2,positive
2017-02-15,233.4499969482422,234.9199981689453,229.2345,2.4202,1.3622,1.7767,2,positive
2017-02-16,234.9499969482422,234.72000122070312,229.675,2.1494,1.361,1.5793,2,positive
2017-02-17,233.9499969482422,235.08999633789065,230.0925,2.1258,1.3637,1.5588,2,positive
2017-02-21,235.5200042724609,236.4900054931641,230.6095,2.4866,1.3652,1.8214,2,positive
2017-02-22,236.0200042724609,236.27999877929688,231.0435,2.2162,1.3673,1.6209,2,positive
2017-02-23,236.8800048828125,236.44000244140625,231.387,2.1371,1.3694,1.5606,2,positive
2017-02-24,235.4600067138672,236.7400054931641,231.7575,2.1046,1.3666,1.54,2,positive
2017-02-27,236.63999938964844,237.1100006103516,232.1645,2.0857,1.3687,1.5239,2,positive
2017-02-28,236.6699981689453,236.47000122070312,232.6105,1.6321,1.3685,1.1926,2,positive
2017-03-01,238.38999938964844,239.77999877929688,233.223,2.7346,1.3688,1.9978,2,positive
2017-03-02,239.55999755859372,238.2700042724609,233.7555,1.8947,1.3672,1.3858,2,positive
2017-03-03,238.1699981689453,238.4199981689453,234.288,1.7331,1.3677,1.2672,2,positive
2017-03-06,237.5,237.7100067138672,234.7065,1.2635,1.3556,0.9321,1,mild_positive
2017-03-07,237.3600006103516,237.0,235.11,0.7975,1.3411,0.5946,1,mild_positive
2017-03-08,237.33999633789065,236.55999755859372,235.491,0.4519,1.3248,0.3411,1,mild_positive
2017-03-09,236.6999969482422,236.8600006103516,235.872,0.4171,1.3073,0.3191,1,mild_positive
2017-03-10,237.97000122070312,237.69000244140625,236.2265,0.6157,1.2917,0.4767,1,mild_positive
2017-03-13,237.6199951171875,237.80999755859372,236.5415,0.5334,1.2866,0.4146,1,mild_positive
2017-03-14,237.17999267578125,236.8999938964844,236.748,0.0642,1.2812,0.0501,1,mild_positive
2017-03-15,237.55999755859372,238.9499969482422,237.0105,0.8117,1.2768,0.6357,1,mild_positive
2017-03-16,239.1100006103516,238.47999572753903,237.1885,0.5416,1.265,0.4281,1,mild_positive
2017-03-17,237.75,237.02999877929688,237.304,-0.1156,1.2579,-0.0919,-1,mild_negative
2017-03-20,237.02999877929688,236.7700042724609,237.388,-0.261,1.254,-0.2081,-1,mild_negative
2017-03-21,237.47000122070312,233.72999572753903,237.25,-1.506,1.2541,-1.2009,-2,negative
2017-03-22,233.7700042724609,234.27999877929688,237.15,-1.225,1.25,-0.9801,-1,mild_negative
2017-03-23,234.27999877929688,234.02999877929688,237.0295,-1.2817,1.2489,-1.0262,-2,negative
2017-03-24,234.3800048828125,233.8600006103516,236.8855,-1.2937,1.2484,-1.0363,-2,negative
2017-03-27,231.92999267578125,233.6199951171875,236.711,-1.3231,1.2499,-1.0585,-2,negative
2017-03-28,233.2700042724609,235.32000732421875,236.6535,-0.5667,1.2511,-0.453,-1,mild_negative
2017-03-29,234.9900054931641,235.5399932861328,236.4415,-0.3827,1.252,-0.3057,-1,mild_negative
2017-03-30,235.47000122070312,236.2899932861328,236.3425,-0.0222,1.2523,-0.0177,-1,mild_negative
2017-03-31,235.8999938964844,235.7400054931641,236.2085,-0.1987,1.2516,-0.1588,-1,mild_negative
2017-04-03,235.8000030517578,235.3300018310547,236.0895,-0.3227,1.2503,-0.2581,-1,mild_negative
2017-04-04,235.0,235.47999572753903,236.0135,-0.2266,1.25,-0.1812,-1,mild_negative
2017-04-05,236.25999450683597,234.77999877929688,235.9245,-0.4875,1.2487,-0.3904,-1,mild_negative
2017-04-06,234.94000244140625,235.44000244140625,235.8535,-0.1756,1.2481,-0.1407,-1,mild_negative
2017-04-07,235.1499938964844,235.1999969482422,235.729,-0.2249,1.2489,-0.1801,-1,mild_negative
2017-04-10,235.3600006103516,235.33999633789065,235.6055,-0.1128,1.2487,-0.0903,-1,mild_negative
2017-04-11,234.8999938964844,235.05999755859372,235.5135,-0.1929,1.2489,-0.1545,-1,mild_negative
2017-04-12,234.7400054931641,234.02999877929688,235.2675,-0.5288,1.2503,-0.4229,-1,mild_negative
2017-04-13,233.63999938964844,232.50999450683597,234.969,-1.0576,1.2533,-0.8439,-1,mild_negative
2017-04-17,233.1100006103516,234.57000732421875,234.846,-0.1177,1.2538,-0.0938,-1,mild_negative
2017-04-18,233.72000122070312,233.8699951171875,234.701,-0.3553,1.2534,-0.2835,-1,mild_negative
2017-04-19,234.5200042724609,233.44000244140625,234.6865,-0.534,1.2537,-0.4259,-1,mild_negative
2017-04-20,234.1499938964844,235.33999633789065,234.7395,0.2552,1.253,0.2036,1,mild_positive
2017-04-21,235.25,234.58999633789065,234.7675,-0.0757,1.2508,-0.0605,-1,mild_negative
2017-04-24,237.17999267578125,237.1699981689453,234.933,0.9432,1.2476,0.756,1,mild_positive
2017-04-25,237.91000366210935,238.5500030517578,235.1795,1.4129,1.2457,1.1342,2,positive
2017-04-26,238.50999450683597,238.3999938964844,235.3335,1.2863,1.2458,1.0325,2,positive
2017-04-27,238.7700042724609,238.6000061035156,235.4865,1.3049,1.2463,1.0471,2,positive
2017-04-28,238.8999938964844,238.0800018310547,235.576,1.0517,1.2466,0.8437,1,mild_positive
2017-05-01,238.67999267578125,238.67999267578125,235.723,1.2389,1.2473,0.9933,1,mild_positive
2017-05-02,238.83999633789065,238.7700042724609,235.895,1.2041,1.2477,0.965,1,mild_positive
2017-05-03,238.7700042724609,238.47999572753903,236.045,1.021,1.2479,0.8182,1,mild_positive
2017-05-04,238.8300018310547,238.75999450683597,236.244,1.0538,1.247,0.845,1,mild_positive
2017-05-05,239.19000244140625,239.6999969482422,236.457,1.3529,1.2482,1.084,2,positive
2017-05-08,239.75,239.66000366210935,236.68,1.2434,1.247,0.9971,1,mild_positive
2017-05-09,239.9600067138672,239.44000244140625,236.885,1.0671,1.243,0.8584,1,mild_positive
2017-05-10,239.38999938964844,239.8699951171875,237.1255,1.1442,1.2389,0.9235,1,mild_positive
2017-05-11,239.3500061035156,239.3800048828125,237.393,0.8301,1.2359,0.6716,1,mild_positive
2017-05-12,239.08999633789065,238.97999572753903,237.7165,0.5287,1.2329,0.4288,1,mild_positive
2017-05-15,239.47000122070312,240.3000030517578,238.003,0.9559,1.2332,0.7752,1,mild_positive
2017-05-16,240.63999938964844,240.0800018310547,238.3135,0.7358,1.2313,0.5976,1,mild_positive
2017-05-17,240.0800018310547,235.82000732421875,238.4325,-1.1078,1.2338,-0.8979,-1,mild_negative
2017-05-18,235.72999572753903,236.7700042724609,238.504,-0.7324,1.2308,-0.595,-1,mild_negative
2017-05-19,237.3300018310547,238.30999755859372,238.69,-0.1595,1.2305,-0.1296,-1,mild_negative
2017-05-22,238.8999938964844,239.5200042724609,238.8075,0.2975,1.2263,0.2426,1,mild_positive
2017-05-23,239.9499969482422,240.0500030517578,238.8825,0.4864,1.2227,0.3978,1,mild_positive
2017-05-24,240.32000732421875,240.6100006103516,238.993,0.672,1.218,0.5518,1,mild_positive
2017-05-25,241.1999969482422,241.75999450683597,239.151,1.0792,1.2168,0.8869,1,mild_positive
2017-05-26,241.5399932861328,241.7100067138672,239.3325,0.9836,1.2152,0.8094,1,mild_positive
2017-05-30,241.33999633789065,241.5,239.4735,0.8391,1.2153,0.6905,1,mild_positive
2017-05-31,241.83999633789065,241.44000244140625,239.607,0.7592,1.214,0.6254,1,mild_positive
2017-06-01,241.97000122070312,243.3600006103516,239.851,1.4419,1.214,1.1877,2,positive
2017-06-02,243.4199981689453,244.1699981689453,240.1215,1.6581,1.2136,1.3663,2,positive
2017-06-05,243.97000122070312,243.9900054931641,240.336,1.4976,1.2134,1.2342,2,positive
2017-06-06,243.33999633789065,243.2100067138672,240.5135,1.1087,1.212,0.9148,1,mild_positive
2017-06-07,243.6000061035156,243.66000366210935,240.7245,1.2048,1.2101,0.9956,1,mild_positive
2017-06-08,243.7700042724609,243.77999877929688,240.92,1.1732,1.2096,0.9699,1,mild_positive
2017-06-09,244.08999633789065,243.41000366210935,241.1215,0.9402,1.2075,0.7786,1,mild_positive
2017-06-12,243.1300048828125,243.3600006103516,241.3405,0.8298,1.2052,0.6886,1,mild_positive
2017-06-13,243.97999572753903,244.5500030517578,241.553,1.2255,1.2025,1.0192,2,positive
2017-06-14,244.8600006103516,244.2400054931641,241.761,1.015,1.2005,0.8455,1,mild_positive
2017-06-15,242.67999267578125,243.7700042724609,242.1585,0.6611,1.2005,0.5507,1,mild_positive
2017-06-16,242.7700042724609,242.63999938964844,242.452,0.0775,1.2,0.0646,1,mild_positive
2017-06-19,243.58999633789065,244.66000366210935,242.7695,0.7727,1.1988,0.6446,1,mild_positive
2017-06-20,244.25,243.00999450683597,242.944,0.0272,1.1971,0.0227,1,mild_positive
2017-06-21,243.4600067138672,242.9499969482422,243.089,-0.0572,1.1963,-0.0478,-1,mild_negative
2017-06-22,242.9600067138672,242.83999633789065,243.2005,-0.1485,1.1913,-0.1246,-1,mild_negative
2017-06-23,242.91000366210935,243.1300048828125,243.269,-0.0572,1.1891,-0.0481,-1,mild_negative
2017-06-26,243.8999938964844,243.2899932861328,243.348,-0.0238,1.1877,-0.0201,-1,mild_negative
2017-06-27,243.0399932861328,241.3300018310547,243.3395,-0.8327,1.1883,-0.7007,-1,mild_negative
2017-06-28,242.5,243.4900054931641,243.442,0.0197,1.1888,0.0166,1,mild_positive
2017-06-29,243.66000366210935,241.3500061035156,243.3415,-0.8251,1.1709,-0.7047,-1,mild_negative
2017-06-30,242.27999877929688,241.8000030517578,243.223,-0.5885,1.1273,-0.5221,-1,mild_negative
2017-07-03,242.8800048828125,242.2100067138672,243.134,-0.3815,1.1112,-0.3433,-1,mild_negative
2017-07-05,242.6300048828125,242.7700042724609,243.112,-0.1409,1.1088,-0.127,-1,mild_negative
2017-07-06,241.88999938964844,240.5500030517578,242.9565,-1.0004,1.1133,-0.8986,-1,mild_negative
2017-07-07,241.2100067138672,242.1100006103516,242.873,-0.3151,1.1146,-0.2828,-1,mild_negative
2017-07-10,242.1100006103516,242.3699951171875,242.821,-0.1861,1.1153,-0.1668,-1,mild_negative
2017-07-11,242.3699951171875,242.19000244140625,242.7625,-0.2364,1.1163,-0.2118,-1,mild_negative
2017-07-12,243.3000030517578,244.00999450683597,242.7355,0.5223,1.1162,0.4679,1,mild_positive
2017-07-13,244.0200042724609,244.4199981689453,242.7445,0.6855,1.1111,0.6169,1,mild_positive
2017-07-14,244.4199981689453,245.55999755859372,242.834,1.1101,1.1048,1.0048,2,positive
2017-07-17,245.47000122070312,245.52999877929688,242.9785,1.0392,1.0938,0.9501,1,mild_positive
2017-07-18,245.05999755859372,245.66000366210935,243.0285,1.0712,1.0842,0.988,1,mild_positive
2017-07-19,246.0200042724609,246.9900054931641,243.2275,1.5233,1.0725,1.4204,2,positive
2017-07-20,247.27999877929688,247.1000061035156,243.435,1.4832,1.0634,1.3948,2,positive
2017-07-21,246.44000244140625,246.8800048828125,243.637,1.3136,1.0533,1.2471,2,positive
2017-07-24,246.7899932861328,246.82000732421875,243.8215,1.2149,1.0454,1.1621,2,positive
2017-07-25,247.67999267578125,247.4199981689453,244.028,1.3709,1.0361,1.3232,2,positive
2017-07-26,247.75,247.42999267578125,244.333,1.2517,1.0307,1.2143,2,positive
2017-07-27,247.9600067138672,247.1999969482422,244.5185,1.0847,1.0227,1.0606,2,positive
2017-07-28,246.6499938964844,246.91000366210935,244.7965,0.856,1.0183,0.8406,1,mild_positive
2017-07-31,247.3699951171875,246.7700042724609,245.045,0.699,1.0156,0.6883,1,mild_positive
2017-08-01,247.4600067138672,247.32000732421875,245.3005,0.8166,1.0146,0.8048,1,mild_positive
2017-08-02,247.47000122070312,247.44000244140625,245.534,0.7703,1.0138,0.7598,1,mild_positive
2017-08-03,247.30999755859372,246.9600067138672,245.8545,0.4476,1.013,0.4419,1,mild_positive
2017-08-04,247.5200042724609,247.41000366210935,246.1195,0.5216,1.0126,0.5151,1,mild_positive
2017-08-07,247.4900054931641,247.8699951171875,246.3945,0.5953,1.0124,0.588,1,mild_positive
2017-08-08,247.50999450683597,247.25999450683597,246.648,0.2475,1.0124,0.2445,1,mild_positive
2017-08-09,246.47000122070312,247.25,246.81,0.178,1.0124,0.1758,1,mild_positive
2017-08-10,246.2899932861328,243.75999450683597,246.777,-1.2377,1.0178,-1.216,-2,negative
2017-08-11,244.0200042724609,244.1199951171875,246.705,-1.0589,1.0222,-1.0359,-2,negative
2017-08-14,245.58999633789065,246.5399932861328,246.7555,-0.0874,1.0227,-0.0855,-1,mild_negative
2017-08-15,246.97999572753903,246.50999450683597,246.798,-0.1168,1.0234,-0.1142,-1,mild_negative
2017-08-16,247.1100006103516,246.94000244140625,246.7955,0.0585,1.0235,0.0572,1,mild_positive
2017-08-17,246.2400054931641,243.08999633789065,246.595,-1.4419,1.0303,-1.3994,-2,negative
2017-08-18,242.8999938964844,242.7100067138672,246.3865,-1.5148,1.0373,-1.4602,-2,negative
2017-08-21,242.63999938964844,242.8999938964844,246.1905,-1.3547,1.0434,-1.2983,-2,negative
2017-08-22,243.57000732421875,245.44000244140625,246.0915,-0.2654,1.0443,-0.2542,-1,mild_negative
2017-08-23,244.3300018310547,244.55999755859372,245.948,-0.5676,1.0462,-0.5425,-1,mild_negative
2017-08-24,245.0,243.9900054931641,245.7875,-0.7367,1.0487,-0.7025,-1,mild_negative
2017-08-25,244.8999938964844,244.55999755859372,245.67,-0.4539,1.0501,-0.4322,-1,mild_negative
2017-08-28,245.1699981689453,244.57000732421875,245.56,-0.4048,1.0514,-0.385,-1,mild_negative
2017-08-29,243.05999755859372,244.8500061035156,245.4365,-0.2395,1.0519,-0.2277,-1,mild_negative
2017-08-30,244.8300018310547,246.00999450683597,245.365,0.2622,1.0515,0.2493,1,mild_positive
2017-08-31,246.72000122070312,247.4900054931641,245.3915,0.8479,1.0509,0.8068,1,mild_positive
2017-09-01,247.9199981689453,247.83999633789065,245.413,0.9793,1.0514,0.9314,1,mild_positive
2017-09-05,247.25999450683597,246.05999755859372,245.3225,0.2997,1.0511,0.2852,1,mild_positive
2017-09-06,246.83999633789065,246.8999938964844,245.3045,0.6462,1.05,0.6154,1,mild_positive
2017-09-07,247.25,246.8699951171875,245.2855,0.6418,1.0489,0.6119,1,mild_positive
2017-09-08,246.5399932861328,246.5800018310547,245.4265,0.4678,1.0487,0.4461,1,mild_positive
2017-09-11,248.0399932861328,249.2100067138672,245.681,1.4161,1.0505,1.348,2,positive
2017-09-12,249.6300048828125,250.0500030517578,245.8565,1.6771,1.0533,1.5922,2,positive
2017-09-13,249.72000122070312,250.1699981689453,246.0395,1.6511,1.0558,1.5639,2,positive
2017-09-14,249.8000030517578,250.08999633789065,246.197,1.5566,1.0444,1.4905,2,positive
2017-09-15,248.69000244140625,249.19000244140625,246.502,1.0787,1.0423,1.0349,2,positive
2017-09-18,249.6100006103516,249.72000122070312,246.8525,1.1483,1.0308,1.114,2,positive
2017-09-19,250.0,249.97000122070312,247.206,1.1057,1.0196,1.0845,2,positive
2017-09-20,250.07000732421875,250.05999755859372,247.437,1.0489,1.0163,1.0321,2,positive
2017-09-21,249.8800048828125,249.38999938964844,247.6785,0.6863,1.0069,0.6816,1,mild_positive
2017-09-22,249.0500030517578,249.44000244140625,247.951,0.5969,0.9985,0.5978,1,mild_positive
2017-09-25,249.1499938964844,248.92999267578125,248.1695,0.3055,0.991,0.3083,1,mild_positive
2017-09-26,249.4199981689453,249.0800018310547,248.395,0.275,0.99,0.2778,1,mild_positive
2017-09-27,249.8800048828125,250.0500030517578,248.655,0.5579,0.99,0.5635,1,mild_positive
2017-09-28,249.72999572753903,250.3500061035156,248.872,0.5904,0.9892,0.5968,1,mild_positive
2017-09-29,250.33999633789065,251.22999572753903,249.059,0.8641,0.9856,0.8767,1,mild_positive
2017-10-02,251.4900054931641,252.32000732421875,249.283,1.2036,0.9855,1.2213,2,positive
2017-10-03,252.32000732421875,252.8600006103516,249.623,1.2802,0.9865,1.2976,2,positive
2017-10-04,252.69000244140625,253.16000366210935,249.936,1.2735,0.9854,1.2923,2,positive
2017-10-05,253.5399932861328,254.66000366210935,250.3255,1.7021,0.9879,1.7229,2,positive
2017-10-06,254.1499938964844,254.3699951171875,250.715,1.4369,0.989,1.4528,2,positive
2017-10-09,254.6300048828125,253.9499969482422,250.952,1.1805,0.9883,1.1945,2,positive
2017-10-10,254.6000061035156,254.6199951171875,251.1805,1.3508,0.9893,1.3655,2,positive
2017-10-11,254.50999450683597,255.0200042724609,251.423,1.4105,0.9905,1.424,2,positive
2017-10-12,254.66000366210935,254.63999938964844,251.6505,1.174,0.9905,1.1853,2,positive
2017-10-13,255.13999938964844,254.9499969482422,251.9385,1.1812,0.9912,1.1917,2,positive
2017-10-16,255.2100067138672,255.2899932861328,252.217,1.2037,0.9882,1.2181,2,positive
2017-10-17,255.22999572753903,255.47000122070312,252.492,1.1657,0.9857,1.1826,2,positive
2017-10-18,255.8999938964844,255.72000122070312,252.775,1.1517,0.9815,1.1733,2,positive
2017-10-19,254.8300018310547,255.7899932861328,253.095,1.0536,0.9774,1.0779,2,positive
2017-10-20,256.70001220703125,257.1099853515625,253.4785,1.4124,0.972,1.4532,2,positive
2017-10-23,257.4800109863281,256.1099853515625,253.8375,0.8873,0.9691,0.9156,1,mild_positive
2017-10-24,256.6000061035156,256.5599975585937,254.2115,0.9154,0.9676,0.9461,1,mild_positive
2017-10-25,256.17999267578125,255.2899932861328,254.4735,0.3198,0.9656,0.3312,1,mild_positive
2017-10-26,255.9900054931641,255.6199951171875,254.737,0.3454,0.964,0.3583,1,mild_positive
2017-10-27,256.4700012207031,257.7099914550781,255.061,1.0279,0.9638,1.0666,2,positive
2017-10-30,256.4700012207031,256.75,255.2825,0.5716,0.9623,0.5939,1,mild_positive
2017-10-31,257.17999267578125,257.1499938964844,255.497,0.6428,0.9604,0.6693,1,mild_positive
2017-11-01,258.0400085449219,257.489990234375,255.7135,0.6899,0.9574,0.7206,1,mild_positive
2017-11-02,257.4100036621094,257.5899963378906,255.86,0.6716,0.9532,0.7046,1,mild_positive
2017-11-03,257.7699890136719,258.45001220703125,256.064,0.9232,0.9496,0.9722,1,mild_positive
2017-11-06,258.29998779296875,258.8500061035156,256.309,0.9817,0.9414,1.0428,2,positive
2017-11-07,258.9700012207031,258.6700134277344,256.5115,0.8345,0.9284,0.8988,1,mild_positive
2017-11-08,258.4700012207031,259.1099853515625,256.716,0.9239,0.9117,1.0134,2,positive
2017-11-09,257.7300109863281,258.1700134277344,256.8925,0.4948,0.8952,0.5528,1,mild_positive
2017-11-10,257.7300109863281,258.0899963378906,257.0495,0.4032,0.8948,0.4505,1,mild_positive
2017-11-13,257.3099975585937,258.3299865722656,257.2015,0.4368,0.895,0.4881,1,mild_positive
2017-11-14,257.4100036621094,257.7300109863281,257.3145,0.1612,0.8938,0.1804,1,mild_positive
2017-11-15,256.6199951171875,256.44000244140625,257.3505,-0.3551,0.8937,-0.3973,-1,mild_negative
2017-11-16,257.5199890136719,258.6199951171875,257.492,0.4362,0.8925,0.4887,1,mild_positive
2017-11-17,258.2200012207031,257.8599853515625,257.5295,0.1282,0.892,0.1437,1,mild_positive
2017-11-20,258.1400146484375,258.29998779296875,257.639,0.2559,0.8878,0.2882,1,mild_positive
2017-11-21,259.17999267578125,259.989990234375,257.8105,0.8383,0.8849,0.9474,1,mild_positive
2017-11-22,260.0,259.760009765625,258.034,0.6645,0.8794,0.7556,1,mild_positive
2017-11-24,260.32000732421875,260.3599853515625,258.271,0.8023,0.876,0.9159,1,mild_positive
2017-11-27,260.4100036621094,260.2300109863281,258.397,0.7044,0.8682,0.8113,1,mild_positive
2017-11-28,260.760009765625,262.8699951171875,258.703,1.5852,0.8618,1.8394,2,positive
2017-11-29,263.0199890136719,262.7099914550781,258.981,1.4194,0.8556,1.659,2,positive
2017-11-30,263.760009765625,265.010009765625,259.357,2.1331,0.8515,2.5051,3,extreme_positive
2017-12-01,264.760009765625,264.4599914550781,259.7005,1.7997,0.8504,2.1164,3,extreme_positive
2017-12-04,266.3099975585937,264.1400146484375,259.985,1.573,0.8481,1.8548,2,positive
2017-12-05,263.19000244140625,263.19000244140625,260.202,1.1353,0.8467,1.3408,2,positive
2017-12-06,263.29998779296875,263.239990234375,260.4305,1.0673,0.8469,1.2602,2,positive
2017-12-07,264.07000732421875,264.07000732421875,260.6785,1.2843,0.8478,1.5149,2,positive
2017-12-08,265.1600036621094,265.510009765625,261.0455,1.6815,0.8498,1.9787,2,positive
2017-12-11,266.3099975585937,266.3099975585937,261.4565,1.8225,0.8523,2.1384,3,extreme_positive
2017-12-12,267.2099914550781,266.7799987792969,261.879,1.8371,0.8497,2.1621,3,extreme_positive
2017-12-13,267.0599975585937,266.75,262.33,1.657,0.8458,1.9591,2,positive
2017-12-14,267.0899963378906,265.6600036621094,262.791,1.08,0.8368,1.2906,2,positive
2017-12-15,265.45001220703125,266.510009765625,263.1855,1.2474,0.8309,1.5013,2,positive
2017-12-18,268.1000061035156,268.20001220703125,263.7025,1.6769,0.823,2.0376,3,extreme_positive
2017-12-19,268.4800109863281,267.1700134277344,264.146,1.1319,0.8206,1.3794,2,positive
2017-12-20,268.2699890136719,267.0299987792969,264.498,0.9482,0.8165,1.1613,2,positive
2017-12-21,267.739990234375,267.5799865722656,264.889,1.0057,0.8164,1.2318,2,positive
2017-12-22,267.6000061035156,267.510009765625,265.2465,0.8461,0.816,1.037,2,positive
2017-12-26,267.04998779296875,267.19000244140625,265.5945,0.5971,0.8147,0.733,1,mild_positive
2017-12-27,267.3800048828125,267.32000732421875,265.817,0.5622,0.8144,0.6904,1,mild_positive
2017-12-28,267.8900146484375,267.8699951171875,266.075,0.6701,0.8144,0.8228,1,mild_positive
2017-12-29,268.5299987792969,266.8599853515625,266.1675,0.2595,0.8147,0.3185,1,mild_positive
2018-01-02,267.8399963378906,268.7699890136719,266.383,0.8881,0.8147,1.0901,2,positive
2018-01-03,268.9599914550781,270.4700012207031,266.6995,1.3941,0.8151,1.7104,2,positive
2018-01-04,271.20001220703125,271.6099853515625,267.1205,1.6529,0.8161,2.0254,3,extreme_positive
2018-01-05,272.510009765625,273.4200134277344,267.6295,2.1178,0.8176,2.5903,3,extreme_positive
2018-01-08,273.3099975585937,273.9200134277344,268.122,2.1167,0.8218,2.5755,3,extreme_positive
2018-01-09,274.3999938964844,274.5400085449219,268.5735,2.1733,0.8273,2.627,3,extreme_positive
2018-01-10,273.67999267578125,274.1199951171875,268.964,1.8809,0.8305,2.2648,3,extreme_positive
2018-01-11,274.75,276.1199951171875,269.431,2.4225,0.8377,2.8917,3,extreme_positive
2018-01-12,276.4200134277344,277.9200134277344,269.9895,2.8535,0.8484,3.3636,3,extreme_positive
2018-01-16,279.3500061035156,276.9700012207031,270.555,2.3161,0.854,2.7119,3,extreme_positive
2018-01-17,278.0299987792969,279.6099853515625,271.21,3.0042,0.8662,3.4684,3,extreme_positive
2018-01-18,279.4800109863281,279.1400146484375,271.757,2.6449,0.8743,3.0253,3,extreme_positive
2018-01-19,279.79998779296875,280.4100036621094,272.419,2.8498,0.8844,3.2224,3,extreme_positive
2018-01-22,280.1700134277344,282.69000244140625,273.202,3.3563,0.8989,3.7338,3,extreme_positive
2018-01-23,282.739990234375,283.2900085449219,273.9875,3.2837,0.9126,3.5981,3,extreme_positive
2018-01-24,284.0199890136719,283.17999267578125,274.771,2.9695,0.9219,3.2211,3,extreme_positive
2018-01-25,284.1600036621094,283.29998779296875,275.5765,2.7263,0.9297,2.9325,3,extreme_positive
2018-01-26,284.25,286.5799865722656,276.5395,3.5036,0.9443,3.7104,3,extreme_positive
2018-01-29,285.92999267578125,284.67999267578125,277.38,2.5643,0.9508,2.6969,3,extreme_positive
2018-01-30,282.6000061035156,281.760009765625,278.125,1.2901,0.9505,1.3573,2,positive
2018-01-31,282.7300109863281,281.8999938964844,278.7815,1.1062,0.9503,1.1641,2,positive
2018-02-01,281.07000732421875,281.5799865722656,279.337,0.7966,0.9502,0.8383,1,mild_positive
2018-02-02,280.0799865722656,275.45001220703125,279.529,-1.4808,0.9603,-1.5421,-2,negative
2018-02-05,273.45001220703125,263.92999267578125,279.0545,-5.7305,1.0427,-5.4961,-3,extreme_negative
2018-02-06,259.94000244140625,269.1300048828125,278.815,-3.5986,1.0772,-3.3409,-3,extreme_negative
2018-02-07,268.5,267.6700134277344,278.4715,-4.0354,1.1175,-3.6111,-3,extreme_negative
2018-02-08,268.010009765625,257.6300048828125,277.647,-7.7697,1.2376,-6.2782,-3,extreme_negative
2018-02-09,260.79998779296875,261.5,276.916,-5.8952,1.3045,-4.5193,-3,extreme_negative
2018-02-12,263.8299865722656,265.3399963378906,276.287,-4.1257,1.3385,-3.0823,-3,extreme_negative
2018-02-13,263.9700012207031,266.0,275.7385,-3.6611,1.3654,-2.6813,-3,extreme_negative
2018-02-14,264.3099975585937,269.5899963378906,275.2375,-2.0948,1.3756,-1.5229,-2,negative
2018-02-15,271.57000732421875,273.0299987792969,274.932,-0.6966,1.3771,-0.5059,-1,mild_negative
2018-02-16,272.32000732421875,273.1099853515625,274.567,-0.5335,1.3767,-0.3875,-1,mild_negative
2018-02-20,272.0299987792969,271.3999938964844,274.0025,-0.9589,1.3769,-0.6964,-1,mild_negative
2018-02-21,271.8999938964844,270.04998779296875,273.3405,-1.2185,1.3767,-0.8851,-1,mild_negative
2018-02-22,271.1000061035156,270.3999938964844,272.7015,-0.8511,1.376,-0.6186,-1,mild_negative
2018-02-23,271.7900085449219,274.7099914550781,272.272,0.8875,1.3726,0.6466,1,mild_positive
2018-02-26,275.92999267578125,277.8999938964844,271.838,2.1814,1.3711,1.591,2,positive
2018-02-27,278.1099853515625,274.42999267578125,271.3255,1.1313,1.3676,0.8272,1,mild_positive
2018-02-28,275.67999267578125,271.6499938964844,270.82,0.3055,1.364,0.224,1,mild_positive
2018-03-01,271.4100036621094,267.70001220703125,270.11,-0.9003,1.3634,-0.6603,-1,mild_negative
2018-03-02,265.79998779296875,269.0799865722656,269.485,-0.1505,1.3606,-0.1106,-1,mild_negative
2018-03-05,267.7300109863281,272.19000244140625,269.322,1.0537,1.3592,0.7752,1,mild_positive
2018-03-06,273.29998779296875,272.8800048828125,269.7695,1.1399,1.3526,0.8427,1,mild_positive
2018-03-07,270.4200134277344,272.7799987792969,269.952,1.0367,1.3502,0.7678,1,mild_positive
2018-03-08,273.54998779296875,274.1000061035156,270.2735,1.396,1.3492,1.0347,2,positive
2018-03-09,275.70001220703125,278.8699951171875,271.3355,2.7018,1.3554,1.9934,2,positive
2018-03-12,279.20001220703125,278.5199890136719,272.1865,2.274,1.3597,1.6724,2,positive
2018-03-13,279.8399963378906,276.7200012207031,272.7555,1.4327,1.3609,1.0527,2,positive
2018-03-14,277.8099975585937,275.29998779296875,273.2205,0.7554,1.361,0.555,1,mild_positive
2018-03-15,275.8800048828125,275.0,273.491,0.5487,1.361,0.4032,1,mild_positive
2018-03-16,274.5,274.20001220703125,273.5495,0.2372,1.3611,0.1743,1,mild_positive
2018-03-19,273.3500061035156,270.489990234375,273.4185,-1.0827,1.3645,-0.7935,-1,mild_negative
2018-03-20,270.94000244140625,270.95001220703125,273.396,-0.9027,1.3673,-0.6602,-1,mild_negative
2018-03-21,270.8999938964844,270.42999267578125,273.415,-1.1038,1.371,-0.8051,-1,mild_negative
2018-03-22,267.9100036621094,263.6700134277344,273.0785,-3.5683,1.394,-2.5597,-3,extreme_negative
2018-03-23,264.1700134277344,258.04998779296875,272.2455,-5.5011,1.443,-3.8123,-3,extreme_negative
2018-03-26,262.1300048828125,265.1099853515625,271.606,-2.4503,1.4493,-1.6907,-2,negative
2018-03-27,266.1700134277344,260.6000061035156,270.9145,-3.958,1.4718,-2.6893,-3,extreme_negative
2018-03-28,260.75,259.8299865722656,270.3235,-4.0386,1.4946,-2.7022,-3,extreme_negative
2018-03-29,261.1199951171875,263.1499938964844,270.096,-2.6396,1.5031,-1.7561,-2,negative
2018-04-02,262.54998779296875,257.4700012207031,269.5155,-4.6784,1.533,-3.0518,-3,extreme_negative
2018-04-03,258.8699951171875,260.7699890136719,268.9445,-3.1348,1.5479,-2.0252,-3,extreme_negative
2018-04-04,256.75,263.5599975585937,268.4785,-1.8662,1.5537,-1.2011,-2,negative
2018-04-05,265.54998779296875,265.6400146484375,268.1215,-0.9342,1.5558,-0.6004,-1,mild_negative
2018-04-06,263.4200134277344,259.7200012207031,267.4025,-2.958,1.5695,-1.8846,-2,negative
2018-04-09,261.3699951171875,261.0,266.509,-2.1107,1.5768,-1.3386,-2,negative
2018-04-10,264.2699890136719,265.1499938964844,265.8405,-0.2604,1.5768,-0.1652,-1,mild_negative
2018-04-11,263.4700012207031,263.760009765625,265.1925,-0.5431,1.5769,-0.3444,-1,mild_negative
2018-04-12,265.260009765625,265.92999267578125,264.724,0.4535,1.5765,0.2877,1,mild_positive
2018-04-13,267.4100036621094,265.1499938964844,264.2315,0.3464,1.5761,0.2198,1,mild_positive
2018-04-16,267.0,267.3299865722656,263.888,1.2875,1.5767,0.8166,1,mild_positive
2018-04-17,269.3299865722656,270.19000244140625,263.873,2.338,1.5809,1.4789,2,positive
2018-04-18,270.69000244140625,270.3900146484375,263.845,2.4206,1.5848,1.5274,2,positive
2018-04-19,269.6499938964844,268.8900146484375,263.768,1.9049,1.5848,1.202,2,positive
2018-04-20,268.8099975585937,266.6099853515625,263.915,1.0108,1.5848,0.6378,1,mild_positive
2018-04-23,267.260009765625,266.57000732421875,264.341,0.8362,1.5842,0.5278,1,mild_positive
2018-04-24,267.7300109863281,262.9800109863281,264.2345,-0.477,1.5841,-0.3011,-1,mild_negative
2018-04-25,262.9100036621094,263.6300048828125,264.386,-0.2868,1.5847,-0.181,-1,mild_negative
2018-04-26,264.7900085449219,266.3099975585937,264.71,0.6008,1.5844,0.3792,1,mild_positive
2018-04-27,267.0,266.5599975585937,264.8805,0.6301,1.5841,0.3977,1,mild_positive
2018-04-30,267.260009765625,264.510009765625,265.2325,-0.2731,1.5836,-0.1725,-1,mild_negative
2018-05-01,263.8699951171875,264.9800109863281,265.443,-0.1747,1.5831,-0.1104,-1,mild_negative
2018-05-02,264.760009765625,263.20001220703125,265.425,-0.8454,1.5842,-0.5336,-1,mild_negative
2018-05-03,262.260009765625,262.6199951171875,265.274,-1.0106,1.5862,-0.6371,-1,mild_negative
2018-05-04,261.5199890136719,266.0199890136719,265.589,0.162,1.5854,0.1022,1,mild_positive
2018-05-07,266.8900146484375,266.9200134277344,265.885,0.3878,1.5847,0.2447,1,mild_positive
2018-05-08,266.5,266.9200134277344,265.9735,0.3546,1.5842,0.2238,1,mild_positive
2018-05-09,267.67999267578125,269.5,266.2605,1.202,1.5845,0.7586,1,mild_positive
2018-05-10,270.3399963378906,272.0199890136719,266.565,2.0054,1.5865,1.264,2,positive
2018-05-11,272.1600036621094,272.8500061035156,266.95,2.1624,1.5895,1.3604,2,positive
2018-05-14,273.3399963378906,272.9800109863281,267.2325,2.1055,1.5925,1.3221,2,positive
2018-05-15,271.5899963378906,271.1000061035156,267.278,1.4098,1.593,0.885,1,mild_positive
2018-05-16,271.1400146484375,272.239990234375,267.3705,1.7887,1.5952,1.1213,2,positive
2018-05-17,271.94000244140625,272.010009765625,267.5265,1.6483,1.597,1.0321,2,positive
2018-05-18,271.6199951171875,271.3299865722656,267.7625,1.3148,1.5976,0.823,1,mild_positive
2018-05-21,273.010009765625,273.3699951171875,268.1025,1.9269,1.6003,1.2041,2,positive
2018-05-22,273.9599914550781,272.6099853515625,268.584,1.4768,1.5987,0.9238,1,mild_positive
2018-05-23,271.1700134277344,273.3599853515625,269.0705,1.5692,1.5985,0.9816,1,mild_positive
2018-05-24,272.9100036621094,272.79998779296875,269.395,1.2482,1.5988,0.7807,1,mild_positive
2018-05-25,272.1499938964844,272.1499938964844,269.6745,0.9096,1.5991,0.5688,1,mild_positive
2018-05-29,270.3099975585937,269.0199890136719,269.9,-0.3271,1.5998,-0.2045,-1,mild_negative
2018-05-30,270.5,272.6099853515625,270.2815,0.8541,1.6,0.5339,1,mild_positive
2018-05-31,272.1499938964844,270.94000244140625,270.6685,0.1002,1.5996,0.0626,1,mild_positive
2018-06-01,272.4100036621094,273.6000061035156,271.2175,0.8708,1.5995,0.5444,1,mild_positive
2018-06-04,274.5299987792969,274.8999938964844,271.6615,1.1781,1.6,0.7363,1,mild_positive
2018-06-05,275.04998779296875,275.1000061035156,272.0705,1.1012,1.6004,0.6881,1,mild_positive
2018-06-06,275.7900085449219,277.3999938964844,272.5945,1.7323,1.6012,1.0819,2,positive
2018-06-07,277.95001220703125,277.3699951171875,272.988,1.5798,1.601,0.9868,1,mild_positive
2018-06-08,276.8500061035156,278.19000244140625,273.2965,1.7591,1.6017,1.0982,2,positive
2018-06-11,278.44000244140625,278.5599975585937,273.582,1.787,1.6034,1.1146,2,positive
2018-06-12,279.0299987792969,278.9200134277344,273.879,1.8073,1.6049,1.1261,2,positive
2018-06-13,279.19000244140625,278.0299987792969,274.2255,1.3684,1.6053,0.8524,1,mild_positive
2018-06-14,279.010009765625,278.7300109863281,274.55,1.4997,1.6063,0.9336,1,mild_positive
2018-06-15,276.6000061035156,277.1300048828125,274.806,0.8386,1.6063,0.5221,1,mild_positive
2018-06-18,275.489990234375,276.5599975585937,275.0675,0.5397,1.6056,0.3361,1,mild_positive
2018-06-19,274.0,275.5,275.174,0.1183,1.6054,0.0737,1,mild_positive
2018-06-20,276.2699890136719,275.9700012207031,275.342,0.2276,1.6054,0.1417,1,mild_positive
2018-06-21,275.9599914550781,274.239990234375,275.386,-0.4179,1.6062,-0.2602,-1,mild_negative
2018-06-22,275.6600036621094,274.739990234375,275.483,-0.2704,1.6067,-0.1683,-1,mild_negative
2018-06-25,273.44000244140625,271.0,275.4255,-1.633,1.6118,-1.0132,-2,negative
2018-06-26,271.6400146484375,271.6000061035156,275.5545,-1.456,1.6158,-0.9011,-1,mild_negative
2018-06-27,272.260009765625,269.3500061035156,275.3915,-2.243,1.6241,-1.381,-2,negative
2018-06-28,269.2900085449219,270.8900146484375,275.389,-1.6608,1.6291,-1.0195,-2,negative
2018-06-29,272.1199951171875,271.2799987792969,275.273,-1.4719,1.6332,-0.9012,-1,mild_negative
2018-07-02,269.510009765625,271.8599853515625,275.121,-1.1995,1.6345,-0.7339,-1,mild_negative
2018-07-03,272.8699951171875,270.8999938964844,274.911,-1.4806,1.6386,-0.9036,-1,mild_negative
2018-07-05,272.1700134277344,273.1099853515625,274.6965,-0.5809,1.6379,-0.3547,-1,mild_negative
2018-07-06,273.1400146484375,275.4200134277344,274.599,0.2981,1.6367,0.1821,1,mild_positive
2018-07-09,276.54998779296875,277.8999938964844,274.5845,1.1931,1.6367,0.7289,1,mild_positive
2018-07-10,278.4100036621094,278.8999938964844,274.6015,1.5412,1.6378,0.941,1,mild_positive
2018-07-11,277.1499938964844,276.8599853515625,274.4985,0.853,1.6356,0.5215,1,mild_positive
2018-07-12,278.2799987792969,279.3699951171875,274.5655,1.7198,1.6369,1.0506,2,positive
2018-07-13,279.1700134277344,279.5899963378906,274.6085,1.7817,1.6385,1.0874,2,positive
2018-07-16,279.6400146484375,279.3399963378906,274.719,1.6543,1.6397,1.0089,2,positive
2018-07-17,278.4700012207031,280.4700012207031,274.9145,1.9808,1.6425,1.206,2,positive
2018-07-18,280.5599975585937,281.0599975585937,275.1925,2.0876,1.6455,1.2687,2,positive
2018-07-19,280.3099975585937,280.0,275.394,1.645,1.6467,0.999,1,mild_positive
2018-07-20,279.7699890136719,279.67999267578125,275.666,1.4352,1.6474,0.8712,1,mild_positive
2018-07-23,279.45001220703125,280.20001220703125,275.939,1.5207,1.6483,0.9226,1,mild_positive
2018-07-24,281.7900085449219,281.6099853515625,276.4695,1.8254,1.6492,1.1068,2,positive
2018-07-25,281.3299865722656,284.010009765625,277.09,2.4365,1.6526,1.4744,2,positive
2018-07-26,283.20001220703125,283.3399963378906,277.7895,1.959,1.6543,1.1841,2,positive
2018-07-27,283.7099914550781,281.4200134277344,278.316,1.103,1.6542,0.6668,1,mild_positive
2018-07-30,281.510009765625,279.95001220703125,278.7495,0.4288,1.6532,0.2594,1,mild_positive
2018-07-31,280.8099975585937,281.3299865722656,279.223,0.7489,1.6526,0.4532,1,mild_positive
2018-08-01,281.5599975585937,280.8599853515625,279.721,0.4055,1.6521,0.2455,1,mild_positive
2018-08-02,279.3900146484375,282.3900146484375,280.185,0.7808,1.6521,0.4726,1,mild_positive
2018-08-03,282.5299987792969,283.6000061035156,280.594,1.0599,1.6524,0.6414,1,mild_positive
2018-08-06,283.6400146484375,284.6400146484375,280.931,1.3031,1.6531,0.7882,1,mild_positive
2018-08-07,285.3900146484375,285.5799865722656,281.265,1.511,1.6543,0.9134,1,mild_positive
2018-08-08,285.3900146484375,285.4599914550781,281.695,1.3189,1.6551,0.7969,1,mild_positive
2018-08-09,285.5299987792969,285.07000732421875,281.98,1.0839,1.6555,0.6547,1,mild_positive
2018-08-10,283.45001220703125,283.1600036621094,282.1585,0.3537,1.6555,0.2136,1,mild_positive
2018-08-13,283.4700012207031,282.1000061035156,282.2965,-0.0697,1.6558,-0.0421,-1,mild_negative
2018-08-14,282.9200134277344,283.8999938964844,282.468,0.5044,1.6557,0.3046,1,mild_positive
2018-08-15,282.3800048828125,281.7799987792969,282.504,-0.2569,1.6529,-0.1555,-1,mild_negative
2018-08-16,283.3999938964844,284.0599975585937,282.707,0.4763,1.65,0.2887,1,mild_positive
2018-08-17,283.8299865722656,285.0599975585937,282.976,0.7311,1.6497,0.4432,1,mild_positive
2018-08-20,285.57000732421875,285.6700134277344,283.2495,0.8473,1.6494,0.5137,1,mild_positive
2018-08-21,286.25,286.3399963378906,283.486,0.9967,1.6494,0.6043,1,mild_positive
2018-08-22,285.8800048828125,286.1700134277344,283.594,0.9002,1.645,0.5472,1,mild_positive
2018-08-23,285.9700012207031,285.7900085449219,283.7165,0.7255,1.6401,0.4424,1,mild_positive
2018-08-24,286.44000244140625,287.510009765625,284.021,1.2135,1.6365,0.7416,1,mild_positive
2018-08-27,288.8599853515625,289.7799987792969,284.5125,1.8178,1.6377,1.11,2,positive
2018-08-28,290.29998779296875,289.9200134277344,284.942,1.717,1.6378,1.0484,2,positive
2018-08-29,290.1600036621094,291.4800109863281,285.473,2.0609,1.6386,1.2577,2,positive
2018-08-30,290.94000244140625,290.29998779296875,285.8685,1.5265,1.6384,0.9317,1,mild_positive
2018-08-31,289.8399963378906,290.3099975585937,286.204,1.4143,1.6381,0.8634,1,mild_positive
2018-09-04,289.8399963378906,289.8099975585937,286.4625,1.1551,1.6377,0.7053,1,mild_positive
2018-09-05,289.4100036621094,289.0299987792969,286.635,0.8286,1.6377,0.506,1,mild_positive
2018-09-06,289.1499938964844,288.1600036621094,286.77,0.4824,1.6376,0.2946,1,mild_positive
2018-09-07,286.9800109863281,287.6000061035156,286.8965,0.2446,1.6375,0.1494,1,mild_positive
2018-09-10,288.739990234375,288.1000061035156,287.1435,0.332,1.6375,0.2027,1,mild_positive
2018-09-11,287.3699951171875,289.04998779296875,287.491,0.5393,1.6375,0.3294,1,mild_positive
2018-09-12,289.0599975585937,289.1199951171875,287.752,0.4732,1.6375,0.2889,1,mild_positive
2018-09-13,290.32000732421875,290.8299865722656,288.2045,0.9028,1.6376,0.5513,1,mild_positive
2018-09-14,291.0599975585937,290.8800048828125,288.5455,0.8026,1.6369,0.4903,1,mild_positive
2018-09-17,290.82000732421875,289.3399963378906,288.7595,0.2006,1.6356,0.1227,1,mild_positive
2018-09-18,289.5799865722656,290.9100036621094,289.0215,0.6492,1.6342,0.3973,1,mild_positive
2018-09-19,290.9700012207031,291.2200012207031,289.2655,0.6711,1.633,0.411,1,mild_positive
2018-09-20,292.6400146484375,293.5799865722656,289.636,1.3434,1.6334,0.8225,1,mild_positive
2018-09-21,293.0899963378906,291.989990234375,289.946,0.7,1.633,0.4287,1,mild_positive
2018-09-24,291.3399963378906,291.0199890136719,290.1215,0.3087,1.6327,0.1891,1,mild_positive
2018-09-25,291.5299987792969,290.75,290.17,0.1995,1.6326,0.1222,1,mild_positive
2018-09-26,290.9100036621094,289.8800048828125,290.168,-0.0993,1.6331,-0.0608,-1,mild_negative
2018-09-27,290.4100036621094,290.69000244140625,290.1285,0.1932,1.6332,0.1183,1,mild_positive
2018-09-28,289.989990234375,290.7200012207031,290.1495,0.1962,1.6333,0.1201,1,mild_positive
2018-10-01,292.1099853515625,291.7300109863281,290.2205,0.5174,1.6332,0.3168,1,mild_positive
2018-10-02,291.5599975585937,291.5599975585937,290.308,0.4294,1.6333,0.2629,1,mild_positive
2018-10-03,292.739990234375,291.7200012207031,290.4425,0.4379,1.6333,0.2681,1,mild_positive
2018-10-04,291.17999267578125,289.44000244140625,290.5065,-0.3685,1.6342,-0.2255,-1,mild_negative
2018-10-05,289.69000244140625,287.82000732421875,290.5175,-0.9372,1.6363,-0.5728,-1,mild_negative
2018-10-08,287.04998779296875,287.82000732421875,290.5035,-0.9324,1.6382,-0.5691,-1,mild_negative
2018-10-09,287.3900146484375,287.3999938964844,290.421,-1.0512,1.6405,-0.6408,-1,mild_negative
2018-10-10,286.8299865722656,278.29998779296875,289.88,-4.161,1.6648,-2.4994,-3,extreme_negative
2018-10-11,277.0799865722656,272.1700134277344,288.947,-6.1642,1.7152,-3.5939,-3,extreme_negative
2018-10-12,276.7699890136719,275.95001220703125,288.2005,-4.4394,1.7419,-2.5487,-3,extreme_negative
2018-10-15,275.54998779296875,274.3999938964844,287.4535,-4.7571,1.7711,-2.686,-3,extreme_negative
2018-10-16,276.6000061035156,280.3999938964844,286.928,-2.3281,1.7783,-1.3091,-2,negative
2018-10-17,280.44000244140625,280.45001220703125,286.3895,-2.1178,1.7847,-1.1867,-2,negative
2018-10-18,279.3999938964844,276.3999938964844,285.5305,-3.3034,1.7989,-1.8363,-2,negative
2018-10-19,277.1300048828125,276.25,284.7435,-3.0746,1.8111,-1.6976,-2,negative
2018-10-22,277.0,275.010009765625,283.943,-3.2482,1.8244,-1.7804,-2,negative
2018-10-23,270.95001220703125,273.6099853515625,283.086,-3.4633,1.8392,-1.8831,-2,negative
2018-10-24,273.3299865722656,265.32000732421875,281.858,-6.2332,1.8839,-3.3088,-3,extreme_negative
2018-10-25,267.3800048828125,270.0799865722656,280.8275,-3.9794,1.9014,-2.0928,-3,extreme_negative
2018-10-26,265.9200134277344,265.3299865722656,279.558,-5.3624,1.9335,-2.7734,-3,extreme_negative
2018-10-29,268.79998779296875,263.8599853515625,278.1645,-5.4213,1.9654,-2.7584,-3,extreme_negative
2018-10-30,263.6700134277344,267.7699890136719,276.975,-3.4377,1.9787,-1.7373,-2,negative
2018-10-31,270.6499938964844,270.6300048828125,275.9205,-1.9549,1.9833,-0.9857,-1,mild_negative
2018-11-01,271.6000061035156,273.510009765625,275.124,-0.5901,1.9833,-0.2975,-1,mild_negative
2018-11-02,274.75,271.8900146484375,274.3275,-0.8965,1.9843,-0.4518,-1,mild_negative
2018-11-05,272.44000244140625,273.3900146484375,273.606,-0.079,1.9842,-0.0398,-1,mild_negative
2018-11-06,273.32000732421875,275.1199951171875,272.992,0.7735,1.9842,0.3898,1,mild_positive
2018-11-07,277.5599975585937,281.010009765625,273.1275,2.8051,1.9908,1.409,2,positive
2018-11-08,280.1099853515625,280.5,273.544,2.4799,1.9954,1.2428,2,positive
2018-11-09,279.0299987792969,277.760009765625,273.6345,1.4853,1.9964,0.744,1,mild_positive
2018-11-12,277.19000244140625,272.57000732421875,273.543,-0.357,1.9963,-0.1788,-1,mild_negative
2018-11-13,273.0899963378906,272.0599975585937,273.126,-0.3918,1.9962,-0.1963,-1,mild_negative
2018-11-14,274.1600036621094,270.20001220703125,272.6135,-0.8932,1.9972,-0.4472,-1,mild_negative
2018-11-15,268.7799987792969,273.0199890136719,272.4445,0.2108,1.9972,0.1055,1,mild_positive
2018-11-16,271.7900085449219,273.7300109863281,272.3185,0.5157,1.9972,0.2582,1,mild_positive
2018-11-19,273.04998779296875,269.1000061035156,272.023,-1.0862,1.9988,-0.5434,-1,mild_negative
2018-11-20,265.3599853515625,264.1199951171875,271.5485,-2.8125,2.0073,-1.4011,-2,negative
2018-11-21,265.8599853515625,265.0199890136719,271.5335,-2.4577,2.014,-1.2203,-2,negative
2018-11-23,263.17999267578125,263.25,271.192,-3.0169,2.0238,-1.4907,-2,negative
2018-11-26,265.7799987792969,267.5,271.3005,-1.4207,2.0262,-0.7012,-1,mild_negative
2018-11-27,266.3399963378906,268.3999938964844,271.5275,-1.1652,2.0274,-0.5748,-1,mild_negative
2018-11-28,269.6000061035156,274.5799865722656,271.868,0.9877,2.0278,0.4871,1,mild_positive
2018-11-29,273.7099914550781,273.9800109863281,272.0355,0.7097,2.0277,0.35,1,mild_positive
2018-11-30,273.8099975585937,275.6499938964844,272.1425,1.2724,2.0286,0.6272,1,mild_positive
2018-12-03,280.2799987792969,279.29998779296875,272.513,2.43,2.0317,1.1961,2,positive
2018-12-04,278.3699951171875,270.25,272.356,-0.7793,2.0309,-0.3837,-1,mild_negative
2018-12-06,265.9200134277344,269.8399963378906,272.092,-0.8346,2.0279,-0.4115,-1,mild_negative
2018-12-07,269.4599914550781,263.57000732421875,271.22,-2.9025,2.0339,-1.427,-2,negative
2018-12-10,263.3699951171875,264.07000732421875,270.3985,-2.3965,2.0378,-1.176,-2,negative
2018-12-11,267.6600036621094,264.1300048828125,269.717,-2.1152,2.0414,-1.0362,-2,negative
2018-12-12,267.4700012207031,265.4599914550781,269.3615,-1.4697,2.0427,-0.7195,-1,mild_negative
2018-12-13,266.5199890136719,265.3699951171875,269.027,-1.3781,2.0433,-0.6744,-1,mild_negative
2018-12-14,262.9599914550781,260.4700012207031,268.5405,-3.0984,2.0502,-1.5113,-2,negative
2018-12-17,259.3999938964844,255.3600006103516,267.6575,-4.8157,2.0695,-2.3271,-3,extreme_negative
2018-12-18,257.20001220703125,255.0800018310547,266.725,-4.5652,2.086,-2.1886,-3,extreme_negative
2018-12-19,255.1699981689453,251.25999450683597,265.833,-5.8,2.1145,-2.743,-3,extreme_negative
2018-12-20,249.8600006103516,247.1699981689453,264.9855,-7.2078,2.1603,-3.3365,-3,extreme_negative
2018-12-21,246.7400054931641,240.6999969482422,263.7695,-9.5843,2.2392,-4.2803,-3,extreme_negative
2018-12-24,239.0399932861328,234.33999633789065,262.324,-11.9416,2.3555,-5.0696,-3,extreme_negative
2018-12-26,235.97000122070312,246.17999267578125,261.258,-6.1248,2.3834,-2.5698,-3,extreme_negative
2018-12-27,242.57000732421875,248.07000732421875,260.2415,-4.9065,2.4004,-2.044,-3,extreme_negative
2018-12-28,249.5800018310547,247.75,258.9,-4.5005,2.414,-1.8643,-2,negative
2018-12-31,249.55999755859372,249.9199981689453,257.697,-3.1118,2.4197,-1.286,-2,negative
2019-01-02,245.97999572753903,250.17999267578125,256.4235,-2.4956,2.4231,-1.0299,-2,negative
2019-01-03,248.22999572753903,244.2100067138672,254.669,-4.2828,2.4355,-1.7585,-2,negative
2019-01-04,247.58999633789065,252.38999938964844,253.776,-0.5492,2.4348,-0.2255,-1,mild_negative
2019-01-07,252.69000244140625,254.3800048828125,253.003,0.5413,2.4351,0.2223,1,mild_positive
2019-01-08,256.82000732421875,256.7699890136719,252.663,1.5995,2.4368,0.6564,1,mild_positive
2019-01-09,257.5599975585937,257.9700012207031,252.358,2.1754,2.4395,0.8918,1,mild_positive
2019-01-10,256.260009765625,258.8800048828125,252.0955,2.6207,2.4433,1.0726,2,positive
2019-01-11,257.67999267578125,258.9800109863281,251.7715,2.7834,2.4462,1.1379,2,positive
2019-01-14,256.8599853515625,257.3999938964844,251.373,2.3415,2.4471,0.9568,1,mild_positive
2019-01-15,257.82000732421875,260.3500061035156,251.367,3.4504,2.4534,1.4063,2,positive
2019-01-16,260.8299865722656,260.9800109863281,251.648,3.5758,2.4616,1.4526,2,positive
2019-01-17,260.010009765625,262.9599914550781,252.042,4.152,2.4714,1.68,2,positive
2019-01-18,264.9800109863281,266.4599914550781,252.802,5.1257,2.4868,2.0612,3,extreme_positive
2019-01-22,264.82000732421875,262.8599853515625,253.5865,3.5279,2.4928,1.4152,2,positive
2019-01-23,264.010009765625,263.4100036621094,254.722,3.2983,2.4944,1.3223,2,positive
2019-01-24,263.2099914550781,263.54998779296875,256.1825,2.7955,2.4951,1.1204,2,positive
2019-01-25,265.6099853515625,265.7799987792969,257.1625,3.2423,2.4972,1.2984,2,positive
2019-01-28,263.3900146484375,263.760009765625,257.947,2.2039,2.4917,0.8845,1,mild_positive
2019-01-29,263.9200134277344,263.4100036621094,258.73,1.7767,2.485,0.715,1,mild_positive
2019-01-30,265.1000061035156,267.5799865722656,259.613,2.9774,2.485,1.1981,2,positive
2019-01-31,267.510009765625,269.92999267578125,260.6005,3.4563,2.4889,1.3887,2,positive
2019-02-01,270.1499938964844,270.0599975585937,261.893,3.0241,2.4862,1.2163,2,positive
2019-02-04,270.1099853515625,271.9599914550781,262.8715,3.3418,2.4902,1.342,2,positive
2019-02-05,272.44000244140625,273.1000061035156,263.8075,3.4026,2.4989,1.3617,2,positive
2019-02-06,272.7900085449219,272.739990234375,264.606,2.9823,2.5056,1.1903,2,positive
2019-02-07,270.94000244140625,270.1400146484375,265.2145,1.8233,2.5081,0.727,1,mild_positive
2019-02-08,268.75,270.4700012207031,265.794,1.7288,2.5099,0.6888,1,mild_positive
2019-02-11,271.20001220703125,270.6199951171875,266.376,1.5682,2.4884,0.6302,1,mild_positive
2019-02-12,272.4200134277344,274.1000061035156,267.211,2.5133,2.4849,1.0115,2,positive
2019-02-13,275.0299987792969,274.989990234375,267.943,2.5626,2.4788,1.0338,2,positive
2019-02-14,273.7799987792969,274.3800048828125,268.613,2.1018,2.436,0.8628,1,mild_positive
2019-02-15,276.3599853515625,277.3699951171875,269.3335,2.8974,2.4158,1.1993,2,positive
2019-02-19,276.4800109863281,277.8500061035156,269.903,2.8602,2.4093,1.1872,2,positive
2019-02-20,277.8099975585937,278.4100036621094,270.6805,2.7763,2.4049,1.1544,2,positive
2019-02-21,277.70001220703125,277.4200134277344,271.381,2.1768,2.4053,0.905,1,mild_positive
2019-02-22,278.1099853515625,279.1400146484375,272.1605,2.5004,2.41,1.0375,2,positive
2019-02-25,280.7300109863281,279.5199890136719,272.8475,2.3871,2.4143,0.9887,1,mild_positive
2019-02-26,279.1300048828125,279.32000732421875,273.6255,2.0387,2.4168,0.8435,1,mild_positive
2019-02-27,278.5199890136719,279.20001220703125,274.415,1.7138,2.4178,0.7088,1,mild_positive
2019-02-28,278.9599914550781,278.67999267578125,274.97,1.3313,2.4185,0.5505,1,mild_positive
2019-03-01,280.44000244140625,280.4200134277344,275.4945,1.7565,2.4203,0.7257,1,mild_positive
2019-03-04,281.6000061035156,279.3999938964844,275.9615,1.2307,2.4177,0.509,1,mild_positive
2019-03-05,279.5400085449219,279.0199890136719,276.3145,0.9696,2.4175,0.4011,1,mild_positive
2019-03-06,279.1499938964844,277.3299865722656,276.526,0.2899,2.4175,0.1199,1,mild_positive
2019-03-07,276.8299865722656,275.010009765625,276.6395,-0.5925,2.4171,-0.2451,-1,mild_negative
2019-03-08,272.94000244140625,274.4599914550781,276.8555,-0.8728,2.4177,-0.361,-1,mild_negative
2019-03-11,275.260009765625,278.44000244140625,277.254,0.4259,2.417,0.1762,1,mild_positive
2019-03-12,279.0599975585937,279.489990234375,277.6975,0.6413,2.4163,0.2654,1,mild_positive
2019-03-13,280.4800109863281,281.3399963378906,278.0595,1.166,2.4166,0.4825,1,mild_positive
2019-03-14,281.3699951171875,281.1600036621094,278.368,0.993,2.4158,0.4111,1,mild_positive
2019-03-15,280.5400085449219,281.3099975585937,278.7145,0.9226,2.4107,0.3827,1,mild_positive
2019-03-18,281.54998779296875,282.3299865722656,278.9625,1.1927,2.4077,0.4954,1,mild_positive
2019-03-19,283.510009765625,282.3999938964844,279.19,1.1367,2.4071,0.4722,1,mild_positive
2019-03-20,282.1600036621094,281.54998779296875,279.347,0.7825,2.4071,0.3251,1,mild_positive
2019-03-21,280.6400146484375,284.7300109863281,279.7125,1.7622,2.4093,0.7314,1,mild_positive
2019-03-22,283.2200012207031,279.25,279.718,-0.1676,2.4093,-0.0696,-1,mild_negative
2019-03-25,278.8699951171875,279.0400085449219,279.694,-0.2344,2.4084,-0.0973,-1,mild_negative
2019-03-26,280.989990234375,281.1199951171875,279.784,0.4752,2.4078,0.1974,1,mild_positive
2019-03-27,281.1099853515625,279.6499938964844,279.8065,-0.056,2.4067,-0.0233,-1,mild_negative
2019-03-28,280.3500061035156,280.7099914550781,279.908,0.2857,2.396,0.1192,1,mild_positive
2019-03-29,282.3900146484375,282.4800109863281,280.011,0.874,2.3708,0.3687,1,mild_positive
2019-04-01,284.70001220703125,285.8299865722656,280.3325,1.9233,2.3682,0.8122,1,mild_positive
2019-04-02,286.0400085449219,285.9700012207031,280.68,1.8498,2.3568,0.7849,1,mild_positive
2019-04-03,287.32000732421875,286.4200134277344,281.1345,1.8454,2.3446,0.7871,1,mild_positive
2019-04-04,286.7799987792969,287.17999267578125,281.743,1.8932,2.3406,0.8089,1,mild_positive
2019-04-05,287.9200134277344,288.57000732421875,282.4485,2.1213,2.3238,0.9129,1,mild_positive
2019-04-08,288.1000061035156,288.7900085449219,282.966,2.0167,2.3171,0.8704,1,mild_positive
2019-04-09,287.7200012207031,287.3099975585937,283.357,1.3759,2.3145,0.5945,1,mild_positive
2019-04-10,287.7699890136719,288.2900085449219,283.7045,1.5906,2.3149,0.6871,1,mild_positive
2019-04-11,288.8299865722656,288.2099914550781,284.057,1.441,2.3073,0.6245,1,mild_positive
2019-04-12,290.0,290.1600036621094,284.4995,1.9508,2.3049,0.8464,1,mild_positive
2019-04-15,290.239990234375,289.9700012207031,284.8815,1.7548,2.3066,0.7608,1,mild_positive
2019-04-16,290.95001220703125,290.1600036621094,285.2695,1.6855,2.3076,0.7304,1,mild_positive
2019-04-17,291.3999938964844,289.45001220703125,285.6645,1.3078,2.3085,0.5665,1,mild_positive
2019-04-18,290.1000061035156,290.0199890136719,285.929,1.4106,2.3096,0.6108,1,mild_positive
2019-04-22,289.1700134277344,290.2699890136719,286.48,1.3057,2.3096,0.5653,1,mild_positive
2019-04-23,290.67999267578125,292.8800048828125,287.172,1.9489,2.3084,0.8443,1,mild_positive
2019-04-24,292.7900085449219,292.2300109863281,287.7275,1.5407,2.3058,0.6682,1,mild_positive
2019-04-25,292.1199951171875,292.04998779296875,288.3475,1.2678,2.3044,0.5501,1,mild_positive
2019-04-26,292.1000061035156,293.4100036621094,288.9825,1.509,2.3052,0.6546,1,mild_positive
2019-04-29,293.510009765625,293.8699951171875,289.552,1.4694,2.3062,0.6371,1,mild_positive
2019-04-30,293.489990234375,294.0199890136719,289.9615,1.3803,2.3067,0.5984,1,mild_positive
2019-05-01,294.7200012207031,291.8099975585937,290.2535,0.5334,2.3064,0.2313,1,mild_positive
2019-05-02,291.67999267578125,291.17999267578125,290.4915,0.2364,2.3063,0.1025,1,mild_positive
2019-05-03,292.82000732421875,294.0299987792969,290.834,1.087,2.3068,0.4712,1,mild_positive
2019-05-06,289.25,292.82000732421875,291.0465,0.6057,2.3066,0.2626,1,mild_positive
2019-05-07,290.1499938964844,287.92999267578125,291.0035,-1.0674,2.308,-0.4625,-1,mild_negative
2019-05-08,287.5299987792969,287.5299987792969,291.0145,-1.2119,2.3088,-0.5249,-1,mild_negative
2019-05-09,285.2300109863281,286.6600036621094,290.933,-1.4906,2.3101,-0.6453,-1,mild_negative
2019-05-10,285.6199951171875,288.1000061035156,290.9275,-0.9814,2.3115,-0.4246,-1,mild_negative
2019-05-13,282.4200134277344,280.8599853515625,290.4625,-3.419,2.3231,-1.4717,-2,negative
2019-05-14,281.989990234375,283.3999938964844,290.134,-2.3761,2.3291,-1.0202,-2,negative
2019-05-15,281.5899963378906,285.0599975585937,289.879,-1.6905,2.3316,-0.7251,-1,mild_negative
2019-05-16,285.8399963378906,287.70001220703125,289.7915,-0.727,2.3298,-0.312,-1,mild_negative
2019-05-17,285.1400146484375,285.8399963378906,289.5825,-1.3093,2.3287,-0.5622,-1,mild_negative
2019-05-20,284.0599975585937,283.95001220703125,289.2665,-1.8723,2.3295,-0.8038,-1,mild_negative
2019-05-21,285.8299865722656,286.510009765625,288.948,-0.8509,2.3292,-0.3653,-1,mild_negative
2019-05-22,285.45001220703125,285.6300048828125,288.618,-1.0461,2.3285,-0.4493,-1,mild_negative
2019-05-23,283.1600036621094,282.1400146484375,288.1225,-2.1204,2.3312,-0.9096,-1,mild_negative
2019-05-24,283.739990234375,282.7799987792969,287.591,-1.7013,2.3331,-0.7292,-1,mild_negative
2019-05-28,283.0899963378906,280.1499938964844,286.905,-2.4112,2.3361,-1.0322,-2,negative
2019-05-29,278.9100036621094,278.2699890136719,286.1175,-2.8201,2.342,-1.2041,-2,negative
2019-05-30,279.1099853515625,279.0299987792969,285.4785,-2.311,2.3453,-0.9854,-1,mild_negative
2019-05-31,276.20001220703125,275.2699890136719,284.683,-3.4196,2.3547,-1.4522,-2,negative
2019-06-03,275.3099975585937,274.57000732421875,283.71,-3.3288,2.3639,-1.4082,-2,negative
2019-06-04,277.1199951171875,280.5299987792969,283.0955,-0.9145,2.3646,-0.3868,-1,mild_negative
2019-06-05,282.3299865722656,282.9599914550781,282.847,0.0399,2.3641,0.0169,1,mild_positive
2019-06-06,283.2900085449219,284.79998779296875,282.7105,0.7337,2.3645,0.3103,1,mild_positive
2019-06-07,285.92999267578125,287.6499938964844,282.76,1.7,2.3661,0.7185,1,mild_positive
2019-06-10,289.3699951171875,288.9700012207031,282.8035,2.134,2.3686,0.9009,1,mild_positive
2019-06-11,290.989990234375,288.8999938964844,283.2055,1.9711,2.3707,0.8314,1,mild_positive
2019-06-12,288.6400146484375,288.3900146484375,283.455,1.7112,2.3706,0.7218,1,mild_positive
2019-06-13,289.3999938964844,289.5799865722656,283.681,2.0371,2.3719,0.8588,1,mild_positive
2019-06-14,289.260009765625,289.260009765625,283.759,1.9018,2.3724,0.8016,1,mild_positive
2019-06-17,289.5199890136719,289.3699951171875,283.9355,1.878,2.3726,0.7916,1,mild_positive
2019-06-18,291.3900146484375,292.3999938964844,284.358,2.7503,2.376,1.1575,2,positive
2019-06-19,292.54998779296875,293.0599975585937,284.6855,2.8576,2.381,1.2002,2,positive
2019-06-20,296.0400085449219,295.8599853515625,285.197,3.6041,2.3894,1.5083,2,positive
2019-06-21,294.1300048828125,294.0,285.79,2.7925,2.3949,1.166,2,positive
2019-06-24,294.2300109863281,293.6400146484375,286.333,2.4884,2.3993,1.0371,2,positive
2019-06-25,293.70001220703125,290.760009765625,286.8635,1.3401,2.4005,0.5583,1,mild_positive
2019-06-26,291.75,290.4700012207031,287.4735,1.0316,2.4011,0.4296,1,mild_positive
2019-06-27,291.3099975585937,291.5,288.097,1.1674,2.4017,0.4861,1,mild_positive
2019-06-28,292.5799865722656,293.0,288.9835,1.3708,2.4028,0.5705,1,mild_positive
2019-07-01,296.67999267578125,295.6600036621094,290.038,1.9015,2.4027,0.7914,1,mild_positive
2019-07-02,295.6099853515625,296.42999267578125,290.833,1.8881,2.4029,0.7858,1,mild_positive
2019-07-03,297.17999267578125,298.79998779296875,291.625,2.4013,2.4021,0.9997,1,mild_positive
2019-07-05,297.44000244140625,298.4599914550781,292.308,2.0612,2.402,0.8581,1,mild_positive
2019-07-08,297.010009765625,296.82000732421875,292.7665,1.3656,2.4008,0.5688,1,mild_positive
2019-07-09,295.5400085449219,297.19000244140625,293.1775,1.3501,2.4001,0.5625,1,mild_positive
2019-07-10,298.3699951171875,298.6099853515625,293.663,1.6567,2.3993,0.6905,1,mild_positive
2019-07-11,299.32000732421875,299.3099975585937,294.209,1.7043,2.4005,0.71,1,mild_positive
2019-07-12,299.8500061035156,300.6499938964844,294.7625,1.9583,2.4029,0.815,1,mild_positive
2019-07-15,301.1300048828125,300.75,295.337,1.7998,2.4041,0.7487,1,mild_positive
2019-07-16,300.6499938964844,299.7799987792969,295.8575,1.3085,2.4036,0.5444,1,mild_positive
2019-07-17,299.75,297.739990234375,296.1245,0.5426,2.4034,0.2258,1,mild_positive
2019-07-18,297.19000244140625,298.8299865722656,296.413,0.8088,2.4019,0.3367,1,mild_positive
2019-07-19,300.0400085449219,297.1700134277344,296.4785,0.2327,2.4,0.097,1,mild_positive
2019-07-22,297.6099853515625,297.8999938964844,296.6735,0.4117,2.3984,0.1717,1,mild_positive
2019-07-23,299.1400146484375,300.0299987792969,296.993,1.0122,2.3964,0.4224,1,mild_positive
2019-07-24,299.19000244140625,301.44000244140625,297.527,1.2981,2.3945,0.5421,1,mild_positive
2019-07-25,300.94000244140625,300.0,298.0035,0.6655,2.3931,0.2781,1,mild_positive
2019-07-26,300.760009765625,302.010009765625,298.529,1.1526,2.3926,0.4817,1,mild_positive
2019-07-29,301.8800048828125,301.4599914550781,298.952,0.8319,2.3915,0.3479,1,mild_positive
2019-07-30,299.9100036621094,300.7200012207031,299.205,0.5038,2.3895,0.2108,1,mild_positive
2019-07-31,300.989990234375,297.42999267578125,299.255,-0.6136,2.386,-0.2572,-1,mild_negative
2019-08-01,297.6000061035156,294.8399963378906,299.057,-1.4303,2.3857,-0.5995,-1,mild_negative
2019-08-02,293.8500061035156,292.6199951171875,298.765,-2.1,2.3894,-0.8789,-1,mild_negative
2019-08-05,288.0899963378906,283.82000732421875,298.115,-5.0366,2.4116,-2.0885,-3,extreme_negative
2019-08-06,285.9100036621094,287.79998779296875,297.6455,-3.421,2.4218,-1.4126,-2,negative
2019-08-07,284.3999938964844,287.9700012207031,297.1135,-3.1752,2.4307,-1.3063,-2,negative
2019-08-08,289.6199951171875,293.6199951171875,296.829,-1.0929,2.4316,-0.4495,-1,mild_negative
2019-08-09,292.5799865722656,291.6199951171875,296.3775,-1.6314,2.4334,-0.6704,-1,mild_negative
2019-08-12,289.9599914550781,288.07000732421875,295.7435,-2.6638,2.4385,-1.0924,-2,negative
2019-08-13,287.739990234375,292.54998779296875,295.382,-0.968,2.4378,-0.3971,-1,mild_negative
2019-08-14,288.07000732421875,283.8999938964844,294.69,-3.8006,2.4487,-1.5521,-2,negative
2019-08-15,284.8800048828125,284.6499938964844,293.981,-3.2781,2.4569,-1.3342,-2,negative
2019-08-16,286.4800109863281,288.8500061035156,293.565,-1.6323,2.4591,-0.6638,-1,mild_negative
2019-08-19,292.19000244140625,292.3299865722656,293.2865,-0.3272,2.4592,-0.1331,-1,mild_negative
2019-08-20,291.7699890136719,290.0899963378906,292.7895,-0.9306,2.4598,-0.3783,-1,mild_negative
2019-08-21,292.4800109863281,292.45001220703125,292.34,0.0376,2.4597,0.0153,1,mild_positive
2019-08-22,293.2300109863281,292.3599853515625,291.958,0.1375,2.4596,0.0559,1,mild_positive
2019-08-23,290.9200134277344,284.8500061035156,291.1,-2.1941,2.4632,-0.8908,-1,mild_negative
2019-08-26,287.2699890136719,288.0,290.427,-0.8427,2.4632,-0.3421,-1,mild_negative
2019-08-27,289.5400085449219,286.8699951171875,289.7345,-0.9985,2.4633,-0.4054,-1,mild_negative
2019-08-28,286.1400146484375,288.8900146484375,289.3075,-0.1445,2.4627,-0.0587,-1,mild_negative
2019-08-29,291.7200012207031,292.5799865722656,289.1945,1.1571,2.4633,0.4697,1,mild_positive
2019-08-30,294.2200012207031,292.45001220703125,289.186,1.1161,2.4632,0.4531,1,mild_positive
2019-09-03,290.57000732421875,290.739990234375,289.532,0.4155,2.4607,0.1689,1,mild_positive
2019-09-04,293.1400146484375,294.0400085449219,289.844,1.427,2.46,0.5801,1,mild_positive
2019-09-05,296.7900085449219,297.82000732421875,290.3365,2.5128,2.4616,1.0208,2,positive
2019-09-06,298.1700134277344,298.04998779296875,290.558,2.5137,2.4648,1.0198,2,positive
2019-09-09,299.1400146484375,298.20001220703125,290.887,2.4524,2.468,0.9937,1,mild_positive
2019-09-10,297.3599853515625,298.1300048828125,291.39,2.2608,2.4709,0.9149,1,mild_positive
2019-09-11,298.4700012207031,300.25,291.775,2.8226,2.4766,1.1397,2,positive
2019-09-12,301.25,301.2900085449219,292.6445,2.8695,2.4829,1.1557,2,positive
2019-09-13,301.7799987792969,301.0899963378906,293.4665,2.532,2.4877,1.0178,2,positive
2019-09-16,299.8399963378906,300.1600036621094,294.032,2.0416,2.4908,0.8196,1,mild_positive
2019-09-17,299.94000244140625,300.9200134277344,294.4615,2.1463,2.4941,0.8605,1,mild_positive
2019-09-18,300.489990234375,301.1000061035156,295.012,2.0219,2.4969,0.8098,1,mild_positive
2019-09-19,301.5299987792969,301.0799865722656,295.4435,1.8721,2.499,0.7491,1,mild_positive
2019-09-20,300.3599853515625,298.2799987792969,295.7395,0.8517,2.499,0.3408,1,mild_positive
2019-09-23,297.54998779296875,298.2099914550781,296.4075,0.6044,2.4992,0.2418,1,mild_positive
2019-09-24,299.4100036621094,295.8699951171875,296.801,-0.3147,2.4991,-0.1259,-1,mild_negative
2019-09-25,295.9599914550781,297.6199951171875,297.3385,0.0946,2.4988,0.0379,1,mild_positive
2019-09-26,297.6300048828125,297.0,297.744,-0.2505,2.4976,-0.1003,-1,mild_negative
2019-09-27,297.8299865722656,295.3999938964844,297.885,-0.8412,2.4979,-0.3368,-1,mild_negative
2019-09-30,295.9700012207031,296.7699890136719,298.101,-0.4485,2.498,-0.1795,-1,mild_negative
2019-10-01,297.739990234375,293.239990234375,298.226,-1.7003,2.5004,-0.68,-1,mild_negative
2019-10-02,291.5,288.0599975585937,297.927,-3.4253,2.5098,-1.3648,-2,negative
2019-10-03,287.8099975585937,290.4200134277344,297.557,-2.4575,2.5147,-0.9773,-1,mild_negative
2019-10-04,291.1400146484375,294.3500061035156,297.372,-1.0267,2.5155,-0.4081,-1,mild_negative
2019-10-07,293.4700012207031,293.0799865722656,297.116,-1.3771,2.5168,-0.5472,-1,mild_negative
2019-10-08,291.0400085449219,288.5299987792969,296.636,-2.8094,2.5228,-1.1136,-2,negative
2019-10-09,290.75,291.2699890136719,296.187,-1.6881,2.5249,-0.6686,-1,mild_negative
2019-10-10,291.17999267578125,293.239990234375,295.7845,-0.8677,2.5254,-0.3436,-1,mild_negative
2019-10-11,296.2699890136719,296.2799987792969,295.544,0.2484,2.5247,0.0984,1,mild_positive
2019-10-14,295.92999267578125,295.95001220703125,295.3335,0.2083,2.5241,0.0825,1,mild_positive
2019-10-15,297.1000061035156,298.8800048828125,295.2315,1.2207,2.5244,0.4836,1,mild_positive
2019-10-16,298.3699951171875,298.3999938964844,295.0965,1.1071,2.5117,0.4408,1,mild_positive
2019-10-17,299.67999267578125,299.2799987792969,295.0065,1.4279,2.4829,0.5751,1,mild_positive
2019-10-18,298.69000244140625,297.9700012207031,294.991,0.9998,2.4675,0.4052,1,mild_positive
2019-10-21,299.4200134277344,299.989990234375,295.08,1.6367,2.4506,0.6679,1,mild_positive
2019-10-22,300.5799865722656,299.010009765625,295.237,1.2618,2.4469,0.5157,1,mild_positive
2019-10-23,298.7300109863281,299.8800048828125,295.35,1.5106,2.4444,0.618,1,mild_positive
2019-10-24,300.9100036621094,300.3699951171875,295.5185,1.6152,2.4366,0.6629,1,mild_positive
2019-10-25,299.739990234375,301.6000061035156,295.8285,1.9136,2.4306,0.7873,1,mild_positive
2019-10-28,302.94000244140625,303.29998779296875,296.155,2.3557,2.425,0.9715,1,mild_positive
2019-10-29,303.0,303.2099914550781,296.6535,2.1624,2.4172,0.8946,1,mild_positive
2019-10-30,303.42999267578125,304.1400146484375,297.4575,2.1972,2.3861,0.9208,1,mild_positive
2019-10-31,304.1300048828125,303.3299865722656,298.103,1.7232,2.3731,0.7261,1,mild_positive
2019-11-01,304.9200134277344,306.1400146484375,298.6925,2.4327,2.3504,1.035,2,positive
2019-11-04,307.8500061035156,307.3699951171875,299.407,2.5907,2.327,1.1133,2,positive
2019-11-05,307.5899963378906,307.0299987792969,300.332,2.1815,2.3178,0.9412,1,mild_positive
2019-11-06,307.0299987792969,307.1000061035156,301.1235,1.9461,2.3154,0.8405,1,mild_positive
2019-11-07,308.57000732421875,308.17999267578125,301.8705,2.0473,2.317,0.8836,1,mild_positive
2019-11-08,307.79998779296875,308.94000244140625,302.5035,2.0834,2.3181,0.8988,1,mild_positive
2019-11-11,307.4200134277344,308.3500061035156,303.1235,1.695,2.3193,0.7308,1,mild_positive
2019-11-12,308.75,309.0,303.6295,1.738,2.3207,0.7489,1,mild_positive
2019-11-13,307.9100036621094,309.1000061035156,304.1645,1.5967,2.317,0.6891,1,mild_positive
2019-11-14,308.7900085449219,309.54998779296875,304.678,1.5739,2.3145,0.68,1,mild_positive
2019-11-15,311.0199890136719,311.7900085449219,305.369,2.0594,2.3159,0.8893,1,mild_positive
2019-11-18,311.5299987792969,312.0199890136719,305.9705,1.9388,2.3174,0.8366,1,mild_positive
2019-11-19,312.67999267578125,311.92999267578125,306.6165,1.7034,2.3183,0.7348,1,mild_positive
2019-11-20,311.2799987792969,310.7699890136719,307.161,1.1613,2.3173,0.5011,1,mild_positive
2019-11-21,310.8900146484375,310.2699890136719,307.656,0.8425,2.3174,0.3635,1,mild_positive
2019-11-22,311.0899963378906,310.9599914550781,308.124,0.912,2.3176,0.3935,1,mild_positive
2019-11-25,311.9800109863281,313.3699951171875,308.6275,1.5134,2.3167,0.6533,1,mild_positive
2019-11-26,313.4100036621094,314.0799865722656,309.171,1.563,2.3087,0.677,1,mild_positive
2019-11-27,314.6099853515625,315.4800109863281,309.738,1.8201,2.3031,0.7903,1,mild_positive
2019-11-29,314.8599853515625,314.3099975585937,310.287,1.2799,2.2932,0.5582,1,mild_positive
2019-12-02,314.5899963378906,311.6400146484375,310.562,0.3459,2.2901,0.1511,1,mild_positive
2019-12-03,308.6499938964844,309.54998779296875,310.671,-0.3621,2.2883,-0.1583,-1,mild_negative
2019-12-04,310.70001220703125,311.4599914550781,310.8925,0.1822,2.2882,0.0796,1,mild_positive
2019-12-05,312.2300109863281,312.0199890136719,311.1385,0.2825,2.2882,0.1235,1,mild_positive
2019-12-06,314.1199951171875,314.8699951171875,311.473,1.0789,2.288,0.4715,1,mild_positive
2019-12-09,314.44000244140625,313.8800048828125,311.72,0.6882,2.2847,0.3012,1,mild_positive
2019-12-10,313.82000732421875,313.5299987792969,311.979,0.4947,2.2834,0.2166,1,mild_positive
2019-12-11,314.0299987792969,314.4200134277344,312.25,0.6902,2.2819,0.3025,1,mild_positive
2019-12-12,314.42999267578125,317.1300048828125,312.6515,1.4122,2.2726,0.6214,1,mild_positive
2019-12-13,316.8699951171875,317.32000732421875,313.04,1.3488,2.2658,0.5953,1,mild_positive
2019-12-16,319.2200012207031,319.5,313.4255,1.9013,2.2614,0.8408,1,mild_positive
2019-12-17,319.9200134277344,319.57000732421875,313.803,1.8046,2.2592,0.7988,1,mild_positive
2019-12-18,320.0,319.5899963378906,314.186,1.6909,2.2571,0.7492,1,mild_positive
2019-12-19,319.79998779296875,320.8999938964844,314.6925,1.9344,2.2469,0.8609,1,mild_positive
2019-12-20,320.4599914550781,320.7300109863281,315.2155,1.7194,2.2222,0.7737,1,mild_positive
2019-12-23,321.5899963378906,321.2200012207031,315.7285,1.7096,2.1993,0.7773,1,mild_positive
2019-12-24,321.4700012207031,321.2300109863281,316.1215,1.5903,2.1625,0.7354,1,mild_positive
2019-12-26,321.6499938964844,322.94000244140625,316.5645,1.9742,2.1067,0.9371,1,mild_positive
2019-12-27,323.739990234375,322.8599853515625,316.9335,1.8356,2.0062,0.915,1,mild_positive
2019-12-30,322.95001220703125,321.0799865722656,317.272,1.186,1.841,0.6442,1,mild_positive
2019-12-31,320.5299987792969,321.8599853515625,317.783,1.2667,1.7891,0.708,1,mild_positive
2020-01-02,323.5400085449219,324.8699951171875,318.549,1.9457,1.7538,1.1094,2,positive
2020-01-03,321.1600036621094,322.4100036621094,319.0965,1.0277,1.7212,0.5971,1,mild_positive
2020-01-06,320.489990234375,323.6400146484375,319.6775,1.2244,1.703,0.7189,1,mild_positive
2020-01-07,323.0199890136719,322.7300109863281,320.0705,0.8241,1.6897,0.4877,1,mild_positive
2020-01-08,322.94000244140625,324.45001220703125,320.599,1.1869,1.658,0.7159,1,mild_positive
2020-01-09,326.1600036621094,326.6499938964844,321.255,1.6516,1.656,0.9973,1,mild_positive
2020-01-10,327.2900085449219,325.7099914550781,321.8195,1.1945,1.6559,0.7213,1,mild_positive
2020-01-13,326.3900146484375,327.95001220703125,322.3605,1.7044,1.6561,1.0292,2,positive
2020-01-14,327.4700012207031,327.45001220703125,322.867,1.3996,1.6545,0.8459,1,mild_positive
2020-01-15,327.3500061035156,328.19000244140625,323.3015,1.4895,1.6515,0.9019,1,mild_positive
2020-01-16,329.70001220703125,330.9200134277344,323.869,2.1307,1.6491,1.292,2,positive
2020-01-17,331.70001220703125,331.95001220703125,324.487,2.2482,1.6488,1.3636,2,positive
2020-01-21,330.8999938964844,331.29998779296875,325.007,1.8995,1.6423,1.1566,2,positive
2020-01-22,332.239990234375,331.3399963378906,325.5375,1.7512,1.6346,1.0713,2,positive
2020-01-23,330.6300048828125,331.7200012207031,326.0625,1.7055,1.6227,1.051,2,positive
2020-01-24,332.44000244140625,328.7699890136719,326.4395,0.7089,1.6009,0.4428,1,mild_positive
2020-01-27,323.0299987792969,323.5,326.4675,-0.9173,1.5962,-0.5747,-1,mild_negative
2020-01-28,325.0599975585937,326.8900146484375,326.669,0.0676,1.5896,0.0425,1,mild_positive
2020-01-29,328.3800048828125,326.6199951171875,326.946,-0.0998,1.5861,-0.0629,-1,mild_negative
2020-01-30,324.3599853515625,327.67999267578125,327.237,0.1352,1.5795,0.0856,1,mild_positive
2020-01-31,327.0,321.7300109863281,327.08,-1.6629,1.5848,-1.0493,-2,negative
2020-02-03,323.3500061035156,324.1199951171875,327.1655,-0.9396,1.5875,-0.5919,-1,mild_negative
2020-02-04,328.07000732421875,329.0599975585937,327.4365,0.4934,1.5817,0.3119,1,mild_positive
2020-02-05,332.2699890136719,332.8599853515625,327.943,1.4772,1.5734,0.9388,1,mild_positive
2020-02-06,333.9100036621094,333.9800109863281,328.4195,1.6649,1.5681,1.0617,2,positive
2020-02-07,332.82000732421875,332.20001220703125,328.697,1.0545,1.5599,0.676,1,mild_positive
2020-02-10,331.2300109863281,334.67999267578125,329.1455,1.6537,1.5522,1.0654,2,positive
2020-02-11,336.1600036621094,335.260009765625,329.511,1.7148,1.5471,1.1084,2,positive
2020-02-12,336.8299865722656,337.4200134277344,330.0095,2.1962,1.5483,1.4185,2,positive
2020-02-13,335.8599853515625,337.0599975585937,330.453,1.9602,1.5489,1.2655,2,positive
2020-02-14,337.510009765625,337.6000061035156,330.787,2.0181,1.5501,1.3019,2,positive
2020-02-18,336.510009765625,336.7300109863281,331.026,1.6939,1.5473,1.0948,2,positive
2020-02-19,337.7900085449219,338.3399963378906,331.378,2.0577,1.5453,1.3316,2,positive
2020-02-20,337.739990234375,336.95001220703125,331.6585,1.5704,1.5438,1.0172,2,positive
2020-02-21,335.4700012207031,333.4800109863281,331.7465,0.5198,1.538,0.338,1,mild_positive
2020-02-24,323.1400146484375,322.4200134277344,331.429,-2.7942,1.5482,-1.8048,-2,negative
2020-02-25,323.94000244140625,312.6499938964844,330.8865,-5.8329,1.5965,-3.6535,-3,extreme_negative
2020-02-26,314.17999267578125,311.5,330.117,-5.9766,1.6475,-3.6276,-3,extreme_negative
2020-02-27,305.4599914550781,297.510009765625,328.6615,-10.4707,1.785,-5.8658,-3,extreme_negative
2020-02-28,288.70001220703125,296.260009765625,327.0905,-10.4066,1.9103,-5.4475,-3,extreme_negative
2020-03-02,298.2099914550781,309.0899963378906,326.4585,-5.6192,1.9469,-2.8863,-3,extreme_negative
2020-03-03,309.5,300.239990234375,325.2645,-8.3348,2.023,-4.12,-3,extreme_negative
2020-03-04,306.1199951171875,312.8599853515625,324.4545,-3.706,2.0393,-1.8172,-2,negative
2020-03-05,304.9800109863281,302.4599914550781,322.9345,-6.7693,2.0875,-3.2428,-3,extreme_negative
2020-03-06,293.1499938964844,297.4599914550781,321.1085,-7.9501,2.152,-3.6943,-3,extreme_negative
2020-03-09,275.29998779296875,274.2300109863281,318.21,-16.0376,2.3852,-6.7237,-3,extreme_negative
2020-03-10,284.6400146484375,288.4200134277344,315.897,-9.5267,2.4639,-3.8665,-3,extreme_negative
2020-03-11,280.70001220703125,274.3599853515625,312.852,-14.0297,2.6217,-5.3515,-3,extreme_negative
2020-03-12,256.0,248.1100006103516,308.3865,-24.2943,3.0382,-7.9964,-3,extreme_negative
2020-03-13,263.0899963378906,269.32000732421875,304.9995,-13.248,3.1519,-4.2032,-3,extreme_negative
2020-03-16,241.17999267578125,239.8500061035156,300.112,-25.1249,3.5253,-7.127,-3,extreme_negative
2020-03-17,245.0399932861328,252.8000030517578,295.9155,-17.0552,3.6827,-4.6312,-3,extreme_negative
2020-03-18,236.25,240.0,290.9985,-21.2494,3.9135,-5.4297,-3,extreme_negative
2020-03-19,239.25,240.50999450683597,286.1765,-18.9874,4.0866,-4.6462,-3,extreme_negative
2020-03-20,242.52999877929688,228.8000030517578,280.9425,-22.7896,4.3227,-5.2721,-3,extreme_negative
2020-03-23,228.19000244140625,222.9499969482422,275.969,-23.7807,4.5642,-5.2102,-3,extreme_negative
2020-03-24,234.4199981689453,243.1499938964844,272.494,-12.0683,4.6214,-2.6114,-3,extreme_negative
2020-03-25,244.8699951171875,246.7899932861328,269.2585,-9.1043,4.6506,-1.9577,-2,negative
2020-03-26,249.5200042724609,261.20001220703125,267.443,-2.3901,4.652,-0.5138,-1,mild_negative
2020-03-27,253.2700042724609,253.4199981689453,265.301,-4.6883,4.6593,-1.0062,-2,negative
2020-03-30,255.6999969482422,261.6499938964844,262.929,-0.4888,4.6588,-0.1049,-1,mild_negative
2020-03-31,260.5599975585937,257.75,260.8045,-1.1851,4.6589,-0.2544,-1,mild_negative
2020-04-01,247.97999572753903,246.1499938964844,257.469,-4.5984,4.6654,-0.9856,-1,mild_negative
2020-04-02,245.19000244140625,251.8300018310547,254.9375,-1.234,4.6647,-0.2645,-1,mild_negative
2020-04-03,250.75999450683597,248.19000244140625,252.474,-1.7261,4.6626,-0.3702,-1,mild_negative
2020-04-06,257.8399963378906,264.8599853515625,252.0055,4.8533,4.6726,1.0387,2,positive
2020-04-07,274.2099914550781,265.1300048828125,250.841,5.3894,4.6851,1.1503,2,positive
2020-04-08,267.9599914550781,274.0299987792969,250.8245,8.4682,4.7167,1.7954,2,positive
2020-04-09,277.5799865722656,278.20001220703125,252.329,9.2994,4.754,1.9561,2,positive
2020-04-13,277.1400146484375,275.6600036621094,252.646,8.3487,4.7837,1.7452,2,positive
2020-04-14,280.9800109863281,283.7900085449219,254.843,10.2002,4.829,2.1123,3,extreme_positive
2020-04-15,277.57000732421875,277.760009765625,256.091,7.8013,4.855,1.6069,2,positive
2020-04-16,279.1499938964844,279.1000061035156,258.046,7.5435,4.8793,1.546,2,positive
2020-04-17,285.3800048828125,286.6400146484375,260.3525,9.1709,4.9139,1.8663,2,positive
2020-04-20,282.6099853515625,281.5899963378906,262.992,6.6046,4.9315,1.3393,2,positive
2020-04-21,276.7300109863281,273.0400085449219,265.4965,2.7628,4.9337,0.56,1,mild_positive
2020-04-22,278.3500061035156,279.1000061035156,267.294,4.23,4.941,0.8561,1,mild_positive
2020-04-23,280.489990234375,279.0799865722656,268.9085,3.6446,4.9461,0.7369,1,mild_positive
2020-04-24,280.7300109863281,282.9700012207031,269.997,4.5846,4.9547,0.9253,1,mild_positive
2020-04-27,285.1199951171875,287.04998779296875,271.6785,5.355,4.9654,1.0785,2,positive
2020-04-28,291.0199890136719,285.7300109863281,272.8825,4.4964,4.9732,0.9041,1,mild_positive
2020-04-29,291.5299987792969,293.2099914550781,274.6555,6.3281,4.9896,1.2683,2,positive
2020-04-30,291.7099914550781,290.4800109863281,276.872,4.6847,4.998,0.9373,1,mild_positive
2020-05-01,285.3099975585937,282.7900085449219,278.42,1.5453,4.9981,0.3092,1,mild_positive
2020-05-04,280.739990234375,283.57000732421875,280.189,1.1923,4.9979,0.2386,1,mild_positive
2020-05-05,286.6400146484375,286.19000244140625,281.2555,1.7242,4.9992,0.3449,1,mild_positive
2020-05-06,288.0400085449219,284.25,282.2115,0.7171,4.9995,0.1434,1,mild_positive
2020-05-07,287.75,287.67999267578125,282.894,1.6637,5.0002,0.3327,1,mild_positive
2020-05-08,291.0899963378906,292.44000244140625,283.606,3.0208,5.0042,0.6037,1,mild_positive
2020-05-11,290.3399963378906,292.5,284.448,2.7528,5.0074,0.5497,1,mild_positive
2020-05-12,293.7900085449219,286.6700134277344,284.592,0.7249,5.0074,0.1448,1,mild_positive
2020-05-13,286.0599975585937,281.6000061035156,284.784,-1.1307,5.0071,-0.2258,-1,mild_negative
2020-05-14,278.95001220703125,284.9700012207031,285.0775,-0.0377,5.0069,-0.0075,-1,mild_negative
2020-05-15,282.3699951171875,286.2799987792969,285.0595,0.4263,5.003,0.0852,1,mild_positive
2020-05-18,293.04998779296875,295.0,285.73,3.1424,5.0056,0.6278,1,mild_positive
2020-05-19,294.3500061035156,291.9700012207031,286.6765,1.813,5.0062,0.3622,1,mild_positive
2020-05-20,295.82000732421875,296.92999267578125,287.568,3.1529,5.0104,0.6293,1,mild_positive
2020-05-21,296.7900085449219,294.8800048828125,288.358,2.2117,5.0121,0.4413,1,mild_positive
2020-05-22,294.57000732421875,295.44000244140625,288.9815,2.1861,5.013,0.4361,1,mild_positive
2020-05-26,301.92999267578125,299.0799865722656,289.583,3.1754,5.0171,0.6329,1,mild_positive
2020-05-27,302.1199951171875,303.5299987792969,290.473,4.3017,5.0244,0.8562,1,mild_positive
2020-05-28,304.6499938964844,302.9700012207031,290.961,3.9638,5.0291,0.7882,1,mild_positive
2020-05-29,302.4599914550781,304.32000732421875,291.653,4.1624,5.035,0.8267,1,mild_positive
2020-06-01,303.6199951171875,305.54998779296875,292.791,4.1757,5.0398,0.8286,1,mild_positive
2020-06-02,306.54998779296875,308.0799865722656,294.0165,4.5649,5.0448,0.9049,1,mild_positive
2020-06-03,310.239990234375,312.17999267578125,295.316,5.402,5.054,1.0689,2,positive
2020-06-04,311.1099853515625,311.3599853515625,296.6715,4.7175,5.0577,0.9327,1,mild_positive
2020-06-05,317.2300109863281,319.3399963378906,298.2545,6.6028,5.0697,1.3024,2,positive
2020-06-08,320.2200012207031,323.20001220703125,299.7925,7.2424,5.0889,1.4232,2,positive
2020-06-09,320.29998779296875,320.7900085449219,301.207,6.1046,5.1025,1.1964,2,positive
2020-06-10,321.4200134277344,319.0,302.8235,5.071,5.1117,0.992,1,mild_positive
2020-06-11,311.4599914550781,300.6099853515625,303.774,-1.0525,5.1114,-0.2059,-1,mild_negative
2020-06-12,308.239990234375,304.2099914550781,304.736,-0.1729,5.1099,-0.0338,-1,mild_negative
2020-06-15,298.0199890136719,307.04998779296875,305.7745,0.4154,5.1087,0.0813,1,mild_positive
2020-06-16,315.4800109863281,312.9599914550781,306.6725,2.009,5.1091,0.3932,1,mild_positive
2020-06-17,314.07000732421875,311.6600036621094,307.657,1.2844,5.1082,0.2514,1,mild_positive
2020-06-18,310.010009765625,311.7799987792969,308.3995,1.0843,5.1073,0.2123,1,mild_positive
2020-06-19,314.1700134277344,308.6400146484375,309.0875,-0.145,5.1062,-0.0284,-1,mild_negative
2020-06-22,307.989990234375,310.6199951171875,309.8465,0.249,5.1036,0.0488,1,mild_positive
2020-06-23,313.489990234375,312.04998779296875,310.495,0.4983,5.1008,0.0977,1,mild_positive
2020-06-24,309.8399963378906,304.0899963378906,310.523,-2.1155,5.098,-0.415,-1,mild_negative
2020-06-25,303.4700012207031,307.3500061035156,310.742,-1.1036,5.0957,-0.2166,-1,mild_negative
2020-06-26,306.1600036621094,300.04998779296875,310.5285,-3.4923,5.0984,-0.685,-1,mild_negative
2020-06-29,301.4100036621094,304.4599914550781,310.474,-1.9753,5.0994,-0.3874,-1,mild_negative
2020-06-30,303.989990234375,308.3599853515625,310.488,-0.6901,5.0992,-0.1353,-1,mild_negative
2020-07-01,309.57000732421875,310.5199890136719,310.405,0.037,5.0987,0.0073,1,mild_positive
2020-07-02,314.239990234375,312.2300109863281,310.4485,0.5706,5.0981,0.1119,1,mild_positive
2020-07-06,316.3699951171875,317.04998779296875,310.334,2.1183,5.0985,0.4155,1,mild_positive
2020-07-07,315.3800048828125,313.7799987792969,309.863,1.2483,5.0977,0.2449,1,mild_positive
2020-07-08,314.6099853515625,316.17999267578125,309.6325,2.0708,5.0972,0.4063,1,mild_positive
2020-07-09,316.8399963378906,314.3800048828125,309.4015,1.5836,5.0965,0.3107,1,mild_positive
2020-07-10,314.3099975585937,317.5899963378906,310.2505,2.311,5.0978,0.4533,1,mild_positive
2020-07-13,320.1300048828125,314.8399963378906,310.782,1.2889,5.0977,0.2528,1,mild_positive
2020-07-14,313.29998779296875,318.9200134277344,311.3755,2.3656,5.0988,0.464,1,mild_positive
2020-07-15,322.4100036621094,321.8500061035156,311.82,3.1164,5.1014,0.6109,1,mild_positive
2020-07-16,319.7900085449219,320.7900085449219,312.2765,2.6539,5.1026,0.5201,1,mild_positive
2020-07-17,321.8800048828125,321.7200012207031,312.7735,2.7808,5.1043,0.5448,1,mild_positive
2020-07-20,321.42999267578125,324.32000732421875,313.5575,3.3185,5.1078,0.6497,1,mild_positive
2020-07-21,326.45001220703125,325.010009765625,314.277,3.3024,5.1118,0.646,1,mild_positive
2020-07-22,324.6199951171875,326.8599853515625,315.0175,3.6231,5.1164,0.7081,1,mild_positive
2020-07-23,326.4700012207031,322.9599914550781,315.961,2.1671,5.1181,0.4234,1,mild_positive
2020-07-24,320.95001220703125,320.8800048828125,316.6375,1.3221,5.1186,0.2583,1,mild_positive
2020-07-27,321.6300048828125,323.2200012207031,317.796,1.6781,5.1193,0.3278,1,mild_positive
2020-07-28,322.42999267578125,321.1700134277344,318.6315,0.7904,5.1189,0.1544,1,mild_positive
2020-07-29,322.1199951171875,325.1199951171875,319.4695,1.738,5.1198,0.3395,1,mild_positive
2020-07-30,321.8999938964844,323.9599914550781,320.1415,1.1787,5.1198,0.2302,1,mild_positive
2020-07-31,325.8999938964844,326.5199890136719,320.856,1.7347,5.1207,0.3388,1,mild_positive
2020-08-03,328.32000732421875,328.7900085449219,321.443,2.2346,5.1223,0.4362,1,mild_positive
2020-08-04,327.8599853515625,330.0599975585937,322.257,2.3641,5.1241,0.4614,1,mild_positive
2020-08-05,331.4700012207031,332.1099853515625,323.0535,2.727,5.1257,0.532,1,mild_positive
2020-08-06,331.4800109863281,334.3299865722656,324.051,3.0745,5.1271,0.5997,1,mild_positive
2020-08-07,333.2799987792969,334.57000732421875,324.9,2.8903,5.1195,0.5646,1,mild_positive
2020-08-10,335.0599975585937,335.57000732421875,325.9365,2.8708,5.1172,0.561,1,mild_positive
2020-08-11,336.8500061035156,332.79998779296875,326.6305,1.8538,5.1138,0.3625,1,mild_positive
2020-08-12,335.44000244140625,337.44000244140625,327.41,2.9724,5.116,0.581,1,mild_positive
2020-08-13,336.6099853515625,336.8299865722656,328.212,2.5586,5.1167,0.5,1,mild_positive
2020-08-14,336.4100036621094,336.8399963378906,328.968,2.337,5.115,0.4569,1,mild_positive
2020-08-17,337.94000244140625,337.9100036621094,329.6475,2.4452,5.1162,0.4779,1,mild_positive
2020-08-18,338.3399963378906,338.6400146484375,330.329,2.4542,5.1115,0.4801,1,mild_positive
2020-08-19,339.04998779296875,337.2300109863281,330.8475,1.8926,5.1074,0.3706,1,mild_positive
2020-08-20,335.3599853515625,338.2799987792969,331.6135,1.9707,5.1069,0.3859,1,mild_positive
2020-08-21,337.9200134277344,339.4800109863281,332.5435,2.0433,5.1078,0.4,1,mild_positive
2020-08-24,342.1199951171875,342.9200134277344,333.5285,2.7387,5.1093,0.536,1,mild_positive
2020-08-25,343.5299987792969,344.1199951171875,334.676,2.7444,5.1114,0.5369,1,mild_positive
2020-08-26,344.760009765625,347.57000732421875,335.7985,3.3868,5.1149,0.6621,1,mild_positive
2020-08-27,348.510009765625,348.3299865722656,337.017,3.2478,5.1153,0.6349,1,mild_positive
2020-08-28,349.44000244140625,350.5799865722656,338.22,3.5256,5.1184,0.6888,1,mild_positive
2020-08-31,350.3500061035156,349.3099975585937,339.246,2.8811,5.1199,0.5627,1,mild_positive
2020-09-01,350.2099914550781,352.6000061035156,340.373,3.4677,5.1232,0.6769,1,mild_positive
2020-09-02,354.6700134277344,357.70001220703125,341.6525,4.4863,5.1292,0.8747,1,mild_positive
2020-09-03,355.8699951171875,345.3900146484375,342.2055,0.922,5.1291,0.1798,1,mild_positive
2020-09-04,346.1300048828125,342.57000732421875,342.6055,-0.0104,5.1292,-0.002,-1,mild_negative
2020-09-08,336.7099914550781,333.2099914550781,342.4875,-2.7843,5.1329,-0.5424,-1,mild_negative
2020-09-09,337.54998779296875,339.7900085449219,342.837,-0.8967,5.132,-0.1747,-1,mild_negative
2020-09-10,341.82000732421875,333.8900146484375,342.6595,-2.6265,5.134,-0.5116,-1,mild_negative
2020-09-11,335.82000732421875,334.0599975585937,342.521,-2.5328,5.1357,-0.4932,-1,mild_negative
2020-09-14,337.489990234375,338.4599914550781,342.602,-1.2238,5.1354,-0.2383,-1,mild_negative
2020-09-15,341.1199951171875,340.1700134277344,342.715,-0.7482,5.1337,-0.1457,-1,mild_negative
2020-09-16,341.510009765625,338.82000732421875,342.724,-1.1522,5.1322,-0.2245,-1,mild_negative
2020-09-17,333.5599975585937,335.8399963378906,342.6545,-2.0291,5.1325,-0.3953,-1,mild_negative
2020-09-18,335.3699951171875,330.6499938964844,342.273,-3.5152,5.1371,-0.6843,-1,mild_negative
2020-09-21,325.70001220703125,326.9700012207031,341.6475,-4.4889,5.1447,-0.8725,-1,mild_negative
2020-09-22,328.57000732421875,330.29998779296875,341.0165,-3.2445,5.1483,-0.6302,-1,mild_negative
2020-09-23,330.8999938964844,322.6400146484375,339.9425,-5.3628,5.1594,-1.0394,-2,negative
2020-09-24,321.2200012207031,323.5,338.739,-4.7107,5.1686,-0.9114,-1,mild_negative
2020-09-25,322.5799865722656,328.7300109863281,337.759,-2.7466,5.1719,-0.5311,-1,mild_negative
2020-09-28,333.2200012207031,334.19000244140625,336.9395,-0.8227,5.1722,-0.1591,-1,mild_negative
2020-09-29,333.9700012207031,332.3699951171875,336.0925,-1.12,5.1729,-0.2165,-1,mild_negative
2020-09-30,333.0899963378906,334.8900146484375,335.207,-0.0947,5.1728,-0.0183,-1,mild_negative
2020-10-01,337.69000244140625,337.0400085449219,334.174,0.8503,5.1726,0.1644,1,mild_positive
2020-10-02,331.70001220703125,333.8399963378906,333.5965,0.0729,5.1724,0.0141,1,mild_positive
2020-10-05,336.0599975585937,339.760009765625,333.456,1.8554,5.172,0.3587,1,mild_positive
2020-10-06,339.9100036621094,334.92999267578125,333.542,0.4144,5.1669,0.0802,1,mild_positive
2020-10-07,338.1199951171875,340.760009765625,333.5905,2.104,5.1654,0.4073,1,mild_positive
2020-10-08,342.8500061035156,343.7799987792969,334.085,2.8201,5.1672,0.5458,1,mild_positive
2020-10-09,345.5599975585937,346.8500061035156,334.7245,3.4959,5.1701,0.6762,1,mild_positive
2020-10-12,349.5899963378906,352.42999267578125,335.423,4.8256,5.1741,0.9327,1,mild_positive
2020-10-13,352.2799987792969,350.1300048828125,335.921,4.0582,5.1778,0.7838,1,mild_positive
2020-10-14,350.75,347.92999267578125,336.3765,3.3206,5.1805,0.641,1,mild_positive
2020-10-15,343.7099914550781,347.5,336.9595,3.0332,5.1832,0.5852,1,mild_positive
2020-10-16,348.9599914550781,347.2900085449219,337.7915,2.735,5.1853,0.5275,1,mild_positive
2020-10-19,348.6499938964844,342.010009765625,338.5435,1.0136,5.1852,0.1955,1,mild_positive
2020-10-20,343.4599914550781,343.3800048828125,339.1975,1.218,5.1852,0.2349,1,mild_positive
2020-10-21,343.3299865722656,342.7300109863281,340.202,0.7376,5.1849,0.1423,1,mild_positive
2020-10-22,342.9599914550781,344.6099853515625,341.2575,0.9728,5.1849,0.1876,1,mild_positive
2020-10-23,345.92999267578125,345.7799987792969,342.11,1.0614,5.1845,0.2047,1,mild_positive
2020-10-26,342.1300048828125,339.3900146484375,342.37,-0.878,5.1848,-0.1694,-1,mild_negative
2020-10-27,339.760009765625,338.2200012207031,342.6625,-1.3135,5.1853,-0.2533,-1,mild_negative
2020-10-28,332.1000061035156,326.6600036621094,342.251,-4.7729,5.1947,-0.9188,-1,mild_negative
2020-10-29,326.9100036621094,329.9800109863281,341.898,-3.6117,5.1996,-0.6946,-1,mild_negative
2020-10-30,328.2799987792969,326.5400085449219,341.533,-4.5915,5.2071,-0.8818,-1,mild_negative
2020-11-02,330.20001220703125,330.20001220703125,341.055,-3.2874,5.2106,-0.6309,-1,mild_negative
2020-11-03,333.69000244140625,336.0299987792969,341.11,-1.5118,5.2104,-0.2901,-1,mild_negative
2020-11-04,340.8599853515625,343.5400085449219,341.249,0.6669,5.2096,0.128,1,mild_positive
2020-11-05,349.239990234375,350.239990234375,341.572,2.4749,5.2097,0.4751,1,mild_positive
2020-11-06,349.92999267578125,350.1600036621094,341.7375,2.4053,5.2094,0.4617,1,mild_positive
2020-11-09,363.9700012207031,354.5599975585937,341.844,3.5864,5.2122,0.6881,1,mild_positive
2020-11-10,353.489990234375,354.0400085449219,342.0395,3.3896,5.2148,0.65,1,mild_positive
2020-11-11,356.3999938964844,356.6700134277344,342.4765,3.9795,5.2188,0.7625,1,mild_positive
2020-11-12,355.5799865722656,353.2099914550781,342.762,2.958,5.2203,0.5666,1,mild_positive
2020-11-13,355.2699890136719,358.1000061035156,343.3025,4.1322,5.2251,0.7908,1,mild_positive
2020-11-16,360.9800109863281,362.5700073242188,344.3305,5.0306,5.2328,0.9614,1,mild_positive
2020-11-17,359.9700012207031,360.6199951171875,345.1925,4.278,5.2381,0.8167,1,mild_positive
2020-11-18,360.9100036621094,356.2799987792969,345.87,2.9219,5.2401,0.5576,1,mild_positive
2020-11-19,355.6000061035156,357.7799987792969,346.5285,3.1448,5.2419,0.5999,1,mild_positive
2020-11-20,357.5,355.3299865722656,347.006,2.3426,5.2425,0.4468,1,mild_positive
2020-11-23,357.2799987792969,357.4599914550781,347.9095,2.6718,5.2439,0.5095,1,mild_positive
2020-11-24,360.2099914550781,363.2200012207031,349.1595,3.8711,5.2483,0.7376,1,mild_positive
2020-11-25,363.1300048828125,362.6600036621094,350.9595,3.2263,5.2513,0.6144,1,mild_positive
2020-11-27,363.8399963378906,363.6700134277344,352.644,3.0319,5.2539,0.5771,1,mild_positive
2020-11-30,362.8299865722656,362.05999755859375,354.42,2.1101,5.2546,0.4016,1,mild_positive
2020-12-01,365.5700073242188,366.0199890136719,356.211,2.6799,5.2561,0.5099,1,mild_positive
2020-12-02,364.8200073242188,366.7900085449219,357.749,2.4649,5.2569,0.4689,1,mild_positive
2020-12-03,366.6799926757813,366.6900024414063,358.9065,2.1226,5.2578,0.4037,1,mild_positive
2020-12-04,367.3200073242188,369.8500061035156,359.887,2.6938,5.2598,0.5121,1,mild_positive
2020-12-07,369.0199890136719,369.0899963378906,360.8335,2.237,5.2609,0.4252,1,mild_positive
2020-12-08,367.7200012207031,370.1700134277344,361.614,2.3114,5.2623,0.4392,1,mild_positive
2020-12-09,370.8800048828125,366.8500061035156,362.2545,1.2527,5.2625,0.238,1,mild_positive
2020-12-10,365.3699951171875,366.7300109863281,362.7575,1.0832,5.2625,0.2058,1,mild_positive
2020-12-11,364.8999938964844,366.2999877929688,363.412,0.7884,5.2626,0.1498,1,mild_positive
2020-12-14,368.6400146484375,364.6600036621094,363.74,0.2523,5.2626,0.0479,1,mild_positive
2020-12-15,367.3999938964844,369.5899963378906,364.091,1.4879,5.263,0.2827,1,mild_positive
2020-12-16,369.8200073242188,370.1700134277344,364.5685,1.5132,5.2631,0.2875,1,mild_positive
2020-12-17,371.9400024414063,372.239990234375,365.3665,1.8465,5.2635,0.3508,1,mild_positive
2020-12-18,370.9700012207031,369.1799926757813,365.9365,0.8786,5.2627,0.1669,1,mild_positive
2020-12-21,364.9700012207031,367.8599853515625,366.563,0.3526,5.262,0.067,1,mild_positive
2020-12-22,368.2099914550781,367.239990234375,367.052,0.0512,5.2614,0.0097,1,mild_positive
2020-12-23,368.2799987792969,367.5700073242188,367.2695,0.0818,5.2605,0.0155,1,mild_positive
2020-12-24,368.0799865722656,369.0,367.5865,0.3831,5.2599,0.0728,1,mild_positive
2020-12-28,371.739990234375,372.1700134277344,368.0115,1.1174,5.2594,0.2125,1,mild_positive
2020-12-29,373.80999755859375,371.4599914550781,368.4815,0.8018,5.2589,0.1525,1,mild_positive
2020-12-30,372.3399963378906,371.989990234375,368.78,0.8629,5.258,0.1641,1,mild_positive
2020-12-31,371.7799987792969,373.8800048828125,369.1345,1.2693,5.2575,0.2414,1,mild_positive
2021-01-04,375.30999755859375,368.7900085449219,369.2395,-0.1219,5.2573,-0.0232,-1,mild_negative
2021-01-05,368.1000061035156,371.3299865722656,369.3135,0.543,5.257,0.1033,1,mild_positive
2021-01-06,369.7099914550781,373.5499877929688,369.5365,1.0744,5.2563,0.2044,1,mild_positive
2021-01-07,376.1000061035156,379.1000061035156,369.983,2.4049,5.2577,0.4574,1,mild_positive
2021-01-08,380.5899963378906,381.260009765625,370.7035,2.7688,5.2596,0.5264,1,mild_positive
2021-01-11,377.8500061035156,378.6900024414063,371.3015,1.9511,5.2605,0.3709,1,mild_positive
2021-01-12,378.8900146484375,378.7699890136719,371.925,1.8072,5.261,0.3435,1,mild_positive
2021-01-13,378.6900024414063,379.7900085449219,372.6815,1.8717,5.2612,0.3558,1,mild_positive
2021-01-14,380.5899963378906,378.4599914550781,373.125,1.4097,5.2614,0.2679,1,mild_positive
2021-01-15,376.7200012207031,375.7000122070313,373.4015,0.6118,5.2607,0.1163,1,mild_positive
2021-01-19,378.3399963378906,378.6499938964844,373.722,1.3015,5.2606,0.2474,1,mild_positive
2021-01-20,381.1099853515625,383.8900146484375,374.4575,2.4571,5.2618,0.467,1,mild_positive
2021-01-21,384.489990234375,384.239990234375,375.2765,2.3328,5.2621,0.4433,1,mild_positive
2021-01-22,382.25,382.8800048828125,376.0585,1.7816,5.2615,0.3386,1,mild_positive
2021-01-25,383.6700134277344,384.3900146484375,376.8995,1.9487,5.2616,0.3704,1,mild_positive
2021-01-26,385.4100036621094,383.7900085449219,377.639,1.6027,5.2614,0.3046,1,mild_positive
2021-01-27,380.2200012207031,374.4100036621094,377.751,-0.8923,5.2613,-0.1696,-1,mild_negative
2021-01-28,376.3599853515625,377.6300048828125,378.0595,-0.1137,5.2614,-0.0216,-1,mild_negative
2021-01-29,375.6300048828125,370.0700073242188,377.9635,-2.133,5.2631,-0.4053,-1,mild_negative
2021-02-01,373.7200012207031,376.2300109863281,378.081,-0.492,5.2633,-0.0935,-1,mild_negative
2021-02-02,379.6499938964844,381.5499877929688,378.719,0.742,5.2633,0.141,1,mild_positive
2021-02-03,382.4400024414063,381.8500061035156,379.245,0.6822,5.2633,0.1296,1,mild_positive
2021-02-04,382.9599914550781,386.1900024414063,379.877,1.6347,5.2624,0.3106,1,mild_positive
2021-02-05,388.2000122070313,387.7099914550781,380.3075,1.9093,5.2627,0.3628,1,mild_positive
2021-02-08,389.2699890136719,390.510009765625,380.77,2.4942,5.2643,0.4738,1,mild_positive
2021-02-09,389.6099853515625,390.25,381.348,2.2811,5.2652,0.4332,1,mild_positive
2021-02-10,392.1199951171875,390.0799865722656,381.9135,2.0935,5.2657,0.3976,1,mild_positive
2021-02-11,391.239990234375,390.7099914550781,382.4595,2.1117,5.2666,0.401,1,mild_positive
2021-02-12,389.8500061035156,392.6400146484375,383.1685,2.4123,5.2676,0.4579,1,mild_positive
2021-02-16,393.9599914550781,392.2999877929688,383.9985,2.1161,5.268,0.4017,1,mild_positive
2021-02-17,390.4200134277344,392.3900146484375,384.6855,1.9635,5.2677,0.3727,1,mild_positive
2021-02-18,389.5899963378906,390.7200012207031,385.027,1.4571,5.2672,0.2766,1,mild_positive
2021-02-19,392.0700073242188,390.0299987792969,385.3165,1.2085,5.2665,0.2295,1,mild_positive
2021-02-22,387.05999755859375,387.0299987792969,385.524,0.3891,5.2659,0.0739,1,mild_positive
2021-02-23,384.6600036621094,387.5,385.6795,0.4698,5.2648,0.0892,1,mild_positive
2021-02-24,386.3299865722656,391.7699890136719,386.0785,1.4528,5.2647,0.2759,1,mild_positive
2021-02-25,390.4100036621094,382.3299865722656,386.4745,-1.084,5.2655,-0.2059,-1,mild_negative
2021-02-26,384.3500061035156,380.3599853515625,386.611,-1.6434,5.2633,-0.3122,-1,mild_negative
2021-03-01,385.5899963378906,389.5799865722656,387.5865,0.5117,5.2488,0.0975,1,mild_positive
2021-03-02,389.8200073242188,386.5400085449219,388.102,-0.4041,5.2337,-0.0772,-1,mild_negative
2021-03-03,385.7900085449219,381.4200134277344,388.0955,-1.7502,5.1906,-0.3372,-1,mild_negative
2021-03-04,381.2200012207031,376.7000122070313,387.838,-2.9567,5.15,-0.5741,-1,mild_negative
2021-03-05,380.4599914550781,383.6300048828125,387.71,-1.0635,5.1366,-0.207,-1,mild_negative
2021-03-08,384.6600036621094,381.7200012207031,387.4105,-1.4908,5.1081,-0.2918,-1,mild_negative
2021-03-09,385.8500061035156,387.1700134277344,387.2435,-0.019,5.1012,-0.0037,-1,mild_negative
2021-03-10,389.6900024414063,389.5799865722656,387.21,0.6083,5.0805,0.1197,1,mild_positive
2021-03-11,392.2300109863281,393.5299987792969,387.3825,1.5621,5.0525,0.3092,1,mild_positive
2021-03-12,392.0700073242188,394.05999755859375,387.55,1.652,4.9433,0.3342,1,mild_positive
2021-03-15,394.3299865722656,396.4100036621094,387.7385,2.1875,4.9023,0.4462,1,mild_positive
2021-03-16,397.0700073242188,395.9100036621094,387.919,2.0184,4.8144,0.4192,1,mild_positive
2021-03-17,394.5299987792969,397.260009765625,388.1625,2.2901,4.5496,0.5034,1,mild_positive
2021-03-18,394.4800109863281,391.4800109863281,388.2005,0.8377,4.4619,0.1877,1,mild_positive
2021-03-19,389.8800048828125,389.4800109863281,388.173,0.3356,4.1501,0.0809,1,mild_positive
2021-03-22,390.0299987792969,392.5899963378906,388.451,1.0543,3.991,0.2642,1,mild_positive
2021-03-23,391.9100036621094,389.5,388.551,0.2436,3.7355,0.0652,1,mild_positive
2021-03-24,391.0,387.5199890136719,388.3385,-0.2112,3.5145,-0.0601,-1,mild_negative
2021-03-25,385.9800109863281,389.7000122070313,388.707,0.2548,3.1729,0.0803,1,mild_positive
2021-03-26,390.9299926757813,395.9800109863281,389.488,1.6395,2.751,0.596,1,mild_positive
2021-03-29,394.3999938964844,395.7799987792969,389.798,1.5114,2.616,0.5778,1,mild_positive
2021-03-30,394.4200134277344,394.7300109863281,390.2075,1.1457,2.5295,0.453,1,mild_positive
2021-03-31,395.3399963378906,396.3299865722656,390.953,1.3567,2.5173,0.539,1,mild_positive
2021-04-01,398.3999938964844,400.6099853515625,392.1485,2.1121,2.4865,0.8495,1,mild_positive
2021-04-05,403.4599914550781,406.3599853515625,393.285,3.2176,2.485,1.2948,2,positive
2021-04-06,405.760009765625,406.1199951171875,394.505,2.86,2.48,1.1532,2,positive
2021-04-07,405.9400024414063,406.5899963378906,395.476,2.7335,2.4498,1.1158,2,positive
2021-04-08,407.9299926757813,408.5199890136719,396.423,2.9612,2.4444,1.2114,2,positive
2021-04-09,408.3900146484375,411.489990234375,397.321,3.4433,2.4374,1.4127,2,positive
2021-04-12,410.8500061035156,411.6400146484375,398.2,3.265,2.4314,1.3429,2,positive
2021-04-13,411.5299987792969,412.8599853515625,399.0225,3.3516,2.4225,1.3835,2,positive
2021-04-14,412.8299865722656,411.4500122070313,399.7995,2.8316,2.3858,1.1869,2,positive
2021-04-15,413.739990234375,415.8699951171875,400.73,3.6406,2.3403,1.5556,2,positive
2021-04-16,417.25,417.260009765625,402.019,3.6526,2.3056,1.5843,2,positive
2021-04-19,416.260009765625,415.2099914550781,403.3055,2.8671,2.243,1.2782,2,positive
2021-04-20,413.9100036621094,412.1700134277344,404.2845,1.9132,2.2089,0.8661,1,mild_positive
2021-04-21,411.510009765625,416.0700073242188,405.613,2.5133,2.1776,1.1542,2,positive
2021-04-22,415.8900146484375,412.2699890136719,406.8505,1.3145,2.1242,0.6188,1,mild_positive
2021-04-23,412.8699951171875,416.739990234375,408.2025,2.0486,2.1003,0.9754,1,mild_positive
2021-04-26,417.4400024414063,417.6099853515625,409.284,1.9937,2.099,0.9498,1,mild_positive
2021-04-27,417.9299926757813,417.5199890136719,410.371,1.7123,2.0921,0.8185,1,mild_positive
2021-04-28,417.80999755859375,417.3999938964844,411.5045,1.4124,2.0877,0.6766,1,mild_positive
2021-04-29,420.3200073242188,420.05999755859375,412.691,1.7543,2.0786,0.844,1,mild_positive
2021-04-30,417.6300048828125,417.2999877929688,413.5255,0.9045,2.0645,0.4381,1,mild_positive
2021-05-03,419.4299926757813,418.2000122070313,414.1175,0.9762,2.0558,0.4749,1,mild_positive
2021-05-04,416.0700073242188,415.6199951171875,414.5925,0.2472,2.0339,0.1215,1,mild_positive
2021-05-05,417.3800048828125,415.75,415.0505,0.1683,2.025,0.0831,1,mild_positive
2021-05-06,415.8299865722656,419.0700073242188,415.578,0.8333,2.0253,0.4114,1,mild_positive
2021-05-07,419.8900146484375,422.1199951171875,416.1095,1.4239,2.0252,0.7031,1,mild_positive
2021-05-10,422.5,417.9400024414063,416.4245,0.3626,2.0262,0.179,1,mild_positive
2021-05-11,413.1000061035156,414.2099914550781,416.492,-0.5509,2.0294,-0.2715,-1,mild_negative
2021-05-12,411.2300109863281,405.4100036621094,416.19,-2.659,2.045,-1.3003,-2,negative
2021-05-13,407.0700073242188,410.2799987792969,415.9105,-1.3724,2.0495,-0.6696,-1,mild_negative
2021-05-14,413.2099914550781,416.5799865722656,415.8765,0.1689,2.0489,0.0824,1,mild_positive
2021-05-17,415.3900146484375,415.5199890136719,415.892,-0.0895,2.0505,-0.0437,-1,mild_negative
2021-05-18,415.7999877929688,411.9400024414063,415.8805,-0.9566,2.0497,-0.4667,-1,mild_negative
2021-05-19,406.9200134277344,410.8599853515625,415.62,-1.1585,2.0539,-0.5641,-1,mild_negative
2021-05-20,411.7999877929688,415.2799987792969,415.7705,-0.1181,2.0551,-0.0575,-1,mild_negative
2021-05-21,416.8699951171875,414.9400024414063,415.6805,-0.1785,2.0541,-0.0869,-1,mild_negative
2021-05-24,417.3399963378906,419.1700134277344,415.7585,0.8139,2.0541,0.3962,1,mild_positive
2021-05-25,420.3299865722656,418.239990234375,415.7945,0.5847,2.0513,0.285,1,mild_positive
2021-05-26,418.8699951171875,419.0700073242188,415.878,0.7617,2.0508,0.3714,1,mild_positive
2021-05-27,420.1700134277344,419.2900085449219,415.8395,0.8229,2.0503,0.4014,1,mild_positive
2021-05-28,420.9700012207031,420.0400085449219,415.9765,0.9674,2.0469,0.4726,1,mild_positive
2021-06-01,422.5700073242188,419.6700134277344,416.05,0.8626,2.0383,0.4232,1,mild_positive
2021-06-02,420.3699951171875,420.3299865722656,416.2855,0.9622,2.0313,0.4737,1,mild_positive
2021-06-03,417.8500061035156,418.7699890136719,416.4365,0.5572,2.0235,0.2754,1,mild_positive
2021-06-04,420.75,422.6000061035156,416.613,1.4167,2.0152,0.703,1,mild_positive
2021-06-07,422.5899963378906,422.1900024414063,416.6165,1.3201,2.0042,0.6587,1,mild_positive
2021-06-08,423.1099853515625,422.2799987792969,416.8335,1.2898,1.9869,0.6491,1,mild_positive
2021-06-09,423.1799926757813,421.6499938964844,417.2055,1.0541,1.9746,0.5338,1,mild_positive
2021-06-10,422.9599914550781,423.6099853515625,418.1155,1.2971,1.9451,0.6668,1,mild_positive
2021-06-11,424.2000122070313,424.30999755859375,418.817,1.2946,1.9073,0.6788,1,mild_positive
2021-06-14,424.4299926757813,425.260009765625,419.251,1.413,1.8817,0.7509,1,mild_positive
2021-06-15,425.4200134277344,424.4800109863281,419.699,1.1263,1.8653,0.6038,1,mild_positive
2021-06-16,424.6300048828125,422.1099853515625,420.2075,0.4507,1.8608,0.2422,1,mild_positive
2021-06-17,421.6700134277344,421.9700012207031,420.763,0.286,1.8598,0.1538,1,mild_positive
2021-06-18,417.0899963378906,414.9200134277344,420.745,-1.4039,1.866,-0.7524,-1,mild_negative
2021-06-21,416.7999877929688,420.8599853515625,421.041,-0.043,1.8665,-0.023,-1,mild_negative
2021-06-22,420.8500061035156,423.1099853515625,421.238,0.4424,1.8669,0.237,1,mild_positive
2021-06-23,423.1900024414063,422.6000061035156,421.456,0.2707,1.8676,0.1449,1,mild_positive
2021-06-24,424.8900146484375,425.1000061035156,421.7575,0.7863,1.8661,0.4213,1,mild_positive
2021-06-25,425.8999938964844,426.6099853515625,422.1235,1.0517,1.8654,0.5638,1,mild_positive
2021-06-28,427.1700134277344,427.4700012207031,422.495,1.1638,1.865,0.624,1,mild_positive
2021-06-29,427.8800048828125,427.7000122070313,422.8965,1.1231,1.8539,0.6058,1,mild_positive
2021-06-30,427.2099914550781,428.05999755859375,423.283,1.116,1.8487,0.6037,1,mild_positive
2021-07-01,428.8699951171875,430.4299926757813,423.866,1.525,1.8258,0.8352,1,mild_positive
2021-07-02,431.6700134277344,433.7200012207031,424.422,2.1438,1.8163,1.1803,2,positive
2021-07-06,433.7799987792969,432.9299926757813,424.959,1.8412,1.813,1.0155,2,positive
2021-07-07,433.6600036621094,434.4599914550781,425.568,2.0467,1.8124,1.1292,2,positive
2021-07-08,428.7799987792969,430.9200134277344,426.0315,1.1344,1.812,0.6261,1,mild_positive
2021-07-09,432.5299987792969,435.5199890136719,426.627,2.0419,1.8119,1.127,2,positive
2021-07-12,435.4299926757813,437.0799865722656,427.2655,2.2455,1.8131,1.2385,2,positive
2021-07-13,436.239990234375,435.5899963378906,427.782,1.7925,1.8127,0.9889,1,mild_positive
2021-07-14,437.3999938964844,436.239990234375,428.37,1.8041,1.8129,0.9951,1,mild_positive
2021-07-15,434.80999755859375,434.75,429.002,1.3221,1.8115,0.7298,1,mild_positive
2021-07-16,436.010009765625,431.3399963378906,429.4705,0.4334,1.8121,0.2392,1,mild_positive
2021-07-19,426.1900024414063,424.9700012207031,429.973,-1.1773,1.8166,-0.6481,-1,mild_negative
2021-07-20,425.6799926757813,431.05999755859375,430.483,0.1339,1.8136,0.0738,1,mild_positive
2021-07-21,432.3399963378906,434.5499877929688,431.055,0.8043,1.8113,0.444,1,mild_positive
2021-07-22,434.739990234375,435.4599914550781,431.698,0.8639,1.8084,0.4777,1,mild_positive
2021-07-23,437.5199890136719,439.9400024414063,432.44,1.7048,1.8036,0.9452,1,mild_positive
2021-07-26,439.30999755859375,441.0199890136719,433.1605,1.7821,1.7989,0.9907,1,mild_positive
2021-07-27,439.9100036621094,439.010009765625,433.7375,1.201,1.7921,0.6702,1,mild_positive
2021-07-28,439.6799926757813,438.8299865722656,434.294,1.0337,1.7909,0.5772,1,mild_positive
2021-07-29,439.8200073242188,440.6499938964844,434.9235,1.2996,1.7908,0.7257,1,mild_positive
2021-07-30,437.9100036621094,438.510009765625,435.3275,0.7258,1.7907,0.4053,1,mild_positive
2021-08-02,440.3399963378906,437.5899963378906,435.521,0.4728,1.791,0.264,1,mild_positive
2021-08-03,438.4400024414063,441.1499938964844,435.932,1.1828,1.7906,0.6606,1,mild_positive
2021-08-04,439.7799987792969,438.9800109863281,436.158,0.6429,1.7908,0.359,1,mild_positive
2021-08-05,440.2200012207031,441.760009765625,436.7,1.1454,1.7903,0.6398,1,mild_positive
2021-08-06,442.1000061035156,442.489990234375,437.0485,1.2297,1.789,0.6874,1,mild_positive
2021-08-09,442.4599914550781,442.1300048828125,437.301,1.0922,1.7872,0.6111,1,mild_positive
2021-08-10,442.6099853515625,442.6799926757813,437.6555,1.135,1.7842,0.6361,1,mild_positive
2021-08-11,443.8200073242188,443.7799987792969,438.0325,1.2951,1.7799,0.7276,1,mild_positive
2021-08-12,443.6199951171875,445.1099853515625,438.5505,1.4737,1.7764,0.8296,1,mild_positive
2021-08-13,445.5899963378906,445.9200134277344,439.2795,1.4892,1.773,0.8399,1,mild_positive
2021-08-16,444.5299987792969,446.9700012207031,440.3795,1.4745,1.7725,0.8319,1,mild_positive
2021-08-17,444.239990234375,444.0400085449219,441.0285,0.6782,1.7686,0.3835,1,mild_positive
2021-08-18,442.9599914550781,439.1799926757813,441.26,-0.4736,1.7687,-0.2678,-1,mild_negative
2021-08-19,436.2699890136719,439.8599853515625,441.48,-0.3683,1.7691,-0.2082,-1,mild_negative
2021-08-20,440.2300109863281,443.3599853515625,441.651,0.3855,1.7673,0.2181,1,mild_positive
2021-08-23,445.1600036621094,447.260009765625,441.963,1.1843,1.765,0.671,1,mild_positive
2021-08-24,447.9700012207031,447.9700012207031,442.411,1.2409,1.7643,0.7034,1,mild_positive
2021-08-25,448.1700134277344,448.9100036621094,442.915,1.3355,1.7634,0.7573,1,mild_positive
2021-08-26,448.6099853515625,446.260009765625,443.1955,0.6867,1.7623,0.3897,1,mild_positive
2021-08-27,447.1199951171875,450.25,443.7825,1.4364,1.7592,0.8165,1,mild_positive
2021-08-30,450.9700012207031,452.2300109863281,444.5145,1.7061,1.7563,0.9714,1,mild_positive
2021-08-31,452.1300048828125,451.55999755859375,445.035,1.445,1.7501,0.8256,1,mild_positive
2021-09-01,452.55999755859375,451.7999877929688,445.676,1.3555,1.7446,0.777,1,mild_positive
2021-09-02,453.3200073242188,453.1900024414063,446.2475,1.5319,1.7376,0.8816,1,mild_positive
2021-09-03,451.9800109863281,453.0799865722656,446.777,1.3911,1.7337,0.8024,1,mild_positive
2021-09-07,452.7099914550781,451.4599914550781,447.2435,0.934,1.7266,0.5409,1,mild_positive
2021-09-08,450.8900146484375,450.9100036621094,447.655,0.7219,1.7124,0.4216,1,mild_positive
2021-09-09,450.7000122070313,448.9800109863281,447.915,0.2372,1.713,0.1385,1,mild_positive
2021-09-10,451.0400085449219,445.4400024414063,447.9315,-0.5593,1.7145,-0.3262,-1,mild_negative
2021-09-13,448.6400146484375,446.5799865722656,447.9645,-0.31,1.7003,-0.1823,-1,mild_negative
2021-09-14,448.1199951171875,444.1700134277344,447.8245,-0.8228,1.7,-0.484,-1,mild_negative
2021-09-15,444.6199951171875,447.8800048828125,448.0165,-0.0305,1.6861,-0.0181,-1,mild_negative
2021-09-16,447.3200073242188,447.1700134277344,448.416,-0.2786,1.6736,-0.1665,-1,mild_negative
2021-09-17,444.9200134277344,441.3999938964844,448.493,-1.6069,1.6758,-0.9589,-1,mild_negative
2021-09-20,434.8800048828125,434.0400085449219,448.027,-3.2225,1.6928,-1.9036,-2,negative
2021-09-21,436.5299987792969,433.6300048828125,447.3455,-3.1629,1.7073,-1.8526,-2,negative
2021-09-22,436.0499877929688,437.8599853515625,446.84,-2.0509,1.7075,-1.2011,-2,negative
2021-09-23,439.8500061035156,443.1799926757813,446.5535,-0.7612,1.6877,-0.451,-1,mild_negative
2021-09-24,441.4400024414063,443.9100036621094,446.436,-0.569,1.6554,-0.3438,-1,mild_negative
2021-09-27,442.80999755859375,442.6400146484375,446.0555,-0.7716,1.6377,-0.4712,-1,mild_negative
2021-09-28,439.6900024414063,433.7200012207031,445.13,-2.6307,1.6045,-1.6396,-2,negative
2021-09-29,435.1900024414063,434.4500122070313,444.2745,-2.2614,1.5773,-1.4337,-2,negative
2021-09-30,436.0199890136719,429.1400146484375,443.1415,-3.2627,1.5825,-2.0618,-3,extreme_negative
2021-10-01,430.9800109863281,434.239990234375,442.194,-1.8317,1.5883,-1.1532,-2,negative
2021-10-04,433.0,428.6400146484375,440.972,-2.877,1.6013,-1.7966,-2,negative
2021-10-05,430.239990234375,433.1000061035156,440.054,-1.6056,1.6082,-0.9984,-1,mild_negative
2021-10-06,429.2699890136719,434.8999938964844,439.2535,-1.001,1.613,-0.6206,-1,mild_negative
2021-10-07,438.3900146484375,438.6600036621094,438.7375,-0.0177,1.6132,-0.011,-1,mild_negative
2021-10-08,439.4800109863281,437.8599853515625,438.3585,-0.1139,1.6137,-0.0706,-1,mild_negative
2021-10-11,437.1600036621094,434.6900024414063,437.764,-0.7072,1.6168,-0.4374,-1,mild_negative
2021-10-12,435.6700134277344,433.6199951171875,437.2365,-0.834,1.6192,-0.5151,-1,mild_negative
2021-10-13,434.7099914550781,435.1799926757813,436.6015,-0.3266,1.6169,-0.202,-1,mild_negative
2021-10-14,439.0799865722656,442.5,436.368,1.3858,1.6092,0.8611,1,mild_positive
2021-10-15,444.75,445.8699951171875,436.5915,2.081,1.5922,1.307,2,positive
2021-10-18,443.9700012207031,447.1900024414063,437.249,2.223,1.5821,1.4051,2,positive
2021-10-19,448.9200134277344,450.6400146484375,438.0995,2.7828,1.5793,1.7621,2,positive
2021-10-20,451.1300048828125,452.4100036621094,438.827,3.0024,1.5791,1.9013,2,positive
2021-10-21,451.7699890136719,453.5899963378906,439.3475,3.1399,1.5812,1.9858,2,positive
2021-10-22,453.1300048828125,453.1199951171875,439.808,2.9379,1.5862,1.8521,2,positive
2021-10-25,454.2799987792969,455.5499877929688,440.4535,3.3139,1.5931,2.0802,3,extreme_positive
2021-10-26,457.2000122070313,455.9599914550781,441.5655,3.157,1.5991,1.9742,2,positive
2021-10-27,456.4500122070313,453.9400024414063,442.54,2.5113,1.6021,1.5675,2,positive
2021-10-28,455.4599914550781,458.3200073242188,443.999,3.1247,1.6078,1.9434,2,positive
2021-10-29,455.8699951171875,459.25,445.2495,3.0486,1.609,1.8947,2,positive
2021-11-01,460.2999877929688,460.0400085449219,446.8195,2.8738,1.6069,1.7884,2,positive
2021-11-02,460.2200012207031,461.8999938964844,448.2595,2.9531,1.5701,1.8808,2,positive
2021-11-03,461.2999877929688,464.7200012207031,449.7505,3.2212,1.5489,2.0797,3,extreme_positive
2021-11-04,465.3599853515625,466.9100036621094,451.163,3.3726,1.5146,2.2267,3,extreme_positive
2021-11-05,469.2799987792969,468.5299987792969,452.6965,3.3794,1.4963,2.2585,3,extreme_positive
2021-11-08,469.7000122070313,468.9299926757813,454.4085,3.0967,1.4924,2.075,3,extreme_positive
2021-11-09,469.3200073242188,467.3800048828125,456.0965,2.4142,1.4943,1.6156,2,positive
2021-11-10,465.5799865722656,463.6199951171875,457.5185,1.3161,1.4919,0.8821,1,mild_positive
2021-11-11,465.2099914550781,463.7699890136719,458.582,1.1187,1.4898,0.7509,1,mild_positive
2021-11-12,465.1199951171875,467.2699890136719,459.652,1.6303,1.4821,1.1,2,positive
2021-11-15,468.6400146484375,467.4299926757813,460.664,1.4475,1.4753,0.9811,1,mild_positive
2021-11-16,467.1499938964844,469.2799987792969,461.596,1.6374,1.4646,1.118,2,positive
2021-11-17,469.0,468.1400146484375,462.3825,1.2299,1.46,0.8424,1,mild_positive
2021-11-18,469.239990234375,469.7300109863281,463.1895,1.3924,1.4475,0.9619,1,mild_positive
2021-11-19,469.6099853515625,468.8900146484375,463.978,1.0476,1.4261,0.7346,1,mild_positive
2021-11-22,470.8900146484375,467.5700073242188,464.579,0.6397,1.4119,0.4531,1,mild_positive
2021-11-23,467.2200012207031,468.1900024414063,465.1905,0.6407,1.4072,0.4553,1,mild_positive
2021-11-24,466.05999755859375,469.4400024414063,465.9655,0.7401,1.4011,0.5282,1,mild_positive
2021-11-26,462.3399963378906,458.9700012207031,465.998,-1.5313,1.4079,-1.0876,-2,negative
2021-11-29,464.0700073242188,464.6000061035156,466.2655,-0.3585,1.4066,-0.2548,-1,mild_negative
2021-11-30,462.0,455.55999755859375,466.0415,-2.3008,1.4102,-1.6315,-2,negative
2021-12-01,461.6400146484375,450.5,465.4715,-3.3233,1.4287,-2.3261,-3,extreme_negative
2021-12-02,450.7300109863281,457.3999938964844,465.1055,-1.6846,1.4322,-1.1762,-2,negative
2021-12-03,459.1700134277344,453.4200134277344,464.431,-2.4284,1.4457,-1.6797,-2,negative
2021-12-06,456.1300048828125,458.7900085449219,463.944,-1.1234,1.4471,-0.7763,-1,mild_negative
2021-12-07,464.4100036621094,468.2799987792969,463.9115,0.9329,1.4438,0.6461,1,mild_positive
2021-12-08,468.7000122070313,469.5199890136719,464.0185,1.1717,1.4418,0.8127,1,mild_positive
2021-12-09,468.1499938964844,466.3500061035156,464.155,0.4707,1.4376,0.3274,1,mild_positive
2021-12-10,469.2300109863281,470.739990234375,464.5035,1.3248,1.4354,0.923,1,mild_positive
2021-12-13,470.1900024414063,466.5700073242188,464.4685,0.4504,1.4328,0.3144,1,mild_positive
2021-12-14,463.0899963378906,463.3599853515625,464.265,-0.1953,1.4342,-0.1362,-1,mild_negative
2021-12-15,463.4200134277344,470.6000061035156,464.331,1.3321,1.4344,0.9287,1,mild_positive
2021-12-16,472.5700073242188,466.4500122070313,464.2465,0.4724,1.4346,0.3293,1,mild_positive
2021-12-17,461.5499877929688,459.8699951171875,463.7535,-0.8445,1.4381,-0.5872,-1,mild_negative
2021-12-20,454.4800109863281,454.9800109863281,463.058,-1.7755,1.4471,-1.2269,-2,negative
2021-12-21,458.6099853515625,463.05999755859375,462.8325,0.0491,1.4473,0.0339,1,mild_positive
2021-12-22,462.7900085449219,467.6900024414063,462.8075,1.044,1.446,0.722,1,mild_positive
2021-12-23,468.75,470.6000061035156,462.8655,1.6435,1.4469,1.1359,2,positive
2021-12-27,472.05999755859375,477.260009765625,463.78,2.8245,1.4518,1.9454,2,positive
2021-12-28,477.7200012207031,476.8699951171875,464.3935,2.6163,1.4551,1.798,2,positive
2021-12-29,476.9800109863281,477.4800109863281,465.4895,2.5112,1.4579,1.7225,2,positive
2021-12-30,477.9299926757813,476.1600036621094,466.7725,1.9715,1.4592,1.3511,2,positive
2021-12-31,475.6400146484375,474.9599914550781,467.6505,1.539,1.4597,1.0543,2,positive
2022-01-03,476.2999877929688,477.7099914550781,468.865,1.8515,1.461,1.2673,2,positive
2022-01-04,479.2200012207031,477.5499877929688,469.803,1.6222,1.4617,1.1098,2,positive
2022-01-05,477.1600036621094,468.3800048828125,469.808,-0.3049,1.4634,-0.2083,-1,mild_negative
2022-01-06,467.8900146484375,467.9400024414063,469.729,-0.3823,1.4642,-0.2611,-1,mild_negative
2022-01-07,467.9500122070313,466.0899963378906,469.716,-0.778,1.4677,-0.53,-1,mild_negative
2022-01-10,462.7000122070313,465.510009765625,469.4545,-0.8473,1.4716,-0.5758,-1,mild_negative
2022-01-11,465.2300109863281,469.75,469.6135,0.0291,1.4694,0.0198,1,mild_positive
2022-01-12,471.5899963378906,471.0199890136719,469.9965,0.2173,1.4651,0.1483,1,mild_positive
2022-01-13,472.1900024414063,464.5299987792969,469.693,-1.1114,1.4685,-0.7568,-1,mild_negative
2022-01-14,461.1900024414063,464.7200012207031,469.6065,-1.0515,1.472,-0.7143,-1,mild_negative
2022-01-18,459.739990234375,456.489990234375,469.4375,-2.8363,1.4883,-1.9057,-2,negative
2022-01-19,458.1300048828125,451.75,469.276,-3.8796,1.5165,-2.5582,-3,extreme_negative
2022-01-20,453.75,446.75,468.4605,-4.8597,1.5572,-3.1208,-3,extreme_negative
2022-01-21,445.55999755859375,437.9800109863281,466.975,-6.6202,1.6241,-4.0763,-3,extreme_negative
2022-01-24,432.0299987792969,439.8399963378906,465.437,-5.8196,1.6716,-3.4815,-3,extreme_negative
2022-01-25,433.05999755859375,434.4700012207031,463.2975,-6.6351,1.7305,-3.8343,-3,extreme_negative
2022-01-26,440.7200012207031,433.3800048828125,461.123,-6.4015,1.7848,-3.5868,-3,extreme_negative
2022-01-27,438.260009765625,431.239990234375,458.811,-6.3934,1.8363,-3.4817,-3,extreme_negative
2022-01-28,432.6799926757813,441.9500122070313,457.1005,-3.4281,1.8525,-1.8505,-2,negative
2022-01-31,441.239990234375,449.9100036621094,455.848,-1.3198,1.854,-0.7119,-1,mild_negative
2022-02-01,450.6799926757813,452.9500122070313,454.61,-0.3665,1.8545,-0.1976,-1,mild_negative
2022-02-02,455.5,457.3500061035156,453.6,0.8199,1.8467,0.444,1,mild_positive
2022-02-03,450.9500122070313,446.6000061035156,452.511,-1.3236,1.8493,-0.7157,-1,mild_negative
2022-02-04,446.3500061035156,448.7000122070313,451.549,-0.6349,1.8509,-0.343,-1,mild_negative
2022-02-07,449.510009765625,447.260009765625,450.6075,-0.7484,1.8527,-0.404,-1,mild_negative
2022-02-08,446.7300109863281,450.9400024414063,449.879,0.2353,1.8517,0.1271,1,mild_positive
2022-02-09,455.2200012207031,457.5400085449219,449.2685,1.8078,1.8514,0.9765,1,mild_positive
2022-02-10,451.3399963378906,449.3200073242188,448.1835,0.2529,1.8476,0.1369,1,mild_positive
2022-02-11,449.4100036621094,440.4599914550781,446.98,-1.4803,1.8488,-0.8007,-1,mild_negative
2022-02-14,439.9200134277344,439.0199890136719,445.695,-1.5204,1.8508,-0.8215,-1,mild_negative
2022-02-15,443.7300109863281,446.1000061035156,445.1755,0.2072,1.8482,0.1121,1,mild_positive
2022-02-16,443.9299926757813,446.6000061035156,444.918,0.3766,1.8445,0.2042,1,mild_positive
2022-02-17,443.2200012207031,437.05999755859375,444.4335,-1.6871,1.8469,-0.9135,-1,mild_negative
2022-02-18,437.3299865722656,434.2300109863281,444.246,-2.3066,1.8529,-1.2448,-2,negative
2022-02-22,431.8900146484375,429.5700073242188,443.7325,-3.2969,1.867,-1.7659,-2,negative
2022-02-23,432.6600036621094,421.9500122070313,443.1065,-5.014,1.8977,-2.6421,-3,extreme_negative
2022-02-24,411.0199890136719,428.2999877929688,442.8525,-3.3977,1.9129,-1.7762,-2,negative
2022-02-25,429.6099853515625,437.75,443.178,-1.24,1.9158,-0.6472,-1,mild_negative
2022-02-28,432.0299987792969,436.6300048828125,442.912,-1.4387,1.9182,-0.75,-1,mild_negative
2022-03-01,435.0400085449219,429.9800109863281,441.9155,-2.7758,1.9263,-1.441,-2,negative
2022-03-02,432.3699951171875,437.8900146484375,441.1625,-0.7473,1.9234,-0.3886,-1,mild_negative
2022-03-03,440.4700012207031,435.7099914550781,440.0805,-1.0031,1.9254,-0.521,-1,mild_negative
2022-03-04,431.75,432.1700134277344,439.359,-1.6635,1.9291,-0.8623,-1,mild_negative
2022-03-07,431.5499877929688,419.4299926757813,437.8955,-4.4025,1.9478,-2.2603,-3,extreme_negative
2022-03-08,419.6199951171875,416.25,436.345,-4.8276,1.9639,-2.4582,-3,extreme_negative
2022-03-09,425.1400146484375,427.4100036621094,435.1685,-1.8152,1.9666,-0.923,-1,mild_negative
2022-03-10,422.5199890136719,425.4800109863281,433.5655,-1.9003,1.9683,-0.9655,-1,mild_negative
2022-03-11,428.1199951171875,420.0700073242188,432.103,-2.8645,1.9786,-1.4478,-2,negative
2022-03-14,420.8900146484375,417.0,430.93,-3.3405,1.9921,-1.6769,-2,negative
2022-03-15,419.7699890136719,426.1700134277344,430.2875,-0.9662,1.9923,-0.4849,-1,mild_negative
2022-03-16,429.8900146484375,435.6199951171875,429.7635,1.3444,1.9916,0.675,1,mild_positive
2022-03-17,433.5899963378906,441.0700073242188,429.487,2.6261,1.9934,1.3174,2,positive
2022-03-18,438.0,444.5199890136719,429.86,3.2979,1.9993,1.6496,2,positive
2022-03-21,444.3399963378906,444.3900146484375,430.368,3.1553,2.0033,1.5751,2,positive
2022-03-22,445.8599853515625,449.5899963378906,431.369,4.0528,2.0165,2.0099,3,extreme_positive
2022-03-23,446.9100036621094,443.7999877929688,432.4615,2.5549,2.0211,1.2641,2,positive
2022-03-24,445.9400024414063,450.489990234375,433.571,3.7557,2.0318,1.8485,2,positive
2022-03-25,451.1600036621094,452.6900024414063,434.318,4.0584,2.0448,1.9848,2,positive
2022-03-28,452.05999755859375,455.9100036621094,435.282,4.5246,2.0607,2.1956,3,extreme_positive
2022-03-29,460.0199890136719,461.5499877929688,436.8605,5.3493,2.0837,2.5672,3,extreme_positive
2022-03-30,460.3399963378906,458.7000122070313,437.901,4.5343,2.0982,2.1611,3,extreme_positive
2022-03-31,457.8900146484375,451.6400146484375,438.6975,2.8657,2.1026,1.3629,2,positive
2022-04-01,453.30999755859375,452.9200134277344,439.735,2.9111,2.1078,1.3811,2,positive
2022-04-04,453.1300048828125,456.7999877929688,441.6035,3.3267,2.1147,1.5732,2,positive
2022-04-05,455.2200012207031,451.0299987792969,443.3425,1.7044,2.1136,0.8064,1,mild_positive
2022-04-06,446.8900146484375,446.5199890136719,444.298,0.4976,2.1065,0.2362,1,mild_positive
2022-04-07,445.5899963378906,448.7699890136719,445.4625,0.737,2.1011,0.3508,1,mild_positive
2022-04-08,447.9700012207031,447.5700073242188,446.8375,0.1637,2.0963,0.0781,1,mild_positive
2022-04-11,444.1099853515625,439.9200134277344,447.9835,-1.8329,2.095,-0.8749,-1,mild_negative
2022-04-12,443.0799865722656,438.2900085449219,448.5895,-2.3499,2.0934,-1.1225,-2,negative
2022-04-13,438.0299987792969,443.30999755859375,448.974,-1.2777,2.0882,-0.6118,-1,mild_negative
2022-04-14,443.5499877929688,437.7900085449219,448.81,-2.5172,2.0876,-1.2058,-2,negative
2022-04-18,436.80999755859375,437.9700012207031,448.4825,-2.4003,2.0889,-1.1491,-2,negative
2022-04-19,437.8599853515625,445.0400085449219,448.515,-0.7808,2.0796,-0.3755,-1,mild_negative
2022-04-20,446.9200134277344,444.7099914550781,448.271,-0.8007,2.0702,-0.3868,-1,mild_negative
2022-04-21,448.5400085449219,438.05999755859375,447.984,-2.2654,2.07,-1.0944,-2,negative
2022-04-22,436.9100036621094,426.0400085449219,446.7615,-4.8637,2.0923,-2.3246,-3,extreme_negative
2022-04-25,423.6700134277344,428.510009765625,445.5525,-3.9772,2.1041,-1.8902,-2,negative
2022-04-26,425.8299865722656,416.1000061035156,443.562,-6.5999,2.1459,-3.0755,-3,extreme_negative
2022-04-27,417.239990234375,417.2699890136719,441.348,-5.7704,2.175,-2.6531,-3,extreme_negative
2022-04-28,422.2900085449219,427.80999755859375,439.8035,-2.8035,2.1798,-1.2861,-2,negative
2022-04-29,423.5899963378906,412.0,437.8215,-6.2674,2.2142,-2.8305,-3,extreme_negative
2022-05-02,412.0700073242188,414.4800109863281,435.8995,-5.1678,2.2372,-2.3099,-3,extreme_negative
2022-05-03,415.010009765625,416.3800048828125,433.8785,-4.2025,2.2508,-1.8671,-2,negative
2022-05-04,417.0799865722656,429.05999755859375,432.78,-0.867,2.2509,-0.3852,-1,mild_negative
2022-05-05,424.5499877929688,413.80999755859375,431.1445,-4.189,2.2658,-1.8488,-2,negative
2022-05-06,411.1000061035156,411.3399963378906,429.273,-4.3597,2.2824,-1.9101,-2,negative
2022-05-09,405.1000061035156,398.1700134277344,426.803,-7.1911,2.3266,-3.0908,-3,extreme_negative
2022-05-10,404.489990234375,399.0899963378906,424.7615,-6.4325,2.3605,-2.7251,-3,extreme_negative
2022-05-11,398.0700073242188,392.75,422.4845,-7.5708,2.4053,-3.1475,-3,extreme_negative
2022-05-12,389.3699951171875,392.3399963378906,419.936,-7.0337,2.4443,-2.8776,-3,extreme_negative
2022-05-13,396.7099914550781,401.7200012207031,418.1325,-4.0856,2.4568,-1.6629,-2,negative
2022-05-16,399.9800109863281,400.0899963378906,416.2385,-4.0362,2.464,-1.6381,-2,negative
2022-05-17,406.5299987792969,408.3200073242188,414.4025,-1.4896,2.4642,-0.6045,-1,mild_negative
2022-05-18,403.5,391.8599853515625,411.76,-5.0783,2.4836,-2.0448,-3,extreme_negative
2022-05-19,388.6199951171875,389.4599914550781,409.33,-5.1019,2.5029,-2.0384,-3,extreme_negative
2022-05-20,393.25,389.6300048828125,407.5095,-4.5888,2.5177,-1.8226,-2,negative
2022-05-23,392.8299865722656,396.9200134277344,405.93,-2.27,2.5204,-0.9006,-1,mild_negative
2022-05-24,392.55999755859375,393.8900146484375,404.8195,-2.7748,2.5256,-1.0986,-2,negative
2022-05-25,392.30999755859375,397.3699951171875,403.8245,-1.6243,2.5272,-0.6427,-1,mild_negative
2022-05-26,398.6700134277344,405.30999755859375,402.6995,0.6441,2.527,0.2549,1,mild_positive
2022-05-27,407.9100036621094,415.260009765625,402.8625,2.9855,2.5344,1.178,2,positive
2022-05-31,413.5499877929688,412.9299926757813,402.785,2.4568,2.5391,0.9676,1,mild_positive
2022-06-01,415.1700134277344,409.5899963378906,402.4455,1.7443,2.5412,0.6864,1,mild_positive
2022-06-02,409.4200134277344,417.3900146484375,401.862,3.7203,2.5519,1.4578,2,positive
2022-06-03,412.3999938964844,410.5400085449219,401.6985,2.1536,2.5552,0.8428,1,mild_positive
2022-06-06,414.7799987792969,411.7900085449219,401.721,2.4452,2.5595,0.9553,1,mild_positive
2022-06-07,408.1000061035156,415.739990234375,402.5995,3.1607,2.5675,1.2311,2,positive
2022-06-08,413.9299926757813,411.2200012207031,403.206,1.9488,2.569,0.7586,1,mild_positive
2022-06-09,409.3399963378906,401.4400024414063,403.6405,-0.5482,2.5675,-0.2135,-1,mild_negative
2022-06-10,394.8800048828125,389.7999877929688,403.5135,-3.5181,2.5745,-1.3665,-2,negative
2022-06-13,379.8500061035156,375.0,402.1775,-7.2473,2.6112,-2.7755,-3,extreme_negative
2022-06-14,376.8500061035156,373.8699951171875,400.8665,-7.2208,2.6461,-2.7288,-3,extreme_negative
2022-06-15,377.3599853515625,379.2000122070313,399.4105,-5.3298,2.6635,-2.001,-3,extreme_negative
2022-06-16,370.510009765625,366.6499938964844,398.15,-8.5913,2.7119,-3.168,-3,extreme_negative
2022-06-17,365.510009765625,365.8599853515625,396.97,-8.5033,2.7586,-3.0824,-3,extreme_negative
2022-06-21,371.8900146484375,375.0700073242188,396.242,-5.6448,2.7781,-2.0319,-3,extreme_negative
2022-06-22,370.6199951171875,374.3900146484375,395.1155,-5.5358,2.7966,-1.9795,-2,negative
2022-06-23,376.6400146484375,378.05999755859375,394.324,-4.302,2.8066,-1.5328,-2,negative
2022-06-24,381.3999938964844,390.0799865722656,393.9595,-0.9945,2.8067,-0.3543,-1,mild_negative
2022-06-27,391.0499877929688,388.5899963378906,393.1235,-1.1667,2.8066,-0.4157,-1,mild_negative
2022-06-28,390.2300109863281,380.6499938964844,391.393,-2.8223,2.8104,-1.0042,-2,negative
2022-06-29,381.2300109863281,380.3399963378906,389.7635,-2.4777,2.8123,-0.881,-1,mild_negative
2022-06-30,376.239990234375,377.25,388.1465,-2.8884,2.8149,-1.0261,-2,negative
2022-07-01,376.55999755859375,381.239990234375,386.339,-1.3375,2.8136,-0.4754,-1,mild_negative
2022-07-05,375.8800048828125,381.9599914550781,384.91,-0.7723,2.8119,-0.2747,-1,mild_negative
2022-07-06,382.1099853515625,383.25,383.483,-0.0608,2.8103,-0.0216,-1,mild_negative
2022-07-07,385.1199951171875,388.989990234375,382.1455,1.7596,2.811,0.626,1,mild_positive
2022-07-08,387.2699890136719,388.6700134277344,381.018,1.9688,2.8104,0.7005,1,mild_positive
2022-07-11,385.8500061035156,384.2300109863281,380.1575,1.0599,2.8083,0.3774,1,mild_positive
2022-07-12,383.6499938964844,380.8299865722656,379.709,0.2944,2.8042,0.105,1,mild_positive
2022-07-13,375.1000061035156,378.8299865722656,379.9005,-0.2826,2.8024,-0.1008,-1,mild_negative
2022-07-14,373.6099853515625,377.9100036621094,380.1025,-0.5802,2.7979,-0.2074,-1,mild_negative
2022-07-15,382.5499877929688,385.1300048828125,380.399,1.2284,2.7947,0.4396,1,mild_positive
2022-07-18,388.3800048828125,381.9500122070313,381.164,0.2058,2.7913,0.0737,1,mild_positive
2022-07-19,386.0799865722656,392.2699890136719,382.4845,2.4946,2.7939,0.8929,1,mild_positive
2022-07-20,392.4700012207031,394.7699890136719,383.4695,2.8626,2.7996,1.0225,2,positive
2022-07-21,394.1600036621094,398.7900085449219,384.6895,3.5358,2.8103,1.2581,2,positive
2022-07-22,398.9200134277344,395.0899963378906,385.541,2.4169,2.8159,0.8583,1,mild_positive
2022-07-25,395.75,395.5700073242188,385.8155,2.4659,2.8216,0.8739,1,mild_positive
2022-07-26,393.8399963378906,390.8900146484375,385.9305,1.2688,2.8226,0.4495,1,mild_positive
2022-07-27,394.3599853515625,401.0400085449219,386.95,3.5134,2.8323,1.2404,2,positive
2022-07-28,401.8900146484375,406.0700073242188,388.2365,4.3917,2.8454,1.5435,2,positive
2022-07-29,407.5799865722656,411.989990234375,389.9735,5.3439,2.865,1.8653,2,positive
2022-08-01,409.1499938964844,410.7699890136719,391.45,4.7034,2.8812,1.6325,2,positive
2022-08-02,409.1199951171875,408.05999755859375,392.755,3.7507,2.8915,1.2971,2,positive
2022-08-03,410.2999877929688,414.4500122070313,394.315,4.8582,2.9083,1.6705,2,positive
2022-08-04,414.3699951171875,414.1700134277344,395.574,4.4899,2.9235,1.5358,2,positive
2022-08-05,409.6600036621094,413.4700012207031,396.814,4.0283,2.936,1.3721,2,positive
2022-08-08,415.25,412.989990234375,398.252,3.5686,2.9447,1.2119,2,positive
2022-08-09,412.2200012207031,411.3500061035156,399.778,2.8132,2.9507,0.9534,1,mild_positive
2022-08-10,418.7799987792969,419.989990234375,401.836,4.3225,2.9637,1.4585,2,positive
2022-08-11,422.989990234375,419.989990234375,403.94,3.8215,2.9735,1.2852,2,positive
2022-08-12,422.0299987792969,427.1000061035156,406.0385,4.9313,2.9903,1.6491,2,positive
2022-08-15,424.7699890136719,428.8599853515625,408.384,4.7745,3.0059,1.5884,2,positive
2022-08-16,427.7300109863281,429.7000122070313,410.2555,4.5251,3.0193,1.4987,2,positive
2022-08-17,425.9100036621094,426.6499938964844,411.8495,3.469,3.0265,1.1462,2,positive
2022-08-18,426.8599853515625,427.8900146484375,413.3045,3.4087,3.0332,1.1238,2,positive
2022-08-19,424.9800109863281,422.1400146484375,414.657,1.7726,3.034,0.5843,1,mild_positive
2022-08-22,417.0499877929688,413.3500061035156,415.546,-0.5313,3.0334,-0.1751,-1,mild_negative
2022-08-23,412.8999938964844,412.3500061035156,416.619,-1.0353,3.0338,-0.3412,-1,mild_negative
2022-08-24,412.1099853515625,413.6700134277344,417.2505,-0.8655,3.034,-0.2853,-1,mild_negative
2022-08-25,415.239990234375,419.510009765625,417.9225,0.3784,3.034,0.1247,1,mild_positive
2022-08-26,419.3900146484375,405.30999755859375,417.5885,-3.0294,3.0376,-0.9973,-1,mild_negative
2022-08-29,402.2000122070313,402.6300048828125,417.1815,-3.6141,3.0432,-1.1876,-2,negative
2022-08-30,403.8500061035156,398.2099914550781,416.689,-4.6405,3.0535,-1.5197,-2,negative
2022-08-31,399.9299926757813,395.1799926757813,415.7255,-5.199,3.068,-1.6946,-2,negative
2022-09-01,392.8900146484375,396.4200134277344,414.838,-4.6461,3.0777,-1.5096,-2,negative
2022-09-02,400.2799987792969,392.239990234375,413.7765,-5.4906,3.0915,-1.7761,-2,negative
2022-09-06,393.1300048828125,390.760009765625,412.665,-5.6057,3.1064,-1.8046,-2,negative
2022-09-07,390.4299926757813,397.7799987792969,411.9865,-3.5714,3.1106,-1.1482,-2,negative
2022-09-08,395.3900146484375,400.3800048828125,411.006,-2.654,3.1111,-0.8531,-1,mild_negative
2022-09-09,402.739990234375,406.6000061035156,410.3365,-0.919,3.109,-0.2956,-1,mild_negative
2022-09-12,408.7799987792969,410.9700012207031,409.53,0.3504,3.1082,0.1127,1,mild_positive
2022-09-13,401.8299865722656,393.1000061035156,407.742,-3.7248,3.1139,-1.1962,-2,negative
2022-09-14,394.4700012207031,394.6000061035156,405.987,-2.8857,3.1172,-0.9257,-1,mild_negative
2022-09-15,392.9599914550781,390.1199951171875,404.1605,-3.599,3.1232,-1.1524,-2,negative
2022-09-16,384.1400146484375,385.55999755859375,402.044,-4.2753,3.132,-1.3651,-2,negative
2022-09-19,382.260009765625,388.5499877929688,400.3645,-3.0407,3.1359,-0.9696,-1,mild_negative
2022-09-20,385.05999755859375,384.0899963378906,398.9015,-3.8563,3.1426,-1.2271,-2,negative
2022-09-21,386.1099853515625,377.3900146484375,397.1535,-5.2369,3.1561,-1.6593,-2,negative
2022-09-22,376.5799865722656,374.2200012207031,395.181,-5.6013,3.1711,-1.7663,-2,negative
2022-09-23,370.5799865722656,367.9500122070313,392.603,-6.7001,3.1899,-2.1004,-3,extreme_negative
2022-09-26,366.4100036621094,364.30999755859375,390.553,-7.2035,3.2126,-2.2422,-3,extreme_negative
2022-09-27,368.0199890136719,363.3800048828125,388.5905,-6.9378,3.2357,-2.1442,-3,extreme_negative
2022-09-28,364.3800048828125,370.5299987792969,387.2065,-4.5007,3.2447,-1.3871,-2,negative
2022-09-29,366.80999755859375,362.7900085449219,385.587,-6.2838,3.2637,-1.9253,-2,negative
2022-09-30,361.7999877929688,357.17999267578125,383.625,-7.4038,3.2908,-2.2499,-3,extreme_negative
2022-10-03,361.0799865722656,366.6099853515625,382.3435,-4.2916,3.2963,-1.302,-2,negative
2022-10-04,372.3999938964844,377.9700012207031,381.704,-0.9879,3.2949,-0.2998,-1,mild_negative
2022-10-05,373.3900146484375,377.0899963378906,380.6695,-0.9492,3.291,-0.2884,-1,mild_negative
2022-10-06,375.6199951171875,373.2000122070313,379.3105,-1.6373,3.2907,-0.4976,-1,mild_negative
2022-10-07,368.9700012207031,362.7900085449219,377.12,-3.9499,3.2942,-1.1991,-2,negative
2022-10-10,363.9599914550781,360.0199890136719,374.5725,-4.0421,3.3004,-1.2247,-2,negative
2022-10-11,358.239990234375,357.739990234375,372.8045,-4.211,3.3076,-1.2731,-2,negative
2022-10-12,358.1700134277344,356.5599975585937,370.9025,-4.0225,3.3138,-1.2139,-2,negative
2022-10-13,349.2099914550781,365.9700012207031,369.695,-1.0178,3.3136,-0.3072,-1,mild_negative
2022-10-14,368.5499877929688,357.6300048828125,368.2985,-2.9831,3.3165,-0.8995,-1,mild_negative
2022-10-17,364.010009765625,366.8200073242188,367.212,-0.1069,3.3168,-0.0322,-1,mild_negative
2022-10-18,375.1300048828125,371.1300048828125,366.564,1.2303,3.319,0.3707,1,mild_positive
2022-10-19,368.989990234375,368.5,366.1195,0.646,3.3174,0.1947,1,mild_positive
2022-10-20,368.0299987792969,365.4100036621094,365.679,-0.0736,3.313,-0.0222,-1,mild_negative
2022-10-21,365.1199951171875,374.2900085449219,365.996,2.2159,3.3129,0.6689,1,mild_positive
2022-10-24,375.8900146484375,378.8699951171875,366.724,3.2058,3.3148,0.9671,1,mild_positive
2022-10-25,378.7900085449219,384.9200134277344,367.801,4.4474,3.3225,1.3386,2,positive
2022-10-26,381.6199951171875,382.0199890136719,368.3755,3.5717,3.3246,1.0743,2,positive
2022-10-27,383.0700073242188,379.9800109863281,369.235,2.8278,3.3241,0.8507,1,mild_positive
2022-10-28,379.8699951171875,389.0199890136719,370.827,4.6766,3.3317,1.4037,2,positive
2022-10-31,386.4400024414063,386.2099914550781,371.807,3.7293,3.3346,1.1184,2,positive
2022-11-01,390.1400146484375,384.5199890136719,372.1345,3.221,3.3376,0.9651,1,mild_positive
2022-11-02,383.8999938964844,374.8699951171875,372.0235,0.7593,3.3301,0.228,1,mild_positive
2022-11-03,371.4700012207031,371.010009765625,371.914,-0.2437,3.3217,-0.0734,-1,mild_negative
2022-11-04,377.0,376.3500061035156,372.592,0.9985,3.3157,0.3012,1,mild_positive
2022-11-07,377.7099914550781,379.9500122070313,373.5885,1.6743,3.311,0.5057,1,mild_positive
2022-11-08,381.1099853515625,382.0,374.8015,1.8844,3.3057,0.57,1,mild_positive
2022-11-09,379.9299926757813,374.1300048828125,375.68,-0.4143,3.2955,-0.1257,-1,mild_negative
2022-11-10,388.0499877929688,394.6900024414063,377.116,4.4526,3.3016,1.3486,2,positive
2022-11-11,395.5899963378906,398.510009765625,379.16,4.8556,3.3115,1.4663,2,positive
2022-11-14,396.6600036621094,395.1199951171875,380.575,3.6812,3.3173,1.1097,2,positive
2022-11-15,401.1499938964844,398.489990234375,381.943,4.1524,3.329,1.2473,2,positive
2022-11-16,396.7799987792969,395.4500122070313,383.2905,3.0749,3.3356,0.9218,1,mild_positive
2022-11-17,390.4599914550781,394.239990234375,384.732,2.4117,3.3382,0.7225,1,mild_positive
2022-11-18,397.739990234375,396.0299987792969,385.819,2.5783,3.3419,0.7715,1,mild_positive
2022-11-21,394.6400146484375,394.5899963378906,386.605,2.0236,3.343,0.6053,1,mild_positive
2022-11-22,396.6300048828125,399.8999938964844,387.354,3.1373,3.3496,0.9366,1,mild_positive
2022-11-23,399.5499877929688,402.4200134277344,388.374,3.4904,3.3574,1.0396,2,positive
2022-11-25,401.8299865722656,402.3299865722656,389.4915,3.191,3.3646,0.9484,1,mild_positive
2022-11-28,399.0899963378906,395.9100036621094,389.836,1.5342,3.3665,0.4557,1,mild_positive
2022-11-29,396.0499877929688,395.2300109863281,390.287,1.2507,3.3677,0.3714,1,mild_positive
2022-11-30,395.489990234375,407.6799926757813,391.445,3.9823,3.3793,1.1784,2,positive
2022-12-01,408.7699890136719,407.3800048828125,393.0705,3.5126,3.3891,1.0364,2,positive
2022-12-02,402.25,406.9100036621094,394.8655,2.96,3.3968,0.8714,1,mild_positive
2022-12-05,403.9500122070313,399.5899963378906,396.0275,0.8915,3.3966,0.2625,1,mild_positive
2022-12-06,399.4200134277344,393.8299865722656,396.7215,-0.7342,3.3925,-0.2164,-1,mild_negative
2022-12-07,392.9400024414063,393.1600036621094,397.2795,-1.0478,3.3919,-0.3089,-1,mild_negative
2022-12-08,395.1400146484375,396.239990234375,398.385,-0.5413,3.3901,-0.1597,-1,mild_negative
2022-12-09,394.9400024414063,393.2799987792969,398.3145,-1.2801,3.3902,-0.3776,-1,mild_negative
2022-12-12,394.1099853515625,398.9500122070313,398.3365,0.1538,3.3891,0.0454,1,mild_positive
2022-12-13,410.2200012207031,401.9700012207031,398.679,0.8187,3.3885,0.2416,1,mild_positive
2022-12-14,401.6099853515625,399.3999938964844,398.7245,0.1691,3.3881,0.0499,1,mild_positive
2022-12-15,394.2999877929688,389.6300048828125,398.4335,-2.2594,3.3874,-0.667,-1,mild_negative
2022-12-16,385.1799926757813,383.2699890136719,397.885,-3.8132,3.3924,-1.1241,-2,negative
2022-12-19,383.4700012207031,380.0199890136719,397.0845,-4.4904,3.4006,-1.3205,-2,negative
2022-12-20,379.2300109863281,380.5400085449219,396.382,-4.163,3.4052,-1.2226,-2,negative
2022-12-21,383.25,386.2300109863281,395.6985,-2.4515,3.4061,-0.7197,-1,mild_negative
2022-12-22,383.0499877929688,380.7200012207031,394.6135,-3.6493,3.411,-1.0698,-2,negative
2022-12-23,379.6499938964844,382.9100036621094,393.6425,-2.8029,3.4129,-0.8213,-1,mild_negative
2022-12-27,382.7900085449219,381.3999938964844,392.917,-3.0197,3.4155,-0.8841,-1,mild_negative
2022-12-28,381.3299865722656,376.6600036621094,391.9885,-4.0696,3.4199,-1.19,-2,negative
2022-12-29,379.6300048828125,383.4400024414063,390.7765,-1.9133,3.4173,-0.5599,-1,mild_negative
2022-12-30,380.6400146484375,382.4299926757813,389.529,-1.8563,3.4104,-0.5443,-1,mild_negative
2023-01-03,384.3699951171875,380.8200073242188,388.2245,-1.9444,3.4043,-0.5711,-1,mild_negative
2023-01-04,383.1799926757813,383.760009765625,387.433,-0.9571,3.3979,-0.2817,-1,mild_negative
2023-01-05,381.7200012207031,379.3800048828125,386.7105,-1.9322,3.394,-0.5693,-1,mild_negative
2023-01-06,382.6099853515625,388.0799865722656,386.4565,0.4183,3.3916,0.1233,1,mild_positive
2023-01-09,390.3699951171875,387.8599853515625,386.0375,0.4699,3.3883,0.1387,1,mild_positive
2023-01-10,387.25,390.5799865722656,385.9025,1.1976,3.3872,0.3536,1,mild_positive
2023-01-11,392.2300109863281,395.5199890136719,385.731,2.475,3.3935,0.7293,1,mild_positive
2023-01-12,396.6700134277344,396.9599914550781,385.4805,2.8919,3.4015,0.8502,1,mild_positive
2023-01-13,393.6199951171875,398.5,385.4355,3.2784,3.4112,0.9611,1,mild_positive
2023-01-17,398.4800109863281,397.7699890136719,385.8425,2.9986,3.4196,0.8769,1,mild_positive
2023-01-18,399.010009765625,391.489990234375,386.2535,1.3376,3.4218,0.3909,1,mild_positive
2023-01-19,389.3599853515625,388.6400146484375,386.6845,0.5032,3.4222,0.147,1,mild_positive
2023-01-20,390.1000061035156,395.8800048828125,387.4515,2.1291,3.4271,0.6212,1,mild_positive
2023-01-23,396.7200012207031,400.6300048828125,388.1715,3.1097,3.4357,0.9051,1,mild_positive
2023-01-24,398.8800048828125,400.2000122070313,389.1455,2.7622,3.4403,0.8029,1,mild_positive
2023-01-25,395.9500122070313,400.3500061035156,390.0175,2.5809,3.441,0.75,1,mild_positive
2023-01-26,403.1300048828125,404.75,391.185,3.3515,3.4406,0.9741,1,mild_positive
2023-01-27,403.6600036621094,405.6799926757813,392.636,3.2153,3.429,0.9377,1,mild_positive
2023-01-30,402.7999877929688,400.5899963378906,393.4935,1.7715,3.4169,0.5185,1,mild_positive
2023-01-31,401.1300048828125,406.4800109863281,394.696,2.899,3.403,0.8519,1,mild_positive
2023-02-01,405.2099914550781,410.7999877929688,396.195,3.5553,3.3931,1.0478,2,positive
2023-02-02,414.8599853515625,416.7799987792969,397.846,4.5429,3.388,1.3409,2,positive
2023-02-03,411.5899963378906,412.3500061035156,399.4945,3.1176,3.3906,0.9195,1,mild_positive
2023-02-06,409.7900085449219,409.8299865722656,400.582,2.2565,3.3945,0.6648,1,mild_positive
2023-02-07,408.8699951171875,415.1900024414063,401.9485,3.1893,3.4022,0.9374,1,mild_positive
2023-02-08,413.1300048828125,410.6499938964844,402.952,1.8746,3.4044,0.5506,1,mild_positive
2023-02-09,414.4100036621094,407.0899963378906,403.5305,0.8744,3.4049,0.2568,1,mild_positive
2023-02-10,405.8599853515625,408.0400085449219,404.0845,0.9694,3.4061,0.2846,1,mild_positive
2023-02-13,408.7200012207031,412.8299865722656,404.801,1.9449,3.4092,0.5705,1,mild_positive
2023-02-14,411.239990234375,412.6400146484375,405.5445,1.7195,3.4116,0.504,1,mild_positive
2023-02-15,410.3500061035156,413.9800109863281,406.669,1.766,3.4115,0.5177,1,mild_positive
2023-02-16,408.7900085449219,408.2799987792969,407.651,0.1541,3.4115,0.0452,1,mild_positive
2023-02-17,406.05999755859375,407.260009765625,408.22,-0.2357,3.4108,-0.0691,-1,mild_negative
2023-02-21,403.05999755859375,399.0899963378906,408.143,-2.2684,3.4121,-0.6648,-1,mild_negative
2023-02-22,399.5199890136719,398.5400085449219,408.06,-2.3887,3.4141,-0.6997,-1,mild_negative
2023-02-23,401.55999755859375,400.6600036621094,408.0755,-1.8508,3.4149,-0.542,-1,mild_negative
2023-02-24,395.4200134277344,396.3800048828125,407.657,-2.845,3.4173,-0.8325,-1,mild_negative
2023-02-27,399.8699951171875,397.7300109863281,407.2595,-2.396,3.4175,-0.7011,-1,mild_negative
2023-02-28,397.2300109863281,396.260009765625,407.043,-2.7212,3.4158,-0.7966,-1,mild_negative
2023-03-01,395.4100036621094,394.739990234375,406.456,-2.968,3.4074,-0.871,-1,mild_negative
2023-03-02,392.6799926757813,397.80999755859375,405.8065,-2.0101,3.4038,-0.5906,-1,mild_negative
2023-03-03,399.7099914550781,404.1900024414063,405.177,-0.2442,3.4034,-0.0717,-1,mild_negative
2023-03-06,405.0499877929688,404.4700012207031,404.783,-0.0774,3.4029,-0.0227,-1,mild_negative
2023-03-07,404.4200134277344,398.2699890136719,404.205,-1.4902,3.4003,-0.4383,-1,mild_negative
2023-03-08,398.3900146484375,398.9200134277344,403.3915,-1.1209,3.4005,-0.3296,-1,mild_negative
2023-03-09,399.739990234375,391.55999755859375,402.437,-2.7779,3.4036,-0.8162,-1,mild_negative
2023-03-10,390.989990234375,385.9100036621094,401.378,-4.0082,3.4101,-1.1754,-2,negative
2023-03-13,381.80999755859375,385.3599853515625,400.244,-3.8624,3.4078,-1.1334,-2,negative
2023-03-14,390.5,391.7300109863281,399.189,-1.9041,3.3978,-0.5604,-1,mild_negative
2023-03-15,385.8900146484375,389.2799987792969,398.021,-2.2454,3.3986,-0.6607,-1,mild_negative
2023-03-16,386.8200073242188,396.1099853515625,397.1275,-0.2569,3.3974,-0.0756,-1,mild_negative
2023-03-17,393.2200012207031,389.989990234375,396.213,-1.5957,3.3947,-0.4701,-1,mild_negative
2023-03-20,390.7999877929688,393.739990234375,395.537,-0.4564,3.3897,-0.1346,-1,mild_negative
2023-03-21,397.239990234375,398.9100036621094,395.528,0.8478,3.3903,0.2501,1,mild_positive
2023-03-22,398.7300109863281,392.1099853515625,395.2065,-0.7897,3.3887,-0.233,-1,mild_negative
2023-03-23,395.0899963378906,393.1700134277344,394.832,-0.4227,3.3834,-0.1249,-1,mild_negative
2023-03-24,391.8399963378906,395.75,394.8005,0.2399,3.3756,0.0711,1,mild_positive
2023-03-27,398.1199951171875,396.489990234375,394.7385,0.4417,3.3686,0.1311,1,mild_positive
2023-03-28,395.7699890136719,395.6000061035156,394.7055,0.2261,3.357,0.0674,1,mild_positive
2023-03-29,399.9299926757813,401.3500061035156,395.036,1.5732,3.3542,0.469,1,mild_positive
2023-03-30,404.0899963378906,403.7000122070313,395.3305,2.0732,3.3475,0.6193,1,mild_positive
2023-03-31,404.6600036621094,409.3900146484375,395.5905,3.3708,3.3441,1.008,2,positive
2023-04-03,408.8500061035156,410.9500122070313,395.9145,3.6587,3.3395,1.0956,2,positive
2023-04-04,411.6199951171875,408.6700134277344,396.4345,2.994,3.3266,0.9,1,mild_positive
2023-04-05,407.9100036621094,407.6000061035156,396.8685,2.6329,3.3175,0.7936,1,mild_positive
2023-04-06,406.7699890136719,409.1900024414063,397.75,2.7958,3.3172,0.8428,1,mild_positive
2023-04-10,406.6099853515625,409.6099853515625,398.935,2.6061,3.316,0.7859,1,mild_positive
2023-04-11,410.260009765625,409.7200012207031,400.153,2.335,3.3121,0.705,1,mild_positive
2023-04-12,411.8699951171875,408.0499877929688,400.969,1.7353,3.3122,0.5239,1,mild_positive
2023-04-13,409.1799926757813,413.4700012207031,402.1785,2.7309,3.3177,0.8231,1,mild_positive
2023-04-14,412.80999755859375,412.4599914550781,402.996,2.2945,3.3214,0.6908,1,mild_positive
2023-04-17,412.3699951171875,413.9400024414063,404.1935,2.3546,3.3259,0.708,1,mild_positive
2023-04-18,415.5799865722656,414.2099914550781,405.217,2.1711,3.3288,0.6522,1,mild_positive
2023-04-19,412.2200012207031,414.1400146484375,405.9785,1.9707,3.33,0.5918,1,mild_positive
2023-04-20,411.2099914550781,411.8800048828125,406.967,1.1928,3.3311,0.3581,1,mild_positive
2023-04-21,412.1900024414063,412.2000122070313,407.9185,1.0387,3.3298,0.3119,1,mild_positive
2023-04-24,411.989990234375,412.6300048828125,408.7625,0.9373,3.3284,0.2816,1,mild_positive
2023-04-25,410.5799865722656,406.0799865722656,409.242,-0.7787,3.3284,-0.2339,-1,mild_negative
2023-04-26,406.7200012207031,404.3599853515625,409.68,-1.3157,3.3288,-0.3952,-1,mild_negative
2023-04-27,407.0,412.4100036621094,410.233,0.5279,3.3272,0.1587,1,mild_positive
2023-04-28,411.489990234375,415.9299926757813,410.8445,1.2227,3.3167,0.3686,1,mild_positive
2023-05-01,415.4700012207031,415.510009765625,411.1505,1.0492,3.3101,0.317,1,mild_positive
2023-05-02,414.7699890136719,410.8399963378906,411.145,-0.0742,3.2866,-0.0226,-1,mild_negative
2023-05-03,411.3599853515625,408.0199890136719,411.1125,-0.7579,3.2687,-0.2319,-1,mild_negative
2023-05-04,406.9299926757813,405.1300048828125,410.989,-1.4462,3.2657,-0.4428,-1,mild_negative
2023-05-05,408.9100036621094,412.6300048828125,411.161,0.356,3.2442,0.1097,1,mild_positive
2023-05-08,412.9700012207031,412.739990234375,411.3175,0.3446,3.2297,0.1067,1,mild_positive
2023-05-09,411.1300048828125,410.9299926757813,411.378,-0.109,3.2201,-0.0339,-1,mild_negative
2023-05-10,413.8800048828125,412.8500061035156,411.618,0.2984,3.22,0.0927,1,mild_positive
2023-05-11,411.9500122070313,412.1300048828125,411.551,0.1405,3.2104,0.0438,1,mild_positive
2023-05-12,413.4200134277344,411.5899963378906,411.5075,0.02,3.1997,0.0063,1,mild_positive
2023-05-15,412.2200012207031,413.010009765625,411.461,0.3751,3.1694,0.1183,1,mild_positive
2023-05-16,411.8599853515625,410.25,411.263,-0.2469,3.1447,-0.0785,-1,mild_negative
2023-05-17,412.3500061035156,415.2300109863281,411.3175,0.9423,3.1104,0.3029,1,mild_positive
2023-05-18,414.8999938964844,419.2300109863281,411.685,1.7997,3.0819,0.584,1,mild_positive
2023-05-19,420.1700134277344,418.6199951171875,412.006,1.58,3.0731,0.5141,1,mild_positive
2023-05-22,418.6400146484375,418.7900085449219,412.314,1.5464,3.0644,0.5046,1,mild_positive
2023-05-23,417.0799865722656,414.0899963378906,412.7145,0.3322,3.0631,0.1084,1,mild_positive
2023-05-24,412.4200134277344,411.0899963378906,413.051,-0.477,3.0466,-0.1566,-1,mild_negative
2023-05-25,414.739990234375,414.6499938964844,413.163,0.3586,3.0297,0.1184,1,mild_positive
2023-05-26,415.3299865722656,420.0199890136719,413.3675,1.5839,3.0173,0.5249,1,mild_positive
2023-05-30,422.0299987792969,420.1799926757813,413.601,1.5658,3.0152,0.5193,1,mild_positive
2023-05-31,418.2799987792969,417.8500061035156,413.9515,0.933,3.0104,0.3099,1,mild_positive
2023-06-01,418.0899963378906,421.8200073242188,414.6415,1.7018,3.0101,0.5654,1,mild_positive
2023-06-02,424.5,427.9200134277344,415.781,2.8367,3.0148,0.9409,1,mild_positive
2023-06-05,428.2799987792969,427.1000061035156,416.5045,2.4808,3.0131,0.8233,1,mild_positive
2023-06-06,426.6700134277344,428.0299987792969,417.269,2.5141,3.0133,0.8343,1,mild_positive
2023-06-07,428.4400024414063,426.5499877929688,418.05,1.9927,3.0139,0.6612,1,mild_positive
2023-06-08,426.6199951171875,429.1300048828125,418.864,2.3923,3.0087,0.7951,1,mild_positive
2023-06-09,429.9599914550781,429.8999938964844,419.7525,2.3604,3.0093,0.7844,1,mild_positive
2023-06-12,430.9200134277344,433.7999877929688,420.863,2.9822,3.0112,0.9904,1,mild_positive
2023-06-13,435.3200073242188,436.6600036621094,422.0455,3.3469,3.0119,1.1112,2,positive
2023-06-14,437.010009765625,437.1799926757813,423.392,3.1538,3.0158,1.0458,2,positive
2023-06-15,436.3299865722656,442.6000061035156,424.7605,4.0306,3.0255,1.3322,2,positive
2023-06-16,443.0199890136719,439.4599914550781,425.772,3.1147,3.0225,1.0305,2,positive
2023-06-20,437.4500122070313,437.1799926757813,426.7,2.3972,2.9897,0.8018,1,mild_positive
2023-06-21,436.1600036621094,434.9400024414063,427.5075,1.7089,2.9547,0.5784,1,mild_positive
2023-06-22,433.9500122070313,436.510009765625,428.6285,1.8056,2.9356,0.6151,1,mild_positive
2023-06-23,432.9299926757813,433.2099914550781,429.7345,0.8023,2.8826,0.2783,1,mild_positive
2023-06-26,432.6199951171875,431.4400024414063,430.574,0.2007,2.8291,0.0709,1,mild_positive
2023-06-27,432.3500061035156,436.1700134277344,431.3815,1.0979,2.8045,0.3915,1,mild_positive
2023-06-28,435.0499877929688,436.3900146484375,432.192,0.962,2.7802,0.346,1,mild_positive
2023-06-29,435.9599914550781,438.1099853515625,433.205,1.1196,2.765,0.4049,1,mild_positive
2023-06-30,441.4400024414063,443.2799987792969,434.278,2.0308,2.7655,0.7343,1,mild_positive
2023-07-03,442.9200134277344,443.7900085449219,435.0715,1.9646,2.7654,0.7104,1,mild_positive
2023-07-05,441.9100036621094,443.1300048828125,435.873,1.6377,2.7589,0.5936,1,mild_positive
2023-07-06,439.4200134277344,439.6600036621094,436.4545,0.7291,2.7529,0.2648,1,mild_positive
2023-07-07,438.6300048828125,438.5499877929688,437.0545,0.341,2.7449,0.1242,1,mild_positive
2023-07-10,438.1799926757813,439.6600036621094,437.581,0.4729,2.7425,0.1724,1,mild_positive
2023-07-11,440.4500122070313,442.4599914550781,438.209,0.9608,2.7416,0.3504,1,mild_positive
2023-07-12,446.3900146484375,446.0199890136719,438.82,1.6143,2.7423,0.5887,1,mild_positive
2023-07-13,447.8999938964844,449.55999755859375,439.465,2.2455,2.7434,0.8185,1,mild_positive
2023-07-14,450.4800109863281,449.2799987792969,440.07,2.0499,2.7435,0.7472,1,mild_positive
2023-07-17,449.1300048828125,450.8399963378906,440.482,2.2975,2.7457,0.8368,1,mild_positive
2023-07-18,450.5,454.1900024414063,441.2185,2.856,2.7496,1.0387,2,positive
2023-07-19,455.010009765625,455.2000122070313,442.1195,2.8736,2.7532,1.0437,2,positive
2023-07-20,454.1700134277344,452.1799926757813,442.9815,2.0343,2.7539,0.7387,1,mild_positive
2023-07-21,453.9599914550781,452.1799926757813,443.765,1.861,2.7549,0.6755,1,mild_positive
2023-07-24,453.3699951171875,454.2000122070313,444.8145,2.0664,2.7565,0.7496,1,mild_positive
2023-07-25,453.9200134277344,455.4400024414063,446.0145,2.0695,2.7554,0.7511,1,mild_positive
2023-07-26,454.4700012207031,455.510009765625,446.9815,1.8723,2.7528,0.6801,1,mild_positive
2023-07-27,459.0199890136719,452.489990234375,447.7865,1.0395,2.7465,0.3785,1,mild_positive
2023-07-28,455.8800048828125,456.9200134277344,448.727,1.7931,2.7451,0.6532,1,mild_positive
2023-07-31,457.4100036621094,457.7900085449219,449.4525,1.8213,2.7436,0.6638,1,mild_positive
2023-08-01,456.2699890136719,456.4800109863281,450.087,1.4005,2.7437,0.5104,1,mild_positive
2023-08-02,453.25,450.1300048828125,450.437,-0.0682,2.7375,-0.0249,-1,mild_negative
2023-08-03,448.0400085449219,448.8399963378906,450.896,-0.4581,2.7272,-0.168,-1,mild_negative
2023-08-04,450.7200012207031,446.80999755859375,451.309,-1.0069,2.7115,-0.3713,-1,mild_negative
2023-08-07,448.7099914550781,450.7099914550781,451.8615,-0.2555,2.6987,-0.0947,-1,mild_negative
2023-08-08,448.0799865722656,448.75,452.176,-0.7635,2.6917,-0.2836,-1,mild_negative
2023-08-09,449.0299987792969,445.75,452.1625,-1.4386,2.6797,-0.5369,-1,mild_negative
2023-08-10,448.1900024414063,445.9100036621094,451.98,-1.3613,2.6695,-0.5099,-1,mild_negative
2023-08-11,443.9700012207031,445.6499938964844,451.7985,-1.3797,2.6618,-0.5183,-1,mild_negative
2023-08-14,444.7000122070313,448.1099853515625,451.662,-0.7927,2.655,-0.2986,-1,mild_negative
2023-08-15,446.2699890136719,442.8900146484375,451.097,-1.8531,2.654,-0.6982,-1,mild_negative
2023-08-16,442.4599914550781,439.6400146484375,450.319,-2.429,2.6475,-0.9175,-1,mild_negative
2023-08-17,441.1600036621094,436.2900085449219,449.5245,-3.0334,2.6463,-1.1463,-2,negative
2023-08-18,433.3699951171875,436.5,448.7405,-2.8042,2.6369,-1.0635,-2,negative
2023-08-21,437.5499877929688,439.3399963378906,447.9975,-1.9706,2.6249,-0.7507,-1,mild_negative
2023-08-22,441.1799926757813,438.1499938964844,447.133,-2.0502,2.6146,-0.7841,-1,mild_negative
2023-08-23,439.25,443.0299987792969,446.509,-0.7853,2.6071,-0.3012,-1,mild_negative
2023-08-24,444.6900024414063,436.8900146484375,445.729,-2.0232,2.6026,-0.7774,-1,mild_negative
2023-08-25,438.6799926757813,439.9700012207031,444.8815,-1.1163,2.6018,-0.4291,-1,mild_negative
2023-08-28,442.239990234375,442.760009765625,444.13,-0.3094,2.6016,-0.1189,-1,mild_negative
2023-08-29,442.6499938964844,449.1600036621094,443.764,1.2014,2.6014,0.4618,1,mild_positive
2023-08-30,449.510009765625,451.010009765625,443.808,1.5969,2.6022,0.6136,1,mild_positive
2023-08-31,451.6499938964844,450.3500061035156,443.8835,1.4359,2.6035,0.5515,1,mild_positive
2023-09-01,453.1700134277344,451.1900024414063,444.1025,1.5708,2.5972,0.6048,1,mild_positive
2023-09-05,450.7300109863281,449.239990234375,444.029,1.16,2.587,0.4484,1,mild_positive
2023-09-06,448.3999938964844,446.2200012207031,443.9025,0.5194,2.5692,0.2021,1,mild_positive
2023-09-07,443.1099853515625,444.8500061035156,443.8575,0.2231,2.5466,0.0876,1,mild_positive
2023-09-08,444.8999938964844,445.5199890136719,443.838,0.3775,2.5281,0.1493,1,mild_positive
2023-09-11,448.239990234375,448.4500122070313,443.978,0.9972,2.5026,0.3985,1,mild_positive
2023-09-12,446.9500122070313,445.989990234375,443.872,0.4749,2.4752,0.1919,1,mild_positive
2023-09-13,446.2200012207031,446.510009765625,444.053,0.5503,2.4632,0.2234,1,mild_positive
2023-09-14,449.0700073242188,450.3599853515625,444.589,1.2814,2.4568,0.5216,1,mild_positive
2023-09-15,447.1400146484375,443.3699951171875,444.943,-0.3548,2.456,-0.1445,-1,mild_negative
2023-09-18,443.0499877929688,443.6300048828125,445.2995,-0.3763,2.4564,-0.1532,-1,mild_negative
2023-09-19,442.6799926757813,442.7099914550781,445.468,-0.623,2.4438,-0.2549,-1,mild_negative
2023-09-20,444.010009765625,438.6400146484375,445.4925,-1.5622,2.4384,-0.6407,-1,mild_negative
2023-09-21,435.7000122070313,431.3900146484375,444.9105,-3.1342,2.4356,-1.2868,-2,negative
2023-09-22,432.4500122070313,430.4200134277344,444.587,-3.2914,2.429,-1.3551,-2,negative
2023-09-25,429.1700134277344,432.2300109863281,444.2,-2.7694,2.4275,-1.1408,-2,negative
2023-09-26,429.0899963378906,425.8800048828125,443.356,-4.1035,2.4293,-1.6892,-2,negative
2023-09-27,427.0899963378906,426.0499877929688,442.2005,-3.7908,2.4178,-1.5678,-2,negative
2023-09-28,425.4800109863281,428.5199890136719,441.076,-2.9301,2.3976,-1.2221,-2,negative
2023-09-29,431.6700134277344,427.4800109863281,439.9325,-2.913,2.3652,-1.2316,-2,negative
2023-10-02,426.6199951171875,427.30999755859375,438.7385,-2.6745,2.3246,-1.1505,-2,negative
2023-10-03,425.05999755859375,421.5899963378906,437.356,-3.7397,2.2933,-1.6307,-2,negative
2023-10-04,422.0700073242188,424.6600036621094,436.278,-2.7358,2.281,-1.1994,-2,negative
2023-10-05,424.3599853515625,424.5,435.2605,-2.5349,2.2495,-1.1269,-2,negative
2023-10-06,421.9700012207031,429.5400085449219,434.4615,-1.1458,2.1971,-0.5215,-1,mild_negative
2023-10-09,427.5799865722656,432.2900085449219,433.6535,-0.3154,2.1772,-0.1449,-1,mild_negative
2023-10-10,432.9400024414063,434.5400085449219,433.081,0.3358,2.1753,0.1543,1,mild_positive
2023-10-11,435.6400146484375,436.3200073242188,432.5715,0.8591,2.1736,0.3953,1,mild_positive
2023-10-12,436.9500122070313,433.6600036621094,431.7365,0.4436,2.1695,0.2045,1,mild_positive
2023-10-13,435.2099914550781,431.5,431.143,0.0827,2.1515,0.0385,1,mild_positive
2023-10-16,433.8200073242188,436.0400085449219,430.7635,1.2101,2.1328,0.5674,1,mild_positive
2023-10-17,432.80999755859375,436.0199890136719,430.429,1.2823,2.1123,0.607,1,mild_positive
2023-10-18,434.1900024414063,430.2099914550781,430.0075,0.0471,2.0929,0.0225,1,mild_positive
2023-10-19,430.9500122070313,426.4299926757813,429.7595,-0.7808,2.0922,-0.3732,-1,mild_negative
2023-10-20,425.9800109863281,421.1900024414063,429.298,-1.925,2.0862,-0.9227,-1,mild_negative
2023-10-23,419.6099853515625,420.4599914550781,428.7095,-1.962,2.0918,-0.938,-1,mild_negative
2023-10-24,422.6499938964844,423.6300048828125,428.597,-1.1725,2.0942,-0.5599,-1,mild_negative
2023-10-25,421.8900146484375,417.5499877929688,428.172,-2.5439,2.1032,-1.2095,-2,negative
2023-10-26,416.4500122070313,412.5499877929688,427.3735,-3.5931,2.1188,-1.6958,-2,negative
2023-10-27,414.1900024414063,410.6799926757813,426.5335,-3.8603,2.1339,-1.809,-2,negative
2023-10-30,413.55999755859375,415.5899963378906,425.9475,-2.4922,2.1354,-1.1671,-2,negative
2023-10-31,416.1799926757813,418.2000122070313,425.778,-1.812,2.1257,-0.8525,-1,mild_negative
2023-11-01,419.2000122070313,422.6600036621094,425.678,-0.714,2.1179,-0.3371,-1,mild_negative
2023-11-02,426.5799865722656,430.760009765625,425.991,1.1071,2.1131,0.5239,1,mild_positive
2023-11-03,433.1400146484375,434.6900024414063,426.2485,1.942,2.0984,0.9255,1,mild_positive
2023-11-06,435.4700012207031,435.6900024414063,426.4185,2.128,2.0908,1.0178,2,positive
2023-11-07,435.6900024414063,436.9299926757813,426.538,2.3784,2.0871,1.1396,2,positive
2023-11-08,437.5499877929688,437.25,426.5845,2.4392,2.0908,1.1667,2,positive
2023-11-09,438.4299926757813,433.8399963378906,426.5935,1.6703,2.0918,0.7985,1,mild_positive
2023-11-10,435.9800109863281,440.6099853515625,427.049,3.0778,2.0981,1.467,2,positive
2023-11-13,439.2300109863281,440.1900024414063,427.2565,2.9382,2.1025,1.3975,2,positive
2023-11-14,446.3200073242188,448.7300109863281,427.892,4.6438,2.1169,2.1936,3,extreme_positive
2023-11-15,450.1099853515625,449.6799926757813,428.8655,4.6287,2.1323,2.1708,3,extreme_positive
2023-11-16,449.2200012207031,450.2300109863281,430.0555,4.4809,2.1325,2.1013,3,extreme_positive
2023-11-17,450.239990234375,450.7900085449219,431.5355,4.2713,2.1281,2.0071,3,extreme_positive
2023-11-20,450.5299987792969,454.260009765625,433.2255,4.6305,2.1345,2.1693,3,extreme_positive
2023-11-21,453.1799926757813,453.2699890136719,434.7075,4.0952,2.1341,1.9189,2,positive
2023-11-22,454.9800109863281,455.0199890136719,436.581,4.0523,2.1397,1.8939,2,positive
2023-11-24,455.0700073242188,455.2999877929688,438.7185,3.6419,2.1454,1.6975,2,positive
2023-11-27,454.6499938964844,454.4800109863281,440.9085,2.9862,2.1471,1.3908,2,positive
2023-11-28,454.0799865722656,454.9299926757813,442.8755,2.6497,2.1493,1.2329,2,positive
2023-11-29,457.1499938964844,454.6099853515625,444.696,2.1808,2.1455,1.0165,2,positive
2023-11-30,455.4800109863281,456.3999938964844,446.383,2.1948,2.1398,1.0257,2,positive
2023-12-01,455.7699890136719,459.1000061035156,447.8,2.4613,2.1367,1.1519,2,positive
2023-12-04,455.6000061035156,456.6900024414063,448.9,1.7058,2.1371,0.7982,1,mild_positive
2023-12-05,455.260009765625,456.6000061035156,449.9455,1.4574,2.1374,0.6819,1,mild_positive
2023-12-06,458.80999755859375,454.760009765625,450.837,0.8627,2.1262,0.4057,1,mild_positive
2023-12-07,456.9100036621094,458.2300109863281,451.886,1.3845,2.1183,0.6536,1,mild_positive
2023-12-08,457.4599914550781,460.2000122070313,453.204,1.5202,2.1136,0.7193,1,mild_positive
2023-12-11,459.6900024414063,461.989990234375,454.273,1.6704,2.1148,0.7899,1,mild_positive
2023-12-12,461.6300048828125,464.1000061035156,455.4685,1.8598,2.1152,0.8793,1,mild_positive
2023-12-13,464.489990234375,470.5,456.557,2.9634,2.1188,1.3986,2,positive
2023-12-14,472.5,472.010009765625,457.6735,3.0373,2.1239,1.4301,2,positive
2023-12-15,469.489990234375,469.3299865722656,458.6285,2.2802,2.1238,1.0736,2,positive
2023-12-18,470.9800109863281,471.9700012207031,459.6875,2.6024,2.1277,1.2231,2,positive
2023-12-19,472.5299987792969,474.8399963378906,460.7165,2.9744,2.1332,1.3943,2,positive
2023-12-20,473.9599914550781,468.260009765625,461.466,1.4509,2.1339,0.6799,1,mild_positive
2023-12-21,471.3299865722656,472.7000122070313,462.35,2.1896,2.1291,1.0284,2,positive
2023-12-22,473.8599853515625,473.6499938964844,463.2675,2.192,2.1138,1.037,2,positive
2023-12-26,474.0700073242188,475.6499938964844,464.326,2.3807,2.0926,1.1377,2,positive
2023-12-27,475.4400024414063,476.510009765625,465.405,2.3305,2.0738,1.1238,2,positive
2023-12-28,476.8800048828125,476.6900024414063,466.509,2.1358,2.0669,1.0333,2,positive
2023-12-29,476.489990234375,475.30999755859375,467.4545,1.6527,2.0501,0.8062,1,mild_positive
2024-01-02,472.1600036621094,472.6499938964844,468.132,0.9559,2.0386,0.4689,1,mild_positive
2024-01-03,470.4299926757813,468.7900085449219,468.737,0.0113,2.0257,0.0056,1,mild_positive
2024-01-04,468.2999877929688,467.2799987792969,469.271,-0.4261,2.0047,-0.2125,-1,mild_negative
2024-01-05,467.489990234375,467.9200134277344,469.929,-0.4293,1.9992,-0.2148,-1,mild_negative
2024-01-08,468.4299926757813,474.6000061035156,470.7475,0.8117,1.9927,0.4074,1,mild_positive
2024-01-09,471.8699951171875,473.8800048828125,471.4315,0.5167,1.9856,0.2602,1,mild_positive
2024-01-10,474.1600036621094,476.55999755859375,472.16,0.9233,1.9828,0.4656,1,mild_positive
2024-01-11,477.5899963378906,476.3500061035156,472.7725,0.751,1.9757,0.3801,1,mild_positive
2024-01-12,477.8399963378906,476.6799926757813,473.0815,0.7549,1.9756,0.3821,1,mild_positive
2024-01-16,475.260009765625,474.9299926757813,473.2275,0.3585,1.9757,0.1814,1,mild_positive
2024-01-17,471.8200073242188,472.2900085449219,473.3755,-0.2298,1.9764,-0.1163,-1,mild_negative
2024-01-18,474.010009765625,476.489990234375,473.6015,0.6062,1.9734,0.3072,1,mild_positive
2024-01-19,477.6499938964844,482.4299926757813,473.981,1.7513,1.9698,0.8891,1,mild_positive
2024-01-22,484.010009765625,483.4500122070313,474.7405,1.8015,1.9645,0.917,1,mild_positive
2024-01-23,484.010009765625,484.8599853515625,475.3485,1.9617,1.9608,1.0004,2,positive
2024-01-24,487.80999755859375,485.3900146484375,475.9355,1.9478,1.962,0.9928,1,mild_positive
2024-01-25,487.5799865722656,488.0299987792969,476.5545,2.3514,1.9645,1.1969,2,positive
2024-01-26,487.5899963378906,487.4100036621094,477.0995,2.1154,1.9645,1.0768,2,positive
2024-01-29,487.7300109863281,491.2699890136719,477.8285,2.7361,1.9629,1.3939,2,positive
2024-01-30,490.55999755859375,490.8900146484375,478.6075,2.5021,1.9619,1.2754,2,positive
2024-01-31,488.6199951171875,482.8800048828125,479.119,0.7789,1.9584,0.3977,1,mild_positive
2024-02-01,484.6300048828125,489.2000122070313,480.1395,1.8521,1.9528,0.9485,1,mild_positive
2024-02-02,489.6499938964844,494.3500061035156,481.493,2.6008,1.95,1.3337,2,positive
2024-02-05,493.7000122070313,492.5499877929688,482.7245,1.9948,1.9506,1.0227,2,positive
2024-02-06,493.5199890136719,493.9800109863281,483.6935,2.0824,1.9476,1.0692,2,positive
2024-02-07,496.2900085449219,498.1000061035156,484.9045,2.6492,1.9433,1.3633,2,positive
2024-02-08,498.1000061035156,498.3200073242188,485.9925,2.4738,1.9315,1.2808,2,positive
2024-02-09,498.8399963378906,501.2000122070313,487.235,2.7863,1.93,1.4437,2,positive
2024-02-12,501.1700134277344,500.9800109863281,488.45,2.5011,1.9308,1.2954,2,positive
2024-02-13,494.5299987792969,494.0799865722656,489.4075,0.9457,1.9245,0.4914,1,mild_positive
2024-02-14,496.7900085449219,498.5700073242188,490.7215,1.5742,1.9239,0.8182,1,mild_positive
2024-02-15,499.2900085449219,502.010009765625,491.9975,1.9945,1.9256,1.0358,2,positive
2024-02-16,501.7000122070313,499.510009765625,492.8515,1.333,1.9259,0.6921,1,mild_positive
2024-02-20,497.7200012207031,496.760009765625,493.517,0.6528,1.9243,0.3393,1,mild_positive
2024-02-21,495.4200134277344,497.2099914550781,494.1345,0.6185,1.9233,0.3216,1,mild_positive
2024-02-22,504.010009765625,507.5,495.24,2.4158,1.9251,1.2549,2,positive
2024-02-23,509.2699890136719,507.8500061035156,496.231,2.2879,1.9274,1.187,2,positive
2024-02-26,508.2999877929688,505.989990234375,497.16,1.7451,1.9276,0.9053,1,mild_positive
2024-02-27,506.7000122070313,506.9299926757813,497.943,1.7728,1.9196,0.9235,1,mild_positive
2024-02-28,505.3299865722656,506.260009765625,498.7115,1.491,1.9102,0.7806,1,mild_positive
2024-02-29,508.0700073242188,508.0799865722656,499.9715,1.5959,1.904,0.8382,1,mild_positive
2024-03-01,508.9800109863281,512.8499755859375,501.154,2.2806,1.8929,1.2048,2,positive
2024-03-04,512.030029296875,512.2999877929688,502.0515,2.0005,1.8839,1.0619,2,positive
2024-03-05,510.239990234375,507.1799926757813,502.783,0.8669,1.871,0.4634,1,mild_positive
2024-03-06,510.5499877929688,509.75,503.5715,1.2121,1.856,0.653,1,mild_positive
2024-03-07,513.1400146484375,514.8099975585938,504.407,2.0207,1.849,1.0929,2,positive
2024-03-08,515.4600219726562,511.7200012207031,505.077,1.2982,1.848,0.7025,1,mild_positive
2024-03-11,510.4800109863281,511.2799987792969,505.581,1.1147,1.8471,0.6034,1,mild_positive
2024-03-12,513.4500122070312,516.780029296875,506.371,2.0142,1.8427,1.0931,2,positive
2024-03-13,517.1099853515625,515.969970703125,507.4655,1.6482,1.8391,0.8962,1,mild_positive
2024-03-14,516.969970703125,514.9500122070312,508.2845,1.2944,1.825,0.7093,1,mild_positive
2024-03-15,510.2099914550781,509.8299865722656,508.6755,0.2264,1.7993,0.1259,1,mild_positive
2024-03-18,514.0,512.8599853515625,509.343,0.6858,1.7743,0.3865,1,mild_positive
2024-03-19,512.1500244140625,515.7100219726562,510.2905,1.0509,1.7654,0.5953,1,mild_positive
2024-03-20,515.77001953125,520.47998046875,511.454,1.7342,1.7547,0.9883,1,mild_positive
2024-03-21,523.3900146484375,522.2000122070312,512.189,1.9171,1.7541,1.0929,2,positive
2024-03-22,522.1099853515625,521.2100219726562,512.857,1.6026,1.7472,0.9173,1,mild_positive
2024-03-25,519.7999877929688,519.77001953125,513.546,1.1975,1.7449,0.6862,1,mild_positive
2024-03-26,521.22998046875,518.8099975585938,514.14,0.9001,1.7449,0.5159,1,mild_positive
2024-03-27,521.7100219726562,523.1699829101562,514.9855,1.5644,1.7418,0.8982,1,mild_positive
2024-03-28,523.2100219726562,523.0700073242188,515.735,1.4023,1.7397,0.8061,1,mild_positive
2024-04-01,523.8300170898438,522.1599731445312,516.2005,1.1413,1.7391,0.6563,1,mild_positive
2024-04-02,518.239990234375,518.8400268554688,516.5275,0.4457,1.7391,0.2563,1,mild_positive
2024-04-03,517.719970703125,519.4099731445312,517.139,0.4372,1.7388,0.2515,1,mild_positive
2024-04-04,523.52001953125,513.0700073242188,517.305,-0.8254,1.7421,-0.4738,-1,mild_negative
2024-04-05,514.4600219726562,518.4299926757812,517.486,0.1821,1.7415,0.1046,1,mild_positive
2024-04-08,519.1500244140625,518.719970703125,517.836,0.1704,1.7357,0.0982,1,mild_positive
2024-04-09,520.5,519.3200073242188,518.238,0.2084,1.7281,0.1206,1,mild_positive
2024-04-10,513.47998046875,514.1199951171875,518.105,-0.7751,1.7267,-0.4489,-1,mild_negative
2024-04-11,515.6799926757812,518.0,518.2065,-0.0399,1.7245,-0.0231,-1,mild_negative
2024-04-12,514.3699951171875,510.8500061035156,518.0015,-1.3999,1.7267,-0.8108,-1,mild_negative
2024-04-15,515.1300048828125,504.4500122070313,517.7325,-2.6331,1.7376,-1.5154,-2,negative
2024-04-16,504.9400024414063,503.5299987792969,517.266,-2.7279,1.7499,-1.5589,-2,negative
2024-04-17,506.0499877929688,500.5499877929688,516.508,-3.1881,1.7674,-1.8038,-2,negative
2024-04-18,501.9800109863281,499.5199890136719,515.46,-3.1911,1.7815,-1.7912,-2,negative
2024-04-19,499.4400024414063,495.1600036621094,514.108,-3.8266,1.8028,-2.1226,-3,extreme_negative
2024-04-22,497.8299865722656,499.7200012207031,513.0335,-2.6642,1.8132,-1.4693,-2,negative
2024-04-23,501.7799987792969,505.6499938964844,512.3275,-1.3206,1.8159,-0.7272,-1,mild_negative
2024-04-24,506.55999755859375,505.4100036621094,511.6575,-1.2361,1.8186,-0.6797,-1,mild_negative
2024-04-25,499.1799926757813,503.489990234375,510.6735,-1.4267,1.8236,-0.7824,-1,mild_negative
2024-04-26,506.3500061035156,508.260009765625,509.933,-0.3292,1.8247,-0.1804,-1,mild_negative
2024-04-29,510.0899963378906,510.05999755859375,509.328,0.1435,1.8251,0.0786,1,mild_positive
2024-04-30,508.55999755859375,501.9800109863281,508.485,-1.2959,1.8271,-0.7093,-1,mild_negative
2024-05-01,501.3800048828125,500.3500061035156,507.532,-1.4354,1.8276,-0.7854,-1,mild_negative
2024-05-02,504.1499938964844,505.0299987792969,507.13,-0.4158,1.829,-0.2273,-1,mild_negative
2024-05-03,511.1600036621094,511.2900085449219,506.773,0.8835,1.8288,0.4831,1,mild_positive
2024-05-06,513.75,516.5700073242188,506.6655,1.9174,1.8302,1.0476,2,positive
2024-05-07,517.5599975585938,517.1400146484375,506.5565,2.0465,1.8313,1.1175,2,positive
2024-05-08,515.260009765625,517.1900024414062,506.71,2.0263,1.8306,1.1069,2,positive
2024-05-09,517.3800048828125,520.1699829101562,506.8185,2.5668,1.8288,1.4035,2,positive
2024-05-10,521.8099975585938,520.8400268554688,507.318,2.5962,1.8322,1.417,2,positive
2024-05-13,522.5599975585938,520.9099731445312,508.141,2.4513,1.835,1.3359,2,positive
2024-05-14,521.1099853515625,523.2999877929688,509.1295,2.7079,1.838,1.4733,2,positive
2024-05-15,525.8300170898438,529.780029296875,510.591,3.6221,1.8462,1.9619,2,positive
2024-05-16,529.8800048828125,528.6900024414062,512.0495,3.1475,1.8515,1.7,2,positive
2024-05-17,528.8099975585938,529.4500122070312,513.764,2.9627,1.8556,1.5966,2,positive
2024-05-20,529.5700073242188,530.0599975585938,515.281,2.7882,1.8594,1.4995,2,positive
2024-05-21,529.280029296875,531.3599853515625,516.5665,2.7841,1.8621,1.4952,2,positive
2024-05-22,530.6500244140625,529.8300170898438,517.7875,2.2729,1.8642,1.2193,2,positive
2024-05-23,532.9600219726562,525.9600219726562,518.911,1.3402,1.8635,0.7192,1,mild_positive
2024-05-24,527.8499755859375,529.4400024414062,519.97,1.7887,1.8638,0.9597,1,mild_positive
2024-05-28,530.27001953125,529.8099975585938,520.9575,1.6709,1.864,0.8964,1,mild_positive
2024-05-29,525.6799926757812,526.0999755859375,522.1635,0.7482,1.8638,0.4015,1,mild_positive
2024-05-30,524.52001953125,522.6099853515625,523.2765,-0.1275,1.8629,-0.0685,-1,mild_negative
2024-05-31,523.5900268554688,527.3699951171875,524.3935,0.5644,1.8627,0.303,1,mild_positive
2024-06-03,529.02001953125,527.7999877929688,525.219,0.489,1.8623,0.2626,1,mild_positive
2024-06-04,526.4600219726562,528.3900146484375,525.81,0.4883,1.8619,0.2622,1,mild_positive
2024-06-05,530.77001953125,534.6699829101562,526.6865,1.4932,1.8624,0.8018,1,mild_positive
2024-06-06,534.97998046875,534.6599731445312,527.56,1.3279,1.8618,0.7132,1,mild_positive
2024-06-07,533.6599731445312,534.010009765625,528.252,1.0783,1.8577,0.5804,1,mild_positive
2024-06-10,533.1799926757812,535.6599731445312,528.993,1.2446,1.8551,0.6709,1,mild_positive
2024-06-11,534.0700073242188,536.9500122070312,529.795,1.3325,1.8524,0.7194,1,mild_positive
2024-06-12,541.6300048828125,541.3599853515625,530.698,1.9695,1.8523,1.0632,2,positive
2024-06-13,543.1500244140625,542.4500122070312,531.3315,2.0497,1.8513,1.1071,2,positive
2024-06-14,540.8800048828125,542.780029296875,532.036,1.9794,1.8502,1.0698,2,positive
2024-06-17,542.0800170898438,547.0999755859375,532.9185,2.5921,1.8486,1.4022,2,positive
2024-06-18,547.1599731445312,548.489990234375,533.84,2.671,1.8455,1.4473,2,positive
2024-06-20,549.4400024414062,547.0,534.622,2.2629,1.8419,1.2285,2,positive
2024-06-21,544.4000244140625,544.510009765625,535.356,1.6811,1.8317,0.9178,1,mild_positive
2024-06-24,544.3300170898438,542.739990234375,536.195,1.2059,1.8262,0.6603,1,mild_positive
2024-06-25,543.989990234375,544.8300170898438,536.9645,1.4437,1.8239,0.7915,1,mild_positive
2024-06-26,543.6900024414062,545.510009765625,537.7495,1.4226,1.8235,0.7802,1,mild_positive
2024-06-27,545.3699951171875,546.3699951171875,538.763,1.3923,1.8227,0.7638,1,mild_positive
2024-06-28,547.1599731445312,544.219970703125,539.8435,0.8042,1.8227,0.4412,1,mild_positive
2024-07-01,545.6300048828125,545.3400268554688,540.742,0.8431,1.8223,0.4627,1,mild_positive
2024-07-02,543.7000122070312,549.010009765625,541.8025,1.3128,1.8225,0.7203,1,mild_positive
2024-07-03,548.6900024414062,551.4600219726562,542.956,1.5421,1.8231,0.8459,1,mild_positive
2024-07-05,551.77001953125,554.6400146484375,543.9545,1.9266,1.8243,1.0561,2,positive
2024-07-08,555.4400024414062,555.280029296875,544.9855,1.8539,1.8239,1.0165,2,positive
2024-07-09,556.260009765625,555.8200073242188,546.076,1.7531,1.8234,0.9614,1,mild_positive
2024-07-10,557.0700073242188,561.3200073242188,547.359,2.4872,1.8257,1.3623,2,positive
2024-07-11,561.4400024414062,556.47998046875,548.3355,1.4636,1.8261,0.8015,1,mild_positive
2024-07-12,557.6300048828125,559.989990234375,549.267,1.9149,1.8272,1.048,2,positive
2024-07-15,562.030029296875,561.530029296875,550.221,2.014,1.8285,1.1014,2,positive
2024-07-16,562.8699951171875,564.8599853515625,551.325,2.3962,1.8311,1.3086,2,positive
2024-07-17,558.7999877929688,556.9400024414062,551.817,0.9198,1.8305,0.5025,1,mild_positive
2024-07-18,558.510009765625,552.6599731445312,552.0255,0.1148,1.8289,0.0628,1,mild_positive
2024-07-19,552.4199829101562,548.989990234375,552.125,-0.5711,1.8294,-0.3122,-1,mild_negative
2024-07-22,553.0,554.6500244140625,552.632,0.3638,1.8272,0.1991,1,mild_positive
2024-07-23,554.5399780273438,553.780029296875,553.184,0.1076,1.8232,0.059,1,mild_positive
2024-07-24,548.8599853515625,541.22998046875,553.004,-2.1754,1.828,-1.19,-2,negative
2024-07-25,541.3499755859375,538.4099731445312,552.649,-2.6446,1.8388,-1.4382,-2,negative
2024-07-26,542.280029296875,544.4400024414062,552.5525,-1.4901,1.8429,-0.8085,-1,mild_negative
2024-07-29,546.02001953125,544.760009765625,552.5795,-1.4354,1.8461,-0.7775,-1,mild_negative
2024-07-30,546.260009765625,542.0,552.4125,-1.9211,1.8517,-1.0375,-2,negative
2024-07-31,548.97998046875,550.8099975585938,552.5025,-0.3073,1.8513,-0.166,-1,mild_negative
2024-08-01,552.5700073242188,543.010009765625,552.08,-1.6703,1.8572,-0.8994,-1,mild_negative
2024-08-02,535.75,532.9000244140625,550.993,-3.3952,1.8735,-1.8122,-2,negative
2024-08-05,511.6400146484375,517.3800048828125,549.098,-6.1305,1.9201,-3.1929,-3,extreme_negative
2024-08-06,519.219970703125,522.1500244140625,547.4145,-4.8385,1.95,-2.4813,-3,extreme_negative
2024-08-07,528.469970703125,518.6599731445312,545.2815,-5.1328,1.9826,-2.5889,-3,extreme_negative
2024-08-08,523.9099731445312,530.6500244140625,543.99,-2.5139,1.9911,-1.2626,-2,negative
2024-08-09,529.8099975585938,532.989990234375,542.64,-1.8105,1.9943,-0.9079,-1,mild_negative
2024-08-12,534.2100219726562,533.27001953125,541.227,-1.4921,1.9978,-0.7469,-1,mild_negative
2024-08-13,536.530029296875,542.0399780273438,540.086,0.3605,1.9961,0.1806,1,mild_positive
2024-08-14,542.8499755859375,543.75,539.4265,0.7951,1.992,0.3992,1,mild_positive
2024-08-15,549.5,553.0700073242188,539.447,2.4632,1.9916,1.2368,2,positive
2024-08-16,551.4199829101562,554.3099975585938,539.713,2.6334,1.9916,1.3222,2,positive
2024-08-19,554.72998046875,559.6099853515625,539.961,3.5112,1.9977,1.7576,2,positive
2024-08-20,559.1500244140625,558.7000122070312,540.207,3.31,1.9984,1.6563,2,positive
2024-08-21,559.77001953125,560.6199951171875,541.1765,3.4682,1.9965,1.7371,2,positive
2024-08-22,562.5599975585938,556.219970703125,542.067,2.5445,1.9861,1.2812,2,positive
2024-08-23,559.530029296875,562.1300048828125,542.9515,3.4118,1.9809,1.7224,2,positive
2024-08-26,563.1799926757812,560.7899780273438,543.753,3.038,1.9787,1.5354,2,positive
2024-08-27,559.489990234375,561.5599975585938,544.731,2.9968,1.9758,1.5168,2,positive
2024-08-28,561.2100219726562,558.2999877929688,545.1055,2.3633,1.9758,1.1962,2,positive
2024-08-29,560.3099975585938,558.3499755859375,545.8725,2.2347,1.9699,1.1344,2,positive
2024-08-30,560.77001953125,563.6799926757812,547.4115,2.8861,1.9704,1.4647,2,positive
2024-09-03,560.469970703125,552.0800170898438,549.1465,0.5314,1.9692,0.2698,1,mild_positive
2024-09-04,550.2000122070312,550.9500122070312,550.5865,0.066,1.9697,0.0335,1,mild_positive
2024-09-05,550.8900146484375,549.6099853515625,552.134,-0.4592,1.9707,-0.233,-1,mild_negative
2024-09-06,549.9400024414062,540.3599853515625,552.6195,-2.2688,1.9797,-1.146,-2,negative
2024-09-09,544.6500244140625,546.4099731445312,553.2905,-1.2592,1.9833,-0.6349,-1,mild_negative
2024-09-10,548.3599853515625,548.7899780273438,554.0665,-0.9615,1.9862,-0.4841,-1,mild_negative
2024-09-11,548.7000122070312,554.4199829101562,554.6855,-0.0479,1.9868,-0.0241,-1,mild_negative
2024-09-12,555.010009765625,559.0900268554688,555.4525,0.6506,1.9865,0.3275,1,mild_positive
2024-09-13,559.7100219726562,562.010009765625,555.8995,1.0873,1.9865,0.5473,1,mild_positive
2024-09-16,561.739990234375,562.8400268554688,556.326,1.1574,1.9865,0.5826,1,mild_positive
2024-09-17,565.0999755859375,563.0700073242188,556.499,1.167,1.9866,0.5874,1,mild_positive
2024-09-18,563.739990234375,561.4000244140625,556.634,0.849,1.9865,0.4274,1,mild_positive
2024-09-19,571.010009765625,570.97998046875,557.152,2.4218,1.9889,1.2176,2,positive
2024-09-20,567.8400268554688,568.25,557.7535,1.8472,1.9887,0.9288,1,mild_positive
2024-09-23,569.3400268554688,569.6699829101562,558.1305,2.0256,1.9888,1.0185,2,positive
2024-09-24,570.47998046875,571.2999877929688,558.656,2.2132,1.9887,1.1129,2,positive
2024-09-25,571.1400146484375,570.0399780273438,559.08,1.9227,1.9843,0.969,1,mild_positive
2024-09-26,574.3800048828125,572.2999877929688,559.78,2.1877,1.9703,1.1103,2,positive
2024-09-27,573.3900146484375,571.469970703125,560.436,1.9308,1.9541,0.9881,1,mild_positive
2024-09-30,570.4199829101562,573.760009765625,560.94,2.2344,1.9424,1.1503,2,positive
2024-10-01,573.4000244140625,568.6199951171875,561.767,1.2052,1.9169,0.6287,1,mild_positive
2024-10-02,567.7100219726562,568.8599853515625,562.6625,1.0895,1.894,0.5752,1,mild_positive
2024-10-03,567.3599853515625,567.8200073242188,563.573,0.748,1.8784,0.3982,1,mild_positive
2024-10-04,572.3499755859375,572.97998046875,565.204,1.3571,1.8628,0.7285,1,mild_positive
2024-10-07,571.2999877929688,567.7999877929688,566.2735,0.2688,1.8492,0.1454,1,mild_positive
2024-10-08,570.4199829101562,573.1699829101562,567.4925,0.9905,1.8253,0.5427,1,mild_positive
2024-10-09,573.1599731445312,577.1400146484375,568.6285,1.4748,1.8104,0.8146,1,mild_positive
2024-10-10,575.77001953125,576.1300048828125,569.4805,1.1542,1.7966,0.6424,1,mild_positive
2024-10-11,576.0499877929688,579.5800170898438,570.359,1.591,1.7917,0.888,1,mild_positive
2024-10-14,581.219970703125,584.3200073242188,571.433,2.2055,1.7912,1.2313,2,positive
2024-10-15,584.5900268554688,579.780029296875,572.2685,1.2956,1.7907,0.7235,1,mild_positive
2024-10-16,579.780029296875,582.2999877929688,573.3135,1.5433,1.7909,0.8617,1,mild_positive
2024-10-17,585.9099731445312,582.3499755859375,573.882,1.4541,1.7907,0.812,1,mild_positive
2024-10-18,584.0700073242188,584.5900268554688,574.699,1.692,1.7901,0.9452,1,mild_positive
2024-10-21,583.8499755859375,583.6300048828125,575.397,1.4107,1.7902,0.788,1,mild_positive
2024-10-22,581.0499877929688,583.3200073242188,575.998,1.2552,1.7902,0.7012,1,mild_positive
2024-10-23,581.260009765625,577.989990234375,576.3955,0.2759,1.7897,0.1541,1,mild_positive
2024-10-24,579.97998046875,579.239990234375,576.7425,0.4312,1.7864,0.2414,1,mild_positive
2024-10-25,581.510009765625,579.0399780273438,577.121,0.3314,1.7771,0.1865,1,mild_positive
2024-10-28,582.5800170898438,580.8300170898438,577.4745,0.5777,1.767,0.3269,1,mild_positive
2024-10-29,579.8499755859375,581.77001953125,578.132,0.6253,1.7615,0.355,1,mild_positive
2024-10-30,581.2899780273438,580.010009765625,578.6895,0.2277,1.7475,0.1303,1,mild_positive
2024-10-31,575.5599975585938,568.6400146484375,578.7305,-1.7745,1.7319,-1.0246,-2,negative
2024-11-01,571.3200073242188,571.0399780273438,578.6335,-1.3298,1.7104,-0.7775,-1,mild_negative
2024-11-04,571.1799926757812,569.8099975585938,578.734,-1.5661,1.7036,-0.9193,-1,mild_negative
2024-11-05,570.739990234375,576.7000122070312,578.9105,-0.3833,1.6963,-0.226,-1,mild_negative
2024-11-06,589.2000122070312,591.0399780273438,579.6055,1.9346,1.693,1.1427,2,positive
2024-11-07,593.0800170898438,595.6099853515625,580.5795,2.5235,1.6952,1.4886,2,positive
2024-11-08,596.1699829101562,598.1900024414062,581.51,2.7884,1.6976,1.6426,2,positive
2024-11-11,599.8099975585938,598.760009765625,582.232,2.7604,1.6995,1.6243,2,positive
2024-11-12,598.6799926757812,596.9000244140625,583.088,2.314,1.6993,1.3617,2,positive
2024-11-13,597.3699951171875,597.1900024414062,583.8325,2.2367,1.6987,1.3167,2,positive
2024-11-14,597.3200073242188,593.3499755859375,584.3825,1.5113,1.6986,0.8898,1,mild_positive
2024-11-15,589.719970703125,585.75,584.4405,0.2236,1.6953,0.1319,1,mild_positive
2024-11-18,586.219970703125,588.1500244140625,584.6665,0.5923,1.6918,0.3501,1,mild_positive
2024-11-19,584.7100219726562,590.2999877929688,585.0155,0.8952,1.6774,0.5337,1,mild_positive
2024-11-20,590.3800048828125,590.5,585.641,0.8229,1.663,0.4948,1,mild_positive
2024-11-21,593.4000244140625,593.6699829101562,586.3625,1.2309,1.6494,0.7463,1,mild_positive
2024-11-22,593.6599731445312,595.510009765625,587.186,1.3978,1.6373,0.8537,1,mild_positive
2024-11-25,599.52001953125,597.530029296875,588.021,1.5914,1.6224,0.9809,1,mild_positive
2024-11-26,598.7999877929688,600.6500244140625,588.965,1.9454,1.6121,1.2067,2,positive
2024-11-27,600.4600219726562,598.8300170898438,589.906,1.4902,1.6014,0.9306,1,mild_positive
2024-11-29,599.6599731445312,602.5499877929688,591.6015,1.817,1.5938,1.1401,2,positive
2024-12-02,602.969970703125,603.6300048828125,593.231,1.7227,1.5897,1.0837,2,positive
2024-12-03,603.3900146484375,603.9099731445312,594.936,1.486,1.5867,0.9365,1,mild_positive
2024-12-04,605.6300048828125,607.6599731445312,596.484,1.8392,1.5859,1.1597,2,positive
2024-12-05,607.6599731445312,606.6599731445312,597.265,1.5486,1.5845,0.9774,1,mild_positive
2024-12-06,607.4400024414062,607.8099975585938,597.875,1.6346,1.5824,1.033,2,positive
2024-12-09,607.6900024414062,604.6799926757812,598.1995,1.0717,1.5818,0.6775,1,mild_positive
2024-12-10,605.3699951171875,602.7999877929688,598.4015,0.7297,1.5817,0.4613,1,mild_positive
2024-12-11,605.780029296875,607.4600219726562,598.9295,1.4043,1.5819,0.8877,1,mild_positive
2024-12-12,606.5800170898438,604.3300170898438,599.2865,0.8346,1.5817,0.5276,1,mild_positive
2024-12-13,606.4000244140625,604.2100219726562,599.8295,0.725,1.5815,0.4584,1,mild_positive
2024-12-16,606.0,606.7899780273438,600.8815,0.9737,1.581,0.6159,1,mild_positive
2024-12-17,604.1900024414062,604.2899780273438,601.6885,0.4305,1.5805,0.2724,1,mild_positive
2024-12-18,603.97998046875,586.280029296875,601.4875,-2.5939,1.5917,-1.6296,-2,negative
2024-12-19,591.3599853515625,586.0999755859375,601.2675,-2.5879,1.6022,-1.6152,-2,negative
2024-12-20,581.77001953125,591.1500244140625,601.1415,-1.6902,1.6086,-1.0507,-2,negative
2024-12-23,590.8900146484375,594.6900024414062,601.1005,-1.078,1.6102,-0.6694,-1,mild_negative
2024-12-24,596.0599975585938,601.2999877929688,601.289,0.0018,1.6062,0.0011,1,mild_positive
2024-12-26,599.5,601.3400268554688,601.3235,0.0027,1.6069,0.0017,1,mild_positive
2024-12-27,597.5399780273438,595.010009765625,601.1325,-1.029,1.6095,-0.6393,-1,mild_negative
2024-12-30,587.8900146484375,588.219970703125,600.416,-2.0734,1.6182,-1.2813,-2,negative
2024-12-31,589.9099731445312,586.0800170898438,599.5385,-2.2964,1.6277,-1.4108,-2,negative
2025-01-02,589.3900146484375,584.6400146484375,598.575,-2.3835,1.6378,-1.4554,-2,negative
2025-01-03,587.530029296875,591.9500122070312,597.7895,-0.9865,1.6398,-0.6016,-1,mild_negative
2025-01-06,596.27001953125,595.3599853515625,597.2245,-0.3132,1.6406,-0.1909,-1,mild_negative
2025-01-07,597.4199829101562,588.6300048828125,596.2655,-1.2972,1.6459,-0.7881,-1,mild_negative
2025-01-08,588.7000122070312,589.489990234375,595.506,-1.0205,1.6492,-0.6188,-1,mild_negative
2025-01-10,585.8800048828125,580.489990234375,594.3905,-2.3946,1.6596,-1.4429,-2,negative
2025-01-13,575.77001953125,581.3900146484375,593.087,-2.0119,1.6672,-1.2067,-2,negative
2025-01-14,584.3599853515625,582.1900024414062,591.98,-1.6816,1.6745,-1.0042,-2,negative
2025-01-15,590.3300170898438,592.780029296875,591.4085,0.2314,1.6748,0.1382,1,mild_positive
2025-01-16,594.1699829101562,591.6400146484375,590.651,0.1672,1.6752,0.0998,1,mild_positive
2025-01-17,596.9600219726562,597.5800170898438,590.3155,1.2157,1.6754,0.7256,1,mild_positive
2025-01-21,600.6699829101562,603.0499877929688,591.154,1.9726,1.677,1.1763,2,positive
2025-01-22,605.9199829101562,606.4400024414062,592.171,2.3529,1.6796,1.4008,2,positive
2025-01-23,605.7999877929688,609.75,593.101,2.7305,1.6827,1.6227,2,positive
2025-01-24,609.8099975585938,607.969970703125,593.765,2.3365,1.6853,1.3864,2,positive
2025-01-27,594.8099975585938,599.3699951171875,593.6685,0.9512,1.6843,0.5648,1,mild_positive
2025-01-28,600.6199951171875,604.52001953125,593.8275,1.7688,1.6843,1.0502,2,positive
2025-01-29,603.719970703125,601.8099975585938,594.1675,1.2699,1.683,0.7546,1,mild_positive
2025-01-30,603.9600219726562,605.0399780273438,595.0085,1.658,1.6823,0.9855,1,mild_positive
2025-01-31,607.5,601.8200073242188,595.7955,1.001,1.6796,0.596,1,mild_positive
2025-02-03,592.6699829101562,597.77001953125,596.452,0.2205,1.678,0.1314,1,mild_positive
2025-02-04,597.8300170898438,601.780029296875,596.9435,0.8037,1.6736,0.4802,1,mild_positive
2025-02-05,600.6400146484375,604.219970703125,597.3865,1.131,1.6703,0.6771,1,mild_positive
2025-02-06,605.989990234375,606.3200073242188,598.271,1.3275,1.6706,0.7946,1,mild_positive
2025-02-07,606.8900146484375,600.77001953125,598.835,0.3221,1.6695,0.1929,1,mild_positive
2025-02-10,604.030029296875,604.8499755859375,600.053,0.7931,1.6656,0.4761,1,mild_positive
2025-02-11,602.5499877929688,605.3099975585938,601.249,0.6709,1.6639,0.4032,1,mild_positive
2025-02-12,599.2000122070312,603.3599853515625,602.3075,0.1744,1.6623,0.1049,1,mild_positive
2025-02-13,604.47998046875,609.72998046875,603.155,1.0783,1.6582,0.6503,1,mild_positive
2025-02-14,609.9400024414062,609.7000122070312,604.058,0.9254,1.6547,0.5592,1,mild_positive
2025-02-18,610.8800048828125,611.489990234375,604.7535,1.1017,1.6499,0.6677,1,mild_positive
2025-02-19,610.0800170898438,612.9299926757812,605.2475,1.2534,1.6466,0.7612,1,mild_positive
2025-02-20,611.5399780273438,610.3800048828125,605.4445,0.8086,1.6465,0.4911,1,mild_positive
2025-02-21,610.1599731445312,599.9400024414062,604.954,-0.8357,1.6486,-0.5069,-1,mild_negative
2025-02-24,602.02001953125,597.2100219726562,604.416,-1.2066,1.6512,-0.7308,-1,mild_negative
2025-02-25,597.1500244140625,594.239990234375,604.1595,-1.6693,1.6575,-1.0071,-2,negative
2025-02-26,595.9299926757812,594.5399780273438,603.6605,-1.534,1.6634,-0.9222,-1,mild_negative
2025-02-27,596.8499755859375,585.0499877929688,602.8225,-3.0378,1.6798,-1.8084,-2,negative
2025-02-28,585.5599975585938,594.1799926757812,602.2795,-1.3631,1.6812,-0.8108,-1,mild_negative
2025-03-03,596.1799926757812,583.77001953125,601.377,-3.0161,1.6939,-1.7806,-2,negative
2025-03-04,579.7100219726562,576.8599853515625,600.3315,-4.0688,1.718,-2.3683,-3,extreme_negative
2025-03-05,576.6900024414062,583.0599975585938,599.3955,-2.8017,1.7299,-1.6196,-2,negative
2025-03-06,575.47998046875,572.7100219726562,597.82,-4.3844,1.757,-2.4954,-3,extreme_negative
2025-03-07,570.9000244140625,575.9199829101562,596.3,-3.5387,1.7747,-1.9939,-2,negative
2025-03-10,567.5900268554688,560.5800170898438,594.2905,-6.0135,1.8187,-3.3066,-3,extreme_negative
2025-03-11,559.4000244140625,555.9199829101562,591.844,-6.4621,1.8683,-3.4588,-3,extreme_negative
2025-03-12,562.1699829101562,558.8699951171875,589.522,-5.4846,1.9054,-2.8785,-3,extreme_negative
2025-03-13,558.489990234375,551.4199829101562,586.925,-6.4388,1.9534,-3.2962,-3,extreme_negative
2025-03-14,556.1099853515625,562.8099975585938,584.579,-3.8679,1.9694,-1.964,-2,negative
2025-03-17,562.7899780273438,567.1500244140625,582.4515,-2.698,1.9783,-1.3638,-2,negative
2025-03-18,564.7999877929688,561.02001953125,579.928,-3.3703,1.9919,-1.692,-2,negative
2025-03-19,562.8300170898438,567.1300048828125,577.638,-1.8528,1.9942,-0.9291,-1,mild_negative
2025-03-20,563.3300170898438,565.489990234375,575.3935,-1.7513,1.997,-0.877,-1,mild_negative
2025-03-21,559.280029296875,563.97998046875,573.5955,-1.7049,2.0003,-0.8523,-1,mild_negative
2025-03-24,570.7999877929688,574.0800170898438,572.439,0.2859,2.0003,0.1429,1,mild_positive
2025-03-25,575.2999877929688,575.4600219726562,571.5,0.6881,2.0003,0.344,1,mild_positive
2025-03-26,575.1900024414062,568.5900268554688,570.2025,-0.2836,2.0002,-0.1418,-1,mild_negative
2025-03-27,567.1799926757812,567.0800170898438,569.304,-0.3922,1.9989,-0.1962,-1,mild_negative
2025-03-28,565.530029296875,555.6599731445312,567.378,-2.1088,2.0022,-1.0533,-2,negative
2025-03-31,549.8300170898438,559.3900146484375,566.159,-1.2101,2.0029,-0.6042,-1,mild_negative
2025-04-01,557.4500122070312,560.969970703125,565.3645,-0.7834,2.0033,-0.3911,-1,mild_negative
2025-04-02,555.0499877929688,564.52001953125,564.4375,0.0146,2.003,0.0073,1,mild_positive
2025-04-03,545.1099853515625,536.7000122070312,562.637,-4.8327,2.027,-2.3842,-3,extreme_negative
2025-04-04,523.6699829101562,505.2799987792969,559.105,-10.6525,2.1381,-4.9823,-3,extreme_negative
2025-04-07,489.1900024414063,504.3800048828125,556.295,-10.2928,2.2364,-4.6024,-3,extreme_negative
2025-04-08,521.8599853515625,496.4800109863281,553.323,-11.4492,2.3519,-4.868,-3,extreme_negative
2025-04-09,493.4400024414063,548.6199951171875,552.8105,-0.7638,2.3525,-0.3247,-1,mild_negative
2025-04-10,532.1699829101562,524.5800170898438,551.4685,-5.1257,2.3747,-2.1585,-3,extreme_negative
2025-04-11,523.010009765625,533.9400024414062,550.025,-3.0125,2.3828,-1.2643,-2,negative
2025-04-14,544.0499877929688,539.1199951171875,548.6235,-1.7628,2.3856,-0.7389,-1,mild_negative
2025-04-15,539.6699829101562,537.6099853515625,547.453,-1.8309,2.3886,-0.7665,-1,mild_negative
2025-04-16,531.6799926757812,525.6599731445312,545.3795,-3.7514,2.4001,-1.563,-2,negative
2025-04-17,527.6400146484375,526.4099731445312,543.4255,-3.2324,2.409,-1.3418,-2,negative
2025-04-21,521.1599731445312,513.8800048828125,540.9205,-5.262,2.4303,-2.1652,-3,extreme_negative
2025-04-22,520.1400146484375,527.25,538.579,-2.1487,2.4283,-0.8848,-1,mild_negative
2025-04-23,540.4299926757812,535.4199829101562,536.577,-0.2161,2.4221,-0.0892,-1,mild_negative
2025-04-24,536.719970703125,546.6900024414062,535.482,2.0502,2.4167,0.8483,1,mild_positive
2025-04-25,546.6500244140625,550.6400146484375,534.66,2.9021,2.4144,1.202,2,positive
2025-04-28,551.3900146484375,550.8499755859375,534.4195,2.9828,2.4084,1.2385,2,positive
2025-04-29,548.9099731445312,554.3200073242188,534.166,3.6358,2.412,1.5074,2,positive
2025-04-30,547.5700073242188,554.5399780273438,533.8445,3.732,2.4206,1.5418,2,positive
2025-05-01,560.3699951171875,558.469970703125,533.542,4.4636,2.4338,1.834,2,positive
2025-05-02,564.72998046875,566.760009765625,535.045,5.5958,2.455,2.2794,3,extreme_positive
2025-05-05,562.5700073242188,563.510009765625,537.9565,4.5347,2.4695,1.8363,2,positive
2025-05-06,557.9299926757812,558.7999877929688,540.6775,3.2431,2.4767,1.3095,2,positive
2025-05-07,560.1500244140625,561.1500244140625,543.911,3.0721,2.481,1.2382,2,positive
2025-05-08,565.239990234375,565.0599975585938,544.733,3.5973,2.4874,1.4462,2,positive
2025-05-09,566.47998046875,564.3400268554688,546.721,3.1221,2.4933,1.2522,2,positive
2025-05-12,581.469970703125,582.989990234375,549.1735,5.8005,2.5167,2.3048,3,extreme_positive
2025-05-13,583.4099731445312,586.8400268554688,551.5595,6.012,2.5399,2.367,3,extreme_positive
2025-05-14,587.8099975585938,587.5900268554688,554.0585,5.7066,2.5598,2.2293,3,extreme_positive
2025-05-15,585.5599975585938,590.4600219726562,557.2985,5.6162,2.5788,2.1778,3,extreme_positive
2025-05-16,591.25,594.2000122070312,560.688,5.6399,2.5963,2.1723,3,extreme_positive
2025-05-19,588.0999755859375,594.8499755859375,564.7365,5.0624,2.6091,1.9402,2,positive
2025-05-20,593.0900268554688,592.8499755859375,568.0165,4.1888,2.6168,1.6007,2,positive
2025-05-21,588.4400024414062,582.8599853515625,570.3885,2.1397,2.6151,0.8182,1,mild_positive
2025-05-22,582.6599731445312,583.0900268554688,572.2085,1.8662,2.6088,0.7153,1,mild_positive
2025-05-23,575.97998046875,579.1099853515625,573.632,0.9459,2.6033,0.3634,1,mild_positive
2025-05-27,586.0700073242188,591.1500244140625,575.647,2.6225,2.6021,1.0079,2,positive
2025-05-28,591.5599975585938,587.72998046875,577.3175,1.7716,2.5991,0.6816,1,mild_positive
2025-05-29,593.0599975585938,590.0499877929688,579.093,1.857,2.5964,0.7152,1,mild_positive
2025-05-30,588.9299926757812,589.3900146484375,580.639,1.4848,2.5946,0.5723,1,mild_positive
2025-06-02,587.760009765625,592.7100219726562,581.9365,1.8177,2.5955,0.7003,1,mild_positive
2025-06-03,592.3400268554688,596.0900268554688,583.5655,2.1011,2.5962,0.8093,1,mild_positive
2025-06-04,596.9600219726562,595.9299926757812,585.422,1.7633,2.5964,0.6791,1,mild_positive
2025-06-05,597.6300048828125,593.0499877929688,587.017,1.0173,2.5966,0.3918,1,mild_positive
2025-06-06,598.6599731445312,599.1400146484375,588.721,1.739,2.5978,0.6694,1,mild_positive
2025-06-09,599.719970703125,599.6799926757812,590.488,1.5328,2.5988,0.5898,1,mild_positive
2025-06-10,600.219970703125,603.0800170898438,591.4925,1.9214,2.6006,0.7388,1,mild_positive
2025-06-11,604.1900024414062,601.3599853515625,592.2185,1.5201,2.6015,0.5843,1,mild_positive
2025-06-12,600.010009765625,603.75,593.0265,1.7761,2.6021,0.6826,1,mild_positive
2025-06-13,598.5,597.0,593.3535,0.6108,2.6014,0.2348,1,mild_positive
2025-06-16,600.4000244140625,602.6799926757812,593.7775,1.4772,2.602,0.5677,1,mild_positive
2025-06-17,600.2100219726562,597.530029296875,593.9115,0.6056,2.6015,0.2328,1,mild_positive
2025-06-18,598.4400024414062,597.4400024414062,594.141,0.5522,2.6008,0.2123,1,mild_positive
2025-06-20,598.3800048828125,594.280029296875,594.712,-0.0727,2.5991,-0.028,-1,mild_negative
2025-06-23,595.0399780273438,600.1500244140625,595.565,0.764,2.5971,0.2942,1,mild_positive
2025-06-24,604.3300170898438,606.780029296875,596.9485,1.6203,2.5963,0.6241,1,mild_positive
2025-06-25,607.9099731445312,607.1199951171875,597.747,1.5438,2.5936,0.5953,1,mild_positive
2025-06-26,608.989990234375,611.8699951171875,598.954,2.1109,2.5919,0.8144,1,mild_positive
2025-06-27,612.8800048828125,614.9099731445312,600.197,2.3927,2.5922,0.923,1,mild_positive
2025-06-30,617.3800048828125,617.8499755859375,601.62,2.6268,2.5948,1.0123,2,positive
2025-07-01,616.3599853515625,617.6500244140625,602.867,2.3934,2.5974,0.9215,1,mild_positive
2025-07-02,617.239990234375,620.4500122070312,604.085,2.6376,2.6004,1.0143,2,positive
2025-07-03,622.4500122070312,625.3400268554688,605.5555,3.1638,2.6054,1.2143,2,positive
2025-07-07,623.3599853515625,620.6799926757812,606.937,2.2142,2.6072,0.8493,1,mild_positive
2025-07-08,621.3499755859375,620.3400268554688,607.997,1.9897,2.609,0.7626,1,mild_positive
2025-07-09,622.77001953125,624.0599975585938,609.216,2.3786,2.6118,0.9107,1,mild_positive
2025-07-10,624.2000122070312,625.8200073242188,610.353,2.4715,2.6144,0.9453,1,mild_positive
2025-07-11,622.739990234375,623.6199951171875,611.466,1.9489,2.6152,0.7452,1,mild_positive
2025-07-14,623.1599731445312,624.8099975585938,612.519,1.9672,2.6153,0.7522,1,mild_positive
2025-07-15,627.52001953125,622.1400146484375,613.776,1.3444,2.6144,0.5142,1,mild_positive
2025-07-16,623.739990234375,624.219970703125,614.853,1.5006,2.6139,0.5741,1,mild_positive
2025-07-17,624.4000244140625,628.0399780273438,616.3785,1.8568,2.6122,0.7108,1,mild_positive
2025-07-18,629.2999877929688,627.5800170898438,617.8855,1.5447,2.6124,0.5913,1,mild_positive
2025-07-21,628.77001953125,628.77001953125,619.61,1.4568,2.6115,0.5578,1,mild_positive
2025-07-22,629.0999755859375,628.8599853515625,621.0455,1.2426,2.6101,0.4761,1,mild_positive
2025-07-23,631.5499877929688,634.2100219726562,622.417,1.8595,2.6086,0.7128,1,mild_positive
2025-07-24,634.5999755859375,634.4199829101562,623.782,1.6768,2.6097,0.6425,1,mild_positive
2025-07-25,635.0900268554688,637.0999755859375,625.0435,1.8924,2.6113,0.7247,1,mild_positive
2025-07-28,637.47998046875,636.9400024414062,626.145,1.6948,2.6118,0.6489,1,mild_positive
2025-07-29,638.3499755859375,635.260009765625,627.0155,1.2978,2.6124,0.4968,1,mild_positive
2025-07-30,635.9199829101562,634.4600219726562,627.856,1.0409,2.6126,0.3984,1,mild_positive
2025-07-31,639.4600219726562,632.0800170898438,628.4375,0.5763,2.6075,0.221,1,mild_positive
2025-08-01,626.2999877929688,621.719970703125,628.2565,-1.0514,2.602,-0.4041,-1,mild_negative
2025-08-04,625.6699829101562,631.1699829101562,628.781,0.3785,2.5992,0.1456,1,mild_positive
2025-08-05,631.7899780273438,627.969970703125,629.1625,-0.1899,2.5968,-0.0731,-1,mild_negative
2025-08-06,629.0499877929688,632.780029296875,629.5985,0.5028,2.5926,0.1939,1,mild_positive
2025-08-07,636.239990234375,632.25,629.92,0.3685,2.5921,0.1422,1,mild_positive
2025-08-08,634.0599975585938,637.1799926757812,630.598,1.033,2.5889,0.399,1,mild_positive
2025-08-11,637.4600219726562,635.9199829101562,631.1535,0.7495,2.5775,0.2908,1,mild_positive
2025-08-12,638.2899780273438,642.6900024414062,632.181,1.6352,2.5446,0.6426,1,mild_positive
2025-08-13,644.9099731445312,644.8900146484375,633.2145,1.8105,2.5235,0.7174,1,mild_positive
2025-08-14,642.7899780273438,644.9500122070312,634.06,1.6885,2.4991,0.6756,1,mild_positive
2025-08-15,645.989990234375,643.4400024414062,634.853,1.3345,2.492,0.5355,1,mild_positive
2025-08-18,642.8599853515625,643.2999877929688,635.5795,1.2001,2.4877,0.4824,1,mild_positive
2025-08-19,643.1199951171875,639.8099975585938,636.127,0.5756,2.4843,0.2317,1,mild_positive
2025-08-20,639.4000244140625,638.1099853515625,636.322,0.2802,2.4843,0.1128,1,mild_positive
2025-08-21,636.280029296875,635.5499877929688,636.3785,-0.1304,2.4847,-0.0525,-1,mild_negative
2025-08-22,637.760009765625,645.3099975585938,636.789,1.3205,2.4824,0.5319,1,mild_positive
2025-08-25,644.0399780273438,642.469970703125,637.0655,0.8412,2.4791,0.3393,1,mild_positive
2025-08-26,642.2000122070312,645.1599731445312,637.5605,1.1779,2.4726,0.4764,1,mild_positive
2025-08-27,644.5700073242188,646.6300048828125,638.169,1.3085,2.4671,0.5304,1,mild_positive
2025-08-28,647.239990234375,648.9199829101562,639.011,1.527,2.4611,0.6205,1,mild_positive
2025-08-29,647.469970703125,645.0499877929688,640.1775,0.7554,2.458,0.3073,1,mild_positive
2025-09-02,637.5,640.27001953125,640.6325,-0.0566,2.4517,-0.0231,-1,mild_negative
2025-09-03,642.6699829101562,643.739990234375,641.421,0.3602,2.4468,0.1472,1,mild_positive
2025-09-04,644.4199829101562,649.1199951171875,642.238,1.0602,2.4421,0.4341,1,mild_positive
2025-09-05,651.47998046875,647.239990234375,642.9875,0.657,2.4394,0.2693,1,mild_positive
2025-09-08,648.6199951171875,648.8300170898438,643.57,0.8107,2.4371,0.3327,1,mild_positive
2025-09-09,648.969970703125,650.3300170898438,644.2905,0.9287,2.4326,0.3818,1,mild_positive
2025-09-10,653.6199951171875,652.2100219726562,644.7665,1.1413,2.433,0.4691,1,mild_positive
2025-09-11,654.1799926757812,657.6300048828125,645.4035,1.8592,2.4343,0.7638,1,mild_positive
2025-09-12,657.5999755859375,657.4099731445312,646.0265,1.7316,2.4347,0.7112,1,mild_positive
2025-09-15,659.6400146484375,660.9099731445312,646.9,2.1198,2.4303,0.8722,1,mild_positive
2025-09-16,661.469970703125,660.0,647.735,1.8583,2.4291,0.765,1,mild_positive
2025-09-17,660.010009765625,659.1799926757812,648.7035,1.5893,2.4281,0.6546,1,mild_positive
2025-09-18,661.8900146484375,662.260009765625,649.911,1.8647,2.4291,0.7676,1,mild_positive
2025-09-19,662.3300170898438,663.7000122070312,651.3185,1.8655,2.4305,0.7676,1,mild_positive
2025-09-22,662.2000122070312,666.8400268554688,652.395,2.1662,2.4323,0.8906,1,mild_positive
2025-09-23,666.719970703125,663.2100219726562,653.432,1.4743,2.4327,0.6061,1,mild_positive
2025-09-24,664.510009765625,661.0999755859375,654.229,1.0393,2.4326,0.4273,1,mild_positive
2025-09-25,657.9400024414062,658.0499877929688,654.8,0.4939,2.4325,0.203,1,mild_positive
2025-09-26,659.510009765625,661.8200073242188,655.445,0.9633,2.4299,0.3964,1,mild_positive
2025-09-29,664.3599853515625,663.6799926757812,656.3765,1.1005,2.4288,0.4531,1,mild_positive
2025-09-30,662.9299926757812,666.1799926757812,657.672,1.2771,2.4275,0.5261,1,mild_positive
2025-10-01,663.1699829101562,668.4500122070312,658.9075,1.4276,2.4259,0.5885,1,mild_positive
2025-10-02,670.4500122070312,669.219970703125,659.9125,1.3908,2.4249,0.5735,1,mild_positive
2025-10-03,669.989990234375,669.2100219726562,661.011,1.2252,2.4231,0.5056,1,mild_positive
2025-10-06,671.6199951171875,671.6099853515625,662.15,1.4086,2.4222,0.5815,1,mild_positive
2025-10-07,672.5399780273438,669.1199951171875,663.0895,0.9013,2.42,0.3724,1,mild_positive
2025-10-08,670.25,673.1099853515625,664.1345,1.3334,2.4202,0.551,1,mild_positive
2025-10-09,673.530029296875,671.1599731445312,664.811,0.946,2.4201,0.3909,1,mild_positive
2025-10-10,672.1300048828125,653.02001953125,664.5915,-1.772,2.4244,-0.7309,-1,mild_negative
2025-10-13,660.6500244140625,663.0399780273438,664.698,-0.2501,2.4244,-0.1031,-1,mild_negative
2025-10-14,657.1699829101562,662.22998046875,664.8095,-0.3895,2.425,-0.1606,-1,mild_negative
2025-10-15,666.8200073242188,665.1699829101562,665.109,0.0092,2.4251,0.0038,1,mild_positive
2025-10-16,666.8200073242188,660.6400146484375,665.028,-0.6642,2.4255,-0.2738,-1,mild_negative
2025-10-17,659.5,664.3900146484375,665.0625,-0.1012,2.4255,-0.0417,-1,mild_negative
2025-10-20,667.3200073242188,671.2999877929688,665.2855,0.8959,2.4246,0.3695,1,mild_positive
2025-10-21,671.4400024414062,671.2899780273438,665.6895,0.8343,2.4224,0.3444,1,mild_positive
2025-10-22,672.0,667.7999877929688,666.0245,0.2659,2.4219,0.1098,1,mild_positive
2025-10-23,668.1199951171875,671.760009765625,666.71,0.7518,2.4211,0.3105,1,mild_positive
2025-10-24,676.4600219726562,677.25,667.4815,1.4424,2.4211,0.5958,1,mild_positive
2025-10-27,682.72998046875,685.239990234375,668.5595,2.4343,2.423,1.0047,2,positive
2025-10-28,687.0499877929688,687.0599975585938,669.6035,2.5408,2.4257,1.0474,2,positive
2025-10-29,688.719970703125,687.3900146484375,670.5505,2.4498,2.4283,1.0089,2,positive
2025-10-30,683.9000244140625,679.8300170898438,671.081,1.2869,2.4287,0.5299,1,mild_positive
2025-10-31,685.0399780273438,682.0599975585938,671.7235,1.5155,2.4295,0.6238,1,mild_positive
2025-11-03,685.6699829101562,683.3400268554688,672.31,1.6141,2.4304,0.6641,1,mild_positive
2025-11-04,676.1099853515625,675.239990234375,672.616,0.3886,2.4304,0.1599,1,mild_positive
2025-11-05,674.97998046875,677.5800170898438,672.8395,0.6996,2.4305,0.2879,1,mild_positive
2025-11-06,676.469970703125,670.3099975585938,672.797,-0.371,2.431,-0.1526,-1,mild_negative
2025-11-07,667.9099731445312,670.969970703125,673.6945,-0.4061,2.4275,-0.1673,-1,mild_negative
2025-11-10,677.239990234375,681.4400024414062,674.6145,1.0016,2.4248,0.4131,1,mild_positive
2025-11-11,679.9500122070312,683.0,675.653,1.0757,2.4214,0.4442,1,mild_positive
2025-11-12,684.7899780273438,683.3800048828125,676.5635,0.9975,2.4209,0.412,1,mild_positive
2025-11-13,680.5,672.0399780273438,677.1335,-0.7579,2.4207,-0.3131,-1,mild_negative
2025-11-14,665.3800048828125,671.9299926757812,677.5105,-0.8305,2.419,-0.3433,-1,mild_negative
2025-11-17,669.7000122070312,665.6699829101562,677.229,-1.7364,2.419,-0.7178,-1,mild_negative
2025-11-18,662.0999755859375,660.0800170898438,676.6685,-2.5131,2.4222,-1.0375,-2,negative
2025-11-19,660.780029296875,662.6300048828125,676.41,-2.0796,2.4249,-0.8576,-1,mild_negative
2025-11-20,672.9099731445312,652.530029296875,675.4485,-3.5122,2.4351,-1.4423,-2,negative
2025-11-21,655.0499877929688,659.030029296875,674.5375,-2.3531,2.4405,-0.9642,-1,mild_negative
2025-11-24,662.6900024414062,668.72998046875,673.712,-0.745,2.4416,-0.3051,-1,mild_negative
2025-11-25,668.6300048828125,675.02001953125,673.11,0.283,2.4416,0.1159,1,mild_positive
2025-11-26,677.6300048828125,679.6799926757812,672.7245,1.0233,2.4417,0.4191,1,mild_positive
2025-11-28,680.8599853515625,683.3900146484375,672.9025,1.5346,2.4426,0.6283,1,mild_positive
2025-12-01,678.8099975585938,680.27001953125,672.813,1.0962,2.4424,0.4488,1,mild_positive
2025-12-02,681.9199829101562,681.530029296875,672.7225,1.2923,2.4423,0.5291,1,mild_positive
2025-12-03,680.5700073242188,683.8900146484375,673.155,1.5697,2.4422,0.6427,1,mild_positive
2025-12-04,685.2999877929688,684.3900146484375,673.4955,1.5919,2.4415,0.652,1,mild_positive
2025-12-05,685.469970703125,685.6900024414062,674.2645,1.6663,2.4418,0.6824,1,mild_positive
2025-12-08,686.5900268554688,683.6300048828125,674.8975,1.2774,2.4408,0.5233,1,mild_positive
2025-12-09,683.1500244140625,683.0399780273438,674.9775,1.1804,2.4399,0.4838,1,mild_positive
2025-12-10,682.5599975585938,687.5700073242188,675.206,1.7982,2.4406,0.7368,1,mild_positive
2025-12-11,685.1400146484375,689.1699829101562,675.4955,1.9842,2.4409,0.8129,1,mild_positive
2025-12-12,688.1699829101562,681.760009765625,675.9815,0.8476,2.44,0.3474,1,mild_positive
2025-12-15,685.739990234375,680.72998046875,676.4215,0.6329,2.4389,0.2595,1,mild_positive
2025-12-16,679.22998046875,678.8699951171875,677.0815,0.2635,2.4386,0.108,1,mild_positive
2025-12-17,679.8900146484375,671.4000244140625,677.6475,-0.9305,2.44,-0.3814,-1,mild_negative
2025-12-18,677.5999755859375,676.469970703125,678.3395,-0.2764,2.4396,-0.1133,-1,mild_negative
2025-12-19,676.5900268554688,680.5900268554688,679.7425,0.1245,2.4395,0.051,1,mild_positive
2025-12-22,683.9400024414062,684.8300170898438,681.0325,0.5545,2.4394,0.2273,1,mild_positive
2025-12-23,683.9199829101562,687.9600219726562,681.994,0.8672,2.4393,0.3555,1,mild_positive
2025-12-24,687.9500122070312,690.3800048828125,682.762,1.1035,2.4397,0.4523,1,mild_positive
2025-12-26,690.6400146484375,690.3099975585938,683.2935,1.0164,2.4327,0.4178,1,mild_positive
2025-12-29,687.5399780273438,687.8499755859375,683.5165,0.63,2.4253,0.2598,1,mild_positive
2025-12-30,687.4500122070312,687.010009765625,683.8535,0.4595,2.4217,0.1897,1,mild_positive
2025-12-31,687.1400146484375,681.9199829101562,683.873,-0.2864,2.4202,-0.1183,-1,mild_negative
2026-01-02,685.7100219726562,683.1699829101562,683.837,-0.0976,2.4203,-0.0403,-1,mild_negative
2026-01-05,686.5399780273438,687.719970703125,684.0035,0.5404,2.4201,0.2233,1,mild_positive
2026-01-06,687.9299926757812,691.8099975585938,684.3095,1.0842,2.4187,0.4483,1,mild_positive
2026-01-07,692.1900024414062,689.5800170898438,684.607,0.7212,2.4135,0.2988,1,mild_positive
2026-01-08,688.8200073242188,689.510009765625,684.9305,0.6642,2.4073,0.2759,1,mild_positive
2026-01-09,690.6300048828125,694.0700073242188,685.2555,1.27,2.401,0.5289,1,mild_positive
2026-01-12,690.6799926757812,695.1599731445312,685.555,1.3817,2.3999,0.5757,1,mild_positive
2026-01-13,695.489990234375,693.77001953125,686.1555,1.0976,2.3996,0.4574,1,mild_positive
2026-01-14,691.0,690.3599853515625,686.637,0.5393,2.3969,0.225,1,mild_positive
2026-01-15,694.5700073242188,692.239990234375,687.3055,0.7128,2.395,0.2976,1,mild_positive
2026-01-16,693.6599731445312,691.6599731445312,688.3185,0.4831,2.388,0.2023,1,mild_positive
2026-01-20,681.489990234375,677.5800170898438,688.374,-1.593,2.3864,-0.6676,-1,mild_negative
2026-01-21,679.6500244140625,685.4000244140625,688.6145,-0.469,2.3831,-0.1968,-1,mild_negative
2026-01-22,689.8499755859375,688.97998046875,688.822,0.0229,2.3833,0.0096,1,mild_positive
2026-01-23,688.1500244140625,689.22998046875,688.8855,0.05,2.3833,0.021,1,mild_positive
2026-01-26,690.489990234375,692.72998046875,689.003,0.538,2.383,0.2258,1,mild_positive
2026-01-27,694.1799926757812,695.489990234375,689.262,0.8955,2.3814,0.376,1,mild_positive
2026-01-28,697.0499877929688,695.4199829101562,689.6405,0.8311,2.3787,0.3494,1,mild_positive
2026-01-29,696.3900146484375,694.0399780273438,689.992,0.5832,2.3747,0.2456,1,mild_positive
2026-01-30,691.7899780273438,691.969970703125,690.4945,0.2132,2.372,0.0899,1,mild_positive
2026-02-02,689.5800170898438,695.4099731445312,691.1065,0.6188,2.3718,0.2609,1,mild_positive
2026-02-03,696.2100219726562,689.530029296875,691.197,-0.2418,2.3709,-0.102,-1,mild_negative
2026-02-04,690.3499755859375,686.1900024414062,690.916,-0.6887,2.3716,-0.2904,-1,mild_negative
2026-02-05,680.9400024414062,677.6199951171875,690.318,-1.8739,2.3751,-0.789,-1,mild_negative
2026-02-06,681.4600219726562,690.6199951171875,690.3735,0.0357,2.375,0.015,1,mild_positive
2026-02-09,689.4199829101562,693.9500122070312,690.3675,0.5163,2.375,0.2174,1,mild_positive
2026-02-10,694.9500122070312,692.1199951171875,690.2155,0.2752,2.3749,0.1159,1,mild_positive
2026-02-11,696.3900146484375,691.9600219726562,690.125,0.2652,2.3746,0.1117,1,mild_positive
2026-02-12,694.239990234375,681.27001953125,689.6705,-1.2331,2.3764,-0.5189,-1,mild_negative
2026-02-13,681.6900024414062,681.75,689.146,-1.0849,2.3783,-0.4561,-1,mild_negative
2026-02-17,680.1400146484375,682.8499755859375,688.7055,-0.8575,2.3796,-0.3604,-1,mild_negative
2026-02-18,684.02001953125,686.2899780273438,689.141,-0.4154,2.3802,-0.1745,-1,mild_negative
2026-02-19,683.8400268554688,684.47998046875,689.095,-0.6742,2.3812,-0.2832,-1,mild_negative
2026-02-20,682.3200073242188,689.4299926757812,689.1175,0.0453,2.381,0.019,1,mild_positive
2026-02-23,687.8300170898438,682.3900146484375,688.7755,-0.9358,2.3823,-0.3928,-1,mild_negative
2026-02-24,681.9000244140625,687.3499755859375,688.5065,-0.1683,2.3822,-0.0706,-1,mild_negative
2026-02-25,690.1799926757812,693.1500244140625,688.3895,0.6868,2.3817,0.2884,1,mild_positive
2026-02-26,693.280029296875,689.2999877929688,688.0835,0.1765,2.3816,0.0741,1,mild_positive
2026-02-27,683.0900268554688,685.989990234375,687.681,-0.2465,2.3807,-0.1035,-1,mild_negative
2026-03-02,678.7000122070312,686.3800048828125,687.4015,-0.1488,2.3788,-0.0626,-1,mild_negative
2026-03-03,675.0599975585938,680.3300170898438,686.6475,-0.9286,2.3767,-0.3907,-1,mild_negative
2026-03-04,681.6300048828125,685.1300048828125,686.4275,-0.1894,2.3738,-0.0798,-1,mild_negative
2026-03-05,682.0800170898438,681.3099975585938,686.1835,-0.7153,2.3648,-0.3025,-1,mild_negative
2026-03-06,673.4099731445312,672.3800048828125,685.9215,-2.014,2.3672,-0.8508,-1,mild_negative
2026-03-09,666.3900146484375,678.27001953125,685.304,-1.037,2.359,-0.4396,-1,mild_negative
2026-03-10,677.719970703125,677.1799926757812,684.4655,-1.0759,2.3438,-0.459,-1,mild_negative
2026-03-11,677.5800170898438,676.3300170898438,683.676,-1.0862,2.3369,-0.4648,-1,mild_negative
2026-03-12,671.1599731445312,666.0599975585938,682.381,-2.4504,2.3242,-1.0543,-2,negative
2026-03-13,669.27001953125,662.2899780273438,681.432,-2.8903,2.3201,-1.2457,-2,negative
2026-03-16,668.3800048828125,669.030029296875,680.796,-1.7587,2.2884,-0.7685,-1,mild_negative
2026-03-17,672.3900146484375,670.7899780273438,680.193,-1.4018,2.2494,-0.6232,-1,mild_negative
2026-03-18,668.3599853515625,661.4299926757812,678.95,-2.6488,2.2265,-1.1897,-2,negative
2026-03-19,656.969970703125,659.7999877929688,677.716,-2.7154,2.1926,-1.2384,-2,negative
2026-03-20,656.510009765625,648.5700073242188,675.673,-4.1789,2.1952,-1.9037,-2,negative
2026-03-23,658.0700073242188,655.3800048828125,674.3225,-2.8903,2.1963,-1.316,-2,negative
2026-03-24,651.3200073242188,653.1799926757812,672.614,-2.9753,2.1937,-1.3563,-2,negative
2026-03-25,658.6699829101562,656.8200073242188,670.7975,-2.1281,2.1949,-0.9695,-1,mild_negative
2026-03-26,652.0599975585938,645.0900268554688,668.587,-3.6424,2.2059,-1.6512,-2,negative
2026-03-27,642.5,634.0900268554688,665.992,-5.0311,2.2289,-2.2573,-3,extreme_negative
2026-03-30,640.1099853515625,631.969970703125,663.2715,-4.953,2.255,-2.1965,-3,extreme_negative
2026-03-31,638.9400024414062,650.3400268554688,661.772,-1.7578,2.2594,-0.778,-1,mild_negative
2026-04-01,653.9000244140625,655.239990234375,660.2775,-0.7688,2.2602,-0.3401,-1,mild_negative
2026-04-02,646.4199829101562,655.8300170898438,659.0035,-0.4839,2.2604,-0.2141,-1,mild_negative
2026-04-06,655.8599853515625,658.9299926757812,658.331,0.0909,2.2546,0.0403,1,mild_positive
2026-04-07,656.6500244140625,659.219970703125,657.3785,0.2793,2.2521,0.124,1,mild_positive
2026-04-08,676.3900146484375,676.010009765625,657.32,2.7648,2.2551,1.226,2,positive
2026-04-09,674.8400268554688,679.9099731445312,657.499,3.2962,2.2616,1.4574,2,positive
2026-04-10,681.3200073242188,679.4600219726562,658.169,3.1335,2.2423,1.3975,2,positive
2026-04-13,677.4099731445312,686.0999755859375,659.3595,3.8975,2.1386,1.8224,2,positive
2026-04-14,687.6900024414062,694.4600219726562,660.631,4.8713,2.0428,2.3846,3,extreme_positive
2026-04-15,695.260009765625,699.9400024414062,662.0885,5.4078,1.9179,2.8197,3,extreme_positive
2026-04-16,701.0599975585938,701.6599731445312,664.1,5.353,1.9371,2.7634,3,extreme_positive
2026-04-17,706.1400146484375,710.1400146484375,666.617,6.1288,1.9306,3.1745,3,extreme_positive
2026-04-20,708.780029296875,708.719970703125,669.6245,5.5163,1.938,2.8464,3,extreme_positive
2026-04-21,710.280029296875,704.0800170898438,672.0595,4.5479,1.9449,2.3383,3,extreme_positive
2026-04-22,709.1500244140625,711.2100219726562,674.961,5.0968,1.9554,2.6065,3,extreme_positive
2026-04-23,709.5,708.4500122070312,677.5425,4.3627,1.9456,2.2424,3,extreme_positive
2026-04-24,710.75,713.9400024414062,680.985,4.6159,1.9416,2.3774,3,extreme_positive
2026-04-27,713.1699829101562,715.1699829101562,685.039,4.2131,1.9126,2.2028,3,extreme_positive
2026-04-28,711.8200073242188,711.6900024414062,689.025,3.1847,1.9072,1.6698,2,positive
2026-04-29,711.0,711.5800170898438,692.087,2.7394,1.9087,1.4352,2,positive
2026-04-30,714.6300048828125,718.6599731445312,695.258,3.2563,1.9127,1.7024,2,positive
2026-05-01,721.25,720.6500244140625,698.499,3.0738,1.9134,1.6064,2,positive
2026-05-04,720.0700073242188,718.010009765625,701.453,2.306,1.9112,1.2066,2,positive
2026-05-05,721.77001953125,723.77001953125,704.6805,2.6375,1.9068,1.3832,2,positive
2026-05-06,728.1599731445312,733.8300170898438,707.5715,3.5783,1.906,1.8774,2,positive
2026-05-07,735.0499877929688,731.5800170898438,710.155,2.9286,1.8975,1.5434,2,positive
2026-05-08,734.9299926757812,737.6199951171875,713.063,3.3292,1.8812,1.7697,2,positive
2026-05-11,736.4500122070312,739.2999877929688,715.723,3.1891,1.8732,1.7025,2,positive
2026-05-12,736.8900146484375,738.1799926757812,717.909,2.7461,1.8711,1.4676,2,positive
2026-05-13,738.469970703125,742.3099975585938,720.0275,3.0018,1.8708,1.6046,2,positive
2026-05-14,743.6500244140625,748.1699829101562,722.353,3.4507,1.87,1.8453,2,positive
2026-05-15,741.7899780273438,739.1699829101562,723.8045,2.0787,1.8665,1.1137,2,positive
2026-05-18,739.8300170898438,738.6500244140625,725.301,1.8072,1.8426,0.9808,1,mild_positive
2026-05-19,734.780029296875,733.72998046875,726.7835,0.9467,1.8153,0.5215,1,mild_positive
2026-05-20,735.7100219726562,741.25,728.2855,1.749,1.7913,0.9764,1,mild_positive
2026-05-21,738.6400146484375,742.719970703125,729.999,1.7128,1.7678,0.9689,1,mild_positive
2026-05-22,746.239990234375,745.6400146484375,731.584,1.8851,1.7439,1.081,2,positive
2026-05-26,750.010009765625,750.5900268554688,733.355,2.2962,1.7265,1.33,2,positive
2026-05-27,750.8800048828125,750.4600219726562,735.2935,2.021,1.7156,1.178,2,positive
2026-05-28,750.25,754.5999755859375,737.4445,2.2735,1.716,1.3249,2,positive
2026-05-29,755.9000244140625,756.47998046875,739.3355,2.2663,1.717,1.3199,2,positive
2026-06-01,755.3599853515625,758.5399780273438,741.23,2.282,1.7192,1.3274,2,positive
2026-06-02,757.030029296875,759.5700073242188,743.308,2.1409,1.7176,1.2465,2,positive
2026-06-03,758.1500244140625,754.239990234375,744.8315,1.2474,1.7168,0.7266,1,mild_positive
2026-06-04,752.0999755859375,757.0900268554688,745.9945,1.4655,1.7162,0.854,1,mild_positive
2026-06-05,752.3099975585938,737.5499877929688,746.293,-1.1854,1.7207,-0.6889,-1,mild_negative
2026-06-08,743.3599853515625,739.219970703125,746.373,-0.9676,1.7236,-0.5614,-1,mild_negative
2026-06-09,743.6300048828125,737.0499877929688,746.2605,-1.2496,1.727,-0.7236,-1,mild_negative
2026-06-10,733.3900146484375,725.4299926757812,745.623,-2.7836,1.7411,-1.5987,-2,negative
2026-06-11,728.760009765625,737.760009765625,745.3955,-1.035,1.7451,-0.5931,-1,mild_negative
2026-06-12,740.7100219726562,741.75,745.0745,-0.4482,1.746,-0.2567,-1,mild_negative
2026-06-15,751.8499755859375,754.8300170898438,745.8575,1.1887,1.7456,0.681,1,mild_positive
2026-06-16,754.5499877929688,750.3300170898438,746.4415,0.5182,1.7443,0.2971,1,mild_positive
2026-06-17,751.2899780273438,740.9600219726562,746.803,-0.7886,1.7467,-0.4515,-1,mild_negative
2026-06-18,747.760009765625,746.739990234375,747.0775,-0.0452,1.7465,-0.0259,-1,mild_negative
2026-06-22,747.7000122070312,744.3900146484375,747.161,-0.3722,1.748,-0.213,-1,mild_negative
2026-06-23,733.8099975585938,733.5800170898438,746.558,-1.7691,1.7548,-1.0081,-2,negative
2026-06-24,735.1699829101562,733.239990234375,745.6905,-1.698,1.7617,-0.9638,-1,mild_negative
2026-06-25,738.9099731445312,734.2999877929688,744.8825,-1.4412,1.7671,-0.8155,-1,mild_negative
2026-06-26,728.9500122070312,728.989990234375,743.602,-2.0044,1.7749,-1.1293,-2,negative
2026-06-29,736.530029296875,741.0,742.828,-0.2467,1.776,-0.1389,-1,mild_negative
2026-06-30,741.2899780273438,746.77001953125,742.2395,0.6067,1.7752,0.3417,1,mild_positive
2026-07-01,745.0,745.760009765625,741.549,0.5647,1.7746,0.3182,1,mild_positive
2026-07-02,747.4000244140625,744.780029296875,741.076,0.4973,1.7726,0.2806,1,mild_positive
