date,regime,z,days_in,actual_dir,actual_days,base_dir,zcond_dir,fcst_dir,fcst_days,base_days
2016-07-12,2,1.299,2,down,7,down,down,down,5,3.0
2016-07-13,2,1.224,3,down,6,down,down,down,4,3.0
2016-07-14,2,1.364,4,down,5,down,down,down,5,3.0
2016-07-15,2,1.234,5,down,4,down,down,down,3,3.0
2016-07-18,2,1.243,6,down,3,down,down,down,4,3.0
2016-07-19,2,1.119,7,down,2,down,down,down,2,3.0
2016-07-20,2,1.202,8,down,1,down,down,down,3,3.0
2016-07-21,1,0.97,1,up,1,down,down,down,14,3.0
2016-07-22,2,1.088,1,down,1,down,down,down,1,3.0
2016-07-25,1,0.849,1,down,23,down,down,down,15,3.0
2016-07-26,1,0.703,2,down,22,down,down,down,15,3.0
2016-07-27,1,0.533,3,down,21,down,down,down,11,3.0
2016-07-28,1,0.483,4,down,20,down,down,down,15,3.0
2016-07-29,1,0.476,5,down,19,down,down,down,40,3.0
2016-08-01,1,0.375,6,down,18,down,down,down,17,3.0
2016-08-02,1,0.043,7,down,17,down,down,down,1,3.0
2016-08-03,1,0.101,8,down,16,down,down,down,3,3.0
2016-08-04,1,0.079,9,down,15,down,down,down,4,3.0
2016-08-05,1,0.361,10,down,14,down,down,down,40,3.0
2016-08-08,1,0.293,11,down,13,down,down,down,18,3.0
2016-08-09,1,0.286,12,down,12,down,down,down,40,3.0
2016-08-10,1,0.159,13,down,11,down,down,down,15,3.0
2016-08-11,1,0.325,14,down,10,down,down,down,19,3.0
2016-08-12,1,0.265,15,down,9,down,down,down,18,3.0
2016-08-15,1,0.357,16,down,8,down,down,down,19,3.0
2016-08-16,1,0.128,17,down,7,down,down,down,11,3.0
2016-08-17,1,0.193,18,down,6,down,down,down,15,3.0
2016-08-18,1,0.261,19,down,5,down,down,down,19,3.0
2016-08-19,1,0.189,20,down,4,down,down,down,13,3.0
2016-08-22,1,0.169,21,down,3,down,down,down,12,3.0
2016-08-23,1,0.231,22,down,2,down,down,down,40,3.0
2016-08-24,1,0.007,23,down,1,down,down,down,1,3.0
2016-08-25,-1,-0.031,1,up,2,up,up,up,40,2.0
2016-08-26,-1,-0.116,2,up,1,up,up,up,40,2.0
2016-08-29,1,0.087,1,down,1,down,down,down,19,3.0
2016-08-30,-1,-0.013,1,up,3,up,up,up,15,2.0
2016-08-31,-1,-0.158,2,up,2,up,up,up,40,2.0
2016-09-01,-1,-0.167,3,up,1,up,up,up,18,2.0
2016-09-02,1,0.04,1,down,4,down,down,down,40,3.0
2016-09-06,1,0.172,2,down,3,down,down,down,40,3.0
2016-09-07,1,0.16,3,down,2,down,down,down,18,3.0
2016-09-08,1,0.043,4,down,1,down,down,down,16,3.0
2016-09-09,-2,-1.077,1,up,1,up,up,up,2,2.0
2016-09-12,-1,-0.357,1,down,1,up,up,up,17,2.0
2016-09-13,-2,-1.0,1,up,1,up,up,up,1,2.0
2016-09-14,-1,-0.964,1,up,6,up,down,up,40,2.0
2016-09-15,-1,-0.442,2,up,5,up,down,up,14,2.0
2016-09-16,-1,-0.815,3,up,4,up,down,up,40,2.0
2016-09-19,-1,-0.747,4,up,3,up,down,up,18,2.0
2016-09-20,-1,-0.686,5,up,2,up,down,up,17,2.0
2016-09-21,-1,-0.109,6,up,1,up,up,up,5,2.0
2016-09-22,1,0.2,1,down,1,down,down,down,40,3.0
2016-09-23,-1,-0.045,1,up,3,up,up,up,3,2.0
2016-09-26,-1,-0.404,2,up,2,up,up,up,40,2.0
2016-09-27,-1,-0.073,3,up,1,up,up,up,4,2.0
2016-09-28,1,0.18,1,down,1,down,down,down,40,3.0
2016-09-29,-1,-0.229,1,up,1,up,up,up,40,2.0
2016-09-30,1,0.148,1,down,2,down,down,down,40,3.0
2016-10-03,1,0.061,2,down,1,down,down,down,11,3.0
2016-10-04,-1,-0.141,1,up,1,up,up,up,40,2.0
2016-10-05,1,0.115,1,down,2,down,down,down,9,3.0
2016-10-06,1,0.181,2,down,1,down,down,down,40,3.0
2016-10-07,-1,-0.008,1,up,1,up,up,up,1,2.0
2016-10-10,1,0.249,1,down,1,down,down,down,40,3.0
2016-10-11,-1,-0.381,1,up,9,up,up,up,40,2.0
2016-10-12,-1,-0.323,2,up,8,up,up,up,18,2.0
2016-10-13,-1,-0.462,3,up,7,up,down,up,40,2.0
2016-10-14,-1,-0.434,4,up,6,up,down,up,18,2.0
2016-10-17,-1,-0.597,5,up,5,up,down,up,40,2.0
2016-10-18,-1,-0.287,6,up,4,up,up,up,13,2.0
2016-10-19,-1,-0.137,7,up,3,up,up,up,8,2.0
2016-10-20,-1,-0.193,8,up,2,up,up,up,10,2.0
2016-10-21,-1,-0.146,9,up,1,up,up,up,9,2.0
2016-10-24,1,0.061,1,down,1,down,down,down,40,3.0
2016-10-25,-1,-0.093,1,down,7,up,up,up,6,2.0
2016-10-26,-1,-0.161,2,down,6,up,up,up,8,2.0
2016-10-27,-1,-0.282,3,down,5,up,up,up,40,2.0
2016-10-28,-1,-0.391,4,down,4,up,up,up,40,2.0
2016-10-31,-1,-0.351,5,down,3,up,up,up,18,2.0
2016-11-01,-1,-0.689,6,down,2,up,down,up,40,2.0
2016-11-02,-1,-0.937,7,down,1,up,down,up,40,2.0
2016-11-03,-2,-1.093,1,up,2,up,up,up,2,2.0
2016-11-04,-2,-1.073,2,up,1,up,up,up,1,2.0
2016-11-07,1,0.113,1,up,6,down,down,down,19,3.0
2016-11-08,1,0.341,2,up,5,down,down,down,19,3.0
2016-11-09,1,0.857,3,up,4,down,down,down,40,3.0
2016-11-10,1,0.939,4,up,3,down,down,down,40,3.0
2016-11-11,1,0.779,5,up,2,down,down,down,17,3.0
2016-11-14,1,0.768,6,up,1,down,down,down,17,3.0
2016-11-15,2,1.111,1,down,1,down,down,down,3,3.0
2016-11-16,1,0.971,1,up,1,down,down,down,18,3.0
2016-11-17,2,1.173,1,down,8,down,down,down,4,3.0
2016-11-18,2,1.003,2,down,7,down,down,down,1,3.0
2016-11-21,2,1.322,3,down,6,down,down,down,5,3.0
2016-11-22,2,1.341,4,down,5,down,down,down,4,3.0
2016-11-23,2,1.283,5,down,4,down,down,down,4,3.0
2016-11-25,2,1.368,6,down,3,down,down,down,4,3.0
2016-11-28,2,1.035,7,down,2,down,down,down,1,3.0
2016-11-29,2,1.034,8,down,1,down,down,down,1,3.0
2016-11-30,1,0.802,1,up,5,down,down,down,12,3.0
2016-12-01,1,0.5,2,up,4,down,down,down,7,3.0
2016-12-02,1,0.397,3,up,3,down,down,down,7,3.0
2016-12-05,1,0.557,4,up,2,down,down,down,40,3.0
2016-12-06,1,0.619,5,up,1,down,down,down,40,3.0
2016-12-07,2,1.154,1,down,5,down,down,down,2,3.0
2016-12-08,2,1.174,2,down,4,down,down,down,2,3.0
2016-12-09,2,1.362,3,down,3,down,down,down,4,3.0
2016-12-12,2,1.191,4,down,2,down,down,down,2,3.0
2016-12-13,2,1.394,5,down,1,down,down,down,4,3.0
2016-12-14,1,0.895,1,up,1,down,down,down,14,3.0
2016-12-15,2,1.003,1,down,1,down,down,down,1,3.0
2016-12-16,1,0.542,1,down,7,down,down,down,10,3.0
2016-12-19,1,0.573,2,down,6,down,down,down,11,3.0
2016-12-20,1,0.696,3,down,5,down,down,down,19,3.0
2016-12-21,1,0.497,4,down,4,down,down,down,9,3.0
2016-12-22,1,0.358,5,down,3,down,down,down,7,3.0
2016-12-23,1,0.387,6,down,2,down,down,down,7,3.0
2016-12-27,1,0.449,7,down,1,down,down,down,40,3.0
2016-12-28,-1,-0.021,1,up,3,up,up,up,40,2.0
2016-12-29,-1,-0.078,2,up,2,up,up,up,19,2.0
2016-12-30,-1,-0.315,3,up,1,up,up,up,40,2.0
2017-01-03,1,0.018,1,down,11,down,down,down,1,3.0
2017-01-04,1,0.261,2,down,10,down,down,down,40,3.0
2017-01-05,1,0.166,3,down,9,down,down,down,18,3.0
2017-01-06,1,0.321,4,down,8,down,down,down,40,3.0
2017-01-09,1,0.135,5,down,7,down,down,down,16,3.0
2017-01-10,1,0.136,6,down,6,down,down,down,15,3.0
2017-01-11,1,0.278,7,down,5,down,down,down,40,3.0
2017-01-12,1,0.163,8,down,4,down,down,down,13,3.0
2017-01-13,1,0.278,9,down,3,down,down,down,40,3.0
2017-01-17,1,0.091,10,down,2,down,down,down,9,3.0
2017-01-18,1,0.199,11,down,1,down,down,down,40,3.0
2017-01-19,-1,-0.02,1,up,1,up,up,up,40,2.0
2017-01-20,1,0.196,1,up,15,down,down,down,19,3.0
2017-01-23,1,0.035,2,up,14,down,down,down,4,3.0
2017-01-24,1,0.416,3,up,13,down,down,down,40,3.0
2017-01-25,1,0.941,4,up,12,down,down,down,40,3.0
2017-01-26,1,0.837,5,up,11,down,down,down,18,3.0
2017-01-27,1,0.679,6,up,10,down,down,down,17,3.0
2017-01-30,1,0.208,7,up,9,down,down,down,11,3.0
2017-01-31,1,0.142,8,up,8,down,down,down,10,3.0
2017-02-01,1,0.134,9,up,7,down,down,down,10,3.0
2017-02-02,1,0.162,10,up,6,down,down,down,10,3.0
2017-02-03,1,0.6,11,up,5,down,down,down,19,3.0
2017-02-06,1,0.448,12,up,4,down,down,down,18,3.0
2017-02-07,1,0.413,13,up,3,down,down,down,17,3.0
2017-02-08,1,0.462,14,up,2,down,down,down,19,3.0
2017-02-09,1,0.826,15,up,1,down,down,down,40,3.0
2017-02-10,2,1.034,1,down,15,down,down,down,1,3.0
2017-02-13,2,1.337,2,down,14,down,down,down,4,3.0
2017-02-14,2,1.511,3,down,13,down,down,down,5,3.0
2017-02-15,2,1.777,4,down,12,down,down,down,7,3.0
2017-02-16,2,1.579,5,down,11,down,down,down,6,3.0
2017-02-17,2,1.559,6,down,10,down,down,down,6,3.0
2017-02-21,2,1.821,7,down,9,down,down,down,7,3.0
2017-02-22,2,1.621,8,down,8,down,down,down,6,3.0
2017-02-23,2,1.561,9,down,7,down,down,down,5,3.0
2017-02-24,2,1.54,10,down,6,down,down,down,4,3.0
2017-02-27,2,1.524,11,down,5,down,down,down,4,3.0
2017-02-28,2,1.193,12,down,4,down,down,down,2,3.0
2017-03-01,2,1.998,13,down,3,down,down,down,6,3.0
2017-03-02,2,1.386,14,down,2,down,down,down,3,3.0
2017-03-03,2,1.267,15,down,1,down,down,down,2,3.0
2017-03-06,1,0.932,1,down,9,down,down,down,13,3.0
2017-03-07,1,0.595,2,down,8,down,down,down,8,3.0
2017-03-08,1,0.341,3,down,7,down,down,down,4,3.0
2017-03-09,1,0.319,4,down,6,down,down,down,5,3.0
2017-03-10,1,0.477,5,down,5,down,down,down,12,3.0
2017-03-13,1,0.415,6,down,4,down,down,down,40,3.0
2017-03-14,1,0.05,7,down,3,down,down,down,1,3.0
2017-03-15,1,0.636,8,down,2,down,down,down,40,3.0
2017-03-16,1,0.428,9,down,1,down,down,down,18,3.0
2017-03-17,-1,-0.092,1,down,2,up,up,up,40,2.0
2017-03-20,-1,-0.208,2,down,1,up,up,up,19,2.0
2017-03-21,-2,-1.201,1,up,1,up,up,up,5,2.0
2017-03-22,-1,-0.98,1,down,1,up,down,up,18,2.0
2017-03-23,-2,-1.026,1,up,3,up,up,up,1,2.0
2017-03-24,-2,-1.036,2,up,2,up,up,up,1,2.0
2017-03-27,-2,-1.058,3,up,1,up,up,up,2,2.0
2017-03-28,-1,-0.453,1,up,16,up,down,up,11,2.0
2017-03-29,-1,-0.306,2,up,15,up,up,up,10,2.0
2017-03-30,-1,-0.018,3,up,14,up,up,up,1,2.0
2017-03-31,-1,-0.159,4,up,13,up,up,up,7,2.0
2017-04-03,-1,-0.258,5,up,12,up,up,up,8,2.0
2017-04-04,-1,-0.181,6,up,11,up,up,up,6,2.0
2017-04-05,-1,-0.39,7,up,10,up,up,up,40,2.0
2017-04-06,-1,-0.141,8,up,9,up,up,up,4,2.0
2017-04-07,-1,-0.18,9,up,8,up,up,up,4,2.0
2017-04-10,-1,-0.09,10,up,7,up,up,up,3,2.0
2017-04-11,-1,-0.154,11,up,6,up,up,up,3,2.0
2017-04-12,-1,-0.423,12,up,5,up,down,up,40,2.0
2017-04-13,-1,-0.844,13,up,4,up,down,up,40,2.0
2017-04-17,-1,-0.094,14,up,3,up,up,up,14,2.0
2017-04-18,-1,-0.283,15,up,2,up,up,up,16,2.0
2017-04-19,-1,-0.426,16,up,1,up,down,up,40,2.0
2017-04-20,1,0.204,1,down,1,down,down,down,19,3.0
2017-04-21,-1,-0.06,1,up,1,up,up,up,7,2.0
2017-04-24,1,0.756,1,up,1,down,down,down,40,3.0
2017-04-25,2,1.134,1,down,3,down,down,down,3,3.0
2017-04-26,2,1.032,2,down,2,down,down,down,1,3.0
2017-04-27,2,1.047,3,down,1,down,down,down,2,3.0
2017-04-28,1,0.844,1,up,5,down,down,down,15,3.0
2017-05-01,1,0.993,2,up,4,down,down,down,40,3.0
2017-05-02,1,0.965,3,up,3,down,down,down,40,3.0
2017-05-03,1,0.818,4,up,2,down,down,down,13,3.0
2017-05-04,1,0.845,5,up,1,down,down,down,40,3.0
2017-05-05,2,1.084,1,down,1,down,down,down,2,3.0
2017-05-08,1,0.997,1,down,7,down,down,down,18,3.0
2017-05-09,1,0.858,2,down,6,down,down,down,17,3.0
2017-05-10,1,0.923,3,down,5,down,down,down,40,3.0
2017-05-11,1,0.672,4,down,4,down,down,down,14,3.0
2017-05-12,1,0.429,5,down,3,down,down,down,7,3.0
2017-05-15,1,0.775,6,down,2,down,down,down,40,3.0
2017-05-16,1,0.598,7,down,1,down,down,down,18,3.0
2017-05-17,-1,-0.898,1,up,3,up,down,up,40,2.0
2017-05-18,-1,-0.595,2,up,2,up,down,up,18,2.0
2017-05-19,-1,-0.13,3,up,1,up,up,up,15,2.0
2017-05-22,1,0.243,1,up,7,down,down,down,40,3.0
2017-05-23,1,0.398,2,up,6,down,down,down,40,3.0
2017-05-24,1,0.552,3,up,5,down,down,down,19,3.0
2017-05-25,1,0.887,4,up,4,down,down,down,40,3.0
2017-05-26,1,0.809,5,up,3,down,down,down,18,3.0
2017-05-30,1,0.691,6,up,2,down,down,down,17,3.0
2017-05-31,1,0.625,7,up,1,down,down,down,16,3.0
2017-06-01,2,1.188,1,down,3,down,down,down,3,3.0
2017-06-02,2,1.366,2,down,2,down,down,down,5,3.0
2017-06-05,2,1.234,3,down,1,down,down,down,4,3.0
2017-06-06,1,0.915,1,up,5,down,down,down,15,3.0
2017-06-07,1,0.996,2,up,4,down,down,down,15,3.0
2017-06-08,1,0.97,3,up,3,down,down,down,40,3.0
2017-06-09,1,0.779,4,up,2,down,down,down,13,3.0
2017-06-12,1,0.689,5,up,1,down,down,down,11,3.0
2017-06-13,2,1.019,1,down,1,down,down,down,1,3.0
2017-06-14,1,0.846,1,down,5,down,down,down,18,3.0
2017-06-15,1,0.551,2,down,4,down,down,down,9,3.0
2017-06-16,1,0.065,3,down,3,down,down,down,1,3.0
2017-06-19,1,0.645,4,down,2,down,down,down,40,3.0
2017-06-20,1,0.023,5,down,1,down,down,down,1,3.0
2017-06-21,-1,-0.048,1,up,5,up,up,up,40,2.0
2017-06-22,-1,-0.125,2,up,4,up,up,up,40,2.0
2017-06-23,-1,-0.048,3,up,3,up,up,up,16,2.0
2017-06-26,-1,-0.02,4,up,2,up,up,up,12,2.0
2017-06-27,-1,-0.701,5,up,1,up,down,up,40,2.0
2017-06-28,1,0.017,1,down,1,down,down,down,19,3.0
2017-06-29,-1,-0.705,1,up,8,up,down,up,19,2.0
2017-06-30,-1,-0.522,2,up,7,up,down,up,18,2.0
2017-07-03,-1,-0.343,3,up,6,up,up,up,15,2.0
2017-07-05,-1,-0.127,4,up,5,up,up,up,7,2.0
2017-07-06,-1,-0.899,5,up,4,up,down,up,40,2.0
2017-07-07,-1,-0.283,6,up,3,up,up,up,11,2.0
2017-07-10,-1,-0.167,7,up,2,up,up,up,7,2.0
2017-07-11,-1,-0.212,8,up,1,up,up,up,9,2.0
2017-07-12,1,0.468,1,up,2,down,down,down,40,3.0
2017-07-13,1,0.617,2,up,1,down,down,down,40,3.0
2017-07-14,2,1.005,1,down,1,down,down,down,1,3.0
2017-07-17,1,0.95,1,up,2,down,down,down,18,3.0
2017-07-18,1,0.988,2,up,1,down,down,down,40,3.0
2017-07-19,2,1.42,1,down,7,down,down,down,6,3.0
2017-07-20,2,1.395,2,down,6,down,down,down,5,3.0
2017-07-21,2,1.247,3,down,5,down,down,down,3,3.0
2017-07-24,2,1.162,4,down,4,down,down,down,2,3.0
2017-07-25,2,1.323,5,down,3,down,down,down,4,3.0
2017-07-26,2,1.214,6,down,2,down,down,down,3,3.0
2017-07-27,2,1.061,7,down,1,down,down,down,1,3.0
2017-07-28,1,0.841,1,down,9,down,down,down,11,3.0
2017-07-31,1,0.688,2,down,8,down,down,down,9,3.0
2017-08-01,1,0.805,3,down,7,down,down,down,40,3.0
2017-08-02,1,0.76,4,down,6,down,down,down,40,3.0
2017-08-03,1,0.442,5,down,5,down,down,down,7,3.0
2017-08-04,1,0.515,6,down,4,down,down,down,40,3.0
2017-08-07,1,0.588,7,down,3,down,down,down,40,3.0
2017-08-08,1,0.244,8,down,2,down,down,down,9,3.0
2017-08-09,1,0.176,9,down,1,down,down,down,8,3.0
2017-08-10,-2,-1.216,1,up,2,up,up,up,5,2.0
2017-08-11,-2,-1.036,2,up,1,up,up,up,2,2.0
2017-08-14,-1,-0.086,1,up,2,up,up,up,11,2.0
2017-08-15,-1,-0.114,2,up,1,up,up,up,11,2.0
2017-08-16,1,0.057,1,down,1,down,down,down,40,3.0
2017-08-17,-2,-1.399,1,up,3,up,up,up,5,2.0
2017-08-18,-2,-1.46,2,up,2,up,up,up,6,2.0
2017-08-21,-2,-1.298,3,up,1,up,up,up,4,2.0
2017-08-22,-1,-0.254,1,up,6,up,up,up,8,2.0
2017-08-23,-1,-0.542,2,up,5,up,down,up,14,2.0
2017-08-24,-1,-0.703,3,up,4,up,down,up,14,2.0
2017-08-25,-1,-0.432,4,up,3,up,down,up,11,2.0
2017-08-28,-1,-0.385,5,up,2,up,up,up,10,2.0
2017-08-29,-1,-0.228,6,up,1,up,up,up,5,2.0
2017-08-30,1,0.249,1,up,7,down,down,down,40,3.0
2017-08-31,1,0.807,2,up,6,down,down,down,19,3.0
2017-09-01,1,0.931,3,up,5,down,down,down,19,3.0
2017-09-05,1,0.285,4,up,4,down,down,down,14,3.0
2017-09-06,1,0.615,5,up,3,down,down,down,16,3.0
2017-09-07,1,0.612,6,up,2,down,down,down,15,3.0
2017-09-08,1,0.446,7,up,1,down,down,down,13,3.0
2017-09-11,2,1.348,1,down,8,down,down,down,5,3.0
2017-09-12,2,1.592,2,down,7,down,down,down,6,3.0
2017-09-13,2,1.564,3,down,6,down,down,down,6,3.0
2017-09-14,2,1.49,4,down,5,down,down,down,4,3.0
2017-09-15,2,1.035,5,down,4,down,down,down,1,3.0
2017-09-18,2,1.114,6,down,3,down,down,down,1,3.0
2017-09-19,2,1.085,7,down,2,down,down,down,1,3.0
2017-09-20,2,1.032,8,down,1,down,down,down,1,3.0
2017-09-21,1,0.682,1,up,7,down,down,down,10,3.0
2017-09-22,1,0.598,2,up,6,down,down,down,9,3.0
2017-09-25,1,0.308,3,up,5,down,down,down,6,3.0
2017-09-26,1,0.278,4,up,4,down,down,down,6,3.0
2017-09-27,1,0.564,5,up,3,down,down,down,40,3.0
2017-09-28,1,0.597,6,up,2,down,down,down,40,3.0
2017-09-29,1,0.877,7,up,1,down,down,down,40,3.0
2017-10-02,2,1.221,1,down,15,down,down,down,2,3.0
2017-10-03,2,1.298,2,down,14,down,down,down,3,3.0
2017-10-04,2,1.292,3,down,13,down,down,down,3,3.0
2017-10-05,2,1.723,4,down,12,down,down,down,7,3.0
2017-10-06,2,1.453,5,down,11,down,down,down,5,3.0
2017-10-09,2,1.194,6,down,10,down,down,down,3,3.0
2017-10-10,2,1.365,7,down,9,down,down,down,4,3.0
2017-10-11,2,1.424,8,down,8,down,down,down,5,3.0
2017-10-12,2,1.185,9,down,7,down,down,down,2,3.0
2017-10-13,2,1.192,10,down,6,down,down,down,2,3.0
2017-10-16,2,1.218,11,down,5,down,down,down,3,3.0
2017-10-17,2,1.183,12,down,4,down,down,down,2,3.0
2017-10-18,2,1.173,13,down,3,down,down,down,2,3.0
2017-10-19,2,1.078,14,down,2,down,down,down,1,3.0
2017-10-20,2,1.453,15,down,1,down,down,down,3,3.0
2017-10-23,1,0.916,1,up,4,down,down,down,16,3.0
2017-10-24,1,0.946,2,up,3,down,down,down,17,3.0
2017-10-25,1,0.331,3,up,2,down,down,down,5,3.0
2017-10-26,1,0.358,4,up,1,down,down,down,8,3.0
2017-10-27,2,1.067,1,down,1,down,down,down,1,3.0
2017-10-30,1,0.594,1,up,5,down,down,down,18,3.0
2017-10-31,1,0.669,2,up,4,down,down,down,17,3.0
2017-11-01,1,0.721,3,up,3,down,down,down,40,3.0
2017-11-02,1,0.705,4,up,2,down,down,down,40,3.0
2017-11-03,1,0.972,5,up,1,down,down,down,40,3.0
2017-11-06,2,1.043,1,down,1,down,down,down,1,3.0
2017-11-07,1,0.899,1,up,1,down,down,down,18,3.0
2017-11-08,2,1.013,1,down,1,down,down,down,1,3.0
2017-11-09,1,0.553,1,down,4,down,down,down,12,3.0
2017-11-10,1,0.451,2,down,3,down,down,down,11,3.0
2017-11-13,1,0.488,3,down,2,down,down,down,12,3.0
2017-11-14,1,0.18,4,down,1,down,down,down,6,3.0
2017-11-15,-1,-0.397,1,up,1,up,up,up,40,2.0
2017-11-16,1,0.489,1,up,7,down,down,down,40,3.0
2017-11-17,1,0.144,2,up,6,down,down,down,4,3.0
2017-11-20,1,0.288,3,up,5,down,down,down,40,3.0
2017-11-21,1,0.947,4,up,4,down,down,down,40,3.0
2017-11-22,1,0.756,5,up,3,down,down,down,18,3.0
2017-11-24,1,0.916,6,up,2,down,down,down,40,3.0
2017-11-27,1,0.811,7,up,1,down,down,down,18,3.0
2017-11-28,2,1.839,1,up,2,down,down,down,9,3.0
2017-11-29,2,1.659,2,up,1,down,down,down,7,3.0
2017-11-30,3,2.505,1,down,2,down,down,down,4,2.0
2017-12-01,3,2.116,2,down,1,down,down,down,1,2.0
2017-12-04,2,1.855,1,up,5,down,down,down,7,3.0
2017-12-05,2,1.341,2,up,4,down,down,down,4,3.0
2017-12-06,2,1.26,3,up,3,down,down,down,3,3.0
2017-12-07,2,1.515,4,up,2,down,down,down,4,3.0
2017-12-08,2,1.979,5,up,1,down,down,down,6,3.0
2017-12-11,3,2.138,1,down,2,down,down,down,1,2.0
2017-12-12,3,2.162,2,down,1,down,down,down,1,2.0
2017-12-13,2,1.959,1,up,3,down,down,down,6,3.0
2017-12-14,2,1.291,2,up,2,down,down,down,2,3.0
2017-12-15,2,1.501,3,up,1,down,down,down,3,3.0
2017-12-18,3,2.038,1,down,1,down,down,down,1,2.0
2017-12-19,2,1.379,1,down,4,down,down,down,3,3.0
2017-12-20,2,1.161,2,down,3,down,down,down,1,3.0
2017-12-21,2,1.232,3,down,2,down,down,down,2,3.0
2017-12-22,2,1.037,4,down,1,down,down,down,1,3.0
2017-12-26,1,0.733,1,up,4,down,down,down,13,3.0
2017-12-27,1,0.69,2,up,3,down,down,down,13,3.0
2017-12-28,1,0.823,3,up,2,down,down,down,40,3.0
2017-12-29,1,0.319,4,up,1,down,down,down,5,3.0
2018-01-02,2,1.09,1,up,2,down,down,down,1,3.0
2018-01-03,2,1.71,2,up,1,down,down,down,6,3.0
2018-01-04,3,2.025,1,down,17,down,down,down,1,2.0
2018-01-05,3,2.59,2,down,16,down,down,down,4,2.0
2018-01-08,3,2.575,3,down,15,down,down,down,4,2.0
2018-01-09,3,2.627,4,down,14,down,down,down,4,2.0
2018-01-10,3,2.265,5,down,13,down,down,down,2,2.0
2018-01-11,3,2.892,6,down,12,down,down,down,5,2.0
2018-01-12,3,3.364,7,down,11,down,down,down,6,2.0
2018-01-16,3,2.712,8,down,10,down,down,down,4,2.0
2018-01-17,3,3.468,9,down,9,down,down,down,6,2.0
2018-01-18,3,3.025,10,down,8,down,down,down,5,2.0
2018-01-19,3,3.222,11,down,7,down,down,down,5,2.0
2018-01-22,3,3.734,12,down,6,down,down,down,6,2.0
2018-01-23,3,3.598,13,down,5,down,down,down,6,2.0
2018-01-24,3,3.221,14,down,4,down,down,down,5,2.0
2018-01-25,3,2.933,15,down,3,down,down,down,4,2.0
2018-01-26,3,3.71,16,down,2,down,down,down,6,2.0
2018-01-29,3,2.697,17,down,1,down,down,down,3,2.0
2018-01-30,2,1.357,1,down,2,down,down,down,2,3.0
2018-01-31,2,1.164,2,down,1,down,down,down,1,3.0
2018-02-01,1,0.838,1,down,1,down,down,down,6,3.0
2018-02-02,-2,-1.542,1,down,1,up,up,up,13,2.0
2018-02-05,-3,-5.496,1,up,7,up,up,up,13,2.0
2018-02-06,-3,-3.341,2,up,6,up,up,up,9,2.0
2018-02-07,-3,-3.611,3,up,5,up,up,up,9,2.0
2018-02-08,-3,-6.278,4,up,4,up,up,up,12,2.0
2018-02-09,-3,-4.519,5,up,3,up,up,up,9,2.0
2018-02-12,-3,-3.082,6,up,2,up,up,up,6,2.0
2018-02-13,-3,-2.681,7,up,1,up,up,up,4,2.0
2018-02-14,-2,-1.523,1,up,1,up,up,up,4,2.0
2018-02-15,-1,-0.506,1,up,5,up,down,up,5,2.0
2018-02-16,-1,-0.388,2,up,4,up,up,up,3,2.0
2018-02-20,-1,-0.696,3,up,3,up,down,up,5,2.0
2018-02-21,-1,-0.885,4,up,2,up,down,up,5,2.0
2018-02-22,-1,-0.619,5,up,1,up,down,up,4,2.0
2018-02-23,1,0.647,1,up,1,down,down,up,3,3.0
2018-02-26,2,1.591,1,down,1,down,down,down,10,3.0
2018-02-27,1,0.827,1,down,2,down,down,up,2,3.0
2018-02-28,1,0.224,2,down,1,down,down,down,9,3.0
2018-03-01,-1,-0.66,1,up,2,up,down,up,40,2.0
2018-03-02,-1,-0.111,2,up,1,up,up,up,18,2.0
2018-03-05,1,0.775,1,up,3,down,down,down,12,3.0
2018-03-06,1,0.843,2,up,2,down,down,down,40,3.0
2018-03-07,1,0.768,3,up,1,down,down,down,18,3.0
2018-03-08,2,1.035,1,down,4,down,down,down,1,3.0
2018-03-09,2,1.993,2,down,3,down,down,down,8,3.0
2018-03-12,2,1.672,3,down,2,down,down,down,6,3.0
2018-03-13,2,1.053,4,down,1,down,down,down,1,3.0
2018-03-14,1,0.555,1,down,3,down,down,down,13,3.0
2018-03-15,1,0.403,2,down,2,down,down,down,11,3.0
2018-03-16,1,0.174,3,down,1,down,down,down,9,3.0
2018-03-19,-1,-0.793,1,down,3,up,down,up,40,2.0
2018-03-20,-1,-0.66,2,down,2,up,down,up,18,2.0
2018-03-21,-1,-0.805,3,down,1,up,down,up,40,2.0
2018-03-22,-3,-2.56,1,up,2,up,up,up,4,2.0
2018-03-23,-3,-3.812,2,up,1,up,up,up,10,2.0
2018-03-26,-2,-1.691,1,down,1,up,up,up,8,2.0
2018-03-27,-3,-2.689,1,up,2,up,up,up,6,2.0
2018-03-28,-3,-2.702,2,up,1,up,up,up,5,2.0
2018-03-29,-2,-1.756,1,down,1,up,up,up,6,2.0
2018-04-02,-3,-3.052,1,up,2,up,up,up,5,2.0
2018-04-03,-3,-2.025,2,up,1,up,up,up,1,2.0
2018-04-04,-2,-1.201,1,up,1,up,up,up,2,2.0
2018-04-05,-1,-0.6,1,down,1,up,down,up,5,2.0
2018-04-06,-2,-1.885,1,up,2,up,up,up,5,2.0
2018-04-09,-2,-1.339,2,up,1,up,up,up,2,2.0
2018-04-10,-1,-0.165,1,up,2,up,up,up,2,2.0
2018-04-11,-1,-0.344,2,up,1,up,up,up,3,2.0
2018-04-12,1,0.288,1,up,3,down,down,down,40,3.0
2018-04-13,1,0.22,2,up,2,down,down,down,18,3.0
2018-04-16,1,0.817,3,up,1,down,down,down,40,3.0
2018-04-17,2,1.479,1,down,3,down,down,down,7,3.0
2018-04-18,2,1.527,2,down,2,down,down,down,7,3.0
2018-04-19,2,1.202,3,down,1,down,down,down,3,3.0
2018-04-20,1,0.638,1,down,2,down,down,down,11,3.0
2018-04-23,1,0.528,2,down,1,down,down,down,10,3.0
2018-04-24,-1,-0.301,1,up,2,up,up,up,40,2.0
2018-04-25,-1,-0.181,2,up,1,up,up,up,18,2.0
2018-04-26,1,0.379,1,down,2,down,down,down,7,3.0
2018-04-27,1,0.398,2,down,1,down,down,down,8,3.0
2018-04-30,-1,-0.172,1,up,4,up,up,up,40,2.0
2018-05-01,-1,-0.11,2,up,3,up,up,up,14,2.0
2018-05-02,-1,-0.534,3,up,2,up,down,up,40,2.0
2018-05-03,-1,-0.637,4,up,1,up,down,up,40,2.0
2018-05-04,1,0.102,1,up,4,down,down,down,5,3.0
2018-05-07,1,0.245,2,up,3,down,down,down,40,3.0
2018-05-08,1,0.224,3,up,2,down,down,down,40,3.0
2018-05-09,1,0.759,4,up,1,down,down,down,40,3.0
2018-05-10,2,1.264,1,down,3,down,down,down,6,3.0
2018-05-11,2,1.36,2,down,2,down,down,down,7,3.0
2018-05-14,2,1.322,3,down,1,down,down,down,6,3.0
2018-05-15,1,0.885,1,up,1,down,down,down,15,3.0
2018-05-16,2,1.121,1,down,2,down,down,down,3,3.0
2018-05-17,2,1.032,2,down,1,down,down,down,1,3.0
2018-05-18,1,0.823,1,up,1,down,down,down,12,3.0
2018-05-21,2,1.204,1,down,1,down,down,down,2,3.0
2018-05-22,1,0.924,1,down,4,down,down,down,18,3.0
2018-05-23,1,0.982,2,down,3,down,down,down,40,3.0
2018-05-24,1,0.781,3,down,2,down,down,down,16,3.0
2018-05-25,1,0.569,4,down,1,down,down,down,7,3.0
2018-05-29,-1,-0.204,1,up,1,up,up,up,40,2.0
2018-05-30,1,0.534,1,up,5,down,down,down,40,3.0
2018-05-31,1,0.063,2,up,4,down,down,down,1,3.0
2018-06-01,1,0.544,3,up,3,down,down,down,40,3.0
2018-06-04,1,0.736,4,up,2,down,down,down,40,3.0
2018-06-05,1,0.688,5,up,1,down,down,down,40,3.0
2018-06-06,2,1.082,1,down,1,down,down,down,1,3.0
2018-06-07,1,0.987,1,up,1,down,down,down,18,3.0
2018-06-08,2,1.098,1,down,3,down,down,down,2,3.0
2018-06-11,2,1.115,2,down,2,down,down,down,2,3.0
2018-06-12,2,1.126,3,down,1,down,down,down,2,3.0
2018-06-13,1,0.852,1,down,6,down,down,down,14,3.0
2018-06-14,1,0.934,2,down,5,down,down,down,40,3.0
2018-06-15,1,0.522,3,down,4,down,down,down,10,3.0
2018-06-18,1,0.336,4,down,3,down,down,down,7,3.0
2018-06-19,1,0.074,5,down,2,down,down,down,3,3.0
2018-06-20,1,0.142,6,down,1,down,down,down,4,3.0
2018-06-21,-1,-0.26,1,down,2,up,up,up,40,2.0
2018-06-22,-1,-0.168,2,down,1,up,up,up,18,2.0
2018-06-25,-2,-1.013,1,up,1,up,up,up,4,2.0
2018-06-26,-1,-0.901,1,down,1,up,down,up,18,2.0
2018-06-27,-2,-1.381,1,up,2,up,up,up,7,2.0
2018-06-28,-2,-1.02,2,up,1,up,up,up,1,2.0
2018-06-29,-1,-0.901,1,up,4,up,down,up,15,2.0
2018-07-02,-1,-0.734,2,up,3,up,down,up,13,2.0
2018-07-03,-1,-0.904,3,up,2,up,down,up,15,2.0
2018-07-05,-1,-0.355,4,up,1,up,up,up,7,2.0
2018-07-06,1,0.182,1,up,4,down,down,down,40,3.0
2018-07-09,1,0.729,2,up,3,down,down,down,40,3.0
2018-07-10,1,0.941,3,up,2,down,down,down,40,3.0
2018-07-11,1,0.521,4,up,1,down,down,down,16,3.0
2018-07-12,2,1.051,1,down,5,down,down,down,3,3.0
2018-07-13,2,1.087,2,down,4,down,down,down,3,3.0
2018-07-16,2,1.009,3,down,3,down,down,down,1,3.0
2018-07-17,2,1.206,4,down,2,down,down,down,4,3.0
2018-07-18,2,1.269,5,down,1,down,down,down,4,3.0
2018-07-19,1,0.999,1,up,3,down,down,down,15,3.0
2018-07-20,1,0.871,2,up,2,down,down,down,13,3.0
2018-07-23,1,0.923,3,up,1,down,down,down,15,3.0
2018-07-24,2,1.107,1,down,3,down,down,down,1,3.0
2018-07-25,2,1.474,2,down,2,down,down,down,4,3.0
2018-07-26,2,1.184,3,down,1,down,down,down,2,3.0
2018-07-27,1,0.667,1,down,11,down,down,down,13,3.0
2018-07-30,1,0.259,2,down,10,down,down,down,4,3.0
2018-07-31,1,0.453,3,down,9,down,down,down,12,3.0
2018-08-01,1,0.245,4,down,8,down,down,down,6,3.0
2018-08-02,1,0.473,5,down,7,down,down,down,40,3.0
2018-08-03,1,0.641,6,down,6,down,down,down,40,3.0
2018-08-06,1,0.788,7,down,5,down,down,down,40,3.0
2018-08-07,1,0.913,8,down,4,down,down,down,40,3.0
2018-08-08,1,0.797,9,down,3,down,down,down,18,3.0
2018-08-09,1,0.655,10,down,2,down,down,down,16,3.0
2018-08-10,1,0.214,11,down,1,down,down,down,10,3.0
2018-08-13,-1,-0.042,1,up,1,up,up,up,40,2.0
2018-08-14,1,0.305,1,down,1,down,down,down,11,3.0
2018-08-15,-1,-0.155,1,up,1,up,up,up,40,2.0
2018-08-16,1,0.289,1,up,7,down,down,down,40,3.0
2018-08-17,1,0.443,2,up,6,down,down,down,40,3.0
2018-08-20,1,0.514,3,up,5,down,down,down,40,3.0
2018-08-21,1,0.604,4,up,4,down,down,down,40,3.0
2018-08-22,1,0.547,5,up,3,down,down,down,18,3.0
2018-08-23,1,0.442,6,up,2,down,down,down,15,3.0
2018-08-24,1,0.742,7,up,1,down,down,down,40,3.0
2018-08-27,2,1.11,1,down,3,down,down,down,2,3.0
2018-08-28,2,1.048,2,down,2,down,down,down,1,3.0
2018-08-29,2,1.258,3,down,1,down,down,down,4,3.0
2018-08-30,1,0.932,1,down,18,down,down,down,16,3.0
2018-08-31,1,0.863,2,down,17,down,down,down,15,3.0
2018-09-04,1,0.705,3,down,16,down,down,down,13,3.0
2018-09-05,1,0.506,4,down,15,down,down,down,11,3.0
2018-09-06,1,0.295,5,down,14,down,down,down,6,3.0
2018-09-07,1,0.149,6,down,13,down,down,down,4,3.0
2018-09-10,1,0.203,7,down,12,down,down,down,4,3.0
2018-09-11,1,0.329,8,down,11,down,down,down,8,3.0
2018-09-12,1,0.289,9,down,10,down,down,down,7,3.0
2018-09-13,1,0.551,10,down,9,down,down,down,40,3.0
2018-09-14,1,0.49,11,down,8,down,down,down,40,3.0
2018-09-17,1,0.123,12,down,7,down,down,down,4,3.0
2018-09-18,1,0.397,13,down,6,down,down,down,40,3.0
2018-09-19,1,0.411,14,down,5,down,down,down,40,3.0
2018-09-20,1,0.823,15,down,4,down,down,down,40,3.0
2018-09-21,1,0.429,16,down,3,down,down,down,17,3.0
2018-09-24,1,0.189,17,down,2,down,down,down,12,3.0
2018-09-25,1,0.122,18,down,1,down,down,down,9,3.0
2018-09-26,-1,-0.061,1,up,1,up,up,up,40,2.0
2018-09-27,1,0.118,1,down,5,down,down,down,7,3.0
2018-09-28,1,0.12,2,down,4,down,down,down,7,3.0
2018-10-01,1,0.317,3,down,3,down,down,down,40,3.0
2018-10-02,1,0.263,4,down,2,down,down,down,18,3.0
2018-10-03,1,0.268,5,down,1,down,down,down,40,3.0
2018-10-04,-1,-0.226,1,down,4,up,up,up,40,2.0
2018-10-05,-1,-0.573,2,down,3,up,down,up,40,2.0
2018-10-08,-1,-0.569,3,down,2,up,down,up,40,2.0
2018-10-09,-1,-0.641,4,down,1,up,down,up,40,2.0
2018-10-10,-3,-2.499,1,up,4,up,up,up,4,2.0
2018-10-11,-3,-3.594,2,up,3,up,up,up,8,2.0
2018-10-12,-3,-2.549,3,up,2,up,up,up,4,2.0
2018-10-15,-3,-2.686,4,up,1,up,up,up,4,2.0
2018-10-16,-2,-1.309,1,down,6,up,up,up,3,2.0
2018-10-17,-2,-1.187,2,down,5,up,up,up,2,2.0
2018-10-18,-2,-1.836,3,down,4,up,up,up,6,2.0
2018-10-19,-2,-1.698,4,down,3,up,up,up,5,2.0
2018-10-22,-2,-1.78,5,down,2,up,up,up,5,2.0
2018-10-23,-2,-1.883,6,down,1,up,up,up,6,2.0
2018-10-24,-3,-3.309,1,up,4,up,up,up,6,2.0
2018-10-25,-3,-2.093,2,up,3,up,up,up,1,2.0
2018-10-26,-3,-2.773,3,up,2,up,up,up,4,2.0
2018-10-29,-3,-2.758,4,up,1,up,up,up,3,2.0
2018-10-30,-2,-1.737,1,up,1,up,up,up,4,2.0
2018-10-31,-1,-0.986,1,up,4,up,down,up,10,2.0
2018-11-01,-1,-0.297,2,up,3,up,up,up,3,2.0
2018-11-02,-1,-0.452,3,up,2,up,down,up,7,2.0
2018-11-05,-1,-0.04,4,up,1,up,up,up,1,2.0
2018-11-06,1,0.39,1,up,1,down,down,down,40,3.0
2018-11-07,2,1.409,1,down,2,down,down,down,10,3.0
2018-11-08,2,1.243,2,down,1,down,down,down,8,3.0
2018-11-09,1,0.744,1,down,1,down,down,down,16,3.0
2018-11-12,-1,-0.179,1,up,3,up,up,up,3,2.0
2018-11-13,-1,-0.196,2,up,2,up,up,up,5,2.0
2018-11-14,-1,-0.447,3,up,1,up,down,up,40,2.0
2018-11-15,1,0.105,1,down,2,down,down,down,6,3.0
2018-11-16,1,0.258,2,down,1,down,down,down,6,3.0
2018-11-19,-1,-0.543,1,down,1,up,down,up,40,2.0
2018-11-20,-2,-1.401,1,up,3,up,up,up,9,2.0
2018-11-21,-2,-1.22,2,up,2,up,up,up,7,2.0
2018-11-23,-2,-1.491,3,up,1,up,up,up,8,2.0
2018-11-26,-1,-0.701,1,up,2,up,down,up,14,2.0
2018-11-27,-1,-0.575,2,up,1,up,down,up,11,2.0
2018-11-28,1,0.487,1,up,3,down,down,down,40,3.0
2018-11-29,1,0.35,2,up,2,down,down,down,18,3.0
2018-11-30,1,0.627,3,up,1,down,down,down,40,3.0
2018-12-03,2,1.196,1,down,1,down,down,down,7,3.0
2018-12-04,-1,-0.384,1,down,2,up,up,up,9,2.0
2018-12-06,-1,-0.411,2,down,1,up,up,up,40,2.0
2018-12-07,-2,-1.427,1,up,3,up,up,up,4,2.0
2018-12-10,-2,-1.176,2,up,2,up,up,up,2,2.0
2018-12-11,-2,-1.036,3,up,1,up,up,up,1,2.0
2018-12-12,-1,-0.72,1,down,2,up,down,up,15,2.0
2018-12-13,-1,-0.674,2,down,1,up,down,up,15,2.0
2018-12-14,-2,-1.511,1,down,1,up,up,up,8,2.0
2018-12-17,-3,-2.327,1,up,8,up,up,up,3,2.0
2018-12-18,-3,-2.189,2,up,7,up,up,up,2,2.0
2018-12-19,-3,-2.743,3,up,6,up,up,up,6,2.0
2018-12-20,-3,-3.337,4,up,5,up,up,up,7,2.0
2018-12-21,-3,-4.28,5,up,4,up,up,up,8,2.0
2018-12-24,-3,-5.07,6,up,3,up,up,up,10,2.0
2018-12-26,-3,-2.57,7,up,2,up,up,up,3,2.0
2018-12-27,-3,-2.044,8,up,1,up,up,up,1,2.0
2018-12-28,-2,-1.864,1,up,4,up,up,up,4,2.0
2018-12-31,-2,-1.286,2,up,3,up,up,up,2,2.0
2019-01-02,-2,-1.03,3,up,2,up,up,up,1,2.0
2019-01-03,-2,-1.758,4,up,1,up,up,up,4,2.0
2019-01-04,-1,-0.226,1,up,1,up,up,up,2,2.0
2019-01-07,1,0.222,1,up,3,down,down,down,40,3.0
2019-01-08,1,0.656,2,up,2,down,down,down,40,3.0
2019-01-09,1,0.892,3,up,1,down,down,up,2,3.0
2019-01-10,2,1.073,1,down,2,down,down,down,7,3.0
2019-01-11,2,1.138,2,down,1,down,down,down,6,3.0
2019-01-14,1,0.957,1,up,1,down,down,down,15,3.0
2019-01-15,2,1.406,1,up,3,down,down,down,5,3.0
2019-01-16,2,1.453,2,up,2,down,down,down,5,3.0
2019-01-17,2,1.68,3,up,1,down,down,down,5,3.0
2019-01-18,3,2.061,1,down,1,down,down,down,1,2.0
2019-01-22,2,1.415,1,down,4,down,down,down,3,3.0
2019-01-23,2,1.322,2,down,3,down,down,down,2,3.0
2019-01-24,2,1.12,3,down,2,down,down,down,1,3.0
2019-01-25,2,1.298,4,down,1,down,down,down,3,3.0
2019-01-28,1,0.884,1,up,2,down,down,down,13,3.0
2019-01-29,1,0.715,2,up,1,down,down,down,11,3.0
2019-01-30,2,1.198,1,down,6,down,down,down,2,3.0
2019-01-31,2,1.389,2,down,5,down,down,down,3,3.0
2019-02-01,2,1.216,3,down,4,down,down,down,2,3.0
2019-02-04,2,1.342,4,down,3,down,down,down,3,3.0
2019-02-05,2,1.362,5,down,2,down,down,down,4,3.0
2019-02-06,2,1.19,6,down,1,down,down,down,2,3.0
2019-02-07,1,0.727,1,up,3,down,down,down,13,3.0
2019-02-08,1,0.689,2,up,2,down,down,down,12,3.0
2019-02-11,1,0.63,3,up,1,down,down,down,11,3.0
2019-02-12,2,1.012,1,down,2,down,down,down,1,3.0
2019-02-13,2,1.034,2,down,1,down,down,down,1,3.0
2019-02-14,1,0.863,1,up,1,down,down,down,17,3.0
2019-02-15,2,1.199,1,down,3,down,down,down,3,3.0
2019-02-19,2,1.187,2,down,2,down,down,down,2,3.0
2019-02-20,2,1.154,3,down,1,down,down,down,2,3.0
2019-02-21,1,0.905,1,up,1,down,down,down,16,3.0
2019-02-22,2,1.038,1,down,1,down,down,down,1,3.0
2019-02-25,1,0.989,1,down,8,down,down,down,40,3.0
2019-02-26,1,0.844,2,down,7,down,down,down,17,3.0
2019-02-27,1,0.709,3,down,6,down,down,down,16,3.0
2019-02-28,1,0.55,4,down,5,down,down,down,12,3.0
2019-03-01,1,0.726,5,down,4,down,down,down,40,3.0
2019-03-04,1,0.509,6,down,3,down,down,down,14,3.0
2019-03-05,1,0.401,7,down,2,down,down,down,10,3.0
2019-03-06,1,0.12,8,down,1,down,down,down,3,3.0
2019-03-07,-1,-0.245,1,up,2,up,up,up,40,2.0
2019-03-08,-1,-0.361,2,up,1,up,up,up,40,2.0
2019-03-11,1,0.176,1,down,9,down,down,down,40,3.0
2019-03-12,1,0.265,2,down,8,down,down,down,40,3.0
2019-03-13,1,0.482,3,down,7,down,down,down,40,3.0
2019-03-14,1,0.411,4,down,6,down,down,down,18,3.0
2019-03-15,1,0.383,5,down,5,down,down,down,40,3.0
2019-03-18,1,0.495,6,down,4,down,down,down,40,3.0
2019-03-19,1,0.472,7,down,3,down,down,down,40,3.0
2019-03-20,1,0.325,8,down,2,down,down,down,14,3.0
2019-03-21,1,0.731,9,down,1,down,down,down,40,3.0
2019-03-22,-1,-0.07,1,up,2,up,up,up,40,2.0
2019-03-25,-1,-0.097,2,up,1,up,up,up,40,2.0
2019-03-26,1,0.197,1,down,1,down,down,down,9,3.0
2019-03-27,-1,-0.023,1,up,1,up,up,up,40,2.0
2019-03-28,1,0.119,1,down,27,down,down,down,6,3.0
2019-03-29,1,0.369,2,down,26,down,down,down,40,3.0
2019-04-01,1,0.812,3,down,25,down,down,down,40,3.0
2019-04-02,1,0.785,4,down,24,down,down,down,40,3.0
2019-04-03,1,0.787,5,down,23,down,down,down,40,3.0
2019-04-04,1,0.809,6,down,22,down,down,down,40,3.0
2019-04-05,1,0.913,7,down,21,down,down,down,40,3.0
2019-04-08,1,0.87,8,down,20,down,down,down,40,3.0
2019-04-09,1,0.595,9,down,19,down,down,down,14,3.0
2019-04-10,1,0.687,10,down,18,down,down,down,40,3.0
2019-04-11,1,0.625,11,down,17,down,down,down,15,3.0
2019-04-12,1,0.846,12,down,16,down,down,down,40,3.0
2019-04-15,1,0.761,13,down,15,down,down,down,18,3.0
2019-04-16,1,0.73,14,down,14,down,down,down,40,3.0
2019-04-17,1,0.567,15,down,13,down,down,down,15,3.0
2019-04-18,1,0.611,16,down,12,down,down,down,40,3.0
2019-04-22,1,0.565,17,down,11,down,down,down,40,3.0
2019-04-23,1,0.844,18,down,10,down,down,down,40,3.0
2019-04-24,1,0.668,19,down,9,down,down,down,18,3.0
2019-04-25,1,0.55,20,down,8,down,down,down,17,3.0
2019-04-26,1,0.655,21,down,7,down,down,down,40,3.0
2019-04-29,1,0.637,22,down,6,down,down,down,40,3.0
2019-04-30,1,0.598,23,down,5,down,down,down,40,3.0
2019-05-01,1,0.231,24,down,4,down,down,down,9,3.0
2019-05-02,1,0.102,25,down,3,down,down,down,5,3.0
2019-05-03,1,0.471,26,down,2,down,down,down,40,3.0
2019-05-06,1,0.263,27,down,1,down,down,down,10,3.0
2019-05-07,-1,-0.463,1,down,4,up,down,up,40,2.0
2019-05-08,-1,-0.525,2,down,3,up,down,up,40,2.0
2019-05-09,-1,-0.645,3,down,2,up,down,up,40,2.0
2019-05-10,-1,-0.425,4,down,1,up,down,up,16,2.0
2019-05-13,-2,-1.472,1,up,2,up,up,up,7,2.0
2019-05-14,-2,-1.02,2,up,1,up,up,up,1,2.0
2019-05-15,-1,-0.725,1,down,8,up,down,up,15,2.0
2019-05-16,-1,-0.312,2,down,7,up,up,up,10,2.0
2019-05-17,-1,-0.562,3,down,6,up,down,up,12,2.0
2019-05-20,-1,-0.804,4,down,5,up,down,up,40,2.0
2019-05-21,-1,-0.365,5,down,4,up,up,up,8,2.0
2019-05-22,-1,-0.449,6,down,3,up,down,up,9,2.0
2019-05-23,-1,-0.91,7,down,2,up,down,up,40,2.0
2019-05-24,-1,-0.729,8,down,1,up,down,up,18,2.0
2019-05-28,-2,-1.032,1,up,2,up,up,up,1,2.0
2019-05-29,-2,-1.204,2,up,1,up,up,up,3,2.0
2019-05-30,-1,-0.985,1,down,1,up,down,up,18,2.0
2019-05-31,-2,-1.452,1,up,2,up,up,up,4,2.0
2019-06-03,-2,-1.408,2,up,1,up,up,up,4,2.0
2019-06-04,-1,-0.387,1,up,1,up,up,up,10,2.0
2019-06-05,1,0.017,1,up,9,down,down,down,40,3.0
2019-06-06,1,0.31,2,up,8,down,down,down,40,3.0
2019-06-07,1,0.719,3,up,7,down,down,down,40,3.0
2019-06-10,1,0.901,4,up,6,down,down,down,40,3.0
2019-06-11,1,0.831,5,up,5,down,down,down,18,3.0
2019-06-12,1,0.722,6,up,4,down,down,down,16,3.0
2019-06-13,1,0.859,7,up,3,down,down,down,40,3.0
2019-06-14,1,0.802,8,up,2,down,down,down,18,3.0
2019-06-17,1,0.792,9,up,1,down,down,down,17,3.0
2019-06-18,2,1.157,1,down,5,down,down,down,3,3.0
2019-06-19,2,1.2,2,down,4,down,down,down,3,3.0
2019-06-20,2,1.508,3,down,3,down,down,down,5,3.0
2019-06-21,2,1.166,4,down,2,down,down,down,2,3.0
2019-06-24,2,1.037,5,down,1,down,down,down,1,3.0
2019-06-25,1,0.558,1,down,25,down,down,down,7,3.0
2019-06-26,1,0.43,2,down,24,down,down,down,5,3.0
2019-06-27,1,0.486,3,down,23,down,down,down,8,3.0
2019-06-28,1,0.571,4,down,22,down,down,down,40,3.0
2019-07-01,1,0.791,5,down,21,down,down,down,40,3.0
2019-07-02,1,0.786,6,down,20,down,down,down,40,3.0
2019-07-03,1,1.0,7,down,19,down,down,down,40,3.0
2019-07-05,1,0.858,8,down,18,down,down,down,18,3.0
2019-07-08,1,0.569,9,down,17,down,down,down,15,3.0
2019-07-09,1,0.562,10,down,16,down,down,down,14,3.0
2019-07-10,1,0.691,11,down,15,down,down,down,40,3.0
2019-07-11,1,0.71,12,down,14,down,down,down,40,3.0
2019-07-12,1,0.815,13,down,13,down,down,down,40,3.0
2019-07-15,1,0.749,14,down,12,down,down,down,40,3.0
2019-07-16,1,0.544,15,down,11,down,down,down,15,3.0
2019-07-17,1,0.226,16,down,10,down,down,down,7,3.0
2019-07-18,1,0.337,17,down,9,down,down,down,11,3.0
2019-07-19,1,0.097,18,down,8,down,down,down,4,3.0
2019-07-22,1,0.172,19,down,7,down,down,down,4,3.0
2019-07-23,1,0.422,20,down,6,down,down,down,40,3.0
2019-07-24,1,0.542,21,down,5,down,down,down,40,3.0
2019-07-25,1,0.278,22,down,4,down,down,down,17,3.0
2019-07-26,1,0.482,23,down,3,down,down,down,40,3.0
2019-07-29,1,0.348,24,down,2,down,down,down,18,3.0
2019-07-30,1,0.211,25,down,1,down,down,down,14,3.0
2019-07-31,-1,-0.257,1,down,3,up,up,up,40,2.0
2019-08-01,-1,-0.6,2,down,2,up,down,up,40,2.0
2019-08-02,-1,-0.879,3,down,1,up,down,up,40,2.0
2019-08-05,-3,-2.088,1,up,1,up,up,up,1,2.0
2019-08-06,-2,-1.413,1,up,2,up,up,up,5,2.0
2019-08-07,-2,-1.306,2,up,1,up,up,up,4,2.0
2019-08-08,-1,-0.45,1,down,2,up,down,up,11,2.0
2019-08-09,-1,-0.67,2,down,1,up,down,up,12,2.0
2019-08-12,-2,-1.092,1,up,1,up,up,up,2,2.0
2019-08-13,-1,-0.397,1,down,1,up,up,up,9,2.0
2019-08-14,-2,-1.552,1,up,2,up,up,up,6,2.0
2019-08-15,-2,-1.334,2,up,1,up,up,up,4,2.0
2019-08-16,-1,-0.664,1,up,3,up,down,up,9,2.0
2019-08-19,-1,-0.133,2,up,2,up,up,up,3,2.0
2019-08-20,-1,-0.378,3,up,1,up,up,up,5,2.0
2019-08-21,1,0.015,1,down,2,down,down,down,40,3.0
2019-08-22,1,0.056,2,down,1,down,down,down,18,3.0
2019-08-23,-1,-0.891,1,up,4,up,down,up,40,2.0
2019-08-26,-1,-0.342,2,up,3,up,up,up,18,2.0
2019-08-27,-1,-0.405,3,up,2,up,up,up,17,2.0
2019-08-28,-1,-0.059,4,up,1,up,up,up,2,2.0
2019-08-29,1,0.47,1,up,4,down,down,down,40,3.0
2019-08-30,1,0.453,2,up,3,down,down,down,18,3.0
2019-09-03,1,0.169,3,up,2,down,down,down,16,3.0
2019-09-04,1,0.58,4,up,1,down,down,down,40,3.0
2019-09-05,2,1.021,1,down,2,down,down,down,1,3.0
2019-09-06,2,1.02,2,down,1,down,down,down,1,3.0
2019-09-09,1,0.994,1,up,2,down,down,down,40,3.0
2019-09-10,1,0.915,2,up,1,down,down,down,18,3.0
2019-09-11,2,1.14,1,down,3,down,down,down,2,3.0
2019-09-12,2,1.156,2,down,2,down,down,down,2,3.0
2019-09-13,2,1.018,3,down,1,down,down,down,1,3.0
2019-09-16,1,0.82,1,down,6,down,down,down,15,3.0
2019-09-17,1,0.861,2,down,5,down,down,down,40,3.0
2019-09-18,1,0.81,3,down,4,down,down,down,40,3.0
2019-09-19,1,0.749,4,down,3,down,down,down,18,3.0
2019-09-20,1,0.341,5,down,2,down,down,down,6,3.0
2019-09-23,1,0.242,6,down,1,down,down,down,4,3.0
2019-09-24,-1,-0.126,1,up,1,up,up,up,40,2.0
2019-09-25,1,0.038,1,down,1,down,down,down,1,3.0
2019-09-26,-1,-0.1,1,down,4,up,up,up,17,2.0
2019-09-27,-1,-0.337,2,down,3,up,up,up,40,2.0
2019-09-30,-1,-0.179,3,down,2,up,up,up,15,2.0
2019-10-01,-1,-0.68,4,down,1,up,down,up,40,2.0
2019-10-02,-2,-1.365,1,up,1,up,up,up,6,2.0
2019-10-03,-1,-0.977,1,down,3,up,down,up,18,2.0
2019-10-04,-1,-0.408,2,down,2,up,up,up,11,2.0
2019-10-07,-1,-0.547,3,down,1,up,down,up,13,2.0
2019-10-08,-2,-1.114,1,up,1,up,up,up,2,2.0
2019-10-09,-1,-0.669,1,up,2,up,down,up,14,2.0
2019-10-10,-1,-0.344,2,up,1,up,up,up,9,2.0
2019-10-11,1,0.098,1,up,15,down,down,down,40,3.0
2019-10-14,1,0.083,2,up,14,down,down,down,18,3.0
2019-10-15,1,0.484,3,up,13,down,down,down,40,3.0
2019-10-16,1,0.441,4,up,12,down,down,down,18,3.0
2019-10-17,1,0.575,5,up,11,down,down,down,40,3.0
2019-10-18,1,0.405,6,up,10,down,down,down,15,3.0
2019-10-21,1,0.668,7,up,9,down,down,down,40,3.0
2019-10-22,1,0.516,8,up,8,down,down,down,16,3.0
2019-10-23,1,0.618,9,up,7,down,down,down,40,3.0
2019-10-24,1,0.663,10,up,6,down,down,down,40,3.0
2019-10-25,1,0.787,11,up,5,down,down,down,40,3.0
2019-10-28,1,0.972,12,up,4,down,down,down,40,3.0
2019-10-29,1,0.895,13,up,3,down,down,down,18,3.0
2019-10-30,1,0.921,14,up,2,down,down,down,40,3.0
2019-10-31,1,0.726,15,up,1,down,down,down,16,3.0
2019-11-01,2,1.035,1,down,2,down,down,down,1,3.0
2019-11-04,2,1.113,2,down,1,down,down,down,1,3.0
2019-11-05,1,0.941,1,down,19,down,down,down,18,3.0
2019-11-06,1,0.841,2,down,18,down,down,down,17,3.0
2019-11-07,1,0.884,3,down,17,down,down,down,40,3.0
2019-11-08,1,0.899,4,down,16,down,down,down,40,3.0
2019-11-11,1,0.731,5,down,15,down,down,down,17,3.0
2019-11-12,1,0.749,6,down,14,down,down,down,40,3.0
2019-11-13,1,0.689,7,down,13,down,down,down,40,3.0
2019-11-14,1,0.68,8,down,12,down,down,down,40,3.0
2019-11-15,1,0.889,9,down,11,down,down,down,40,3.0
2019-11-18,1,0.837,10,down,10,down,down,down,40,3.0
2019-11-19,1,0.735,11,down,9,down,down,down,18,3.0
2019-11-20,1,0.501,12,down,8,down,down,down,14,3.0
2019-11-21,1,0.363,13,down,7,down,down,down,11,3.0
2019-11-22,1,0.394,14,down,6,down,down,down,13,3.0
2019-11-25,1,0.653,15,down,5,down,down,down,40,3.0
2019-11-26,1,0.677,16,down,4,down,down,down,40,3.0
2019-11-27,1,0.79,17,down,3,down,down,down,40,3.0
2019-11-29,1,0.558,18,down,2,down,down,down,17,3.0
2019-12-02,1,0.151,19,down,1,down,down,down,6,3.0
2019-12-03,-1,-0.158,1,up,1,up,up,up,40,2.0
2019-12-04,1,0.08,1,up,19,down,down,down,4,3.0
2019-12-05,1,0.123,2,up,18,down,down,down,6,3.0
2019-12-06,1,0.471,3,up,17,down,down,down,40,3.0
2019-12-09,1,0.301,4,up,16,down,down,down,18,3.0
2019-12-10,1,0.217,5,up,15,down,down,down,16,3.0
2019-12-11,1,0.302,6,up,14,down,down,down,40,3.0
2019-12-12,1,0.621,7,up,13,down,down,down,40,3.0
2019-12-13,1,0.595,8,up,12,down,down,down,40,3.0
2019-12-16,1,0.841,9,up,11,down,down,down,40,3.0
2019-12-17,1,0.799,10,up,10,down,down,down,40,3.0
2019-12-18,1,0.749,11,up,9,down,down,down,40,3.0
2019-12-19,1,0.861,12,up,8,down,down,down,40,3.0
2019-12-20,1,0.774,13,up,7,down,down,down,18,3.0
2019-12-23,1,0.777,14,up,6,down,down,down,40,3.0
2019-12-24,1,0.735,15,up,5,down,down,down,40,3.0
2019-12-26,1,0.937,16,up,4,down,down,down,40,3.0
2019-12-27,1,0.915,17,up,3,down,down,down,18,3.0
2019-12-30,1,0.644,18,up,2,down,down,down,11,3.0
2019-12-31,1,0.708,19,up,1,down,down,down,14,3.0
2020-01-02,2,1.109,1,down,1,down,down,down,1,3.0
2020-01-03,1,0.597,1,up,6,down,down,down,13,3.0
2020-01-06,1,0.719,2,up,5,down,down,down,40,3.0
2020-01-07,1,0.488,3,up,4,down,down,down,12,3.0
2020-01-08,1,0.716,4,up,3,down,down,down,40,3.0
2020-01-09,1,0.997,5,up,2,down,down,down,40,3.0
2020-01-10,1,0.721,6,up,1,down,down,down,18,3.0
2020-01-13,2,1.029,1,down,1,down,down,down,1,3.0
2020-01-14,1,0.846,1,up,2,down,down,down,18,3.0
2020-01-15,1,0.902,2,up,1,down,down,down,40,3.0
2020-01-16,2,1.292,1,down,5,down,down,down,4,3.0
2020-01-17,2,1.364,2,down,4,down,down,down,4,3.0
2020-01-21,2,1.157,3,down,3,down,down,down,2,3.0
2020-01-22,2,1.071,4,down,2,down,down,down,1,3.0
2020-01-23,2,1.051,5,down,1,down,down,down,1,3.0
2020-01-24,1,0.443,1,down,1,down,down,down,8,3.0
2020-01-27,-1,-0.575,1,up,1,up,down,up,40,2.0
2020-01-28,1,0.043,1,down,1,down,down,down,1,3.0
2020-01-29,-1,-0.063,1,up,1,up,up,up,16,2.0
2020-01-30,1,0.086,1,down,1,down,down,down,3,3.0
2020-01-31,-2,-1.049,1,up,1,up,up,up,4,2.0
2020-02-03,-1,-0.592,1,up,1,up,down,up,18,2.0
2020-02-04,1,0.312,1,up,2,down,down,down,40,3.0
2020-02-05,1,0.939,2,up,1,down,down,down,40,3.0
2020-02-06,2,1.062,1,down,1,down,down,down,1,3.0
2020-02-07,1,0.676,1,up,1,down,down,down,17,3.0
2020-02-10,2,1.065,1,down,8,down,down,down,2,3.0
2020-02-11,2,1.108,2,down,7,down,down,down,2,3.0
2020-02-12,2,1.419,3,down,6,down,down,down,7,3.0
2020-02-13,2,1.266,4,down,5,down,down,down,5,3.0
2020-02-14,2,1.302,5,down,4,down,down,down,5,3.0
2020-02-18,2,1.095,6,down,3,down,down,down,2,3.0
2020-02-19,2,1.332,7,down,2,down,down,down,4,3.0
2020-02-20,2,1.017,8,down,1,down,down,down,1,3.0
2020-02-21,1,0.338,1,down,1,down,down,down,6,3.0
2020-02-24,-2,-1.805,1,down,1,up,up,up,13,2.0
2020-02-25,-3,-3.654,1,up,6,up,up,up,11,2.0
2020-02-26,-3,-3.628,2,up,5,up,up,up,10,2.0
2020-02-27,-3,-5.866,3,up,4,up,up,up,12,2.0
2020-02-28,-3,-5.447,4,up,3,up,up,up,11,2.0
2020-03-02,-3,-2.886,5,up,2,up,up,up,5,2.0
2020-03-03,-3,-4.12,6,up,1,up,up,up,8,2.0
2020-03-04,-2,-1.817,1,down,1,up,up,up,5,2.0
2020-03-05,-3,-3.243,1,up,14,up,up,up,5,2.0
2020-03-06,-3,-3.694,2,up,13,up,up,up,6,2.0
2020-03-09,-3,-6.724,3,up,12,up,up,up,11,2.0
2020-03-10,-3,-3.866,4,up,11,up,up,up,6,2.0
2020-03-11,-3,-5.351,5,up,10,up,up,up,8,2.0
2020-03-12,-3,-7.996,6,up,9,up,up,up,13,2.0
2020-03-13,-3,-4.203,7,up,8,up,up,up,6,2.0
2020-03-16,-3,-7.127,8,up,7,up,up,up,12,2.0
2020-03-17,-3,-4.631,9,up,6,up,up,up,8,2.0
2020-03-18,-3,-5.43,10,up,5,up,up,up,9,2.0
2020-03-19,-3,-4.646,11,up,4,up,up,up,8,2.0
2020-03-20,-3,-5.272,12,up,3,up,up,up,9,2.0
2020-03-23,-3,-5.21,13,up,2,up,up,up,8,2.0
2020-03-24,-3,-2.611,14,up,1,up,up,up,3,2.0
2020-03-25,-2,-1.958,1,up,1,up,up,up,5,2.0
2020-03-26,-1,-0.514,1,down,1,up,down,up,4,2.0
2020-03-27,-2,-1.006,1,up,1,up,up,up,1,2.0
2020-03-30,-1,-0.105,1,up,5,up,up,up,1,2.0
2020-03-31,-1,-0.254,2,up,4,up,up,up,2,2.0
2020-04-01,-1,-0.986,3,up,3,up,down,up,7,2.0
2020-04-02,-1,-0.265,4,up,2,up,up,up,2,2.0
2020-04-03,-1,-0.37,5,up,1,up,up,up,3,2.0
2020-04-06,2,1.039,1,up,5,down,down,down,6,3.0
2020-04-07,2,1.15,2,up,4,down,down,down,5,3.0
2020-04-08,2,1.795,3,up,3,down,down,down,8,3.0
2020-04-09,2,1.956,4,up,2,down,down,down,7,3.0
2020-04-13,2,1.745,5,up,1,down,down,down,6,3.0
2020-04-14,3,2.112,1,down,1,down,down,down,1,2.0
2020-04-15,2,1.607,1,down,4,down,down,down,4,3.0
2020-04-16,2,1.546,2,down,3,down,down,down,4,3.0
2020-04-17,2,1.866,3,down,2,down,down,down,6,3.0
2020-04-20,2,1.339,4,down,1,down,down,down,2,3.0
2020-04-21,1,0.56,1,up,4,down,down,down,8,3.0
2020-04-22,1,0.856,2,up,3,down,down,down,11,3.0
2020-04-23,1,0.737,3,up,2,down,down,down,10,3.0
2020-04-24,1,0.925,4,up,1,down,down,down,40,3.0
2020-04-27,2,1.079,1,down,1,down,down,down,1,3.0
2020-04-28,1,0.904,1,up,1,down,down,down,18,3.0
2020-04-29,2,1.268,1,down,1,down,down,down,2,3.0
2020-04-30,1,0.937,1,down,9,down,down,down,18,3.0
2020-05-01,1,0.309,2,down,8,down,down,down,6,3.0
2020-05-04,1,0.239,3,down,7,down,down,down,8,3.0
2020-05-05,1,0.345,4,down,6,down,down,down,12,3.0
2020-05-06,1,0.143,5,down,5,down,down,down,9,3.0
2020-05-07,1,0.333,6,down,4,down,down,down,40,3.0
2020-05-08,1,0.604,7,down,3,down,down,down,40,3.0
2020-05-11,1,0.55,8,down,2,down,down,down,40,3.0
2020-05-12,1,0.145,9,down,1,down,down,down,6,3.0
2020-05-13,-1,-0.226,1,up,2,up,up,up,40,2.0
2020-05-14,-1,-0.007,2,up,1,up,up,up,17,2.0
2020-05-15,1,0.085,1,up,12,down,down,down,3,3.0
2020-05-18,1,0.628,2,up,11,down,down,down,40,3.0
2020-05-19,1,0.362,3,up,10,down,down,down,18,3.0
2020-05-20,1,0.629,4,up,9,down,down,down,40,3.0
2020-05-21,1,0.441,5,up,8,down,down,down,18,3.0
2020-05-22,1,0.436,6,up,7,down,down,down,17,3.0
2020-05-26,1,0.633,7,up,6,down,down,down,40,3.0
2020-05-27,1,0.856,8,up,5,down,down,down,40,3.0
2020-05-28,1,0.788,9,up,4,down,down,down,18,3.0
2020-05-29,1,0.827,10,up,3,down,down,down,40,3.0
2020-06-01,1,0.829,11,up,2,down,down,down,40,3.0
2020-06-02,1,0.905,12,up,1,down,down,down,40,3.0
2020-06-03,2,1.069,1,down,1,down,down,down,1,3.0
2020-06-04,1,0.933,1,up,1,down,down,down,18,3.0
2020-06-05,2,1.302,1,down,3,down,down,down,4,3.0
2020-06-08,2,1.423,2,down,2,down,down,down,4,3.0
2020-06-09,2,1.196,3,down,1,down,down,down,2,3.0
2020-06-10,1,0.992,1,down,1,down,down,down,16,3.0
2020-06-11,-1,-0.206,1,up,2,up,up,up,40,2.0
2020-06-12,-1,-0.034,2,up,1,up,up,up,18,2.0
2020-06-15,1,0.081,1,down,4,down,down,down,2,3.0
2020-06-16,1,0.393,2,down,3,down,down,down,10,3.0
2020-06-17,1,0.251,3,down,2,down,down,down,7,3.0
2020-06-18,1,0.212,4,down,1,down,down,down,6,3.0
2020-06-19,-1,-0.028,1,up,1,up,up,up,13,2.0
2020-06-22,1,0.049,1,down,2,down,down,down,2,3.0
2020-06-23,1,0.098,2,down,1,down,down,down,4,3.0
2020-06-24,-1,-0.415,1,up,5,up,down,up,40,2.0
2020-06-25,-1,-0.217,2,up,4,up,up,up,18,2.0
2020-06-26,-1,-0.685,3,up,3,up,down,up,40,2.0
2020-06-29,-1,-0.387,4,up,2,up,up,up,16,2.0
2020-06-30,-1,-0.135,5,up,1,up,up,up,5,2.0
2020-07-01,1,0.007,1,down,46,down,down,down,40,3.0
2020-07-02,1,0.112,2,down,45,down,down,down,40,3.0
2020-07-06,1,0.415,3,down,44,down,down,down,40,3.0
2020-07-07,1,0.245,4,down,43,down,down,down,17,3.0
2020-07-08,1,0.406,5,down,42,down,down,down,40,3.0
2020-07-09,1,0.311,6,down,41,down,down,down,15,3.0
2020-07-10,1,0.453,7,down,40,down,down,down,40,3.0
2020-07-13,1,0.253,8,down,39,down,down,down,13,3.0
2020-07-14,1,0.464,9,down,38,down,down,down,40,3.0
2020-07-15,1,0.611,10,down,37,down,down,down,40,3.0
2020-07-16,1,0.52,11,down,36,down,down,down,18,3.0
2020-07-17,1,0.545,12,down,35,down,down,down,40,3.0
2020-07-20,1,0.65,13,down,34,down,down,down,40,3.0
2020-07-21,1,0.646,14,down,33,down,down,down,40,3.0
2020-07-22,1,0.708,15,down,32,down,down,down,40,3.0
2020-07-23,1,0.423,16,down,31,down,down,down,13,3.0
2020-07-24,1,0.258,17,down,30,down,down,down,9,3.0
2020-07-27,1,0.328,18,down,29,down,down,down,13,3.0
2020-07-28,1,0.154,19,down,28,down,down,down,7,3.0
2020-07-29,1,0.34,20,down,27,down,down,down,40,3.0
2020-07-30,1,0.23,21,down,26,down,down,down,18,3.0
2020-07-31,1,0.339,22,down,25,down,down,down,40,3.0
2020-08-03,1,0.436,23,down,24,down,down,down,40,3.0
2020-08-04,1,0.461,24,down,23,down,down,down,40,3.0
2020-08-05,1,0.532,25,down,22,down,down,down,40,3.0
2020-08-06,1,0.6,26,down,21,down,down,down,40,3.0
2020-08-07,1,0.565,27,down,20,down,down,down,40,3.0
2020-08-10,1,0.561,28,down,19,down,down,down,40,3.0
2020-08-11,1,0.362,29,down,18,down,down,down,14,3.0
2020-08-12,1,0.581,30,down,17,down,down,down,40,3.0
2020-08-13,1,0.5,31,down,16,down,down,down,18,3.0
2020-08-14,1,0.457,32,down,15,down,down,down,17,3.0
2020-08-17,1,0.478,33,down,14,down,down,down,40,3.0
2020-08-18,1,0.48,34,down,13,down,down,down,40,3.0
2020-08-19,1,0.371,35,down,12,down,down,down,14,3.0
2020-08-20,1,0.386,36,down,11,down,down,down,40,3.0
2020-08-21,1,0.4,37,down,10,down,down,down,40,3.0
2020-08-24,1,0.536,38,down,9,down,down,down,40,3.0
2020-08-25,1,0.537,39,down,8,down,down,down,40,3.0
2020-08-26,1,0.662,40,down,7,down,down,down,40,3.0
2020-08-27,1,0.635,41,down,6,down,down,down,40,3.0
2020-08-28,1,0.689,42,down,5,down,down,down,40,3.0
2020-08-31,1,0.563,43,down,4,down,down,down,17,3.0
2020-09-01,1,0.677,44,down,3,down,down,down,40,3.0
2020-09-02,1,0.875,45,down,2,down,down,down,40,3.0
2020-09-03,1,0.18,46,down,1,down,down,down,7,3.0
2020-09-04,-1,-0.002,1,down,12,up,up,up,40,2.0
2020-09-08,-1,-0.542,2,down,11,up,down,up,40,2.0
2020-09-09,-1,-0.175,3,down,10,up,up,up,17,2.0
2020-09-10,-1,-0.512,4,down,9,up,down,up,40,2.0
2020-09-11,-1,-0.493,5,down,8,up,down,up,18,2.0
2020-09-14,-1,-0.238,6,down,7,up,up,up,13,2.0
2020-09-15,-1,-0.146,7,down,6,up,up,up,12,2.0
2020-09-16,-1,-0.225,8,down,5,up,up,up,11,2.0
2020-09-17,-1,-0.395,9,down,4,up,up,up,40,2.0
2020-09-18,-1,-0.684,10,down,3,up,down,up,40,2.0
2020-09-21,-1,-0.873,11,down,2,up,down,up,40,2.0
2020-09-22,-1,-0.63,12,down,1,up,down,up,17,2.0
2020-09-23,-2,-1.039,1,up,1,up,up,up,1,2.0
2020-09-24,-1,-0.911,1,up,5,up,down,up,18,2.0
2020-09-25,-1,-0.531,2,up,4,up,down,up,13,2.0
2020-09-28,-1,-0.159,3,up,3,up,up,up,3,2.0
2020-09-29,-1,-0.216,4,up,2,up,up,up,6,2.0
2020-09-30,-1,-0.018,5,up,1,up,up,up,1,2.0
2020-10-01,1,0.164,1,down,17,down,down,down,40,3.0
2020-10-02,1,0.014,2,down,16,down,down,down,15,3.0
2020-10-05,1,0.359,3,down,15,down,down,down,40,3.0
2020-10-06,1,0.08,4,down,14,down,down,down,13,3.0
2020-10-07,1,0.407,5,down,13,down,down,down,40,3.0
2020-10-08,1,0.546,6,down,12,down,down,down,40,3.0
2020-10-09,1,0.676,7,down,11,down,down,down,40,3.0
2020-10-12,1,0.933,8,down,10,down,down,down,40,3.0
2020-10-13,1,0.784,9,down,9,down,down,down,18,3.0
2020-10-14,1,0.641,10,down,8,down,down,down,15,3.0
2020-10-15,1,0.585,11,down,7,down,down,down,14,3.0
2020-10-16,1,0.527,12,down,6,down,down,down,13,3.0
2020-10-19,1,0.196,13,down,5,down,down,down,5,3.0
2020-10-20,1,0.235,14,down,4,down,down,down,6,3.0
2020-10-21,1,0.142,15,down,3,down,down,down,4,3.0
2020-10-22,1,0.188,16,down,2,down,down,down,7,3.0
2020-10-23,1,0.205,17,down,1,down,down,down,7,3.0
2020-10-26,-1,-0.169,1,up,7,up,up,up,40,2.0
2020-10-27,-1,-0.253,2,up,6,up,up,up,40,2.0
2020-10-28,-1,-0.919,3,up,5,up,down,up,40,2.0
2020-10-29,-1,-0.695,4,up,4,up,down,up,18,2.0
2020-10-30,-1,-0.882,5,up,3,up,down,up,40,2.0
2020-11-02,-1,-0.631,6,up,2,up,down,up,16,2.0
2020-11-03,-1,-0.29,7,up,1,up,up,up,10,2.0
2020-11-04,1,0.128,1,down,40,down,down,down,40,3.0
2020-11-05,1,0.475,2,down,39,down,down,down,40,3.0
2020-11-06,1,0.462,3,down,38,down,down,down,18,3.0
2020-11-09,1,0.688,4,down,37,down,down,down,40,3.0
2020-11-10,1,0.65,5,down,36,down,down,down,18,3.0
2020-11-11,1,0.762,6,down,35,down,down,down,40,3.0
2020-11-12,1,0.567,7,down,34,down,down,down,15,3.0
2020-11-13,1,0.791,8,down,33,down,down,down,40,3.0
2020-11-16,1,0.961,9,down,32,down,down,down,40,3.0
2020-11-17,1,0.817,10,down,31,down,down,down,18,3.0
2020-11-18,1,0.558,11,down,30,down,down,down,12,3.0
2020-11-19,1,0.6,12,down,29,down,down,down,13,3.0
2020-11-20,1,0.447,13,down,28,down,down,down,8,3.0
2020-11-23,1,0.509,14,down,27,down,down,down,11,3.0
2020-11-24,1,0.738,15,down,26,down,down,down,40,3.0
2020-11-25,1,0.614,16,down,25,down,down,down,18,3.0
2020-11-27,1,0.577,17,down,24,down,down,down,40,3.0
2020-11-30,1,0.402,18,down,23,down,down,down,16,3.0
2020-12-01,1,0.51,19,down,22,down,down,down,40,3.0
2020-12-02,1,0.469,20,down,21,down,down,down,40,3.0
2020-12-03,1,0.404,21,down,20,down,down,down,18,3.0
2020-12-04,1,0.512,22,down,19,down,down,down,40,3.0
2020-12-07,1,0.425,23,down,18,down,down,down,18,3.0
2020-12-08,1,0.439,24,down,17,down,down,down,40,3.0
2020-12-09,1,0.238,25,down,16,down,down,down,12,3.0
2020-12-10,1,0.206,26,down,15,down,down,down,10,3.0
2020-12-11,1,0.15,27,down,14,down,down,down,8,3.0
2020-12-14,1,0.048,28,down,13,down,down,down,4,3.0
2020-12-15,1,0.283,29,down,12,down,down,down,40,3.0
2020-12-16,1,0.287,30,down,11,down,down,down,40,3.0
2020-12-17,1,0.351,31,down,10,down,down,down,40,3.0
2020-12-18,1,0.167,32,down,9,down,down,down,16,3.0
2020-12-21,1,0.067,33,down,8,down,down,down,5,3.0
2020-12-22,1,0.01,34,down,7,down,down,down,1,3.0
2020-12-23,1,0.015,35,down,6,down,down,down,2,3.0
2020-12-24,1,0.073,36,down,5,down,down,down,12,3.0
2020-12-28,1,0.212,37,down,4,down,down,down,40,3.0
2020-12-29,1,0.152,38,down,3,down,down,down,18,3.0
2020-12-30,1,0.164,39,down,2,down,down,down,40,3.0
2020-12-31,1,0.241,40,down,1,down,down,down,40,3.0
2021-01-04,-1,-0.023,1,up,1,up,up,up,40,2.0
2021-01-05,1,0.103,1,down,15,down,down,down,14,3.0
2021-01-06,1,0.204,2,down,14,down,down,down,40,3.0
2021-01-07,1,0.457,3,down,13,down,down,down,40,3.0
2021-01-08,1,0.526,4,down,12,down,down,down,40,3.0
2021-01-11,1,0.371,5,down,11,down,down,down,17,3.0
2021-01-12,1,0.344,6,down,10,down,down,down,16,3.0
2021-01-13,1,0.356,7,down,9,down,down,down,40,3.0
2021-01-14,1,0.268,8,down,8,down,down,down,13,3.0
2021-01-15,1,0.116,9,down,7,down,down,down,8,3.0
2021-01-19,1,0.247,10,down,6,down,down,down,12,3.0
2021-01-20,1,0.467,11,down,5,down,down,down,40,3.0
2021-01-21,1,0.443,12,down,4,down,down,down,40,3.0
2021-01-22,1,0.339,13,down,3,down,down,down,17,3.0
2021-01-25,1,0.37,14,down,2,down,down,down,40,3.0
2021-01-26,1,0.305,15,down,1,down,down,down,15,3.0
2021-01-27,-1,-0.17,1,up,4,up,up,up,40,2.0
2021-01-28,-1,-0.022,2,up,3,up,up,up,18,2.0
2021-01-29,-1,-0.405,3,up,2,up,up,up,40,2.0
2021-02-01,-1,-0.093,4,up,1,up,up,up,16,2.0
2021-02-02,1,0.141,1,down,16,down,down,down,40,3.0
2021-02-03,1,0.13,2,down,15,down,down,down,40,3.0
2021-02-04,1,0.311,3,down,14,down,down,down,40,3.0
2021-02-05,1,0.363,4,down,13,down,down,down,40,3.0
2021-02-08,1,0.474,5,down,12,down,down,down,40,3.0
2021-02-09,1,0.433,6,down,11,down,down,down,18,3.0
2021-02-10,1,0.398,7,down,10,down,down,down,17,3.0
2021-02-11,1,0.401,8,down,9,down,down,down,40,3.0
2021-02-12,1,0.458,9,down,8,down,down,down,40,3.0
2021-02-16,1,0.402,10,down,7,down,down,down,18,3.0
2021-02-17,1,0.373,11,down,6,down,down,down,17,3.0
2021-02-18,1,0.277,12,down,5,down,down,down,11,3.0
2021-02-19,1,0.23,13,down,4,down,down,down,9,3.0
2021-02-22,1,0.074,14,down,3,down,down,down,5,3.0
2021-02-23,1,0.089,15,down,2,down,down,down,4,3.0
2021-02-24,1,0.276,16,down,1,down,down,down,40,3.0
2021-02-25,-1,-0.206,1,up,2,up,up,up,40,2.0
2021-02-26,-1,-0.312,2,up,1,up,up,up,40,2.0
2021-03-01,1,0.098,1,down,1,down,down,down,40,3.0
2021-03-02,-1,-0.077,1,up,6,up,up,up,13,2.0
2021-03-03,-1,-0.337,2,up,5,up,up,up,40,2.0
2021-03-04,-1,-0.574,3,up,4,up,down,up,40,2.0
2021-03-05,-1,-0.207,4,up,3,up,up,up,13,2.0
2021-03-08,-1,-0.292,5,up,2,up,up,up,16,2.0
2021-03-09,-1,-0.004,6,up,1,up,up,up,1,2.0
2021-03-10,1,0.12,1,down,10,down,down,down,40,3.0
2021-03-11,1,0.309,2,down,9,down,down,down,40,3.0
2021-03-12,1,0.334,3,down,8,down,down,down,40,3.0
2021-03-15,1,0.446,4,down,7,down,down,down,40,3.0
2021-03-16,1,0.419,5,down,6,down,down,down,18,3.0
2021-03-17,1,0.503,6,down,5,down,down,down,40,3.0
2021-03-18,1,0.188,7,down,4,down,down,down,11,3.0
2021-03-19,1,0.081,8,down,3,down,down,down,8,3.0
2021-03-22,1,0.264,9,down,2,down,down,down,10,3.0
2021-03-23,1,0.065,10,down,1,down,down,down,6,3.0
2021-03-24,-1,-0.06,1,up,1,up,up,up,40,2.0
2021-03-25,1,0.08,1,up,6,down,down,down,4,3.0
2021-03-26,1,0.596,2,up,5,down,down,down,40,3.0
2021-03-29,1,0.578,3,up,4,down,down,down,18,3.0
2021-03-30,1,0.453,4,up,3,down,down,down,17,3.0
2021-03-31,1,0.539,5,up,2,down,down,down,40,3.0
2021-04-01,1,0.85,6,up,1,down,down,down,40,3.0
2021-04-05,2,1.295,1,down,11,down,down,down,3,3.0
2021-04-06,2,1.153,2,down,10,down,down,down,2,3.0
2021-04-07,2,1.116,3,down,9,down,down,down,2,3.0
2021-04-08,2,1.211,4,down,8,down,down,down,4,3.0
2021-04-09,2,1.413,5,down,7,down,down,down,6,3.0
2021-04-12,2,1.343,6,down,6,down,down,down,5,3.0
2021-04-13,2,1.383,7,down,5,down,down,down,4,3.0
2021-04-14,2,1.187,8,down,4,down,down,down,3,3.0
2021-04-15,2,1.556,9,down,3,down,down,down,5,3.0
2021-04-16,2,1.584,10,down,2,down,down,down,5,3.0
2021-04-19,2,1.278,11,down,1,down,down,down,3,3.0
2021-04-20,1,0.866,1,up,1,down,down,down,10,3.0
2021-04-21,2,1.154,1,down,1,down,down,down,1,3.0
2021-04-22,1,0.619,1,down,13,down,down,down,8,3.0
2021-04-23,1,0.975,2,down,12,down,down,down,40,3.0
2021-04-26,1,0.95,3,down,11,down,down,down,40,3.0
2021-04-27,1,0.819,4,down,10,down,down,down,18,3.0
2021-04-28,1,0.677,5,down,9,down,down,down,17,3.0
2021-04-29,1,0.844,6,down,8,down,down,down,40,3.0
2021-04-30,1,0.438,7,down,7,down,down,down,14,3.0
2021-05-03,1,0.475,8,down,6,down,down,down,16,3.0
2021-05-04,1,0.121,9,down,5,down,down,down,4,3.0
2021-05-05,1,0.083,10,down,4,down,down,down,3,3.0
2021-05-06,1,0.411,11,down,3,down,down,down,19,3.0
2021-05-07,1,0.703,12,down,2,down,down,down,40,3.0
2021-05-10,1,0.179,13,down,1,down,down,down,8,3.0
2021-05-11,-1,-0.272,1,down,1,up,up,up,40,2.0
2021-05-12,-2,-1.3,1,up,1,up,up,up,6,2.0
2021-05-13,-1,-0.67,1,up,1,up,down,up,17,2.0
2021-05-14,1,0.082,1,down,1,down,down,down,40,3.0
2021-05-17,-1,-0.044,1,up,5,up,up,up,9,2.0
2021-05-18,-1,-0.467,2,up,4,up,down,up,40,2.0
2021-05-19,-1,-0.564,3,up,3,up,down,up,40,2.0
2021-05-20,-1,-0.058,4,up,2,up,up,up,5,2.0
2021-05-21,-1,-0.087,5,up,1,up,up,up,5,2.0
2021-05-24,1,0.396,1,down,18,down,down,down,40,3.0
2021-05-25,1,0.285,2,down,17,down,down,down,18,3.0
2021-05-26,1,0.371,3,down,16,down,down,down,19,3.0
2021-05-27,1,0.401,4,down,15,down,down,down,40,3.0
2021-05-28,1,0.473,5,down,14,down,down,down,40,3.0
2021-06-01,1,0.423,6,down,13,down,down,down,18,3.0
2021-06-02,1,0.474,7,down,12,down,down,down,40,3.0
2021-06-03,1,0.275,8,down,11,down,down,down,11,3.0
2021-06-04,1,0.703,9,down,10,down,down,down,40,3.0
2021-06-07,1,0.659,10,down,9,down,down,down,18,3.0
2021-06-08,1,0.649,11,down,8,down,down,down,17,3.0
2021-06-09,1,0.534,12,down,7,down,down,down,16,3.0
2021-06-10,1,0.667,13,down,6,down,down,down,40,3.0
2021-06-11,1,0.679,14,down,5,down,down,down,40,3.0
2021-06-14,1,0.751,15,down,4,down,down,down,40,3.0
2021-06-15,1,0.604,16,down,3,down,down,down,17,3.0
2021-06-16,1,0.242,17,down,2,down,down,down,8,3.0
2021-06-17,1,0.154,18,down,1,down,down,down,6,3.0
2021-06-18,-1,-0.752,1,up,2,up,down,up,40,2.0
2021-06-21,-1,-0.023,2,up,1,up,up,up,16,2.0
2021-06-22,1,0.237,1,up,8,down,down,down,40,3.0
2021-06-23,1,0.145,2,up,7,down,down,down,18,3.0
2021-06-24,1,0.421,3,up,6,down,down,down,40,3.0
2021-06-25,1,0.564,4,up,5,down,down,down,40,3.0
2021-06-28,1,0.624,5,up,4,down,down,down,40,3.0
2021-06-29,1,0.606,6,up,3,down,down,down,19,3.0
2021-06-30,1,0.604,7,up,2,down,down,down,40,3.0
2021-07-01,1,0.835,8,up,1,down,down,down,19,3.0
2021-07-02,2,1.18,1,down,3,down,down,down,3,3.0
2021-07-06,2,1.016,2,down,2,down,down,down,1,3.0
2021-07-07,2,1.129,3,down,1,down,down,down,2,3.0
2021-07-08,1,0.626,1,up,1,down,down,down,13,3.0
2021-07-09,2,1.127,1,down,2,down,down,down,2,3.0
2021-07-12,2,1.238,2,down,1,down,down,down,3,3.0
2021-07-13,1,0.989,1,down,4,down,down,down,17,3.0
2021-07-14,1,0.995,2,down,3,down,down,down,17,3.0
2021-07-15,1,0.73,3,down,2,down,down,down,13,3.0
2021-07-16,1,0.239,4,down,1,down,down,down,4,3.0
2021-07-19,-1,-0.648,1,up,1,up,down,up,40,2.0
2021-07-20,1,0.074,1,down,21,down,down,down,2,3.0
2021-07-21,1,0.444,2,down,20,down,down,down,19,3.0
2021-07-22,1,0.478,3,down,19,down,down,down,40,3.0
2021-07-23,1,0.945,4,down,18,down,down,down,19,3.0
2021-07-26,1,0.991,5,down,17,down,down,down,40,3.0
2021-07-27,1,0.67,6,down,16,down,down,down,17,3.0
2021-07-28,1,0.577,7,down,15,down,down,down,15,3.0
2021-07-29,1,0.726,8,down,14,down,down,down,40,3.0
2021-07-30,1,0.405,9,down,13,down,down,down,13,3.0
2021-08-02,1,0.264,10,down,12,down,down,down,10,3.0
2021-08-03,1,0.661,11,down,11,down,down,down,40,3.0
2021-08-04,1,0.359,12,down,10,down,down,down,10,3.0
2021-08-05,1,0.64,13,down,9,down,down,down,40,3.0
2021-08-06,1,0.687,14,down,8,down,down,down,40,3.0
2021-08-09,1,0.611,15,down,7,down,down,down,18,3.0
2021-08-10,1,0.636,16,down,6,down,down,down,19,3.0
2021-08-11,1,0.728,17,down,5,down,down,down,40,3.0
2021-08-12,1,0.83,18,down,4,down,down,down,40,3.0
2021-08-13,1,0.84,19,down,3,down,down,down,40,3.0
2021-08-16,1,0.832,20,down,2,down,down,down,40,3.0
2021-08-17,1,0.384,21,down,1,down,down,down,12,3.0
2021-08-18,-1,-0.268,1,up,2,up,up,up,40,2.0
2021-08-19,-1,-0.208,2,up,1,up,up,up,18,2.0
2021-08-20,1,0.218,1,down,14,down,down,down,11,3.0
2021-08-23,1,0.671,2,down,13,down,down,down,40,3.0
2021-08-24,1,0.703,3,down,12,down,down,down,40,3.0
2021-08-25,1,0.757,4,down,11,down,down,down,40,3.0
2021-08-26,1,0.39,5,down,10,down,down,down,15,3.0
2021-08-27,1,0.817,6,down,9,down,down,down,40,3.0
2021-08-30,1,0.971,7,down,8,down,down,down,40,3.0
2021-08-31,1,0.826,8,down,7,down,down,down,18,3.0
2021-09-01,1,0.777,9,down,6,down,down,down,17,3.0
2021-09-02,1,0.882,10,down,5,down,down,down,19,3.0
2021-09-03,1,0.802,11,down,4,down,down,down,18,3.0
2021-09-07,1,0.541,12,down,3,down,down,down,13,3.0
2021-09-08,1,0.422,13,down,2,down,down,down,10,3.0
2021-09-09,1,0.139,14,down,1,down,down,down,5,3.0
2021-09-10,-1,-0.326,1,down,6,up,up,up,40,2.0
2021-09-13,-1,-0.182,2,down,5,up,up,up,18,2.0
2021-09-14,-1,-0.484,3,down,4,up,down,up,40,2.0
2021-09-15,-1,-0.018,4,down,3,up,up,up,14,2.0
2021-09-16,-1,-0.167,5,down,2,up,up,up,14,2.0
2021-09-17,-1,-0.959,6,down,1,up,down,up,40,2.0
2021-09-20,-2,-1.904,1,up,3,up,up,up,9,2.0
2021-09-21,-2,-1.853,2,up,2,up,up,up,8,2.0
2021-09-22,-2,-1.201,3,up,1,up,up,up,3,2.0
2021-09-23,-1,-0.451,1,down,3,up,down,up,9,2.0
2021-09-24,-1,-0.344,2,down,2,up,up,up,7,2.0
2021-09-27,-1,-0.471,3,down,1,up,down,up,8,2.0
2021-09-28,-2,-1.64,1,down,2,up,up,up,5,2.0
2021-09-29,-2,-1.434,2,down,1,up,up,up,4,2.0
2021-09-30,-3,-2.062,1,up,1,up,up,up,1,2.0
2021-10-01,-2,-1.153,1,up,2,up,up,up,2,2.0
2021-10-04,-2,-1.797,2,up,1,up,up,up,6,2.0
2021-10-05,-1,-0.998,1,up,7,up,down,up,14,2.0
2021-10-06,-1,-0.621,2,up,6,up,down,up,12,2.0
2021-10-07,-1,-0.011,3,up,5,up,up,up,1,2.0
2021-10-08,-1,-0.071,4,up,4,up,up,up,2,2.0
2021-10-11,-1,-0.437,5,up,3,up,down,up,10,2.0
2021-10-12,-1,-0.515,6,up,2,up,down,up,40,2.0
2021-10-13,-1,-0.202,7,up,1,up,up,up,7,2.0
2021-10-14,1,0.861,1,up,1,down,down,down,40,3.0
2021-10-15,2,1.307,1,up,6,down,down,down,7,3.0
2021-10-18,2,1.405,2,up,5,down,down,down,7,3.0
2021-10-19,2,1.762,3,up,4,down,down,down,9,3.0
2021-10-20,2,1.901,4,up,3,down,down,down,8,3.0
2021-10-21,2,1.986,5,up,2,down,down,down,8,3.0
2021-10-22,2,1.852,6,up,1,down,down,down,7,3.0
2021-10-25,3,2.08,1,down,1,down,down,down,1,2.0
2021-10-26,2,1.974,1,up,6,down,down,down,7,3.0
2021-10-27,2,1.567,2,up,5,down,down,down,4,3.0
2021-10-28,2,1.943,3,up,4,down,down,down,6,3.0
2021-10-29,2,1.895,4,up,3,down,down,down,6,3.0
2021-11-01,2,1.788,5,up,2,down,down,down,5,3.0
2021-11-02,2,1.881,6,up,1,down,down,down,5,3.0
2021-11-03,3,2.08,1,down,4,down,down,down,1,2.0
2021-11-04,3,2.227,2,down,3,down,down,down,2,2.0
2021-11-05,3,2.259,3,down,2,down,down,down,2,2.0
2021-11-08,3,2.075,4,down,1,down,down,down,1,2.0
2021-11-09,2,1.616,1,down,1,down,down,down,4,3.0
2021-11-10,1,0.882,1,up,2,down,down,down,10,3.0
2021-11-11,1,0.751,2,up,1,down,down,down,9,3.0
2021-11-12,2,1.1,1,down,1,down,down,down,1,3.0
2021-11-15,1,0.981,1,up,1,down,down,down,19,3.0
2021-11-16,2,1.118,1,down,1,down,down,down,1,3.0
2021-11-17,1,0.842,1,down,6,down,down,down,17,3.0
2021-11-18,1,0.962,2,down,5,down,down,down,40,3.0
2021-11-19,1,0.735,3,down,4,down,down,down,16,3.0
2021-11-22,1,0.453,4,down,3,down,down,down,12,3.0
2021-11-23,1,0.455,5,down,2,down,down,down,12,3.0
2021-11-24,1,0.528,6,down,1,down,down,down,19,3.0
2021-11-26,-2,-1.088,1,up,1,up,up,up,5,2.0
2021-11-29,-1,-0.255,1,down,1,up,up,up,17,2.0
2021-11-30,-2,-1.631,1,down,1,up,up,up,8,2.0
2021-12-01,-3,-2.326,1,up,1,up,up,up,3,2.0
2021-12-02,-2,-1.176,1,up,2,up,up,up,3,2.0
2021-12-03,-2,-1.68,2,up,1,up,up,up,7,2.0
2021-12-06,-1,-0.776,1,up,1,up,down,up,12,2.0
2021-12-07,1,0.646,1,down,5,down,down,down,40,3.0
2021-12-08,1,0.813,2,down,4,down,down,down,40,3.0
2021-12-09,1,0.327,3,down,3,down,down,down,17,3.0
2021-12-10,1,0.923,4,down,2,down,down,down,40,3.0
2021-12-13,1,0.314,5,down,1,down,down,down,14,3.0
2021-12-14,-1,-0.136,1,up,1,up,up,up,4,2.0
2021-12-15,1,0.929,1,down,2,down,down,down,40,3.0
2021-12-16,1,0.329,2,down,1,down,down,down,11,3.0
2021-12-17,-1,-0.587,1,down,1,up,down,up,40,2.0
2021-12-20,-2,-1.227,1,up,1,up,up,up,3,2.0
2021-12-21,1,0.034,1,up,2,down,down,down,6,3.0
2021-12-22,1,0.722,2,up,1,down,down,down,19,3.0
2021-12-23,2,1.136,1,down,8,down,down,down,3,3.0
2021-12-27,2,1.945,2,down,7,down,down,down,7,3.0
2021-12-28,2,1.798,3,down,6,down,down,down,6,3.0
2021-12-29,2,1.722,4,down,5,down,down,down,6,3.0
2021-12-30,2,1.351,5,down,4,down,down,down,3,3.0
2021-12-31,2,1.054,6,down,3,down,down,down,1,3.0
2022-01-03,2,1.267,7,down,2,down,down,down,4,3.0
2022-01-04,2,1.11,8,down,1,down,down,down,2,3.0
2022-01-05,-1,-0.208,1,up,4,up,up,up,40,2.0
2022-01-06,-1,-0.261,2,up,3,up,up,up,40,2.0
2022-01-07,-1,-0.53,3,up,2,up,down,up,40,2.0
2022-01-10,-1,-0.576,4,up,1,up,down,up,40,2.0
2022-01-11,1,0.02,1,down,2,down,down,down,1,3.0
2022-01-12,1,0.148,2,down,1,down,down,down,4,3.0
2022-01-13,-1,-0.757,1,down,2,up,down,up,40,2.0
2022-01-14,-1,-0.714,2,down,1,up,down,up,18,2.0
2022-01-18,-2,-1.906,1,down,1,up,up,up,9,2.0
2022-01-19,-3,-2.558,1,up,7,up,up,up,5,2.0
2022-01-20,-3,-3.121,2,up,6,up,up,up,6,2.0
2022-01-21,-3,-4.076,3,up,5,up,up,up,8,2.0
2022-01-24,-3,-3.482,4,up,4,up,up,up,6,2.0
2022-01-25,-3,-3.834,5,up,3,up,up,up,7,2.0
2022-01-26,-3,-3.587,6,up,2,up,up,up,6,2.0
2022-01-27,-3,-3.482,7,up,1,up,up,up,6,2.0
2022-01-28,-2,-1.851,1,up,1,up,up,up,5,2.0
2022-01-31,-1,-0.712,1,up,2,up,down,up,6,2.0
2022-02-01,-1,-0.198,2,up,1,up,up,up,2,2.0
2022-02-02,1,0.444,1,down,1,down,down,down,40,3.0
2022-02-03,-1,-0.716,1,up,3,up,down,up,6,2.0
2022-02-04,-1,-0.343,2,up,2,up,up,up,4,2.0
2022-02-07,-1,-0.404,3,up,1,up,up,up,4,2.0
2022-02-08,1,0.127,1,down,3,down,down,down,19,3.0
2022-02-09,1,0.977,2,down,2,down,down,up,1,3.0
2022-02-10,1,0.137,3,down,1,down,down,down,10,3.0
2022-02-11,-1,-0.801,1,up,2,up,down,up,40,2.0
2022-02-14,-1,-0.822,2,up,1,up,down,up,40,2.0
2022-02-15,1,0.112,1,down,2,down,down,down,5,3.0
2022-02-16,1,0.204,2,down,1,down,down,down,5,3.0
2022-02-17,-1,-0.913,1,down,1,up,down,up,40,2.0
2022-02-18,-2,-1.245,1,down,2,up,up,up,7,2.0
2022-02-22,-2,-1.766,2,down,1,up,up,up,9,2.0
2022-02-23,-3,-2.642,1,up,1,up,up,up,6,2.0
2022-02-24,-2,-1.776,1,up,1,up,up,up,7,2.0
2022-02-25,-1,-0.647,1,down,2,up,down,up,9,2.0
2022-02-28,-1,-0.75,2,down,1,up,down,up,9,2.0
2022-03-01,-2,-1.441,1,up,1,up,up,up,4,2.0
2022-03-02,-1,-0.389,1,down,3,up,up,up,6,2.0
2022-03-03,-1,-0.521,2,down,2,up,down,up,7,2.0
2022-03-04,-1,-0.862,3,down,1,up,down,up,40,2.0
2022-03-07,-3,-2.26,1,up,2,up,up,up,2,2.0
2022-03-08,-3,-2.458,2,up,1,up,up,up,2,2.0
2022-03-09,-1,-0.923,1,down,2,up,down,up,15,2.0
2022-03-10,-1,-0.966,2,down,1,up,down,up,15,2.0
2022-03-11,-2,-1.448,1,up,2,up,up,up,4,2.0
2022-03-14,-2,-1.677,2,up,1,up,up,up,5,2.0
2022-03-15,-1,-0.485,1,up,1,up,down,up,9,2.0
2022-03-16,1,0.675,1,up,1,down,down,down,40,3.0
2022-03-17,2,1.317,1,up,3,down,down,down,6,3.0
2022-03-18,2,1.65,2,up,2,down,down,down,10,3.0
2022-03-21,2,1.575,3,up,1,down,down,down,9,3.0
2022-03-22,3,2.01,1,down,1,down,down,down,1,2.0
2022-03-23,2,1.264,1,up,3,down,down,down,5,3.0
2022-03-24,2,1.849,2,up,2,down,down,down,8,3.0
2022-03-25,2,1.985,3,up,1,down,down,down,8,3.0
2022-03-28,3,2.196,1,down,3,down,down,down,2,2.0
2022-03-29,3,2.567,2,down,2,down,down,down,4,2.0
2022-03-30,3,2.161,3,down,1,down,down,down,2,2.0
2022-03-31,2,1.363,1,down,3,down,down,down,3,3.0
2022-04-01,2,1.381,2,down,2,down,down,down,3,3.0
2022-04-04,2,1.573,3,down,1,down,down,down,4,3.0
2022-04-05,1,0.806,1,down,4,down,down,down,6,3.0
2022-04-06,1,0.236,2,down,3,down,down,down,2,3.0
2022-04-07,1,0.351,3,down,2,down,down,down,3,3.0
2022-04-08,1,0.078,4,down,1,down,down,down,1,3.0
2022-04-11,-1,-0.875,1,down,1,up,down,up,40,2.0
2022-04-12,-2,-1.123,1,up,1,up,up,up,5,2.0
2022-04-13,-1,-0.612,1,down,1,up,down,up,16,2.0
2022-04-14,-2,-1.206,1,up,2,up,up,up,5,2.0
2022-04-18,-2,-1.149,2,up,1,up,up,up,4,2.0
2022-04-19,-1,-0.376,1,down,2,up,up,up,9,2.0
2022-04-20,-1,-0.387,2,down,1,up,up,up,9,2.0
2022-04-21,-2,-1.094,1,down,1,up,up,up,2,2.0
2022-04-22,-3,-2.325,1,up,1,up,up,up,3,2.0
2022-04-25,-2,-1.89,1,down,1,up,up,up,6,2.0
2022-04-26,-3,-3.075,1,up,2,up,up,up,5,2.0
2022-04-27,-3,-2.653,2,up,1,up,up,up,4,2.0
2022-04-28,-2,-1.286,1,down,1,up,up,up,3,2.0
2022-04-29,-3,-2.83,1,up,2,up,up,up,4,2.0
2022-05-02,-3,-2.31,2,up,1,up,up,up,2,2.0
2022-05-03,-2,-1.867,1,up,1,up,up,up,6,2.0
2022-05-04,-1,-0.385,1,down,1,up,up,up,5,2.0
2022-05-05,-2,-1.849,1,down,2,up,up,up,6,2.0
2022-05-06,-2,-1.91,2,down,1,up,up,up,6,2.0
2022-05-09,-3,-3.091,1,up,4,up,up,up,5,2.0
2022-05-10,-3,-2.725,2,up,3,up,up,up,4,2.0
2022-05-11,-3,-3.147,3,up,2,up,up,up,5,2.0
2022-05-12,-3,-2.878,4,up,1,up,up,up,4,2.0
2022-05-13,-2,-1.663,1,up,2,up,up,up,4,2.0
2022-05-16,-2,-1.638,2,up,1,up,up,up,3,2.0
2022-05-17,-1,-0.605,1,down,1,up,down,up,7,2.0
2022-05-18,-3,-2.045,1,up,2,up,up,up,1,2.0
2022-05-19,-3,-2.038,2,up,1,up,up,up,1,2.0
2022-05-20,-2,-1.823,1,up,1,up,up,up,6,2.0
2022-05-23,-1,-0.901,1,down,1,up,down,up,9,2.0
2022-05-24,-2,-1.099,1,up,1,up,up,up,1,2.0
2022-05-25,-1,-0.643,1,up,1,up,down,up,6,2.0
2022-05-26,1,0.255,1,up,1,down,down,down,40,3.0
2022-05-27,2,1.178,1,down,1,down,down,down,8,3.0
2022-05-31,1,0.968,1,up,2,down,down,up,2,3.0
2022-06-01,1,0.686,2,up,1,down,down,down,16,3.0
2022-06-02,2,1.458,1,down,1,down,down,down,7,3.0
2022-06-03,1,0.843,1,up,2,down,down,down,14,3.0
2022-06-06,1,0.955,2,up,1,down,down,down,13,3.0
2022-06-07,2,1.231,1,down,1,down,down,down,3,3.0
2022-06-08,1,0.759,1,down,1,down,down,down,11,3.0
2022-06-09,-1,-0.213,1,down,1,up,up,up,40,2.0
2022-06-10,-2,-1.367,1,down,1,up,up,up,10,2.0
2022-06-13,-3,-2.776,1,up,6,up,up,up,8,2.0
2022-06-14,-3,-2.729,2,up,5,up,up,up,7,2.0
2022-06-15,-3,-2.001,3,up,4,up,up,up,1,2.0
2022-06-16,-3,-3.168,4,up,3,up,up,up,8,2.0
2022-06-17,-3,-3.082,5,up,2,up,up,up,7,2.0
2022-06-21,-3,-2.032,6,up,1,up,up,up,1,2.0
2022-06-22,-2,-1.98,1,up,2,up,up,up,7,2.0
2022-06-23,-2,-1.533,2,up,1,up,up,up,4,2.0
2022-06-24,-1,-0.354,1,down,2,up,up,up,4,2.0
2022-06-27,-1,-0.416,2,down,1,up,down,up,4,2.0
2022-06-28,-2,-1.004,1,up,1,up,up,up,1,2.0
2022-06-29,-1,-0.881,1,down,1,up,down,up,6,2.0
2022-06-30,-2,-1.026,1,up,1,up,up,up,1,2.0
2022-07-01,-1,-0.475,1,up,3,up,down,up,4,2.0
2022-07-05,-1,-0.275,2,up,2,up,up,up,2,2.0
2022-07-06,-1,-0.022,3,up,1,up,up,up,1,2.0
2022-07-07,1,0.626,1,down,4,down,down,down,40,3.0
2022-07-08,1,0.701,2,down,3,down,down,down,18,3.0
2022-07-11,1,0.377,3,down,2,down,down,down,14,3.0
2022-07-12,1,0.105,4,down,1,down,down,down,4,3.0
2022-07-13,-1,-0.101,1,up,2,up,up,up,40,2.0
2022-07-14,-1,-0.207,2,up,1,up,up,up,40,2.0
2022-07-15,1,0.44,1,up,3,down,down,down,40,3.0
2022-07-18,1,0.074,2,up,2,down,down,down,1,3.0
2022-07-19,1,0.893,3,up,1,down,down,down,40,3.0
2022-07-20,2,1.022,1,down,2,down,down,down,1,3.0
2022-07-21,2,1.258,2,down,1,down,down,down,5,3.0
2022-07-22,1,0.858,1,up,3,down,down,down,16,3.0
2022-07-25,1,0.874,2,up,2,down,down,down,16,3.0
2022-07-26,1,0.45,3,up,1,down,down,down,12,3.0
2022-07-27,2,1.24,1,down,9,down,down,down,3,3.0
2022-07-28,2,1.544,2,down,8,down,down,down,6,3.0
2022-07-29,2,1.865,3,down,7,down,down,down,8,3.0
2022-08-01,2,1.633,4,down,6,down,down,down,6,3.0
2022-08-02,2,1.297,5,down,5,down,down,down,4,3.0
2022-08-03,2,1.671,6,down,4,down,down,down,6,3.0
2022-08-04,2,1.536,7,down,3,down,down,down,5,3.0
2022-08-05,2,1.372,8,down,2,down,down,down,3,3.0
2022-08-08,2,1.212,9,down,1,down,down,down,2,3.0
2022-08-09,1,0.953,1,up,1,down,down,down,11,3.0
2022-08-10,2,1.458,1,down,7,down,down,down,3,3.0
2022-08-11,2,1.285,2,down,6,down,down,down,2,3.0
2022-08-12,2,1.649,3,down,5,down,down,down,5,3.0
2022-08-15,2,1.588,4,down,4,down,down,down,5,3.0
2022-08-16,2,1.499,5,down,3,down,down,down,4,3.0
2022-08-17,2,1.146,6,down,2,down,down,down,2,3.0
2022-08-18,2,1.124,7,down,1,down,down,down,1,3.0
2022-08-19,1,0.584,1,down,1,down,down,down,10,3.0
2022-08-22,-1,-0.175,1,up,3,up,up,up,40,2.0
2022-08-23,-1,-0.341,2,up,2,up,up,up,40,2.0
2022-08-24,-1,-0.285,3,up,1,up,up,up,17,2.0
2022-08-25,1,0.125,1,down,1,down,down,down,4,3.0
2022-08-26,-1,-0.997,1,down,1,up,down,up,40,2.0
2022-08-29,-2,-1.188,1,up,7,up,up,up,5,2.0
2022-08-30,-2,-1.52,2,up,6,up,up,up,8,2.0
2022-08-31,-2,-1.695,3,up,5,up,up,up,8,2.0
2022-09-01,-2,-1.51,4,up,4,up,up,up,6,2.0
2022-09-02,-2,-1.776,5,up,3,up,up,up,7,2.0
2022-09-06,-2,-1.805,6,up,2,up,up,up,7,2.0
2022-09-07,-2,-1.148,7,up,1,up,up,up,2,2.0
2022-09-08,-1,-0.853,1,up,2,up,down,up,10,2.0
2022-09-09,-1,-0.296,2,up,1,up,up,up,4,2.0
2022-09-12,1,0.113,1,down,1,down,down,down,40,3.0
2022-09-13,-2,-1.196,1,up,1,up,up,up,2,2.0
2022-09-14,-1,-0.926,1,down,1,up,down,up,18,2.0
2022-09-15,-2,-1.152,1,up,2,up,up,up,1,2.0
2022-09-16,-2,-1.365,2,up,1,up,up,up,3,2.0
2022-09-19,-1,-0.97,1,down,1,up,down,up,17,2.0
2022-09-20,-2,-1.227,1,down,3,up,up,up,2,2.0
2022-09-21,-2,-1.659,2,down,2,up,up,up,6,2.0
2022-09-22,-2,-1.766,3,down,1,up,up,up,7,2.0
2022-09-23,-3,-2.1,1,up,3,up,up,up,1,2.0
2022-09-26,-3,-2.242,2,up,2,up,up,up,2,2.0
2022-09-27,-3,-2.144,3,up,1,up,up,up,1,2.0
2022-09-28,-2,-1.387,1,down,2,up,up,up,5,2.0
2022-09-29,-2,-1.925,2,down,1,up,up,up,7,2.0
2022-09-30,-3,-2.25,1,up,1,up,up,up,2,2.0
2022-10-03,-2,-1.302,1,up,1,up,up,up,3,2.0
2022-10-04,-1,-0.3,1,down,3,up,up,up,4,2.0
2022-10-05,-1,-0.288,2,down,2,up,up,up,3,2.0
2022-10-06,-1,-0.498,3,down,1,up,down,up,5,2.0
2022-10-07,-2,-1.199,1,up,4,up,up,up,1,2.0
2022-10-10,-2,-1.225,2,up,3,up,up,up,2,2.0
2022-10-11,-2,-1.273,3,up,2,up,up,up,2,2.0
2022-10-12,-2,-1.214,4,up,1,up,up,up,2,2.0
2022-10-13,-1,-0.307,1,up,3,up,up,up,5,2.0
2022-10-14,-1,-0.899,2,up,2,up,down,up,40,2.0
2022-10-17,-1,-0.032,3,up,1,up,up,up,1,2.0
2022-10-18,1,0.371,1,down,2,down,down,down,40,3.0
2022-10-19,1,0.195,2,down,1,down,down,down,17,3.0
2022-10-20,-1,-0.022,1,up,1,up,up,up,8,2.0
2022-10-21,1,0.669,1,up,2,down,down,down,40,3.0
2022-10-24,1,0.967,2,up,1,down,down,down,40,3.0
2022-10-25,2,1.339,1,down,2,down,down,down,5,3.0
2022-10-26,2,1.074,2,down,1,down,down,down,1,3.0
2022-10-27,1,0.851,1,up,1,down,down,down,15,3.0
2022-10-28,2,1.404,1,down,2,down,down,down,6,3.0
2022-10-31,2,1.118,2,down,1,down,down,down,4,3.0
2022-11-01,1,0.965,1,down,2,down,down,down,16,3.0
2022-11-02,1,0.228,2,down,1,down,down,down,5,3.0
2022-11-03,-1,-0.073,1,up,1,up,up,up,40,2.0
2022-11-04,1,0.301,1,down,3,down,down,down,5,3.0
2022-11-07,1,0.506,2,down,2,down,down,down,8,3.0
2022-11-08,1,0.57,3,down,1,down,down,down,40,3.0
2022-11-09,-1,-0.126,1,up,1,up,up,up,40,2.0
2022-11-10,2,1.349,1,down,4,down,down,down,4,3.0
2022-11-11,2,1.466,2,down,3,down,down,down,5,3.0
2022-11-14,2,1.11,3,down,2,down,down,down,2,3.0
2022-11-15,2,1.247,4,down,1,down,down,down,3,3.0
2022-11-16,1,0.922,1,up,5,down,down,down,15,3.0
2022-11-17,1,0.723,2,up,4,down,down,down,14,3.0
2022-11-18,1,0.771,3,up,3,down,down,down,13,3.0
2022-11-21,1,0.605,4,up,2,down,down,down,12,3.0
2022-11-22,1,0.937,5,up,1,down,down,down,40,3.0
2022-11-23,2,1.04,1,down,1,down,down,down,1,3.0
2022-11-25,1,0.948,1,up,3,down,down,down,18,3.0
2022-11-28,1,0.456,2,up,2,down,down,down,8,3.0
2022-11-29,1,0.371,3,up,1,down,down,down,6,3.0
2022-11-30,2,1.178,1,down,2,down,down,down,2,3.0
2022-12-01,2,1.036,2,down,1,down,down,down,1,3.0
2022-12-02,1,0.871,1,down,2,down,down,down,17,3.0
2022-12-05,1,0.263,2,down,1,down,down,down,6,3.0
2022-12-06,-1,-0.216,1,up,4,up,up,up,40,2.0
2022-12-07,-1,-0.309,2,up,3,up,up,up,40,2.0
2022-12-08,-1,-0.16,3,up,2,up,up,up,16,2.0
2022-12-09,-1,-0.378,4,up,1,up,up,up,40,2.0
2022-12-12,1,0.045,1,down,3,down,down,down,4,3.0
2022-12-13,1,0.242,2,down,2,down,down,down,40,3.0
2022-12-14,1,0.05,3,down,1,down,down,down,4,3.0
2022-12-15,-1,-0.667,1,down,1,up,down,up,40,2.0
2022-12-16,-2,-1.124,1,up,3,up,up,up,3,2.0
2022-12-19,-2,-1.321,2,up,2,up,up,up,5,2.0
2022-12-20,-2,-1.223,3,up,1,up,up,up,3,2.0
2022-12-21,-1,-0.72,1,down,1,up,down,up,15,2.0
2022-12-22,-2,-1.07,1,up,1,up,up,up,1,2.0
2022-12-23,-1,-0.821,1,down,2,up,down,up,14,2.0
2022-12-27,-1,-0.884,2,down,1,up,down,up,40,2.0
2022-12-28,-2,-1.19,1,up,1,up,up,up,2,2.0
2022-12-29,-1,-0.56,1,up,5,up,down,up,10,2.0
2022-12-30,-1,-0.544,2,up,4,up,down,up,10,2.0
2023-01-03,-1,-0.571,3,up,3,up,down,up,40,2.0
2023-01-04,-1,-0.282,4,up,2,up,up,up,6,2.0
2023-01-05,-1,-0.569,5,up,1,up,down,up,40,2.0
2023-01-06,1,0.123,1,up,17,down,down,down,40,3.0
2023-01-09,1,0.139,2,up,16,down,down,down,18,3.0
2023-01-10,1,0.354,3,up,15,down,down,down,40,3.0
2023-01-11,1,0.729,4,up,14,down,down,down,40,3.0
2023-01-12,1,0.85,5,up,13,down,down,down,40,3.0
2023-01-13,1,0.961,6,up,12,down,down,down,40,3.0
2023-01-17,1,0.877,7,up,11,down,down,down,18,3.0
2023-01-18,1,0.391,8,up,10,down,down,down,11,3.0
2023-01-19,1,0.147,9,up,9,down,down,down,6,3.0
2023-01-20,1,0.621,10,up,8,down,down,down,40,3.0
2023-01-23,1,0.905,11,up,7,down,down,down,40,3.0
2023-01-24,1,0.803,12,up,6,down,down,down,18,3.0
2023-01-25,1,0.75,13,up,5,down,down,down,17,3.0
2023-01-26,1,0.974,14,up,4,down,down,down,40,3.0
2023-01-27,1,0.938,15,up,3,down,down,down,40,3.0
2023-01-30,1,0.518,16,up,2,down,down,down,13,3.0
2023-01-31,1,0.852,17,up,1,down,down,down,40,3.0
2023-02-01,2,1.048,1,down,2,down,down,down,1,3.0
2023-02-02,2,1.341,2,down,1,down,down,down,4,3.0
2023-02-03,1,0.919,1,down,10,down,down,down,17,3.0
2023-02-06,1,0.665,2,down,9,down,down,down,15,3.0
2023-02-07,1,0.937,3,down,8,down,down,down,19,3.0
2023-02-08,1,0.551,4,down,7,down,down,down,13,3.0
2023-02-09,1,0.257,5,down,6,down,down,down,6,3.0
2023-02-10,1,0.285,6,down,5,down,down,down,7,3.0
2023-02-13,1,0.571,7,down,4,down,down,down,40,3.0
2023-02-14,1,0.504,8,down,3,down,down,down,18,3.0
2023-02-15,1,0.518,9,down,2,down,down,down,40,3.0
2023-02-16,1,0.045,10,down,1,down,down,down,2,3.0
2023-02-17,-1,-0.069,1,down,14,up,up,up,40,2.0
2023-02-21,-1,-0.665,2,down,13,up,down,up,40,2.0
2023-02-22,-1,-0.7,3,down,12,up,down,up,40,2.0
2023-02-23,-1,-0.542,4,down,11,up,down,up,17,2.0
2023-02-24,-1,-0.833,5,down,10,up,down,up,40,2.0
2023-02-27,-1,-0.701,6,down,9,up,down,up,18,2.0
2023-02-28,-1,-0.797,7,down,8,up,down,up,40,2.0
2023-03-01,-1,-0.871,8,down,7,up,down,up,40,2.0
2023-03-02,-1,-0.591,9,down,6,up,down,up,12,2.0
2023-03-03,-1,-0.072,10,down,5,up,up,up,3,2.0
2023-03-06,-1,-0.023,11,down,4,up,up,up,2,2.0
2023-03-07,-1,-0.438,12,down,3,up,down,up,40,2.0
2023-03-08,-1,-0.33,13,down,2,up,up,up,9,2.0
2023-03-09,-1,-0.816,14,down,1,up,down,up,40,2.0
2023-03-10,-2,-1.175,1,up,2,up,up,up,2,2.0
2023-03-13,-2,-1.133,2,up,1,up,up,up,2,2.0
2023-03-14,-1,-0.56,1,up,5,up,down,up,15,2.0
2023-03-15,-1,-0.661,2,up,4,up,down,up,15,2.0
2023-03-16,-1,-0.076,3,up,3,up,up,up,2,2.0
2023-03-17,-1,-0.47,4,up,2,up,down,up,14,2.0
2023-03-20,-1,-0.135,5,up,1,up,up,up,9,2.0
2023-03-21,1,0.25,1,down,1,down,down,down,40,3.0
2023-03-22,-1,-0.233,1,up,2,up,up,up,10,2.0
2023-03-23,-1,-0.125,2,up,1,up,up,up,7,2.0
2023-03-24,1,0.071,1,up,5,down,down,down,40,3.0
2023-03-27,1,0.131,2,up,4,down,down,down,40,3.0
2023-03-28,1,0.067,3,up,3,down,down,down,17,3.0
2023-03-29,1,0.469,4,up,2,down,down,down,40,3.0
2023-03-30,1,0.619,5,up,1,down,down,down,40,3.0
2023-03-31,2,1.008,1,down,2,down,down,down,1,3.0
2023-04-03,2,1.096,2,down,1,down,down,down,3,3.0
2023-04-04,1,0.9,1,down,14,down,down,down,17,3.0
2023-04-05,1,0.794,2,down,13,down,down,down,15,3.0
2023-04-06,1,0.843,3,down,12,down,down,down,40,3.0
2023-04-10,1,0.786,4,down,11,down,down,down,40,3.0
2023-04-11,1,0.705,5,down,10,down,down,down,40,3.0
2023-04-12,1,0.524,6,down,9,down,down,down,11,3.0
2023-04-13,1,0.823,7,down,8,down,down,down,40,3.0
2023-04-14,1,0.691,8,down,7,down,down,down,18,3.0
2023-04-17,1,0.708,9,down,6,down,down,down,19,3.0
2023-04-18,1,0.652,10,down,5,down,down,down,40,3.0
2023-04-19,1,0.592,11,down,4,down,down,down,18,3.0
2023-04-20,1,0.358,12,down,3,down,down,down,11,3.0
2023-04-21,1,0.312,13,down,2,down,down,down,11,3.0
2023-04-24,1,0.282,14,down,1,down,down,down,12,3.0
2023-04-25,-1,-0.234,1,up,2,up,up,up,40,2.0
2023-04-26,-1,-0.395,2,up,1,up,up,up,40,2.0
2023-04-27,1,0.159,1,down,3,down,down,down,40,3.0
2023-04-28,1,0.369,2,down,2,down,down,down,19,3.0
2023-05-01,1,0.317,3,down,1,down,down,down,18,3.0
2023-05-02,-1,-0.023,1,up,3,up,up,up,40,2.0
2023-05-03,-1,-0.232,2,up,2,up,up,up,40,2.0
2023-05-04,-1,-0.443,3,up,1,up,down,up,40,2.0
2023-05-05,1,0.11,1,down,2,down,down,down,40,3.0
2023-05-08,1,0.107,2,down,1,down,down,down,40,3.0
2023-05-09,-1,-0.034,1,up,1,up,up,up,6,2.0
2023-05-10,1,0.093,1,down,4,down,down,down,40,3.0
2023-05-11,1,0.044,2,down,3,down,down,down,15,3.0
2023-05-12,1,0.006,3,down,2,down,down,down,8,3.0
2023-05-15,1,0.118,4,down,1,down,down,down,40,3.0
2023-05-16,-1,-0.079,1,up,1,up,up,up,40,2.0
2023-05-17,1,0.303,1,down,5,down,down,down,40,3.0
2023-05-18,1,0.584,2,down,4,down,down,down,40,3.0
2023-05-19,1,0.514,3,down,3,down,down,down,18,3.0
2023-05-22,1,0.505,4,down,2,down,down,down,17,3.0
2023-05-23,1,0.108,5,down,1,down,down,down,8,3.0
2023-05-24,-1,-0.157,1,up,1,up,up,up,40,2.0
2023-05-25,1,0.118,1,up,12,down,down,down,10,3.0
2023-05-26,1,0.525,2,up,11,down,down,down,40,3.0
2023-05-30,1,0.519,3,up,10,down,down,down,19,3.0
2023-05-31,1,0.31,4,up,9,down,down,down,16,3.0
2023-06-01,1,0.565,5,up,8,down,down,down,19,3.0
2023-06-02,1,0.941,6,up,7,down,down,down,40,3.0
2023-06-05,1,0.823,7,up,6,down,down,down,18,3.0
2023-06-06,1,0.834,8,up,5,down,down,down,40,3.0
2023-06-07,1,0.661,9,up,4,down,down,down,16,3.0
2023-06-08,1,0.795,10,up,3,down,down,down,40,3.0
2023-06-09,1,0.784,11,up,2,down,down,down,40,3.0
2023-06-12,1,0.99,12,up,1,down,down,down,19,3.0
2023-06-13,2,1.111,1,down,4,down,down,down,2,3.0
2023-06-14,2,1.046,2,down,3,down,down,down,1,3.0
2023-06-15,2,1.332,3,down,2,down,down,down,4,3.0
2023-06-16,2,1.03,4,down,1,down,down,down,1,3.0
2023-06-20,1,0.802,1,up,19,down,down,down,14,3.0
2023-06-21,1,0.578,2,up,18,down,down,down,11,3.0
2023-06-22,1,0.615,3,up,17,down,down,down,12,3.0
2023-06-23,1,0.278,4,up,16,down,down,down,5,3.0
2023-06-26,1,0.071,5,up,15,down,down,down,2,3.0
2023-06-27,1,0.392,6,up,14,down,down,down,9,3.0
2023-06-28,1,0.346,7,up,13,down,down,down,9,3.0
2023-06-29,1,0.405,8,up,12,down,down,down,40,3.0
2023-06-30,1,0.734,9,up,11,down,down,down,40,3.0
2023-07-03,1,0.71,10,up,10,down,down,down,40,3.0
2023-07-05,1,0.594,11,up,9,down,down,down,17,3.0
2023-07-06,1,0.265,12,up,8,down,down,down,13,3.0
2023-07-07,1,0.124,13,up,7,down,down,down,11,3.0
2023-07-10,1,0.172,14,up,6,down,down,down,11,3.0
2023-07-11,1,0.35,15,up,5,down,down,down,40,3.0
2023-07-12,1,0.589,16,up,4,down,down,down,40,3.0
2023-07-13,1,0.819,17,up,3,down,down,down,40,3.0
2023-07-14,1,0.747,18,up,2,down,down,down,18,3.0
2023-07-17,1,0.837,19,up,1,down,down,down,40,3.0
2023-07-18,2,1.039,1,down,2,down,down,down,1,3.0
2023-07-19,2,1.044,2,down,1,down,down,down,1,3.0
2023-07-20,1,0.739,1,down,9,down,down,down,15,3.0
2023-07-21,1,0.675,2,down,8,down,down,down,14,3.0
2023-07-24,1,0.75,3,down,7,down,down,down,19,3.0
2023-07-25,1,0.751,4,down,6,down,down,down,19,3.0
2023-07-26,1,0.68,5,down,5,down,down,down,40,3.0
2023-07-27,1,0.379,6,down,4,down,down,down,9,3.0
2023-07-28,1,0.653,7,down,3,down,down,down,40,3.0
2023-07-31,1,0.664,8,down,2,down,down,down,40,3.0
2023-08-01,1,0.51,9,down,1,down,down,down,17,3.0
2023-08-02,-1,-0.025,1,down,11,up,up,up,40,2.0
2023-08-03,-1,-0.168,2,down,10,up,up,up,40,2.0
2023-08-04,-1,-0.371,3,down,9,up,up,up,40,2.0
2023-08-07,-1,-0.095,4,down,8,up,up,up,15,2.0
2023-08-08,-1,-0.284,5,down,7,up,up,up,40,2.0
2023-08-09,-1,-0.537,6,down,6,up,down,up,40,2.0
2023-08-10,-1,-0.51,7,down,5,up,down,up,18,2.0
2023-08-11,-1,-0.518,8,down,4,up,down,up,40,2.0
2023-08-14,-1,-0.299,9,down,3,up,up,up,11,2.0
2023-08-15,-1,-0.698,10,down,2,up,down,up,40,2.0
2023-08-16,-1,-0.917,11,down,1,up,down,up,40,2.0
2023-08-17,-2,-1.146,1,up,2,up,up,up,2,2.0
2023-08-18,-2,-1.063,2,up,1,up,up,up,1,2.0
2023-08-21,-1,-0.751,1,up,6,up,down,up,15,2.0
2023-08-22,-1,-0.784,2,up,5,up,down,up,15,2.0
2023-08-23,-1,-0.301,3,up,4,up,up,up,8,2.0
2023-08-24,-1,-0.777,4,up,3,up,down,up,40,2.0
2023-08-25,-1,-0.429,5,up,2,up,down,up,11,2.0
2023-08-28,-1,-0.119,6,up,1,up,up,up,4,2.0
2023-08-29,1,0.462,1,down,12,down,down,down,40,3.0
2023-08-30,1,0.614,2,down,11,down,down,down,40,3.0
2023-08-31,1,0.551,3,down,10,down,down,down,18,3.0
2023-09-01,1,0.605,4,down,9,down,down,down,19,3.0
2023-09-05,1,0.448,5,down,8,down,down,down,15,3.0
2023-09-06,1,0.202,6,down,7,down,down,down,11,3.0
2023-09-07,1,0.088,7,down,6,down,down,down,8,3.0
2023-09-08,1,0.149,8,down,5,down,down,down,8,3.0
2023-09-11,1,0.399,9,down,4,down,down,down,19,3.0
2023-09-12,1,0.192,10,down,3,down,down,down,6,3.0
2023-09-13,1,0.223,11,down,2,down,down,down,7,3.0
2023-09-14,1,0.522,12,down,1,down,down,down,40,3.0
2023-09-15,-1,-0.144,1,down,4,up,up,up,40,2.0
2023-09-18,-1,-0.153,2,down,3,up,up,up,18,2.0
2023-09-19,-1,-0.255,3,down,2,up,up,up,40,2.0
2023-09-20,-1,-0.641,4,down,1,up,down,up,40,2.0
2023-09-21,-2,-1.287,1,up,11,up,up,up,5,2.0
2023-09-22,-2,-1.355,2,up,10,up,up,up,5,2.0
2023-09-25,-2,-1.141,3,up,9,up,up,up,3,2.0
2023-09-26,-2,-1.689,4,up,8,up,up,up,7,2.0
2023-09-27,-2,-1.568,5,up,7,up,up,up,5,2.0
2023-09-28,-2,-1.222,6,up,6,up,up,up,3,2.0
2023-09-29,-2,-1.232,7,up,5,up,up,up,3,2.0
2023-10-02,-2,-1.151,8,up,4,up,up,up,2,2.0
2023-10-03,-2,-1.631,9,up,3,up,up,up,5,2.0
2023-10-04,-2,-1.199,10,up,2,up,up,up,2,2.0
2023-10-05,-2,-1.127,11,up,1,up,up,up,2,2.0
2023-10-06,-1,-0.521,1,up,2,up,down,up,6,2.0
2023-10-09,-1,-0.145,2,up,1,up,up,up,2,2.0
2023-10-10,1,0.154,1,down,7,down,down,down,40,3.0
2023-10-11,1,0.395,2,down,6,down,down,down,19,3.0
2023-10-12,1,0.204,3,down,5,down,down,down,16,3.0
2023-10-13,1,0.038,4,down,4,down,down,down,13,3.0
2023-10-16,1,0.567,5,down,3,down,down,down,40,3.0
2023-10-17,1,0.607,6,down,2,down,down,down,18,3.0
2023-10-18,1,0.022,7,down,1,down,down,down,5,3.0
2023-10-19,-1,-0.373,1,down,4,up,up,up,40,2.0
2023-10-20,-1,-0.923,2,down,3,up,down,up,40,2.0
2023-10-23,-1,-0.938,3,down,2,up,down,up,40,2.0
2023-10-24,-1,-0.56,4,down,1,up,down,up,16,2.0
2023-10-25,-2,-1.21,1,up,4,up,up,up,5,2.0
2023-10-26,-2,-1.696,2,up,3,up,up,up,9,2.0
2023-10-27,-2,-1.809,3,up,2,up,up,up,8,2.0
2023-10-30,-2,-1.167,4,up,1,up,up,up,4,2.0
2023-10-31,-1,-0.853,1,up,2,up,down,up,12,2.0
2023-11-01,-1,-0.337,2,up,1,up,up,up,7,2.0
2023-11-02,1,0.524,1,up,2,down,down,down,40,3.0
2023-11-03,1,0.925,2,up,1,down,down,down,19,3.0
2023-11-06,2,1.018,1,down,3,down,down,down,4,3.0
2023-11-07,2,1.14,2,down,2,down,down,down,7,3.0
2023-11-08,2,1.167,3,down,1,down,down,down,7,3.0
2023-11-09,1,0.798,1,up,1,down,down,down,14,3.0
2023-11-10,2,1.467,1,up,2,down,down,down,7,3.0
2023-11-13,2,1.397,2,up,1,down,down,down,6,3.0
2023-11-14,3,2.194,1,down,5,down,down,down,2,2.0
2023-11-15,3,2.171,2,down,4,down,down,down,2,2.0
2023-11-16,3,2.101,3,down,3,down,down,down,1,2.0
2023-11-17,3,2.007,4,down,2,down,down,down,1,2.0
2023-11-20,3,2.169,5,down,1,down,down,down,2,2.0
2023-11-21,2,1.919,1,down,8,down,down,down,5,3.0
2023-11-22,2,1.894,2,down,7,down,down,down,5,3.0
2023-11-24,2,1.698,3,down,6,down,down,down,4,3.0
2023-11-27,2,1.391,4,down,5,down,down,down,3,3.0
2023-11-28,2,1.233,5,down,4,down,down,down,2,3.0
2023-11-29,2,1.016,6,down,3,down,down,down,1,3.0
2023-11-30,2,1.026,7,down,2,down,down,down,1,3.0
2023-12-01,2,1.152,8,down,1,down,down,down,2,3.0
2023-12-04,1,0.798,1,up,7,down,down,down,16,3.0
2023-12-05,1,0.682,2,up,6,down,down,down,15,3.0
2023-12-06,1,0.406,3,up,5,down,down,down,7,3.0
2023-12-07,1,0.654,4,up,4,down,down,down,40,3.0
2023-12-08,1,0.719,5,up,3,down,down,down,19,3.0
2023-12-11,1,0.79,6,up,2,down,down,down,40,3.0
2023-12-12,1,0.879,7,up,1,down,down,down,40,3.0
2023-12-13,2,1.399,1,down,5,down,down,down,5,3.0
2023-12-14,2,1.43,2,down,4,down,down,down,5,3.0
2023-12-15,2,1.074,3,down,3,down,down,down,1,3.0
2023-12-18,2,1.223,4,down,2,down,down,down,3,3.0
2023-12-19,2,1.394,5,down,1,down,down,down,4,3.0
2023-12-20,1,0.68,1,up,1,down,down,down,12,3.0
2023-12-21,2,1.028,1,down,5,down,down,down,1,3.0
2023-12-22,2,1.037,2,down,4,down,down,down,1,3.0
2023-12-26,2,1.138,3,down,3,down,down,down,2,3.0
2023-12-27,2,1.124,4,down,2,down,down,down,2,3.0
2023-12-28,2,1.033,5,down,1,down,down,down,1,3.0
2023-12-29,1,0.806,1,down,3,down,down,down,15,3.0
2024-01-02,1,0.469,2,down,2,down,down,down,7,3.0
2024-01-03,1,0.006,3,down,1,down,down,down,1,3.0
2024-01-04,-1,-0.212,1,up,2,up,up,up,40,2.0
2024-01-05,-1,-0.215,2,up,1,up,up,up,18,2.0
2024-01-08,1,0.407,1,down,6,down,down,down,40,3.0
2024-01-09,1,0.26,2,down,5,down,down,down,18,3.0
2024-01-10,1,0.466,3,down,4,down,down,down,40,3.0
2024-01-11,1,0.38,4,down,3,down,down,down,18,3.0
2024-01-12,1,0.382,5,down,2,down,down,down,19,3.0
2024-01-16,1,0.181,6,down,1,down,down,down,14,3.0
2024-01-17,-1,-0.116,1,up,1,up,up,up,40,2.0
2024-01-18,1,0.307,1,up,3,down,down,down,40,3.0
2024-01-19,1,0.889,2,up,2,down,down,down,19,3.0
2024-01-22,1,0.917,3,up,1,down,down,down,19,3.0
2024-01-23,2,1.0,1,down,1,down,down,down,1,3.0
2024-01-24,1,0.993,1,up,1,down,down,down,40,3.0
2024-01-25,2,1.197,1,down,4,down,down,down,4,3.0
2024-01-26,2,1.077,2,down,3,down,down,down,2,3.0
2024-01-29,2,1.394,3,down,2,down,down,down,4,3.0
2024-01-30,2,1.275,4,down,1,down,down,down,3,3.0
2024-01-31,1,0.398,1,up,2,down,down,down,8,3.0
2024-02-01,1,0.949,2,up,1,down,down,down,19,3.0
2024-02-02,2,1.334,1,down,7,down,down,down,3,3.0
2024-02-05,2,1.023,2,down,6,down,down,down,1,3.0
2024-02-06,2,1.069,3,down,5,down,down,down,1,3.0
2024-02-07,2,1.363,4,down,4,down,down,down,4,3.0
2024-02-08,2,1.281,5,down,3,down,down,down,3,3.0
2024-02-09,2,1.444,6,down,2,down,down,down,4,3.0
2024-02-12,2,1.295,7,down,1,down,down,down,3,3.0
2024-02-13,1,0.491,1,up,2,down,down,down,9,3.0
2024-02-14,1,0.818,2,up,1,down,down,down,15,3.0
2024-02-15,2,1.036,1,down,1,down,down,down,1,3.0
2024-02-16,1,0.692,1,up,3,down,down,down,17,3.0
2024-02-20,1,0.339,2,up,2,down,down,down,7,3.0
2024-02-21,1,0.322,3,up,1,down,down,down,7,3.0
2024-02-22,2,1.255,1,down,2,down,down,down,3,3.0
2024-02-23,2,1.187,2,down,1,down,down,down,2,3.0
2024-02-26,1,0.905,1,up,4,down,down,down,17,3.0
2024-02-27,1,0.923,2,up,3,down,down,down,16,3.0
2024-02-28,1,0.781,3,up,2,down,down,down,15,3.0
2024-02-29,1,0.838,4,up,1,down,down,down,40,3.0
2024-03-01,2,1.205,1,down,2,down,down,down,3,3.0
2024-03-04,2,1.062,2,down,1,down,down,down,1,3.0
2024-03-05,1,0.463,1,up,2,down,down,down,10,3.0
2024-03-06,1,0.653,2,up,1,down,down,down,15,3.0
2024-03-07,2,1.093,1,down,1,down,down,down,2,3.0
2024-03-08,1,0.703,1,up,2,down,down,down,17,3.0
2024-03-11,1,0.603,2,up,1,down,down,down,13,3.0
2024-03-12,2,1.093,1,down,1,down,down,down,1,3.0
2024-03-13,1,0.896,1,up,6,down,down,down,18,3.0
2024-03-14,1,0.709,2,up,5,down,down,down,17,3.0
2024-03-15,1,0.126,3,up,4,down,down,down,2,3.0
2024-03-18,1,0.387,4,up,3,down,down,down,11,3.0
2024-03-19,1,0.595,5,up,2,down,down,down,40,3.0
2024-03-20,1,0.988,6,up,1,down,down,down,40,3.0
2024-03-21,2,1.093,1,down,1,down,down,down,2,3.0
2024-03-22,1,0.917,1,down,8,down,down,down,17,3.0
2024-03-25,1,0.686,2,down,7,down,down,down,15,3.0
2024-03-26,1,0.516,3,down,6,down,down,down,14,3.0
2024-03-27,1,0.898,4,down,5,down,down,down,40,3.0
2024-03-28,1,0.806,5,down,4,down,down,down,18,3.0
2024-04-01,1,0.656,6,down,3,down,down,down,17,3.0
2024-04-02,1,0.256,7,down,2,down,down,down,8,3.0
2024-04-03,1,0.252,8,down,1,down,down,down,8,3.0
2024-04-04,-1,-0.474,1,up,1,up,down,up,40,2.0
2024-04-05,1,0.105,1,down,3,down,down,down,5,3.0
2024-04-08,1,0.098,2,down,2,down,down,down,5,3.0
2024-04-09,1,0.121,3,down,1,down,down,down,5,3.0
2024-04-10,-1,-0.449,1,down,3,up,down,up,40,2.0
2024-04-11,-1,-0.023,2,down,2,up,up,up,12,2.0
2024-04-12,-1,-0.811,3,down,1,up,down,up,40,2.0
2024-04-15,-2,-1.515,1,down,4,up,up,up,7,2.0
2024-04-16,-2,-1.559,2,down,3,up,up,up,7,2.0
2024-04-17,-2,-1.804,3,down,2,up,up,up,7,2.0
2024-04-18,-2,-1.791,4,down,1,up,up,up,7,2.0
2024-04-19,-3,-2.123,1,up,1,up,up,up,1,2.0
2024-04-22,-2,-1.469,1,up,1,up,up,up,4,2.0
2024-04-23,-1,-0.727,1,up,4,up,down,up,10,2.0
2024-04-24,-1,-0.68,2,up,3,up,down,up,9,2.0
2024-04-25,-1,-0.782,3,up,2,up,down,up,10,2.0
2024-04-26,-1,-0.18,4,up,1,up,up,up,3,2.0
2024-04-29,1,0.079,1,down,1,down,down,down,40,3.0
2024-04-30,-1,-0.709,1,up,3,up,down,up,40,2.0
2024-05-01,-1,-0.785,2,up,2,up,down,up,40,2.0
2024-05-02,-1,-0.227,3,up,1,up,up,up,4,2.0
2024-05-03,1,0.483,1,up,1,down,down,down,40,3.0
2024-05-06,2,1.048,1,down,13,down,down,down,5,3.0
2024-05-07,2,1.117,2,down,12,down,down,down,5,3.0
2024-05-08,2,1.107,3,down,11,down,down,down,4,3.0
2024-05-09,2,1.403,4,down,10,down,down,down,5,3.0
2024-05-10,2,1.417,5,down,9,down,down,down,5,3.0
2024-05-13,2,1.336,6,down,8,down,down,down,4,3.0
2024-05-14,2,1.473,7,down,7,down,down,down,4,3.0
2024-05-15,2,1.962,8,down,6,down,down,down,7,3.0
2024-05-16,2,1.7,9,down,5,down,down,down,6,3.0
2024-05-17,2,1.597,10,down,4,down,down,down,5,3.0
2024-05-20,2,1.5,11,down,3,down,down,down,5,3.0
2024-05-21,2,1.495,12,down,2,down,down,down,4,3.0
2024-05-22,2,1.219,13,down,1,down,down,down,2,3.0
2024-05-23,1,0.719,1,down,4,down,down,down,9,3.0
2024-05-24,1,0.96,2,down,3,down,down,down,40,3.0
2024-05-28,1,0.896,3,down,2,down,down,down,40,3.0
2024-05-29,1,0.402,4,down,1,down,down,down,5,3.0
2024-05-30,-1,-0.069,1,up,1,up,up,up,40,2.0
2024-05-31,1,0.303,1,up,8,down,down,down,6,3.0
2024-06-03,1,0.263,2,up,7,down,down,down,6,3.0
2024-06-04,1,0.262,3,up,6,down,down,down,40,3.0
2024-06-05,1,0.802,4,up,5,down,down,down,40,3.0
2024-06-06,1,0.713,5,up,4,down,down,down,18,3.0
2024-06-07,1,0.58,6,up,3,down,down,down,17,3.0
2024-06-10,1,0.671,7,up,2,down,down,down,40,3.0
2024-06-11,1,0.719,8,up,1,down,down,down,40,3.0
2024-06-12,2,1.063,1,down,6,down,down,down,2,3.0
2024-06-13,2,1.107,2,down,5,down,down,down,2,3.0
2024-06-14,2,1.07,3,down,4,down,down,down,2,3.0
2024-06-17,2,1.402,4,down,3,down,down,down,5,3.0
2024-06-18,2,1.447,5,down,2,down,down,down,5,3.0
2024-06-20,2,1.228,6,down,1,down,down,down,3,3.0
2024-06-21,1,0.918,1,up,9,down,down,down,13,3.0
2024-06-24,1,0.66,2,up,8,down,down,down,10,3.0
2024-06-25,1,0.791,3,up,7,down,down,down,12,3.0
2024-06-26,1,0.78,4,up,6,down,down,down,13,3.0
2024-06-27,1,0.764,5,up,5,down,down,down,40,3.0
2024-06-28,1,0.441,6,up,4,down,down,down,8,3.0
2024-07-01,1,0.463,7,up,3,down,down,down,9,3.0
2024-07-02,1,0.72,8,up,2,down,down,down,40,3.0
2024-07-03,1,0.846,9,up,1,down,down,down,40,3.0
2024-07-05,2,1.056,1,down,2,down,down,down,1,3.0
2024-07-08,2,1.016,2,down,1,down,down,down,1,3.0
2024-07-09,1,0.961,1,up,1,down,down,down,40,3.0
2024-07-10,2,1.362,1,down,1,down,down,down,4,3.0
2024-07-11,1,0.801,1,up,1,down,down,down,15,3.0
2024-07-12,2,1.048,1,down,3,down,down,down,1,3.0
2024-07-15,2,1.101,2,down,2,down,down,down,2,3.0
2024-07-16,2,1.309,3,down,1,down,down,down,4,3.0
2024-07-17,1,0.502,1,down,2,down,down,down,9,3.0
2024-07-18,1,0.063,2,down,1,down,down,down,2,3.0
2024-07-19,-1,-0.312,1,up,1,up,up,up,40,2.0
2024-07-22,1,0.199,1,down,2,down,down,down,5,3.0
2024-07-23,1,0.059,2,down,1,down,down,down,2,3.0
2024-07-24,-2,-1.19,1,up,2,up,up,up,7,2.0
2024-07-25,-2,-1.438,2,up,1,up,up,up,8,2.0
2024-07-26,-1,-0.808,1,down,2,up,down,up,17,2.0
2024-07-29,-1,-0.777,2,down,1,up,down,up,15,2.0
2024-07-30,-2,-1.038,1,up,1,up,up,up,2,2.0
2024-07-31,-1,-0.166,1,down,2,up,up,up,7,2.0
2024-08-01,-1,-0.899,2,down,1,up,down,up,40,2.0
2024-08-02,-2,-1.812,1,down,1,up,up,up,7,2.0
2024-08-05,-3,-3.193,1,up,3,up,up,up,6,2.0
2024-08-06,-3,-2.481,2,up,2,up,up,up,3,2.0
2024-08-07,-3,-2.589,3,up,1,up,up,up,3,2.0
2024-08-08,-2,-1.263,1,up,1,up,up,up,2,2.0
2024-08-09,-1,-0.908,1,up,2,up,down,up,11,2.0
2024-08-12,-1,-0.747,2,up,1,up,down,up,10,2.0
2024-08-13,1,0.181,1,up,2,down,down,down,40,3.0
2024-08-14,1,0.399,2,up,1,down,down,down,40,3.0
2024-08-15,2,1.237,1,down,12,down,down,down,8,3.0
2024-08-16,2,1.322,2,down,11,down,down,down,9,3.0
2024-08-19,2,1.758,3,down,10,down,down,down,10,3.0
2024-08-20,2,1.656,4,down,9,down,down,down,9,3.0
2024-08-21,2,1.737,5,down,8,down,down,down,8,3.0
2024-08-22,2,1.281,6,down,7,down,down,down,6,3.0
2024-08-23,2,1.722,7,down,6,down,down,down,7,3.0
2024-08-26,2,1.535,8,down,5,down,down,down,6,3.0
2024-08-27,2,1.517,9,down,4,down,down,down,5,3.0
2024-08-28,2,1.196,10,down,3,down,down,down,3,3.0
2024-08-29,2,1.134,11,down,2,down,down,down,2,3.0
2024-08-30,2,1.465,12,down,1,down,down,down,3,3.0
2024-09-03,1,0.27,1,down,2,down,down,down,2,3.0
2024-09-04,1,0.034,2,down,1,down,down,down,1,3.0
2024-09-05,-1,-0.233,1,down,1,up,up,up,40,2.0
2024-09-06,-2,-1.146,1,up,1,up,up,up,7,2.0
2024-09-09,-1,-0.635,1,up,3,up,down,up,17,2.0
2024-09-10,-1,-0.484,2,up,2,up,down,up,14,2.0
2024-09-11,-1,-0.024,3,up,1,up,up,up,7,2.0
2024-09-12,1,0.328,1,up,5,down,down,down,40,3.0
2024-09-13,1,0.547,2,up,4,down,down,down,40,3.0
2024-09-16,1,0.583,3,up,3,down,down,down,40,3.0
2024-09-17,1,0.587,4,up,2,down,down,down,40,3.0
2024-09-18,1,0.427,5,up,1,down,down,down,15,3.0
2024-09-19,2,1.218,1,down,1,down,down,down,5,3.0
2024-09-20,1,0.929,1,up,1,down,down,down,18,3.0
2024-09-23,2,1.018,1,down,2,down,down,down,1,3.0
2024-09-24,2,1.113,2,down,1,down,down,down,3,3.0
2024-09-25,1,0.969,1,up,1,down,down,down,15,3.0
2024-09-26,2,1.11,1,down,1,down,down,down,3,3.0
2024-09-27,1,0.988,1,up,1,down,down,down,18,3.0
2024-09-30,2,1.15,1,down,1,down,down,down,2,3.0
2024-10-01,1,0.629,1,up,9,down,down,down,8,3.0
2024-10-02,1,0.575,2,up,8,down,down,down,8,3.0
2024-10-03,1,0.398,3,up,7,down,down,down,5,3.0
2024-10-04,1,0.729,4,up,6,down,down,down,40,3.0
2024-10-07,1,0.145,5,up,5,down,down,down,2,3.0
2024-10-08,1,0.543,6,up,4,down,down,down,40,3.0
2024-10-09,1,0.815,7,up,3,down,down,down,40,3.0
2024-10-10,1,0.642,8,up,2,down,down,down,18,3.0
2024-10-11,1,0.888,9,up,1,down,down,down,40,3.0
2024-10-14,2,1.231,1,down,1,down,down,down,3,3.0
2024-10-15,1,0.724,1,down,12,down,down,down,16,3.0
2024-10-16,1,0.862,2,down,11,down,down,down,40,3.0
2024-10-17,1,0.812,3,down,10,down,down,down,40,3.0
2024-10-18,1,0.945,4,down,9,down,down,down,40,3.0
2024-10-21,1,0.788,5,down,8,down,down,down,18,3.0
2024-10-22,1,0.701,6,down,7,down,down,down,16,3.0
2024-10-23,1,0.154,7,down,6,down,down,down,5,3.0
2024-10-24,1,0.241,8,down,5,down,down,down,6,3.0
2024-10-25,1,0.186,9,down,4,down,down,down,5,3.0
2024-10-28,1,0.327,10,down,3,down,down,down,7,3.0
2024-10-29,1,0.355,11,down,2,down,down,down,40,3.0
2024-10-30,1,0.13,12,down,1,down,down,down,3,3.0
2024-10-31,-2,-1.025,1,up,1,up,up,up,3,2.0
2024-11-01,-1,-0.777,1,up,3,up,down,up,18,2.0
2024-11-04,-1,-0.919,2,up,2,up,down,up,40,2.0
2024-11-05,-1,-0.226,3,up,1,up,up,up,10,2.0
2024-11-06,2,1.143,1,down,6,down,down,down,3,3.0
2024-11-07,2,1.489,2,down,5,down,down,down,8,3.0
2024-11-08,2,1.643,3,down,4,down,down,down,9,3.0
2024-11-11,2,1.624,4,down,3,down,down,down,8,3.0
2024-11-12,2,1.362,5,down,2,down,down,down,6,3.0
2024-11-13,2,1.317,6,down,1,down,down,down,5,3.0
2024-11-14,1,0.89,1,up,8,down,down,down,12,3.0
2024-11-15,1,0.132,2,up,7,down,down,down,6,3.0
2024-11-18,1,0.35,3,up,6,down,down,down,8,3.0
2024-11-19,1,0.534,4,up,5,down,down,down,9,3.0
2024-11-20,1,0.495,5,up,4,down,down,down,8,3.0
2024-11-21,1,0.746,6,up,3,down,down,down,40,3.0
2024-11-22,1,0.854,7,up,2,down,down,down,40,3.0
2024-11-25,1,0.981,8,up,1,down,down,down,40,3.0
2024-11-26,2,1.207,1,down,1,down,down,down,2,3.0
2024-11-27,1,0.931,1,up,1,down,down,down,17,3.0
2024-11-29,2,1.14,1,down,2,down,down,down,1,3.0
2024-12-02,2,1.084,2,down,1,down,down,down,1,3.0
2024-12-03,1,0.936,1,up,1,down,down,down,40,3.0
2024-12-04,2,1.16,1,down,1,down,down,down,3,3.0
2024-12-05,1,0.977,1,up,1,down,down,down,18,3.0
2024-12-06,2,1.033,1,down,1,down,down,down,1,3.0
2024-12-09,1,0.677,1,down,7,down,down,down,13,3.0
2024-12-10,1,0.461,2,down,6,down,down,down,9,3.0
2024-12-11,1,0.888,3,down,5,down,down,down,40,3.0
2024-12-12,1,0.528,4,down,4,down,down,down,9,3.0
2024-12-13,1,0.458,5,down,3,down,down,down,7,3.0
2024-12-16,1,0.616,6,down,2,down,down,down,40,3.0
2024-12-17,1,0.272,7,down,1,down,down,down,5,3.0
2024-12-18,-2,-1.63,1,up,3,up,up,up,10,2.0
2024-12-19,-2,-1.615,2,up,2,up,up,up,9,2.0
2024-12-20,-2,-1.051,3,up,1,up,up,up,2,2.0
2024-12-23,-1,-0.669,1,up,1,up,down,up,15,2.0
2024-12-24,1,0.001,1,down,2,down,down,down,1,3.0
2024-12-26,1,0.002,2,down,1,down,down,down,1,3.0
2024-12-27,-1,-0.639,1,down,1,up,down,up,13,2.0
2024-12-30,-2,-1.281,1,up,3,up,up,up,4,2.0
2024-12-31,-2,-1.411,2,up,2,up,up,up,4,2.0
2025-01-02,-2,-1.455,3,up,1,up,up,up,4,2.0
2025-01-03,-1,-0.602,1,down,4,up,down,up,9,2.0
2025-01-06,-1,-0.191,2,down,3,up,up,up,4,2.0
2025-01-07,-1,-0.788,3,down,2,up,down,up,40,2.0
2025-01-08,-1,-0.619,4,down,1,up,down,up,13,2.0
2025-01-10,-2,-1.443,1,up,3,up,up,up,4,2.0
2025-01-13,-2,-1.207,2,up,2,up,up,up,2,2.0
2025-01-14,-2,-1.004,3,up,1,up,up,up,1,2.0
2025-01-15,1,0.138,1,up,3,down,down,down,40,3.0
2025-01-16,1,0.1,2,up,2,down,down,down,18,3.0
2025-01-17,1,0.726,3,up,1,down,down,down,40,3.0
2025-01-21,2,1.176,1,down,4,down,down,down,3,3.0
2025-01-22,2,1.401,2,down,3,down,down,down,7,3.0
2025-01-23,2,1.623,3,down,2,down,down,down,8,3.0
2025-01-24,2,1.386,4,down,1,down,down,down,6,3.0
2025-01-27,1,0.565,1,up,1,down,down,down,12,3.0
2025-01-28,2,1.05,1,down,1,down,down,down,2,3.0
2025-01-29,1,0.755,1,down,16,down,down,down,11,3.0
2025-01-30,1,0.986,2,down,15,down,down,down,40,3.0
2025-01-31,1,0.596,3,down,14,down,down,down,9,3.0
2025-02-03,1,0.131,4,down,13,down,down,down,5,3.0
2025-02-04,1,0.48,5,down,12,down,down,down,7,3.0
2025-02-05,1,0.677,6,down,11,down,down,down,40,3.0
2025-02-06,1,0.795,7,down,10,down,down,down,40,3.0
2025-02-07,1,0.193,8,down,9,down,down,down,2,3.0
2025-02-10,1,0.476,9,down,8,down,down,down,40,3.0
2025-02-11,1,0.403,10,down,7,down,down,down,40,3.0
2025-02-12,1,0.105,11,down,6,down,down,down,2,3.0
2025-02-13,1,0.65,12,down,5,down,down,down,40,3.0
2025-02-14,1,0.559,13,down,4,down,down,down,18,3.0
2025-02-18,1,0.668,14,down,3,down,down,down,40,3.0
2025-02-19,1,0.761,15,down,2,down,down,down,40,3.0
2025-02-20,1,0.491,16,down,1,down,down,down,15,3.0
2025-02-21,-1,-0.507,1,down,2,up,down,up,40,2.0
2025-02-24,-1,-0.731,2,down,1,up,down,up,40,2.0
2025-02-25,-2,-1.007,1,up,1,up,up,up,1,2.0
2025-02-26,-1,-0.922,1,down,1,up,down,up,18,2.0
2025-02-27,-2,-1.808,1,up,1,up,up,up,9,2.0
2025-02-28,-1,-0.811,1,down,1,up,down,up,15,2.0
2025-03-03,-2,-1.781,1,down,1,up,up,up,9,2.0
2025-03-04,-3,-2.368,1,up,1,up,up,up,3,2.0
2025-03-05,-2,-1.62,1,down,1,up,up,up,6,2.0
2025-03-06,-3,-2.495,1,up,1,up,up,up,4,2.0
2025-03-07,-2,-1.994,1,down,1,up,up,up,7,2.0
2025-03-10,-3,-3.307,1,up,4,up,up,up,6,2.0
2025-03-11,-3,-3.459,2,up,3,up,up,up,6,2.0
2025-03-12,-3,-2.878,3,up,2,up,up,up,4,2.0
2025-03-13,-3,-3.296,4,up,1,up,up,up,5,2.0
2025-03-14,-2,-1.964,1,up,3,up,up,up,5,2.0
2025-03-17,-2,-1.364,2,up,2,up,up,up,2,2.0
2025-03-18,-2,-1.692,3,up,1,up,up,up,4,2.0
2025-03-19,-1,-0.929,1,up,3,up,down,up,8,2.0
2025-03-20,-1,-0.877,2,up,2,up,down,up,8,2.0
2025-03-21,-1,-0.852,3,up,1,up,down,up,8,2.0
2025-03-24,1,0.143,1,down,2,down,down,down,40,3.0
2025-03-25,1,0.344,2,down,1,down,down,down,40,3.0
2025-03-26,-1,-0.142,1,down,2,up,up,up,2,2.0
2025-03-27,-1,-0.196,2,down,1,up,up,up,3,2.0
2025-03-28,-2,-1.053,1,up,1,up,up,up,1,2.0
2025-03-31,-1,-0.604,1,up,2,up,down,up,18,2.0
2025-04-01,-1,-0.391,2,up,1,up,up,up,16,2.0
2025-04-02,1,0.007,1,down,1,down,down,down,6,3.0
2025-04-03,-3,-2.384,1,up,4,up,up,up,4,2.0
2025-04-04,-3,-4.982,2,up,3,up,up,up,12,2.0
2025-04-07,-3,-4.602,3,up,2,up,up,up,11,2.0
2025-04-08,-3,-4.868,4,up,1,up,up,up,10,2.0
2025-04-09,-1,-0.325,1,down,1,up,up,up,7,2.0
2025-04-10,-3,-2.159,1,up,1,up,up,up,2,2.0
2025-04-11,-2,-1.264,1,up,1,up,up,up,3,2.0
2025-04-14,-1,-0.739,1,down,2,up,down,up,7,2.0
2025-04-15,-1,-0.766,2,down,1,up,down,up,7,2.0
2025-04-16,-2,-1.563,1,down,2,up,up,up,4,2.0
2025-04-17,-2,-1.342,2,down,1,up,up,up,3,2.0
2025-04-21,-3,-2.165,1,up,1,up,up,up,1,2.0
2025-04-22,-1,-0.885,1,up,2,up,down,up,7,2.0
2025-04-23,-1,-0.089,2,up,1,up,up,up,1,2.0
2025-04-24,1,0.848,1,up,1,down,down,up,3,3.0
2025-04-25,2,1.202,1,up,5,down,down,down,7,3.0
2025-04-28,2,1.238,2,up,4,down,down,down,6,3.0
2025-04-29,2,1.507,3,up,3,down,down,down,6,3.0
2025-04-30,2,1.542,4,up,2,down,down,down,5,3.0
2025-05-01,2,1.834,5,up,1,down,down,down,6,3.0
2025-05-02,3,2.279,1,down,1,down,down,down,2,2.0
2025-05-05,2,1.836,1,up,5,down,down,down,6,3.0
2025-05-06,2,1.31,2,up,4,down,down,down,3,3.0
2025-05-07,2,1.238,3,up,3,down,down,down,3,3.0
2025-05-08,2,1.446,4,up,2,down,down,down,5,3.0
2025-05-09,2,1.252,5,up,1,down,down,down,3,3.0
2025-05-12,3,2.305,1,down,5,down,down,down,3,2.0
2025-05-13,3,2.367,2,down,4,down,down,down,2,2.0
2025-05-14,3,2.229,3,down,3,down,down,down,2,2.0
2025-05-15,3,2.178,4,down,2,down,down,down,1,2.0
2025-05-16,3,2.172,5,down,1,down,down,down,1,2.0
2025-05-19,2,1.94,1,down,2,down,down,down,6,3.0
2025-05-20,2,1.601,2,down,1,down,down,down,4,3.0
2025-05-21,1,0.818,1,up,3,down,down,down,10,3.0
2025-05-22,1,0.715,2,up,2,down,down,down,9,3.0
2025-05-23,1,0.363,3,up,1,down,down,down,5,3.0
2025-05-27,2,1.008,1,down,1,down,down,down,1,3.0
2025-05-28,1,0.682,1,down,16,down,down,down,8,3.0
2025-05-29,1,0.715,2,down,15,down,down,down,40,3.0
2025-05-30,1,0.572,3,down,14,down,down,down,16,3.0
2025-06-02,1,0.7,4,down,13,down,down,down,40,3.0
2025-06-03,1,0.809,5,down,12,down,down,down,40,3.0
2025-06-04,1,0.679,6,down,11,down,down,down,18,3.0
2025-06-05,1,0.392,7,down,10,down,down,down,15,3.0
2025-06-06,1,0.669,8,down,9,down,down,down,40,3.0
2025-06-09,1,0.59,9,down,8,down,down,down,40,3.0
2025-06-10,1,0.739,10,down,7,down,down,down,40,3.0
2025-06-11,1,0.584,11,down,6,down,down,down,17,3.0
2025-06-12,1,0.683,12,down,5,down,down,down,40,3.0
2025-06-13,1,0.235,13,down,4,down,down,down,9,3.0
2025-06-16,1,0.568,14,down,3,down,down,down,40,3.0
2025-06-17,1,0.233,15,down,2,down,down,down,7,3.0
2025-06-18,1,0.212,16,down,1,down,down,down,6,3.0
2025-06-20,-1,-0.028,1,up,1,up,up,up,40,2.0
2025-06-23,1,0.294,1,up,5,down,down,down,40,3.0
2025-06-24,1,0.624,2,up,4,down,down,down,40,3.0
2025-06-25,1,0.595,3,up,3,down,down,down,40,3.0
2025-06-26,1,0.814,4,up,2,down,down,down,40,3.0
2025-06-27,1,0.923,5,up,1,down,down,down,40,3.0
2025-06-30,2,1.012,1,down,1,down,down,down,1,3.0
2025-07-01,1,0.921,1,up,1,down,down,down,18,3.0
2025-07-02,2,1.014,1,down,2,down,down,down,1,3.0
2025-07-03,2,1.214,2,down,1,down,down,down,3,3.0
2025-07-07,1,0.849,1,down,19,down,down,down,16,3.0
2025-07-08,1,0.763,2,down,18,down,down,down,14,3.0
2025-07-09,1,0.911,3,down,17,down,down,down,40,3.0
2025-07-10,1,0.945,4,down,16,down,down,down,40,3.0
2025-07-11,1,0.745,5,down,15,down,down,down,17,3.0
2025-07-14,1,0.752,6,down,14,down,down,down,40,3.0
2025-07-15,1,0.514,7,down,13,down,down,down,10,3.0
2025-07-16,1,0.574,8,down,12,down,down,down,40,3.0
2025-07-17,1,0.711,9,down,11,down,down,down,40,3.0
2025-07-18,1,0.591,10,down,10,down,down,down,18,3.0
2025-07-21,1,0.558,11,down,9,down,down,down,40,3.0
2025-07-22,1,0.476,12,down,8,down,down,down,40,3.0
2025-07-23,1,0.713,13,down,7,down,down,down,40,3.0
2025-07-24,1,0.642,14,down,6,down,down,down,40,3.0
2025-07-25,1,0.725,15,down,5,down,down,down,40,3.0
2025-07-28,1,0.649,16,down,4,down,down,down,18,3.0
2025-07-29,1,0.497,17,down,3,down,down,down,15,3.0
2025-07-30,1,0.398,18,down,2,down,down,down,13,3.0
2025-07-31,1,0.221,19,down,1,down,down,down,9,3.0
2025-08-01,-1,-0.404,1,up,1,up,up,up,40,2.0
2025-08-04,1,0.146,1,down,1,down,down,down,7,3.0
2025-08-05,-1,-0.073,1,up,1,up,up,up,17,2.0
2025-08-06,1,0.194,1,down,11,down,down,down,40,3.0
2025-08-07,1,0.142,2,down,10,down,down,down,8,3.0
2025-08-08,1,0.399,3,down,9,down,down,down,40,3.0
2025-08-11,1,0.291,4,down,8,down,down,down,18,3.0
2025-08-12,1,0.643,5,down,7,down,down,down,40,3.0
2025-08-13,1,0.717,6,down,6,down,down,down,40,3.0
2025-08-14,1,0.676,7,down,5,down,down,down,40,3.0
2025-08-15,1,0.535,8,down,4,down,down,down,16,3.0
2025-08-18,1,0.482,9,down,3,down,down,down,15,3.0
2025-08-19,1,0.232,10,down,2,down,down,down,11,3.0
2025-08-20,1,0.113,11,down,1,down,down,down,8,3.0
2025-08-21,-1,-0.052,1,up,1,up,up,up,40,2.0
2025-08-22,1,0.532,1,down,6,down,down,down,40,3.0
2025-08-25,1,0.339,2,down,5,down,down,down,18,3.0
2025-08-26,1,0.476,3,down,4,down,down,down,40,3.0
2025-08-27,1,0.53,4,down,3,down,down,down,40,3.0
2025-08-28,1,0.621,5,down,2,down,down,down,40,3.0
2025-08-29,1,0.307,6,down,1,down,down,down,14,3.0
2025-09-02,-1,-0.023,1,up,1,up,up,up,40,2.0
2025-09-03,1,0.147,1,down,27,down,down,down,12,3.0
2025-09-04,1,0.434,2,down,26,down,down,down,40,3.0
2025-09-05,1,0.269,3,down,25,down,down,down,18,3.0
2025-09-08,1,0.333,4,down,24,down,down,down,40,3.0
2025-09-09,1,0.382,5,down,23,down,down,down,40,3.0
2025-09-10,1,0.469,6,down,22,down,down,down,40,3.0
2025-09-11,1,0.764,7,down,21,down,down,down,40,3.0
2025-09-12,1,0.711,8,down,20,down,down,down,18,3.0
2025-09-15,1,0.872,9,down,19,down,down,down,40,3.0
2025-09-16,1,0.765,10,down,18,down,down,down,18,3.0
2025-09-17,1,0.655,11,down,17,down,down,down,16,3.0
2025-09-18,1,0.768,12,down,16,down,down,down,40,3.0
2025-09-19,1,0.768,13,down,15,down,down,down,40,3.0
2025-09-22,1,0.891,14,down,14,down,down,down,40,3.0
2025-09-23,1,0.606,15,down,13,down,down,down,16,3.0
2025-09-24,1,0.427,16,down,12,down,down,down,10,3.0
2025-09-25,1,0.203,17,down,11,down,down,down,6,3.0
2025-09-26,1,0.396,18,down,10,down,down,down,12,3.0
2025-09-29,1,0.453,19,down,9,down,down,down,40,3.0
2025-09-30,1,0.526,20,down,8,down,down,down,40,3.0
2025-10-01,1,0.589,21,down,7,down,down,down,40,3.0
2025-10-02,1,0.574,22,down,6,down,down,down,40,3.0
2025-10-03,1,0.506,23,down,5,down,down,down,18,3.0
2025-10-06,1,0.582,24,down,4,down,down,down,40,3.0
2025-10-07,1,0.372,25,down,3,down,down,down,15,3.0
2025-10-08,1,0.551,26,down,2,down,down,down,40,3.0
2025-10-09,1,0.391,27,down,1,down,down,down,16,3.0
2025-10-10,-1,-0.731,1,up,3,up,down,up,40,2.0
2025-10-13,-1,-0.103,2,up,2,up,up,up,17,2.0
2025-10-14,-1,-0.161,3,up,1,up,up,up,17,2.0
2025-10-15,1,0.004,1,down,1,down,down,down,1,3.0
2025-10-16,-1,-0.274,1,up,2,up,up,up,40,2.0
2025-10-17,-1,-0.042,2,up,1,up,up,up,12,2.0
2025-10-20,1,0.369,1,up,5,down,down,down,40,3.0
2025-10-21,1,0.344,2,up,4,down,down,down,18,3.0
2025-10-22,1,0.11,3,up,3,down,down,down,16,3.0
2025-10-23,1,0.31,4,up,2,down,down,down,40,3.0
2025-10-24,1,0.596,5,up,1,down,down,down,40,3.0
2025-10-27,2,1.005,1,down,3,down,down,down,1,3.0
2025-10-28,2,1.047,2,down,2,down,down,down,1,3.0
2025-10-29,2,1.009,3,down,1,down,down,down,1,3.0
2025-10-30,1,0.53,1,down,5,down,down,down,14,3.0
2025-10-31,1,0.624,2,down,4,down,down,down,14,3.0
2025-11-03,1,0.664,3,down,3,down,down,down,14,3.0
2025-11-04,1,0.16,4,down,2,down,down,down,5,3.0
2025-11-05,1,0.288,5,down,1,down,down,down,7,3.0
2025-11-06,-1,-0.153,1,up,2,up,up,up,40,2.0
2025-11-07,-1,-0.167,2,up,1,up,up,up,18,2.0
2025-11-10,1,0.413,1,down,3,down,down,down,40,3.0
2025-11-11,1,0.444,2,down,2,down,down,down,40,3.0
2025-11-12,1,0.412,3,down,1,down,down,down,40,3.0
2025-11-13,-1,-0.313,1,down,3,up,up,up,40,2.0
2025-11-14,-1,-0.343,2,down,2,up,up,up,40,2.0
2025-11-17,-1,-0.718,3,down,1,up,down,up,40,2.0
2025-11-18,-2,-1.038,1,up,1,up,up,up,2,2.0
2025-11-19,-1,-0.858,1,down,1,up,down,up,18,2.0
2025-11-20,-2,-1.442,1,up,1,up,up,up,5,2.0
2025-11-21,-1,-0.964,1,up,2,up,down,up,16,2.0
2025-11-24,-1,-0.305,2,up,1,up,up,up,10,2.0
2025-11-25,1,0.116,1,down,15,down,down,down,40,3.0
2025-11-26,1,0.419,2,down,14,down,down,down,40,3.0
2025-11-28,1,0.628,3,down,13,down,down,down,40,3.0
2025-12-01,1,0.449,4,down,12,down,down,down,17,3.0
2025-12-02,1,0.529,5,down,11,down,down,down,17,3.0
2025-12-03,1,0.643,6,down,10,down,down,down,40,3.0
2025-12-04,1,0.652,7,down,9,down,down,down,40,3.0
2025-12-05,1,0.682,8,down,8,down,down,down,40,3.0
2025-12-08,1,0.523,9,down,7,down,down,down,15,3.0
2025-12-09,1,0.484,10,down,6,down,down,down,12,3.0
2025-12-10,1,0.737,11,down,5,down,down,down,40,3.0
2025-12-11,1,0.813,12,down,4,down,down,down,40,3.0
2025-12-12,1,0.347,13,down,3,down,down,down,6,3.0
2025-12-15,1,0.26,14,down,2,down,down,down,5,3.0
2025-12-16,1,0.108,15,down,1,down,down,down,3,3.0
2025-12-17,-1,-0.381,1,up,2,up,up,up,40,2.0
2025-12-18,-1,-0.113,2,up,1,up,up,up,17,2.0
2025-12-19,1,0.051,1,down,7,down,down,down,1,3.0
2025-12-22,1,0.227,2,down,6,down,down,down,40,3.0
2025-12-23,1,0.355,3,down,5,down,down,down,40,3.0
2025-12-24,1,0.452,4,down,4,down,down,down,40,3.0
2025-12-26,1,0.418,5,down,3,down,down,down,18,3.0
2025-12-29,1,0.26,6,down,2,down,down,down,15,3.0
2025-12-30,1,0.19,7,down,1,down,down,down,14,3.0
2025-12-31,-1,-0.118,1,up,2,up,up,up,40,2.0
2026-01-02,-1,-0.04,2,up,1,up,up,up,6,2.0
2026-01-05,1,0.223,1,down,10,down,down,down,40,3.0
2026-01-06,1,0.448,2,down,9,down,down,down,40,3.0
2026-01-07,1,0.299,3,down,8,down,down,down,17,3.0
2026-01-08,1,0.276,4,down,7,down,down,down,16,3.0
2026-01-09,1,0.529,5,down,6,down,down,down,40,3.0
2026-01-12,1,0.576,6,down,5,down,down,down,40,3.0
2026-01-13,1,0.457,7,down,4,down,down,down,17,3.0
2026-01-14,1,0.225,8,down,3,down,down,down,11,3.0
2026-01-15,1,0.298,9,down,2,down,down,down,14,3.0
2026-01-16,1,0.202,10,down,1,down,down,down,11,3.0
2026-01-20,-1,-0.668,1,up,2,up,down,up,40,2.0
2026-01-21,-1,-0.197,2,up,1,up,up,up,17,2.0
2026-01-22,1,0.01,1,down,8,down,down,down,6,3.0
2026-01-23,1,0.021,2,down,7,down,down,down,5,3.0
2026-01-26,1,0.226,3,down,6,down,down,down,40,3.0
2026-01-27,1,0.376,4,down,5,down,down,down,40,3.0
2026-01-28,1,0.349,5,down,4,down,down,down,18,3.0
2026-01-29,1,0.246,6,down,3,down,down,down,16,3.0
2026-01-30,1,0.09,7,down,2,down,down,down,13,3.0
2026-02-02,1,0.261,8,down,1,down,down,down,40,3.0
2026-02-03,-1,-0.102,1,up,3,up,up,up,40,2.0
2026-02-04,-1,-0.29,2,up,2,up,up,up,40,2.0
2026-02-05,-1,-0.789,3,up,1,up,down,up,40,2.0
2026-02-06,1,0.015,1,down,4,down,down,down,9,3.0
2026-02-09,1,0.217,2,down,3,down,down,down,40,3.0
2026-02-10,1,0.116,3,down,2,down,down,down,17,3.0
2026-02-11,1,0.112,4,down,1,down,down,down,16,3.0
2026-02-12,-1,-0.519,1,up,5,up,down,up,40,2.0
2026-02-13,-1,-0.456,2,up,4,up,down,up,18,2.0
2026-02-17,-1,-0.36,3,up,3,up,up,up,17,2.0
2026-02-18,-1,-0.174,4,up,2,up,up,up,14,2.0
2026-02-19,-1,-0.283,5,up,1,up,up,up,15,2.0
2026-02-20,1,0.019,1,down,1,down,down,down,40,3.0
2026-02-23,-1,-0.393,1,up,2,up,up,up,40,2.0
2026-02-24,-1,-0.071,2,up,1,up,up,up,4,2.0
2026-02-25,1,0.288,1,down,2,down,down,down,40,3.0
2026-02-26,1,0.074,2,down,1,down,down,down,17,3.0
2026-02-27,-1,-0.103,1,down,9,up,up,up,9,2.0
2026-03-02,-1,-0.063,2,down,8,up,up,up,7,2.0
2026-03-03,-1,-0.391,3,down,7,up,up,up,40,2.0
2026-03-04,-1,-0.08,4,down,6,up,up,up,16,2.0
2026-03-05,-1,-0.302,5,down,5,up,up,up,40,2.0
2026-03-06,-1,-0.851,6,down,4,up,down,up,40,2.0
2026-03-09,-1,-0.44,7,down,3,up,down,up,17,2.0
2026-03-10,-1,-0.459,8,down,2,up,down,up,17,2.0
2026-03-11,-1,-0.465,9,down,1,up,down,up,16,2.0
2026-03-12,-2,-1.054,1,up,2,up,up,up,2,2.0
2026-03-13,-2,-1.246,2,up,1,up,up,up,4,2.0
2026-03-16,-1,-0.768,1,down,2,up,down,up,16,2.0
2026-03-17,-1,-0.623,2,down,1,up,down,up,14,2.0
2026-03-18,-2,-1.19,1,up,5,up,up,up,3,2.0
2026-03-19,-2,-1.238,2,up,4,up,up,up,3,2.0
2026-03-20,-2,-1.904,3,up,3,up,up,up,7,2.0
2026-03-23,-2,-1.316,4,up,2,up,up,up,3,2.0
2026-03-24,-2,-1.356,5,up,1,up,up,up,3,2.0
2026-03-25,-1,-0.97,1,down,1,up,down,up,14,2.0
2026-03-26,-2,-1.651,1,down,1,up,up,up,5,2.0
2026-03-27,-3,-2.257,1,up,2,up,up,up,2,2.0
2026-03-30,-3,-2.196,2,up,1,up,up,up,2,2.0
2026-03-31,-1,-0.778,1,up,3,up,down,up,10,2.0
2026-04-01,-1,-0.34,2,up,2,up,up,up,5,2.0
2026-04-02,-1,-0.214,3,up,1,up,up,up,4,2.0
2026-04-06,1,0.04,1,up,2,down,down,down,40,3.0
2026-04-07,1,0.124,2,up,1,down,down,down,40,3.0
2026-04-08,2,1.226,1,up,4,down,down,down,8,3.0
2026-04-09,2,1.457,2,up,3,down,down,down,8,3.0
2026-04-10,2,1.397,3,up,2,down,down,down,7,3.0
2026-04-13,2,1.822,4,up,1,down,down,down,9,3.0
2026-04-14,3,2.385,1,down,10,down,down,down,4,2.0
2026-04-15,3,2.82,2,down,9,down,down,down,5,2.0
2026-04-16,3,2.763,3,down,8,down,down,down,5,2.0
2026-04-17,3,3.175,4,down,7,down,down,down,6,2.0
2026-04-20,3,2.846,5,down,6,down,down,down,5,2.0
2026-04-21,3,2.338,6,down,5,down,down,down,2,2.0
2026-04-22,3,2.607,7,down,4,down,down,down,3,2.0
2026-04-23,3,2.242,8,down,3,down,down,down,2,2.0
2026-04-24,3,2.377,9,down,2,down,down,down,2,2.0
2026-04-27,3,2.203,10,down,1,down,down,down,1,2.0
2026-04-28,2,1.67,1,down,14,down,down,down,4,3.0
2026-04-29,2,1.435,2,down,13,down,down,down,3,3.0
2026-04-30,2,1.702,3,down,12,down,down,down,4,3.0
2026-05-01,2,1.606,4,down,11,down,down,down,3,3.0
2026-05-04,2,1.207,5,down,10,down,down,down,1,3.0
2026-05-05,2,1.383,6,down,9,down,down,down,3,3.0
2026-05-06,2,1.877,7,down,8,down,down,down,6,3.0
2026-05-07,2,1.543,8,down,7,down,down,down,4,3.0
2026-05-08,2,1.77,9,down,6,down,down,down,6,3.0
2026-05-11,2,1.702,10,down,5,down,down,down,6,3.0
2026-05-12,2,1.468,11,down,4,down,down,down,4,3.0
2026-05-13,2,1.605,12,down,3,down,down,down,5,3.0
2026-05-14,2,1.845,13,down,2,down,down,down,7,3.0
2026-05-15,2,1.114,14,down,1,down,down,down,2,3.0
2026-05-18,1,0.981,1,up,4,down,down,down,11,3.0
2026-05-19,1,0.521,2,up,3,down,down,down,7,3.0
2026-05-20,1,0.976,3,up,2,down,down,down,40,3.0
2026-05-21,1,0.969,4,up,1,down,down,down,40,3.0
2026-05-22,2,1.081,1,down,7,down,down,down,1,3.0
2026-05-26,2,1.33,2,down,6,down,down,down,3,3.0
2026-05-27,2,1.178,3,down,5,down,down,down,2,3.0
2026-05-28,2,1.325,4,down,4,down,down,down,3,3.0
2026-05-29,2,1.32,5,down,3,down,down,down,3,3.0
2026-06-01,2,1.327,6,down,2,down,down,down,3,3.0
2026-06-02,2,1.246,7,down,1,down,down,down,3,3.0
2026-06-03,1,0.727,1,down,2,down,down,down,13,3.0
2026-06-04,1,0.854,2,down,1,down,down,down,15,3.0
2026-06-05,-1,-0.689,1,down,3,up,down,up,40,2.0
2026-06-08,-1,-0.561,2,down,2,up,down,up,18,2.0
2026-06-09,-1,-0.724,3,down,1,up,down,up,40,2.0
2026-06-10,-2,-1.599,1,up,1,up,up,up,9,2.0
2026-06-11,-1,-0.593,1,up,2,up,down,up,15,2.0
2026-06-12,-1,-0.257,2,up,1,up,up,up,12,2.0
2026-06-15,1,0.681,1,down,2,down,down,down,40,3.0
2026-06-16,1,0.297,2,down,1,down,down,down,18,3.0
2026-06-17,-1,-0.452,1,down,3,up,down,up,11,2.0
2026-06-18,-1,-0.026,2,down,2,up,up,up,5,2.0
2026-06-22,-1,-0.213,3,down,1,up,up,up,7,2.0
2026-06-23,-2,-1.008,1,up,1,up,up,up,1,2.0
2026-06-24,-1,-0.964,1,down,2,up,down,up,40,2.0
2026-06-25,-1,-0.816,2,down,1,up,down,up,17,2.0
2026-06-26,-2,-1.129,1,up,1,up,up,up,2,2.0
2026-06-29,-1,-0.139,1,up,1,up,up,up,3,2.0
