date,regime,label,z,days_in,p_up,p_down,pred_next_regime,exp_days_to_change,base_p_up,base_days,actual_dir,actual_days
2002-04-12,-1,mild_neg,-0.738,1,0.233,0.767,-2,4.5,0.352,3.5,down,10
2002-04-15,-1,mild_neg,-0.904,2,0.187,0.813,-2,3.5,0.352,3.5,down,9
2002-04-16,-1,mild_neg,-0.102,3,0.467,0.533,-2,3.0,0.352,3.5,down,8
2002-04-17,-1,mild_neg,-0.106,4,0.466,0.534,-2,4.5,0.352,3.5,down,7
2002-04-18,-1,mild_neg,-0.206,5,0.425,0.575,-2,6.0,0.352,3.5,down,6
2002-04-19,-1,mild_neg,-0.056,6,0.486,0.514,-2,5.0,0.352,3.5,down,5
2002-04-22,-1,mild_neg,-0.537,7,0.298,0.702,-2,4.0,0.352,3.5,down,4
2002-04-23,-1,mild_neg,-0.632,8,0.266,0.734,-2,3.0,0.352,3.5,down,3
2002-04-24,-1,mild_neg,-0.891,9,0.191,0.809,-2,2.0,0.352,3.5,down,2
2002-04-25,-1,mild_neg,-0.799,10,0.215,0.785,-2,1.0,0.352,3.5,down,1
2002-04-30,-1,mild_neg,-0.994,1,0.142,0.858,-2,5.0,0.309,4.0,down,4
2002-05-01,-1,mild_neg,-0.537,2,0.26,0.74,-2,4.0,0.309,4.0,down,3
2002-05-02,-1,mild_neg,-0.609,3,0.238,0.762,-2,5.0,0.309,4.0,down,2
2002-05-03,-1,mild_neg,-0.898,4,0.162,0.838,-2,6.0,0.309,4.0,down,1
2002-05-08,-1,mild_neg,-0.175,1,0.389,0.611,-2,4.5,0.294,4.0,down,2
2002-05-09,-1,mild_neg,-0.525,2,0.249,0.751,-2,3.5,0.294,4.0,down,1
2002-05-13,-1,mild_neg,-0.362,1,0.302,0.698,-2,4.0,0.287,4.0,up,1
2002-05-14,1,mild_pos,0.414,1,0.294,0.706,-1,4.0,0.312,4.5,down,9
2002-05-15,1,mild_pos,0.334,2,0.276,0.724,-1,5.0,0.312,4.5,down,8
2002-05-16,1,mild_pos,0.541,3,0.324,0.676,-1,4.0,0.312,4.5,down,7
2002-05-17,1,mild_pos,0.735,4,0.373,0.627,-1,3.0,0.312,4.5,down,6
2002-05-20,1,mild_pos,0.39,5,0.289,0.711,-1,3.0,0.312,4.5,down,5
2002-05-21,1,mild_pos,0.108,6,0.229,0.771,-1,2.0,0.312,4.5,down,4
2002-05-22,1,mild_pos,0.191,7,0.245,0.755,-1,1.0,0.312,4.5,down,3
2002-05-23,1,mild_pos,0.539,8,0.324,0.676,-1,1.0,0.312,4.5,down,2
2002-05-24,1,mild_pos,0.082,9,0.224,0.776,-1,1.0,0.312,4.5,down,1
2002-05-28,-1,mild_neg,-0.123,1,0.412,0.588,-2,4.0,0.295,3.5,down,4
2002-05-29,-1,mild_neg,-0.372,2,0.306,0.694,-2,3.5,0.295,3.5,down,3
2002-05-30,-1,mild_neg,-0.435,3,0.282,0.718,-2,3.0,0.295,3.5,down,2
2002-05-31,-1,mild_neg,-0.341,4,0.319,0.681,-2,6.0,0.295,3.5,down,1
2002-06-05,-1,mild_neg,-0.817,1,0.158,0.842,-2,3.5,0.283,4.0,down,1
2002-06-17,-1,mild_neg,-0.492,1,0.246,0.754,-2,3.5,0.28,3.5,down,3
2002-06-18,-1,mild_neg,-0.136,2,0.384,0.616,-2,3.0,0.28,3.5,down,2
2002-06-19,-1,mild_neg,-0.849,3,0.146,0.854,-2,3.0,0.28,3.5,down,1
2002-06-27,-1,mild_neg,-0.982,1,0.114,0.886,-2,3.0,0.271,3.0,down,1
2002-07-05,-1,mild_neg,-0.348,1,0.288,0.712,-2,3.0,0.268,3.0,down,2
2002-07-08,-1,mild_neg,-0.685,2,0.177,0.823,-2,2.5,0.268,3.0,down,1
2002-07-29,-1,mild_neg,-0.225,1,0.333,0.667,-2,3.0,0.263,3.0,up,1
2002-07-30,1,mild_pos,0.235,1,0.214,0.786,-1,5.0,0.274,5.0,down,2
2002-07-31,1,mild_pos,0.361,2,0.243,0.757,-1,5.0,0.274,5.0,down,1
2002-08-01,-1,mild_neg,-0.278,1,0.321,0.679,-2,3.0,0.27,3.0,down,2
2002-08-02,-1,mild_neg,-0.727,2,0.161,0.839,-2,2.5,0.27,3.0,down,1
2002-08-06,-1,mild_neg,-0.413,1,0.26,0.74,-2,3.0,0.265,3.0,up,1
2002-08-07,1,mild_pos,0.14,1,0.184,0.816,-1,4.0,0.267,4.5,up,1
2002-08-12,1,mild_pos,0.973,1,0.398,0.602,-1,4.0,0.276,4.0,up,2
2002-08-13,1,mild_pos,0.5,2,0.281,0.719,-1,5.0,0.276,4.0,up,1
2002-08-23,1,mild_pos,0.956,1,0.449,0.551,-1,4.0,0.295,3.5,up,1
2002-08-27,1,mild_pos,0.711,1,0.387,0.613,-1,4.0,0.304,3.0,down,3
2002-08-28,1,mild_pos,0.126,2,0.195,0.805,-1,5.0,0.304,3.0,down,2
2002-08-29,1,mild_pos,0.09,3,0.186,0.814,-1,4.0,0.304,3.0,down,1
2002-08-30,-1,mild_neg,-0.084,1,0.413,0.587,-2,3.0,0.272,3.0,down,1
2002-09-04,-1,mild_neg,-0.852,1,0.135,0.865,-2,3.0,0.269,3.0,down,1
2002-09-06,-1,mild_neg,-0.708,1,0.167,0.833,-2,3.0,0.267,2.5,down,7
2002-09-09,-1,mild_neg,-0.503,2,0.23,0.77,-2,2.5,0.267,2.5,down,6
2002-09-10,-1,mild_neg,-0.216,3,0.343,0.657,-2,3.0,0.267,2.5,down,5
2002-09-11,-1,mild_neg,-0.413,4,0.262,0.738,-2,6.0,0.267,2.5,down,4
2002-09-12,-1,mild_neg,-0.872,5,0.127,0.873,-2,5.5,0.267,2.5,down,3
2002-09-13,-1,mild_neg,-0.75,6,0.155,0.845,-2,5.0,0.267,2.5,down,2
2002-09-16,-1,mild_neg,-0.636,7,0.187,0.813,-2,4.0,0.267,2.5,down,1
2002-09-26,-1,mild_neg,-0.792,1,0.129,0.871,-2,3.0,0.25,3.0,down,1
2002-10-01,-1,mild_neg,-0.443,1,0.234,0.766,-2,3.0,0.248,2.5,down,1
2002-10-11,1,mild_pos,0.242,1,0.216,0.784,-1,4.0,0.293,3.0,up,2
2002-10-14,1,mild_pos,0.483,2,0.293,0.707,-1,5.0,0.293,3.0,up,1
2002-10-29,1,mild_pos,0.904,1,0.463,0.537,-1,3.5,0.31,3.0,up,1
2002-10-31,1,mild_pos,0.698,1,0.402,0.598,-1,3.5,0.318,2.5,up,1
2002-11-07,1,mild_pos,0.477,1,0.323,0.677,-1,3.5,0.326,2.0,down,2
2002-11-08,1,mild_pos,0.073,2,0.188,0.812,-1,5.0,0.326,2.0,down,1
2002-11-11,-1,mild_neg,-0.4,1,0.249,0.751,-2,3.0,0.246,2.0,up,3
2002-11-12,-1,mild_neg,-0.191,2,0.342,0.658,-2,3.0,0.246,2.0,up,2
2002-11-13,-1,mild_neg,-0.202,3,0.337,0.663,-2,3.0,0.246,2.0,up,1
2002-11-14,1,mild_pos,0.261,1,0.237,0.763,-1,3.0,0.318,2.0,up,5
2002-11-15,1,mild_pos,0.415,2,0.292,0.708,-1,5.0,0.318,2.0,up,4
2002-11-18,1,mild_pos,0.143,3,0.199,0.801,-1,4.0,0.318,2.0,up,3
2002-11-19,1,mild_pos,0.095,4,0.185,0.815,-1,3.5,0.318,2.0,up,2
2002-11-20,1,mild_pos,0.649,5,0.39,0.61,-1,3.0,0.318,2.0,up,1
2002-11-22,1,mild_pos,0.816,1,0.472,0.528,-1,3.5,0.355,2.0,down,8
2002-11-25,1,mild_pos,0.777,2,0.459,0.541,-1,4.0,0.355,2.0,down,7
2002-11-26,1,mild_pos,0.222,3,0.283,0.717,-1,4.0,0.355,2.0,down,6
2002-11-27,1,mild_pos,0.886,4,0.496,0.504,-1,3.0,0.355,2.0,down,5
2002-11-29,1,mild_pos,0.724,5,0.441,0.559,-1,3.0,0.355,2.0,down,4
2002-12-02,1,mild_pos,0.711,6,0.436,0.564,-1,2.0,0.355,2.0,down,3
2002-12-03,1,mild_pos,0.328,7,0.314,0.686,-1,1.0,0.355,2.0,down,2
2002-12-04,1,mild_pos,0.198,8,0.276,0.724,-1,1.0,0.355,2.0,down,1
2002-12-05,-1,mild_neg,-0.078,1,0.437,0.563,-2,3.0,0.265,2.5,up,1
2002-12-06,1,mild_pos,0.081,1,0.242,0.758,-1,4.0,0.327,2.5,down,1
2002-12-09,-1,mild_neg,-0.679,1,0.158,0.842,-2,3.0,0.271,2.0,down,13
2002-12-10,-1,mild_neg,-0.349,2,0.297,0.703,-2,2.5,0.271,2.0,down,12
2002-12-11,-1,mild_neg,-0.353,3,0.295,0.705,-2,3.0,0.271,2.0,down,11
2002-12-12,-1,mild_neg,-0.382,4,0.281,0.719,-2,4.5,0.271,2.0,down,10
2002-12-13,-1,mild_neg,-0.801,5,0.122,0.878,-2,5.0,0.271,2.0,down,9
2002-12-16,-1,mild_neg,-0.101,6,0.439,0.561,-2,5.0,0.271,2.0,down,8
2002-12-17,-1,mild_neg,-0.346,7,0.299,0.701,-2,4.0,0.271,2.0,down,7
2002-12-18,-1,mild_neg,-0.659,8,0.164,0.836,-2,3.0,0.271,2.0,down,6
2002-12-19,-1,mild_neg,-0.809,9,0.119,0.881,-2,2.0,0.271,2.0,down,5
2002-12-20,-1,mild_neg,-0.49,10,0.23,0.77,-2,1.0,0.271,2.0,down,4
2002-12-23,-1,mild_neg,-0.429,11,0.258,0.742,-2,2.0,0.271,2.0,down,3
2002-12-24,-1,mild_neg,-0.574,12,0.196,0.804,-2,1.0,0.271,2.0,down,2
2002-12-26,-1,mild_neg,-0.526,13,0.215,0.785,-2,1.0,0.271,2.0,down,1
2002-12-30,-1,mild_neg,-0.73,1,0.121,0.879,-2,3.0,0.244,2.5,up,2
2002-12-31,-1,mild_neg,-0.602,2,0.161,0.839,-2,3.0,0.244,2.5,up,1
2003-01-02,1,mild_pos,0.289,1,0.28,0.72,-1,4.0,0.324,2.0,down,11
2003-01-03,1,mild_pos,0.387,2,0.302,0.698,-1,5.0,0.324,2.0,down,10
2003-01-06,1,mild_pos,0.825,3,0.414,0.586,-1,4.0,0.324,2.0,down,9
2003-01-07,1,mild_pos,0.749,4,0.393,0.607,-1,3.5,0.324,2.0,down,8
2003-01-08,1,mild_pos,0.336,5,0.291,0.709,-1,3.0,0.324,2.0,down,7
2003-01-09,1,mild_pos,0.713,6,0.384,0.616,-1,2.0,0.324,2.0,down,6
2003-01-10,1,mild_pos,0.749,7,0.394,0.606,-1,1.0,0.324,2.0,down,5
2003-01-13,1,mild_pos,0.707,8,0.383,0.617,-1,1.0,0.324,2.0,down,4
2003-01-14,1,mild_pos,0.733,9,0.389,0.611,-1,1.0,0.324,2.0,down,3
2003-01-15,1,mild_pos,0.459,10,0.32,0.68,-1,1.0,0.324,2.0,down,2
2003-01-16,1,mild_pos,0.333,11,0.29,0.71,-1,1.0,0.324,2.0,down,1
2003-01-17,-1,mild_neg,-0.077,1,0.42,0.58,-2,3.0,0.256,2.0,down,4
2003-01-21,-1,mild_neg,-0.504,2,0.219,0.781,-2,3.0,0.256,2.0,down,3
2003-01-22,-1,mild_neg,-0.81,3,0.124,0.876,-2,3.5,0.256,2.0,down,2
2003-01-23,-1,mild_neg,-0.622,4,0.177,0.823,-2,6.0,0.256,2.0,down,1
2003-02-14,-1,mild_neg,-0.443,1,0.236,0.764,-2,3.0,0.248,2.5,up,1
2003-02-18,1,mild_pos,0.093,1,0.227,0.773,-1,4.0,0.292,2.5,down,2
2003-02-19,1,mild_pos,0.018,2,0.216,0.784,-1,5.0,0.292,2.5,down,1
2003-02-20,-1,mild_neg,-0.186,1,0.359,0.641,-2,3.0,0.254,2.0,up,1
2003-02-21,1,mild_pos,0.131,1,0.222,0.778,-1,4.0,0.287,2.0,down,1
2003-02-24,-1,mild_neg,-0.257,1,0.332,0.668,-2,3.0,0.259,2.0,up,4
2003-02-25,-1,mild_neg,-0.036,2,0.452,0.548,-2,2.5,0.259,2.0,up,3
2003-02-26,-1,mild_neg,-0.383,3,0.272,0.728,-2,3.0,0.259,2.0,up,2
2003-02-27,-1,mild_neg,-0.004,4,0.471,0.529,-2,6.0,0.259,2.0,up,1
2003-02-28,1,mild_pos,0.162,1,0.223,0.777,-1,4.0,0.284,2.0,down,1
2003-03-03,-1,mild_neg,-0.058,1,0.487,0.513,-2,3.0,0.28,2.0,down,6
2003-03-04,-1,mild_neg,-0.428,2,0.268,0.732,-2,2.0,0.28,2.0,down,5
2003-03-05,-1,mild_neg,-0.174,3,0.413,0.587,-2,3.0,0.28,2.0,down,4
2003-03-06,-1,mild_neg,-0.365,4,0.301,0.699,-2,6.0,0.28,2.0,down,3
2003-03-07,-1,mild_neg,-0.166,5,0.418,0.582,-2,5.5,0.28,2.0,down,2
2003-03-10,-1,mild_neg,-0.786,6,0.127,0.873,-2,5.0,0.28,2.0,down,1
2003-03-11,-2,negative,-1.002,1,0.855,0.145,-1,2.0,0.712,1.0,up,1
2003-03-12,-1,mild_neg,-0.783,1,0.126,0.874,-2,3.0,0.268,2.5,up,1
2003-03-13,1,mild_pos,0.104,1,0.209,0.791,-1,4.0,0.282,2.0,up,3
2003-03-14,1,mild_pos,0.161,2,0.219,0.781,-1,5.0,0.282,2.0,up,2
2003-03-17,1,mild_pos,0.933,3,0.388,0.612,-1,4.5,0.282,2.0,up,1
2003-03-24,1,mild_pos,0.657,1,0.336,0.664,-1,3.5,0.3,2.0,down,5
2003-03-25,1,mild_pos,0.853,2,0.377,0.623,-1,5.0,0.3,2.0,down,4
2003-03-26,1,mild_pos,0.665,3,0.337,0.663,-1,4.5,0.3,2.0,down,3
2003-03-27,1,mild_pos,0.642,4,0.333,0.667,-1,4.0,0.3,2.0,down,2
2003-03-28,1,mild_pos,0.484,5,0.301,0.699,-1,3.0,0.3,2.0,down,1
2003-03-31,-1,mild_neg,-0.126,1,0.411,0.589,-2,3.0,0.273,2.0,up,1
2003-04-01,1,mild_pos,0.223,1,0.249,0.751,-1,4.0,0.288,2.0,down,6
2003-04-02,1,mild_pos,0.766,2,0.332,0.668,-1,4.0,0.288,2.0,down,5
2003-04-03,1,mild_pos,0.569,3,0.301,0.699,-1,4.0,0.288,2.0,down,4
2003-04-04,1,mild_pos,0.646,4,0.313,0.687,-1,3.5,0.288,2.0,down,3
2003-04-07,1,mild_pos,0.497,5,0.289,0.711,-1,3.0,0.288,2.0,down,2
2003-04-08,1,mild_pos,0.424,6,0.278,0.722,-1,2.0,0.288,2.0,down,1
2003-04-09,-1,mild_neg,-0.007,1,0.488,0.512,-2,3.0,0.278,2.0,up,1
2003-04-10,1,mild_pos,0.081,1,0.222,0.778,-1,4.0,0.275,2.5,down,1
2003-04-11,-1,mild_neg,-0.071,1,0.464,0.536,-2,3.0,0.283,2.0,up,1
2003-04-14,1,mild_pos,0.425,1,0.263,0.737,-1,4.0,0.273,2.0,up,6
2003-04-15,1,mild_pos,0.625,2,0.293,0.707,-1,4.0,0.273,2.0,up,5
2003-04-16,1,mild_pos,0.181,3,0.23,0.77,-1,4.0,0.273,2.0,up,4
2003-04-17,1,mild_pos,0.538,4,0.28,0.72,-1,3.0,0.273,2.0,up,3
2003-04-21,1,mild_pos,0.563,5,0.283,0.717,-1,3.0,0.273,2.0,up,2
2003-04-22,1,mild_pos,0.964,6,0.347,0.653,-1,2.0,0.273,2.0,up,1
2003-04-24,1,mild_pos,0.837,1,0.371,0.629,-1,4.0,0.304,2.5,down,17
2003-04-25,1,mild_pos,0.482,2,0.303,0.697,-1,4.0,0.304,2.5,down,16
2003-04-28,1,mild_pos,0.837,3,0.371,0.629,-1,4.0,0.304,2.5,down,15
2003-04-29,1,mild_pos,0.819,4,0.368,0.632,-1,3.0,0.304,2.5,down,14
2003-04-30,1,mild_pos,0.683,5,0.341,0.659,-1,3.0,0.304,2.5,down,13
2003-05-01,1,mild_pos,0.627,6,0.33,0.67,-1,2.0,0.304,2.5,down,12
2003-05-02,1,mild_pos,0.901,7,0.384,0.616,-1,1.0,0.304,2.5,down,11
2003-05-05,1,mild_pos,0.787,8,0.361,0.639,-1,2.0,0.304,2.5,down,10
2003-05-06,1,mild_pos,0.936,9,0.391,0.609,-1,2.0,0.304,2.5,down,9
2003-05-07,1,mild_pos,0.728,10,0.35,0.65,-1,1.0,0.304,2.5,down,8
2003-05-08,1,mild_pos,0.403,11,0.289,0.711,-1,1.0,0.304,2.5,down,7
2003-05-09,1,mild_pos,0.66,12,0.337,0.663,-1,1.0,0.304,2.5,down,6
2003-05-12,1,mild_pos,0.856,13,0.375,0.625,-1,1.0,0.304,2.5,down,5
2003-05-13,1,mild_pos,0.733,14,0.351,0.649,-1,1.0,0.304,2.5,down,4
2003-05-14,1,mild_pos,0.617,15,0.329,0.671,-1,1.0,0.304,2.5,down,3
2003-05-15,1,mild_pos,0.681,16,0.341,0.659,-1,1.0,0.304,2.5,down,2
2003-05-16,1,mild_pos,0.548,17,0.316,0.684,-1,1.0,0.304,2.5,down,1
2003-05-19,-1,mild_neg,-0.086,1,0.467,0.533,-2,3.0,0.288,2.0,up,3
2003-05-20,-1,mild_neg,-0.153,2,0.425,0.575,-2,2.5,0.288,2.0,up,2
2003-05-21,-1,mild_neg,-0.107,3,0.453,0.547,-2,3.0,0.288,2.0,up,1
2003-05-22,1,mild_pos,0.113,1,0.247,0.753,-1,4.0,0.271,3.0,up,8
2003-05-23,1,mild_pos,0.116,2,0.248,0.752,-1,4.0,0.271,3.0,up,7
2003-05-27,1,mild_pos,0.501,3,0.269,0.731,-1,4.0,0.271,3.0,up,6
2003-05-28,1,mild_pos,0.524,4,0.27,0.73,-1,3.0,0.271,3.0,up,5
2003-05-29,1,mild_pos,0.412,5,0.264,0.736,-1,3.0,0.271,3.0,up,4
2003-05-30,1,mild_pos,0.738,6,0.282,0.718,-1,2.0,0.271,3.0,up,3
2003-06-02,1,mild_pos,0.784,7,0.285,0.715,-1,1.0,0.271,3.0,up,2
2003-06-03,1,mild_pos,0.821,8,0.287,0.713,-1,3.0,0.271,3.0,up,1
2003-06-06,1,mild_pos,0.952,1,0.333,0.667,-1,4.0,0.307,3.0,up,3
2003-06-09,1,mild_pos,0.648,2,0.314,0.686,-1,4.5,0.307,3.0,up,2
2003-06-10,1,mild_pos,0.837,3,0.325,0.675,-1,4.0,0.307,3.0,up,1
2003-06-13,1,mild_pos,0.708,1,0.341,0.659,-1,4.0,0.319,3.0,up,1
2003-06-18,1,mild_pos,0.881,1,0.37,0.63,-1,4.0,0.323,3.0,down,3
2003-06-19,1,mild_pos,0.418,2,0.311,0.689,-1,4.0,0.323,3.0,down,2
2003-06-20,1,mild_pos,0.202,3,0.285,0.715,-1,4.0,0.323,3.0,down,1
2003-06-23,-1,mild_neg,-0.113,1,0.478,0.522,-2,3.0,0.301,2.0,up,7
2003-06-24,-1,mild_neg,-0.128,2,0.468,0.532,-2,2.0,0.301,2.0,up,6
2003-06-25,-1,mild_neg,-0.406,3,0.292,0.708,-2,3.0,0.301,2.0,up,5
2003-06-26,-1,mild_neg,-0.123,4,0.471,0.529,-2,4.5,0.301,2.0,up,4
2003-06-27,-1,mild_neg,-0.426,5,0.281,0.719,-2,5.0,0.301,2.0,up,3
2003-06-30,-1,mild_neg,-0.439,6,0.273,0.727,-2,5.0,0.301,2.0,up,2
2003-07-01,-1,mild_neg,-0.216,7,0.409,0.591,-2,4.0,0.301,2.0,up,1
2003-07-02,1,mild_pos,0.092,1,0.268,0.732,-1,4.0,0.318,3.0,down,1
2003-07-03,-1,mild_neg,-0.159,1,0.49,0.51,-2,3.0,0.331,2.0,up,1
2003-07-07,1,mild_pos,0.319,1,0.29,0.71,-1,4.0,0.316,3.0,down,3
2003-07-08,1,mild_pos,0.396,2,0.3,0.7,-1,4.0,0.316,3.0,down,2
2003-07-09,1,mild_pos,0.238,3,0.28,0.72,-1,4.0,0.316,3.0,down,1
2003-07-10,-1,mild_neg,-0.075,1,0.557,0.443,1,3.0,0.335,2.0,up,1
2003-07-11,1,mild_pos,0.17,1,0.263,0.737,-1,4.0,0.31,3.0,down,4
2003-07-14,1,mild_pos,0.279,2,0.278,0.722,-1,4.0,0.31,3.0,down,3
2003-07-15,1,mild_pos,0.24,3,0.273,0.727,-1,4.0,0.31,3.0,down,2
2003-07-16,1,mild_pos,0.112,4,0.256,0.744,-1,3.5,0.31,3.0,down,1
2003-07-17,-1,mild_neg,-0.221,1,0.456,0.544,-2,3.0,0.339,2.0,up,1
2003-07-18,1,mild_pos,0.053,1,0.234,0.766,-1,4.0,0.303,3.0,down,1
2003-07-21,-1,mild_neg,-0.261,1,0.431,0.569,-2,3.0,0.343,2.0,up,4
2003-07-22,-1,mild_neg,-0.032,2,0.604,0.396,1,2.5,0.343,2.0,up,3
2003-07-23,-1,mild_neg,-0.023,3,0.61,0.39,1,3.0,0.343,2.0,up,2
2003-07-24,-1,mild_neg,-0.246,4,0.443,0.557,-2,3.0,0.343,2.0,up,1
2003-07-25,1,mild_pos,0.222,1,0.255,0.745,-1,4.0,0.302,3.0,down,2
2003-07-28,1,mild_pos,0.091,2,0.235,0.765,-1,3.5,0.302,3.0,down,1
2003-07-29,-1,mild_neg,-0.073,1,0.6,0.4,1,3.0,0.359,2.0,up,10
2003-07-30,-1,mild_neg,-0.158,2,0.532,0.468,1,2.0,0.359,2.0,up,9
2003-07-31,-1,mild_neg,-0.082,3,0.593,0.407,1,3.0,0.359,2.0,up,8
2003-08-01,-1,mild_neg,-0.354,4,0.376,0.624,-2,3.0,0.359,2.0,up,7
2003-08-04,-1,mild_neg,-0.32,5,0.403,0.597,-2,3.5,0.359,2.0,up,6
2003-08-05,-1,mild_neg,-0.917,6,0.089,0.911,-2,5.0,0.359,2.0,up,5
2003-08-06,-1,mild_neg,-0.676,7,0.175,0.825,-2,4.0,0.359,2.0,up,4
2003-08-07,-1,mild_neg,-0.33,8,0.395,0.605,-2,3.0,0.359,2.0,up,3
2003-08-08,-1,mild_neg,-0.212,9,0.488,0.512,-2,2.0,0.359,2.0,up,2
2003-08-11,-1,mild_neg,-0.063,10,0.608,0.392,1,2.0,0.359,2.0,up,1
2003-08-12,1,mild_pos,0.232,1,0.251,0.749,-1,3.5,0.298,3.0,up,15
2003-08-13,1,mild_pos,0.088,2,0.228,0.772,-1,3.5,0.298,3.0,up,14
2003-08-14,1,mild_pos,0.16,3,0.239,0.761,-1,4.0,0.298,3.0,up,13
2003-08-15,1,mild_pos,0.255,4,0.255,0.745,-1,3.5,0.298,3.0,up,12
2003-08-18,1,mild_pos,0.485,5,0.295,0.705,-1,3.0,0.298,3.0,up,11
2003-08-19,1,mild_pos,0.577,6,0.312,0.688,-1,2.0,0.298,3.0,up,10
2003-08-20,1,mild_pos,0.436,7,0.286,0.714,-1,1.0,0.298,3.0,up,9
2003-08-21,1,mild_pos,0.501,8,0.298,0.702,-1,3.0,0.298,3.0,up,8
2003-08-22,1,mild_pos,0.198,9,0.245,0.755,-1,5.0,0.298,3.0,up,7
2003-08-25,1,mild_pos,0.249,10,0.254,0.746,-1,4.0,0.298,3.0,up,6
2003-08-26,1,mild_pos,0.297,11,0.262,0.738,-1,6.0,0.298,3.0,up,5
2003-08-27,1,mild_pos,0.292,12,0.261,0.739,-1,5.0,0.298,3.0,up,4
2003-08-28,1,mild_pos,0.469,13,0.292,0.708,-1,4.0,0.298,3.0,up,3
2003-08-29,1,mild_pos,0.639,14,0.324,0.676,-1,3.0,0.298,3.0,up,2
2003-09-02,1,mild_pos,0.994,15,0.396,0.604,-1,2.0,0.298,3.0,up,1
2003-09-04,1,mild_pos,0.966,1,0.409,0.591,-1,4.0,0.352,3.0,down,14
2003-09-05,1,mild_pos,0.711,2,0.378,0.622,-1,4.0,0.352,3.0,down,13
2003-09-08,1,mild_pos,0.89,3,0.399,0.601,-1,4.0,0.352,3.0,down,12
2003-09-09,1,mild_pos,0.614,4,0.366,0.634,-1,4.0,0.352,3.0,down,11
2003-09-10,1,mild_pos,0.249,5,0.325,0.675,-1,3.0,0.352,3.0,down,10
2003-09-11,1,mild_pos,0.293,6,0.33,0.67,-1,2.0,0.352,3.0,down,9
2003-09-12,1,mild_pos,0.304,7,0.331,0.669,-1,1.0,0.352,3.0,down,8
2003-09-15,1,mild_pos,0.149,8,0.314,0.686,-1,5.0,0.352,3.0,down,7
2003-09-16,1,mild_pos,0.571,9,0.362,0.638,-1,6.0,0.352,3.0,down,6
2003-09-17,1,mild_pos,0.47,10,0.35,0.65,-1,5.0,0.352,3.0,down,5
2003-09-18,1,mild_pos,0.785,11,0.387,0.613,-1,5.0,0.352,3.0,down,4
2003-09-19,1,mild_pos,0.45,12,0.348,0.652,-1,4.0,0.352,3.0,down,3
2003-09-22,1,mild_pos,0.049,13,0.303,0.697,-1,3.0,0.352,3.0,down,2
2003-09-23,1,mild_pos,0.127,14,0.312,0.688,-1,2.0,0.352,3.0,down,1
2003-09-24,-1,mild_neg,-0.499,1,0.311,0.689,-2,3.0,0.394,2.0,up,6
2003-09-25,-1,mild_neg,-0.795,2,0.153,0.847,-2,2.5,0.394,2.0,up,5
2003-09-26,-1,mild_neg,-0.907,3,0.113,0.887,-2,3.0,0.394,2.0,up,4
2003-09-29,-1,mild_neg,-0.562,4,0.27,0.73,-2,4.5,0.394,2.0,up,3
2003-09-30,-1,mild_neg,-0.867,5,0.126,0.874,-2,5.0,0.394,2.0,up,2
2003-10-01,-1,mild_neg,-0.089,6,0.617,0.383,1,4.5,0.394,2.0,up,1
2003-10-02,1,mild_pos,0.057,1,0.284,0.716,-1,4.0,0.329,3.0,down,15
2003-10-03,1,mild_pos,0.378,2,0.317,0.683,-1,4.0,0.329,3.0,down,14
2003-10-06,1,mild_pos,0.538,3,0.333,0.667,-1,4.5,0.329,3.0,down,13
2003-10-07,1,mild_pos,0.657,4,0.346,0.654,-1,4.0,0.329,3.0,down,12
2003-10-08,1,mild_pos,0.536,5,0.333,0.667,-1,3.0,0.329,3.0,down,11
2003-10-09,1,mild_pos,0.606,6,0.341,0.659,-1,2.0,0.329,3.0,down,10
2003-10-10,1,mild_pos,0.683,7,0.349,0.651,-1,1.5,0.329,3.0,down,9
2003-10-13,1,mild_pos,0.758,8,0.357,0.643,-1,6.0,0.329,3.0,down,8
2003-10-14,1,mild_pos,0.879,9,0.371,0.629,-1,5.5,0.329,3.0,down,7
2003-10-15,1,mild_pos,0.75,10,0.356,0.644,-1,4.5,0.329,3.0,down,6
2003-10-16,1,mild_pos,0.889,11,0.372,0.628,-1,4.0,0.329,3.0,down,5
2003-10-17,1,mild_pos,0.452,12,0.324,0.676,-1,3.0,0.329,3.0,down,4
2003-10-20,1,mild_pos,0.701,13,0.351,0.649,-1,2.0,0.329,3.0,down,3
2003-10-21,1,mild_pos,0.599,14,0.34,0.66,-1,2.0,0.329,3.0,down,2
2003-10-22,1,mild_pos,0.049,15,0.284,0.716,-1,2.0,0.329,3.0,down,1
2003-10-23,-1,mild_neg,-0.085,1,0.607,0.393,1,3.0,0.414,2.0,up,3
2003-10-24,-1,mild_neg,-0.067,2,0.618,0.382,1,3.0,0.414,2.0,up,2
2003-10-27,-1,mild_neg,-0.102,3,0.597,0.403,1,3.0,0.414,2.0,up,1
2003-10-28,1,mild_pos,0.36,1,0.296,0.704,-1,4.0,0.307,3.0,down,14
2003-10-29,1,mild_pos,0.355,2,0.296,0.704,-1,4.0,0.307,3.0,down,13
2003-10-30,1,mild_pos,0.387,3,0.298,0.702,-1,5.0,0.307,3.0,down,12
2003-10-31,1,mild_pos,0.31,4,0.293,0.707,-1,4.0,0.307,3.0,down,11
2003-11-03,1,mild_pos,0.545,5,0.309,0.691,-1,3.0,0.307,3.0,down,10
2003-11-04,1,mild_pos,0.424,6,0.301,0.699,-1,2.0,0.307,3.0,down,9
2003-11-05,1,mild_pos,0.42,7,0.301,0.699,-1,2.0,0.307,3.0,down,8
2003-11-06,1,mild_pos,0.604,8,0.314,0.686,-1,6.5,0.307,3.0,down,7
2003-11-07,1,mild_pos,0.265,9,0.29,0.71,-1,6.0,0.307,3.0,down,6
2003-11-10,1,mild_pos,0.083,10,0.277,0.723,-1,5.0,0.307,3.0,down,5
2003-11-11,1,mild_pos,0.073,11,0.277,0.723,-1,4.0,0.307,3.0,down,4
2003-11-12,1,mild_pos,0.533,12,0.309,0.691,-1,3.0,0.307,3.0,down,3
2003-11-13,1,mild_pos,0.525,13,0.308,0.692,-1,2.0,0.307,3.0,down,2
2003-11-14,1,mild_pos,0.13,14,0.28,0.72,-1,1.0,0.307,3.0,down,1
2003-11-17,-1,mild_neg,-0.09,1,0.619,0.381,1,3.0,0.423,2.0,up,5
2003-11-18,-1,mild_neg,-0.532,2,0.336,0.664,-2,2.5,0.423,2.0,up,4
2003-11-19,-1,mild_neg,-0.182,3,0.561,0.439,1,3.0,0.423,2.0,up,3
2003-11-20,-1,mild_neg,-0.591,4,0.302,0.698,-2,3.0,0.423,2.0,up,2
2003-11-21,-1,mild_neg,-0.42,5,0.405,0.595,-2,3.5,0.423,2.0,up,1
2003-11-24,1,mild_pos,0.119,1,0.254,0.746,-1,4.0,0.289,3.0,up,17
2003-11-25,1,mild_pos,0.266,2,0.267,0.733,-1,4.5,0.289,3.0,up,16
2003-11-26,1,mild_pos,0.399,3,0.279,0.721,-1,5.0,0.289,3.0,up,15
2003-11-28,1,mild_pos,0.411,4,0.281,0.719,-1,4.0,0.289,3.0,up,14
2003-12-01,1,mild_pos,0.834,5,0.323,0.677,-1,3.0,0.289,3.0,up,13
2003-12-02,1,mild_pos,0.697,6,0.309,0.691,-1,2.5,0.289,3.0,up,12
2003-12-03,1,mild_pos,0.6,7,0.299,0.701,-1,3.0,0.289,3.0,up,11
2003-12-04,1,mild_pos,0.744,8,0.313,0.687,-1,6.0,0.289,3.0,up,10
2003-12-05,1,mild_pos,0.428,9,0.282,0.718,-1,5.5,0.289,3.0,up,9
2003-12-08,1,mild_pos,0.683,10,0.307,0.693,-1,4.5,0.289,3.0,up,8
2003-12-09,1,mild_pos,0.309,11,0.271,0.729,-1,4.0,0.289,3.0,up,7
2003-12-10,1,mild_pos,0.272,12,0.267,0.733,-1,3.0,0.289,3.0,up,6
2003-12-11,1,mild_pos,0.732,13,0.312,0.688,-1,2.0,0.289,3.0,up,5
2003-12-12,1,mild_pos,0.782,14,0.317,0.683,-1,1.0,0.289,3.0,up,4
2003-12-15,1,mild_pos,0.518,15,0.291,0.709,-1,2.0,0.289,3.0,up,3
2003-12-16,1,mild_pos,0.681,16,0.307,0.693,-1,1.0,0.289,3.0,up,2
2003-12-17,1,mild_pos,0.724,17,0.311,0.689,-1,1.0,0.289,3.0,up,1
2003-12-19,1,mild_pos,0.68,1,0.362,0.638,-1,4.0,0.336,3.0,up,5
2003-12-22,1,mild_pos,0.876,2,0.391,0.609,-1,5.0,0.336,3.0,up,4
2003-12-23,1,mild_pos,0.821,3,0.383,0.617,-1,5.0,0.336,3.0,up,3
2003-12-24,1,mild_pos,0.705,4,0.366,0.634,-1,4.0,0.336,3.0,up,2
2003-12-26,1,mild_pos,0.67,5,0.361,0.639,-1,3.0,0.336,3.0,up,1
2004-01-02,1,mild_pos,0.965,1,0.44,0.56,-1,4.0,0.349,3.0,up,1
2004-01-09,1,mild_pos,0.855,1,0.426,0.574,-1,4.0,0.351,3.0,up,1
2004-01-12,2,positive,1.08,1,0.02,0.98,1,3.0,0.02,2.0,down,1
2004-01-13,1,mild_pos,0.725,1,0.403,0.597,-1,4.0,0.354,3.0,up,3
2004-01-14,1,mild_pos,0.982,2,0.461,0.539,-1,4.5,0.354,3.0,up,2
2004-01-15,1,mild_pos,0.98,3,0.461,0.539,-1,5.0,0.354,3.0,up,1
2004-01-16,2,positive,1.043,1,0.02,0.98,1,3.0,0.02,2.0,down,1
2004-01-20,1,mild_pos,0.941,1,0.475,0.525,-1,4.0,0.361,3.0,up,1
2004-01-21,2,positive,1.17,1,0.02,0.98,1,3.0,0.02,2.0,down,1
2004-01-22,1,mild_pos,0.948,1,0.485,0.515,-1,4.0,0.363,3.0,up,2
2004-01-23,1,mild_pos,0.707,2,0.417,0.583,-1,4.0,0.363,3.0,up,1
2004-01-26,2,positive,1.15,1,0.02,0.98,1,3.0,0.02,2.0,down,1
2004-01-27,1,mild_pos,0.584,1,0.39,0.61,-1,4.0,0.368,3.0,down,3
2004-01-28,1,mild_pos,0.006,2,0.242,0.758,-1,4.0,0.368,3.0,down,2
2004-01-29,1,mild_pos,0.004,3,0.241,0.759,-1,5.0,0.368,3.0,down,1
2004-01-30,-1,mild_neg,-0.043,1,0.661,0.339,1,3.0,0.438,2.5,up,1
2004-02-02,1,mild_pos,0.109,1,0.258,0.742,-1,4.0,0.364,3.0,down,1
2004-02-03,-1,mild_neg,-0.002,1,0.689,0.311,1,3.0,0.441,2.0,up,3
2004-02-04,-1,mild_neg,-0.433,2,0.414,0.586,-2,3.0,0.441,2.0,up,2
2004-02-05,-1,mild_neg,-0.291,3,0.507,0.493,1,3.0,0.441,2.0,up,1
2004-02-06,1,mild_pos,0.269,1,0.297,0.703,-1,4.0,0.363,3.0,down,10
2004-02-09,1,mild_pos,0.239,2,0.289,0.711,-1,4.0,0.363,3.0,down,9
2004-02-10,1,mild_pos,0.379,3,0.327,0.673,-1,5.0,0.363,3.0,down,8
2004-02-11,1,mild_pos,0.884,4,0.48,0.52,-1,4.0,0.363,3.0,down,7
2004-02-12,1,mild_pos,0.65,5,0.407,0.593,-1,3.0,0.363,3.0,down,6
2004-02-13,1,mild_pos,0.367,6,0.323,0.677,-1,3.0,0.363,3.0,down,5
2004-02-17,1,mild_pos,0.853,7,0.47,0.53,-1,4.0,0.363,3.0,down,4
2004-02-18,1,mild_pos,0.574,8,0.384,0.616,-1,6.5,0.363,3.0,down,3
2004-02-19,1,mild_pos,0.353,9,0.319,0.681,-1,6.0,0.363,3.0,down,2
2004-02-20,1,mild_pos,0.162,10,0.269,0.731,-1,5.0,0.363,3.0,down,1
2004-02-23,-1,mild_neg,-0.001,1,0.701,0.299,1,3.0,0.449,2.5,up,2
2004-02-24,-1,mild_neg,-0.07,2,0.66,0.34,1,2.5,0.449,2.5,up,1
2004-02-25,1,mild_pos,0.188,1,0.265,0.735,-1,4.0,0.35,3.0,down,8
2004-02-26,1,mild_pos,0.183,2,0.263,0.737,-1,4.0,0.35,3.0,down,7
2004-02-27,1,mild_pos,0.185,3,0.264,0.736,-1,5.0,0.35,3.0,down,6
2004-03-01,1,mild_pos,0.731,4,0.417,0.583,-1,4.0,0.35,3.0,down,5
2004-03-02,1,mild_pos,0.323,5,0.299,0.701,-1,3.5,0.35,3.0,down,4
2004-03-03,1,mild_pos,0.386,6,0.316,0.684,-1,3.5,0.35,3.0,down,3
2004-03-04,1,mild_pos,0.463,7,0.338,0.662,-1,3.5,0.35,3.0,down,2
2004-03-05,1,mild_pos,0.588,8,0.374,0.626,-1,6.0,0.35,3.0,down,1
2004-03-08,-1,mild_neg,-0.205,1,0.581,0.419,1,3.0,0.455,2.0,down,2
2004-03-09,-1,mild_neg,-0.463,2,0.403,0.597,-2,2.5,0.455,2.0,down,1
2004-03-10,-2,negative,-1.489,1,0.699,0.301,-1,2.0,0.716,1.0,down,1
2004-03-12,-2,negative,-1.252,1,0.78,0.22,-1,2.0,0.707,1.0,up,3
2004-03-15,-2,negative,-1.948,2,0.468,0.532,-3,3.0,0.707,1.0,up,2
2004-03-16,-2,negative,-1.485,3,0.69,0.31,-1,2.0,0.707,1.0,up,1
2004-03-17,-1,mild_neg,-0.689,1,0.262,0.738,-2,3.0,0.45,2.0,down,2
2004-03-18,-1,mild_neg,-0.61,2,0.307,0.693,-2,2.5,0.45,2.0,down,1
2004-03-19,-2,negative,-1.645,1,0.642,0.358,-1,2.0,0.718,1.0,down,1
2004-03-25,-2,negative,-1.124,1,0.821,0.179,-1,2.0,0.709,1.0,up,1
2004-03-26,-1,mild_neg,-0.993,1,0.128,0.872,-2,3.0,0.446,2.0,up,2
2004-03-29,-1,mild_neg,-0.025,2,0.69,0.31,1,2.5,0.446,2.0,up,1
2004-03-30,1,mild_pos,0.252,1,0.27,0.73,-1,4.0,0.34,3.0,up,3
2004-03-31,1,mild_pos,0.395,2,0.309,0.691,-1,4.5,0.34,3.0,up,2
2004-04-01,1,mild_pos,0.825,3,0.441,0.559,-1,5.0,0.34,3.0,up,1
2004-04-02,2,positive,1.333,1,0.02,0.98,1,3.0,0.02,2.0,down,6
2004-04-05,2,positive,1.654,2,0.02,0.98,1,2.0,0.02,2.0,down,5
2004-04-06,2,positive,1.451,3,0.02,0.98,1,2.0,0.02,2.0,down,4
2004-04-07,2,positive,1.252,4,0.02,0.98,1,3.0,0.02,2.0,down,3
2004-04-08,2,positive,1.027,5,0.02,0.98,1,2.0,0.02,2.0,down,2
2004-04-12,2,positive,1.206,6,0.02,0.98,1,1.0,0.02,2.0,down,1
2004-04-13,1,mild_pos,0.282,1,0.285,0.715,-1,4.0,0.347,3.0,down,5
2004-04-14,1,mild_pos,0.337,2,0.3,0.7,-1,4.0,0.347,3.0,down,4
2004-04-15,1,mild_pos,0.103,3,0.24,0.76,-1,5.0,0.347,3.0,down,3
2004-04-16,1,mild_pos,0.559,4,0.364,0.636,-1,4.0,0.347,3.0,down,2
2004-04-19,1,mild_pos,0.483,5,0.341,0.659,-1,3.0,0.347,3.0,down,1
2004-04-20,-1,mild_neg,-0.636,1,0.299,0.701,-2,3.0,0.451,2.0,up,2
2004-04-21,-1,mild_neg,-0.305,2,0.508,0.492,1,2.5,0.451,2.0,up,1
2004-04-22,1,mild_pos,0.432,1,0.32,0.68,-1,4.0,0.341,3.0,down,4
2004-04-23,1,mild_pos,0.4,2,0.311,0.689,-1,4.0,0.341,3.0,down,3
2004-04-26,1,mild_pos,0.228,3,0.264,0.736,-1,5.0,0.341,3.0,down,2
2004-04-27,1,mild_pos,0.238,4,0.266,0.734,-1,4.0,0.341,3.0,down,1
2004-04-28,-1,mild_neg,-0.586,1,0.336,0.664,-2,3.0,0.457,2.0,down,1
2004-04-29,-2,negative,-1.111,1,0.829,0.171,-1,2.0,0.713,1.0,up,2
2004-04-30,-2,negative,-1.529,2,0.68,0.32,-1,3.0,0.713,1.0,up,1
2004-05-03,-1,mild_neg,-0.777,1,0.232,0.768,-2,3.0,0.455,2.0,down,4
2004-05-04,-1,mild_neg,-0.737,2,0.251,0.749,-2,2.5,0.455,2.0,down,3
2004-05-05,-1,mild_neg,-0.272,3,0.534,0.466,1,3.0,0.455,2.0,down,2
2004-05-06,-1,mild_neg,-0.744,4,0.248,0.752,-2,3.0,0.455,2.0,down,1
2004-05-07,-2,negative,-1.684,1,0.617,0.383,-1,2.0,0.72,1.0,down,1
2004-05-11,-2,negative,-1.52,1,0.681,0.319,-1,2.0,0.711,1.0,up,7
2004-05-12,-2,negative,-1.03,2,0.857,0.143,-1,3.0,0.711,1.0,up,6
2004-05-13,-2,negative,-1.206,3,0.805,0.195,-1,2.0,0.711,1.0,up,5
2004-05-14,-2,negative,-1.073,4,0.846,0.154,-1,1.0,0.711,1.0,up,4
2004-05-17,-2,negative,-1.476,5,0.701,0.299,-1,6.0,0.711,1.0,up,3
2004-05-18,-2,negative,-1.093,6,0.84,0.16,-1,5.0,0.711,1.0,up,2
2004-05-19,-2,negative,-1.214,7,0.803,0.197,-1,8.0,0.711,1.0,up,1
2004-05-20,-1,mild_neg,-0.883,1,0.177,0.823,-2,3.0,0.446,2.0,up,3
2004-05-21,-1,mild_neg,-0.647,2,0.289,0.711,-2,2.0,0.446,2.0,up,2
2004-05-24,-1,mild_neg,-0.279,3,0.524,0.476,1,3.0,0.446,2.0,up,1
2004-05-25,1,mild_pos,0.658,1,0.388,0.612,-1,4.0,0.337,3.0,up,2
2004-05-26,1,mild_pos,0.884,2,0.465,0.535,-1,4.0,0.337,3.0,up,1
2004-05-27,2,positive,1.192,1,0.02,0.98,1,3.0,0.02,2.0,down,4
2004-05-28,2,positive,1.135,2,0.02,0.98,1,2.5,0.02,2.0,down,3
2004-06-01,2,positive,1.041,3,0.02,0.98,1,2.5,0.02,2.0,down,2
2004-06-02,2,positive,1.234,4,0.02,0.98,1,3.0,0.02,2.0,down,1
2004-06-03,1,mild_pos,0.699,1,0.408,0.592,-1,4.0,0.341,3.0,up,1
2004-06-04,2,positive,1.15,1,0.02,0.98,1,3.0,0.02,2.0,down,5
2004-06-07,2,positive,1.932,2,0.02,0.98,1,2.0,0.02,2.0,down,4
2004-06-08,2,positive,1.865,3,0.02,0.98,1,2.0,0.02,2.0,down,3
2004-06-09,2,positive,1.201,4,0.02,0.98,1,3.0,0.02,2.0,down,2
2004-06-10,2,positive,1.404,5,0.02,0.98,1,2.0,0.02,2.0,down,1
2004-06-14,1,mild_pos,0.699,1,0.412,0.588,-1,4.0,0.343,3.0,up,1
2004-06-15,2,positive,1.034,1,0.02,0.98,1,3.0,0.02,2.0,down,1
2004-06-16,1,mild_pos,0.894,1,0.487,0.513,-1,4.0,0.345,3.0,down,8
2004-06-17,1,mild_pos,0.689,2,0.411,0.589,-1,4.0,0.345,3.0,down,7
2004-06-18,1,mild_pos,0.453,3,0.329,0.671,-1,5.0,0.345,3.0,down,6
2004-06-21,1,mild_pos,0.105,4,0.225,0.775,-1,4.0,0.345,3.0,down,5
2004-06-22,1,mild_pos,0.324,5,0.287,0.713,-1,3.0,0.345,3.0,down,4
2004-06-23,1,mild_pos,0.768,6,0.44,0.56,-1,3.0,0.345,3.0,down,3
2004-06-24,1,mild_pos,0.484,7,0.339,0.661,-1,3.0,0.345,3.0,down,2
2004-06-25,1,mild_pos,0.113,8,0.227,0.773,-1,6.0,0.345,3.0,down,1
2004-06-28,-1,mild_neg,-0.136,1,0.618,0.382,1,3.0,0.454,2.0,up,1
2004-06-29,1,mild_pos,0.112,1,0.221,0.779,-1,4.0,0.337,3.0,down,2
2004-06-30,1,mild_pos,0.419,2,0.309,0.691,-1,4.0,0.337,3.0,down,1
2004-07-01,-1,mild_neg,-0.524,1,0.379,0.621,-2,3.0,0.456,2.0,down,2
2004-07-02,-1,mild_neg,-0.586,2,0.342,0.658,-2,2.0,0.456,2.0,down,1
2004-07-06,-2,negative,-1.16,1,0.842,0.158,-1,2.0,0.733,1.0,up,1
2004-07-07,-1,mild_neg,-0.88,1,0.191,0.809,-2,3.0,0.452,2.0,down,1
2004-07-08,-2,negative,-1.251,1,0.814,0.186,-1,2.0,0.736,1.0,up,2
2004-07-09,-2,negative,-1.008,2,0.886,0.114,-1,3.0,0.736,1.0,up,1
2004-07-12,-1,mild_neg,-0.898,1,0.182,0.818,-2,3.0,0.45,2.0,down,3
2004-07-13,-1,mild_neg,-0.807,2,0.22,0.78,-2,2.0,0.45,2.0,down,2
2004-07-14,-1,mild_neg,-0.936,3,0.167,0.833,-2,3.0,0.45,2.0,down,1
2004-07-15,-2,negative,-1.275,1,0.811,0.189,-1,2.0,0.742,1.0,up,3
2004-07-16,-2,negative,-1.231,2,0.827,0.173,-1,3.0,0.742,1.0,up,2
2004-07-19,-2,negative,-1.41,3,0.756,0.244,-1,3.0,0.742,1.0,up,1
2004-07-20,-1,mild_neg,-0.517,1,0.371,0.629,-2,3.0,0.444,2.0,down,1
2004-07-21,-2,negative,-1.63,1,0.65,0.35,-1,2.0,0.75,1.0,up,4
2004-07-22,-2,negative,-1.297,2,0.811,0.189,-1,3.0,0.75,1.0,up,3
2004-07-23,-2,negative,-1.684,3,0.619,0.381,-1,3.0,0.75,1.0,up,2
2004-07-26,-2,negative,-1.651,4,0.638,0.362,-1,2.0,0.75,1.0,up,1
2004-07-27,-1,mild_neg,-0.927,1,0.161,0.839,-2,3.0,0.442,2.0,up,4
2004-07-28,-1,mild_neg,-0.619,2,0.307,0.693,-2,2.0,0.442,2.0,up,3
2004-07-29,-1,mild_neg,-0.228,3,0.562,0.438,1,3.0,0.442,2.0,up,2
2004-07-30,-1,mild_neg,-0.01,4,0.699,0.301,1,3.0,0.442,2.0,up,1
2004-08-02,1,mild_pos,0.175,1,0.235,0.765,-1,4.0,0.334,3.0,down,1
2004-08-03,-1,mild_neg,-0.276,1,0.538,0.462,1,3.0,0.452,2.0,down,2
2004-08-04,-1,mild_neg,-0.223,2,0.572,0.428,1,2.0,0.452,2.0,down,1
2004-08-05,-2,negative,-1.2,1,0.851,0.149,-1,2.0,0.76,1.0,up,3
2004-08-06,-2,negative,-1.984,2,0.47,0.53,-3,3.0,0.76,1.0,up,2
2004-08-09,-2,negative,-1.74,3,0.613,0.387,-1,2.0,0.76,1.0,up,1
2004-08-10,-1,mild_neg,-0.817,1,0.221,0.779,-2,3.0,0.448,2.0,down,2
2004-08-11,-1,mild_neg,-0.852,2,0.206,0.794,-2,2.0,0.448,2.0,down,1
2004-08-12,-2,negative,-1.445,1,0.77,0.23,-1,2.0,0.767,1.0,up,2
2004-08-13,-2,negative,-1.21,2,0.847,0.153,-1,2.5,0.767,1.0,up,1
2004-08-16,-1,mild_neg,-0.491,1,0.392,0.608,-2,2.5,0.444,2.0,up,2
2004-08-17,-1,mild_neg,-0.055,2,0.668,0.332,1,2.0,0.444,2.0,up,1
2004-08-18,1,mild_pos,0.576,1,0.359,0.641,-1,4.0,0.333,3.0,up,5
2004-08-19,1,mild_pos,0.398,2,0.299,0.701,-1,4.0,0.333,3.0,up,4
2004-08-20,1,mild_pos,0.792,3,0.438,0.562,-1,5.0,0.333,3.0,up,3
2004-08-23,1,mild_pos,0.593,4,0.365,0.635,-1,4.0,0.333,3.0,up,2
2004-08-24,1,mild_pos,0.662,5,0.39,0.61,-1,3.0,0.333,3.0,up,1
2004-08-25,2,positive,1.056,1,0.02,0.98,1,3.0,0.02,2.0,down,3
2004-08-26,2,positive,1.041,2,0.02,0.98,1,2.5,0.02,2.0,down,2
2004-08-27,2,positive,1.217,3,0.02,0.98,1,2.0,0.02,2.0,down,1
2004-08-30,1,mild_pos,0.716,1,0.423,0.577,-1,4.0,0.344,3.0,up,1
2004-08-31,2,positive,1.016,1,0.02,0.98,1,3.0,0.02,2.0,down,10
2004-09-01,2,positive,1.1,2,0.02,0.98,1,2.0,0.02,2.0,down,9
2004-09-02,2,positive,1.671,3,0.02,0.98,1,2.0,0.02,2.0,down,8
2004-09-03,2,positive,1.272,4,0.02,0.98,1,2.5,0.02,2.0,down,7
2004-09-07,2,positive,1.516,5,0.02,0.98,1,2.0,0.02,2.0,down,6
2004-09-08,2,positive,1.251,6,0.02,0.98,1,1.0,0.02,2.0,down,5
2004-09-09,2,positive,1.079,7,0.02,0.98,1,3.0,0.02,2.0,down,4
2004-09-10,2,positive,1.229,8,0.02,0.98,1,2.0,0.02,2.0,down,3
2004-09-13,2,positive,1.261,9,0.02,0.98,1,1.0,0.02,2.0,down,2
2004-09-14,2,positive,1.237,10,0.02,0.98,1,1.0,0.02,2.0,down,1
2004-09-15,1,mild_pos,0.65,1,0.401,0.599,-1,4.0,0.346,3.0,down,5
2004-09-16,1,mild_pos,0.752,2,0.44,0.56,-1,4.0,0.346,3.0,down,4
2004-09-17,1,mild_pos,0.661,3,0.405,0.595,-1,5.0,0.346,3.0,down,3
2004-09-20,1,mild_pos,0.224,4,0.252,0.748,-1,4.0,0.346,3.0,down,2
2004-09-21,1,mild_pos,0.422,5,0.317,0.683,-1,3.0,0.346,3.0,down,1
2004-09-22,-1,mild_neg,-0.413,1,0.446,0.554,-2,2.0,0.449,2.0,up,7
2004-09-23,-1,mild_neg,-0.757,2,0.246,0.754,-2,2.0,0.449,2.0,up,6
2004-09-24,-1,mild_neg,-0.471,3,0.408,0.592,-2,3.0,0.449,2.0,up,5
2004-09-27,-1,mild_neg,-0.862,4,0.199,0.801,-2,3.0,0.449,2.0,up,4
2004-09-28,-1,mild_neg,-0.575,5,0.345,0.655,-2,3.5,0.449,2.0,up,3
2004-09-29,-1,mild_neg,-0.275,6,0.536,0.464,1,4.5,0.449,2.0,up,2
2004-09-30,-1,mild_neg,-0.335,7,0.497,0.503,-2,4.0,0.449,2.0,up,1
2004-10-01,1,mild_pos,0.711,1,0.417,0.583,-1,4.0,0.34,3.0,up,3
2004-10-04,1,mild_pos,0.77,2,0.44,0.56,-1,3.5,0.34,3.0,up,2
2004-10-05,1,mild_pos,0.779,3,0.443,0.557,-1,5.0,0.34,3.0,up,1
2004-10-06,2,positive,1.155,1,0.02,0.98,1,3.0,0.02,2.0,down,1
2004-10-07,1,mild_pos,0.436,1,0.32,0.68,-1,4.0,0.346,3.0,down,1
2004-10-08,-1,mild_neg,-0.087,1,0.659,0.341,1,2.5,0.465,2.0,up,1
2004-10-11,1,mild_pos,0.191,1,0.238,0.762,-1,4.0,0.345,3.0,down,1
2004-10-12,-1,mild_neg,-0.03,1,0.693,0.307,1,2.5,0.467,2.0,down,2
2004-10-13,-1,mild_neg,-0.572,2,0.373,0.627,-2,2.0,0.467,2.0,down,1
2004-10-14,-2,negative,-1.031,1,0.894,0.106,-1,2.0,0.771,1.0,up,1
2004-10-15,-1,mild_neg,-0.608,1,0.351,0.649,-2,2.0,0.463,2.0,down,5
2004-10-18,-1,mild_neg,-0.338,2,0.508,0.492,1,2.0,0.463,2.0,down,4
2004-10-19,-1,mild_neg,-0.83,3,0.24,0.76,-2,3.0,0.463,2.0,down,3
2004-10-20,-1,mild_neg,-0.931,4,0.199,0.801,-2,3.0,0.463,2.0,down,2
2004-10-21,-1,mild_neg,-0.512,5,0.405,0.595,-2,2.0,0.463,2.0,down,1
2004-10-22,-2,negative,-1.214,1,0.852,0.148,-1,2.0,0.774,1.0,up,2
2004-10-25,-2,negative,-1.263,2,0.838,0.162,-1,2.5,0.774,1.0,up,1
2004-10-26,-1,mild_neg,-0.273,1,0.543,0.457,1,2.5,0.454,2.0,up,1
2004-10-27,1,mild_pos,0.473,1,0.332,0.668,-1,4.0,0.344,3.0,up,5
2004-10-28,1,mild_pos,0.625,2,0.391,0.609,-1,3.0,0.344,3.0,up,4
2004-10-29,1,mild_pos,0.627,3,0.391,0.609,-1,5.0,0.344,3.0,up,3
2004-11-01,1,mild_pos,0.811,4,0.467,0.533,-1,4.0,0.344,3.0,up,2
2004-11-02,1,mild_pos,0.844,5,0.48,0.52,-1,3.0,0.344,3.0,up,1
2004-11-03,2,positive,1.626,1,0.02,0.98,1,3.0,0.02,2.0,up,1
2004-11-16,2,positive,1.659,1,0.03,0.97,1,3.0,0.02,2.0,down,3
2004-11-17,2,positive,1.792,2,0.056,0.944,1,2.5,0.02,2.0,down,2
2004-11-18,2,positive,1.675,3,0.032,0.968,1,2.0,0.02,2.0,down,1
2004-11-19,1,mild_pos,0.834,1,0.493,0.507,-1,4.0,0.354,3.0,down,11
2004-11-22,1,mild_pos,0.907,2,0.525,0.475,2,3.0,0.354,3.0,down,10
2004-11-23,1,mild_pos,0.831,3,0.491,0.509,-1,4.5,0.354,3.0,down,9
2004-11-24,1,mild_pos,0.83,4,0.491,0.509,-1,4.0,0.354,3.0,down,8
2004-11-26,1,mild_pos,0.657,5,0.416,0.584,-1,3.0,0.354,3.0,down,7
2004-11-29,1,mild_pos,0.27,6,0.264,0.736,-1,2.5,0.354,3.0,down,6
2004-11-30,1,mild_pos,0.199,7,0.241,0.759,-1,2.5,0.354,3.0,down,5
2004-12-01,1,mild_pos,0.726,8,0.445,0.555,-1,6.0,0.354,3.0,down,4
2004-12-02,1,mild_pos,0.666,9,0.42,0.58,-1,5.5,0.354,3.0,down,3
2004-12-03,1,mild_pos,0.559,10,0.375,0.625,-1,5.0,0.354,3.0,down,2
2004-12-06,1,mild_pos,0.492,11,0.347,0.653,-1,4.0,0.354,3.0,down,1
2004-12-07,-1,mild_neg,-0.091,1,0.653,0.347,1,2.5,0.456,2.0,up,1
2004-12-08,1,mild_pos,0.209,1,0.241,0.759,-1,4.0,0.343,3.0,up,4
2004-12-09,1,mild_pos,0.363,2,0.29,0.71,-1,3.0,0.343,3.0,up,3
2004-12-10,1,mild_pos,0.387,3,0.298,0.702,-1,5.0,0.343,3.0,up,2
2004-12-13,1,mild_pos,0.862,4,0.479,0.521,-1,4.0,0.343,3.0,up,1
2004-12-14,2,positive,1.016,1,0.02,0.98,1,3.0,0.02,2.0,down,1
2004-12-15,1,mild_pos,0.984,1,0.531,0.469,2,4.0,0.35,3.0,down,13
2004-12-16,1,mild_pos,0.895,2,0.496,0.504,-1,3.0,0.35,3.0,down,12
2004-12-17,1,mild_pos,0.201,3,0.249,0.751,-1,4.5,0.35,3.0,down,11
2004-12-20,1,mild_pos,0.165,4,0.238,0.762,-1,4.0,0.35,3.0,down,10
2004-12-21,1,mild_pos,0.562,5,0.369,0.631,-1,3.0,0.35,3.0,down,9
2004-12-22,1,mild_pos,0.643,6,0.399,0.601,-1,3.0,0.35,3.0,down,8
2004-12-23,1,mild_pos,0.631,7,0.394,0.606,-1,3.0,0.35,3.0,down,7
2004-12-27,1,mild_pos,0.453,8,0.33,0.67,-1,6.0,0.35,3.0,down,6
2004-12-28,1,mild_pos,0.696,9,0.419,0.581,-1,5.0,0.35,3.0,down,5
2004-12-29,1,mild_pos,0.699,10,0.42,0.58,-1,4.5,0.35,3.0,down,4
2004-12-30,1,mild_pos,0.539,11,0.36,0.64,-1,4.0,0.35,3.0,down,3
2004-12-31,1,mild_pos,0.372,12,0.302,0.698,-1,3.0,0.35,3.0,down,2
2005-01-03,1,mild_pos,0.061,13,0.21,0.79,-1,2.0,0.35,3.0,down,1
2005-01-04,-1,mild_neg,-0.681,1,0.301,0.699,-2,2.5,0.458,2.0,down,1
2005-01-05,-2,negative,-1.106,1,0.884,0.116,-1,2.0,0.778,1.0,up,1
2005-01-06,-1,mild_neg,-0.788,1,0.245,0.755,-2,2.5,0.456,2.0,down,5
2005-01-07,-1,mild_neg,-0.86,2,0.213,0.787,-2,2.0,0.456,2.0,down,4
2005-01-10,-1,mild_neg,-0.562,3,0.366,0.634,-2,3.0,0.456,2.0,down,3
2005-01-11,-1,mild_neg,-0.936,4,0.182,0.818,-2,3.0,0.456,2.0,down,2
2005-01-12,-1,mild_neg,-0.677,5,0.301,0.699,-2,2.0,0.456,2.0,down,1
2005-01-13,-2,negative,-1.093,1,0.889,0.111,-1,2.0,0.78,1.0,up,1
2005-01-14,-1,mild_neg,-0.699,1,0.278,0.722,-2,3.0,0.447,2.0,down,4
2005-01-18,-1,mild_neg,-0.058,2,0.679,0.321,1,2.0,0.447,2.0,down,3
2005-01-19,-1,mild_neg,-0.68,3,0.289,0.711,-2,3.0,0.447,2.0,down,2
2005-01-20,-1,mild_neg,-0.987,4,0.152,0.848,-2,3.0,0.447,2.0,down,1
2005-01-21,-2,negative,-1.271,1,0.843,0.157,-1,2.0,0.782,1.0,up,3
2005-01-24,-2,negative,-1.282,2,0.84,0.16,-1,2.5,0.782,1.0,up,2
2005-01-25,-2,negative,-1.01,3,0.908,0.092,-1,2.0,0.782,1.0,up,1
2005-01-26,-1,mild_neg,-0.719,1,0.263,0.737,-2,3.0,0.441,2.0,up,3
2005-01-27,-1,mild_neg,-0.509,2,0.384,0.616,-2,2.0,0.441,2.0,up,2
2005-01-28,-1,mild_neg,-0.412,3,0.446,0.554,-2,2.5,0.441,2.0,up,1
2005-01-31,1,mild_pos,0.046,1,0.201,0.799,-1,4.0,0.338,3.0,up,4
2005-02-01,1,mild_pos,0.475,2,0.325,0.675,-1,3.0,0.338,3.0,up,3
2005-02-02,1,mild_pos,0.65,3,0.385,0.615,-1,5.0,0.338,3.0,up,2
2005-02-03,1,mild_pos,0.464,4,0.321,0.679,-1,4.0,0.338,3.0,up,1
2005-02-04,2,positive,1.073,1,0.02,0.98,1,3.0,0.02,2.0,down,1
2005-02-07,1,mild_pos,0.948,1,0.497,0.503,-1,4.0,0.345,3.0,up,4
2005-02-08,1,mild_pos,0.987,2,0.511,0.489,2,3.0,0.345,3.0,up,3
2005-02-09,1,mild_pos,0.498,3,0.341,0.659,-1,4.5,0.345,3.0,up,2
2005-02-10,1,mild_pos,0.688,4,0.404,0.596,-1,4.0,0.345,3.0,up,1
2005-02-11,2,positive,1.127,1,0.02,0.98,1,3.0,0.02,2.0,down,4
2005-02-14,2,positive,1.018,2,0.02,0.98,1,2.0,0.02,2.0,down,3
2005-02-15,2,positive,1.2,3,0.02,0.98,1,2.0,0.02,2.0,down,2
2005-02-16,2,positive,1.162,4,0.02,0.98,1,3.0,0.02,2.0,down,1
2005-02-17,1,mild_pos,0.6,1,0.382,0.618,-1,4.0,0.352,3.0,down,2
2005-02-18,1,mild_pos,0.589,2,0.378,0.622,-1,3.0,0.352,3.0,down,1
2005-02-22,-1,mild_neg,-0.385,1,0.472,0.528,-2,3.0,0.447,2.0,up,2
2005-02-23,-1,mild_neg,-0.011,2,0.702,0.298,1,2.0,0.447,2.0,up,1
2005-02-24,1,mild_pos,0.317,1,0.285,0.715,-1,4.0,0.35,3.0,up,6
2005-02-25,1,mild_pos,0.815,2,0.46,0.54,-1,3.0,0.35,3.0,up,5
2005-02-28,1,mild_pos,0.331,3,0.289,0.711,-1,4.0,0.35,3.0,up,4
2005-03-01,1,mild_pos,0.556,4,0.364,0.636,-1,4.0,0.35,3.0,up,3
2005-03-02,1,mild_pos,0.468,5,0.334,0.666,-1,3.5,0.35,3.0,up,2
2005-03-03,1,mild_pos,0.444,6,0.326,0.674,-1,3.5,0.35,3.0,up,1
2005-03-04,2,positive,1.099,1,0.02,0.98,1,3.0,0.02,2.0,down,2
2005-03-07,2,positive,1.062,2,0.02,0.98,1,2.0,0.02,2.0,down,1
2005-03-08,1,mild_pos,0.779,1,0.455,0.545,-1,4.0,0.36,3.0,down,3
2005-03-09,1,mild_pos,0.08,2,0.228,0.772,-1,3.0,0.36,3.0,down,2
2005-03-10,1,mild_pos,0.167,3,0.252,0.748,-1,4.0,0.36,3.0,down,1
2005-03-11,-1,mild_neg,-0.281,1,0.544,0.456,1,2.5,0.451,2.0,up,1
2005-03-14,1,mild_pos,0.091,1,0.228,0.772,-1,4.0,0.358,3.0,down,1
2005-03-15,-1,mild_neg,-0.406,1,0.464,0.536,-2,2.5,0.453,2.0,down,3
2005-03-16,-1,mild_neg,-0.892,2,0.194,0.806,-2,2.0,0.453,2.0,down,2
2005-03-17,-1,mild_neg,-0.719,3,0.275,0.725,-2,2.5,0.453,2.0,down,1
2005-03-18,-2,negative,-1.116,1,0.89,0.11,-1,2.0,0.788,1.0,up,7
2005-03-21,-2,negative,-1.294,2,0.841,0.159,-1,2.0,0.788,1.0,up,6
2005-03-22,-2,negative,-1.891,3,0.558,0.442,-1,2.0,0.788,1.0,up,5
2005-03-23,-2,negative,-1.761,4,0.633,0.367,-1,2.0,0.788,1.0,up,4
2005-03-24,-2,negative,-1.603,5,0.716,0.284,-1,2.0,0.788,1.0,up,3
2005-03-28,-2,negative,-1.413,6,0.799,0.201,-1,1.0,0.788,1.0,up,2
2005-03-29,-2,negative,-1.737,7,0.647,0.353,-1,8.0,0.788,1.0,up,1
2005-03-30,-1,mild_neg,-0.765,1,0.246,0.754,-2,2.0,0.448,2.0,up,5
2005-03-31,-1,mild_neg,-0.8,2,0.229,0.771,-2,2.0,0.448,2.0,up,4
2005-04-01,-1,mild_neg,-0.987,3,0.153,0.847,-2,2.5,0.448,2.0,up,3
2005-04-04,-1,mild_neg,-0.74,4,0.259,0.741,-2,3.0,0.448,2.0,up,2
2005-04-05,-1,mild_neg,-0.315,5,0.521,0.479,1,2.0,0.448,2.0,up,1
2005-04-06,1,mild_pos,0.004,1,0.204,0.796,-1,4.0,0.357,3.0,down,2
2005-04-07,1,mild_pos,0.388,2,0.315,0.685,-1,3.0,0.357,3.0,down,1
2005-04-08,-1,mild_neg,-0.185,1,0.605,0.395,1,2.5,0.458,2.0,up,2
2005-04-11,-1,mild_neg,-0.075,2,0.665,0.335,1,2.0,0.458,2.0,up,1
2005-04-12,1,mild_pos,0.318,1,0.29,0.71,-1,4.0,0.355,3.0,down,1
2005-04-13,-1,mild_neg,-0.363,1,0.503,0.497,1,2.0,0.462,2.0,down,1
2005-04-14,-2,negative,-1.12,1,0.892,0.108,-1,2.0,0.8,1.0,up,3
2005-04-15,-2,negative,-1.887,2,0.608,0.392,-1,2.5,0.8,1.0,up,2
2005-04-18,-2,negative,-1.567,3,0.757,0.243,-1,3.0,0.8,1.0,up,1
2005-04-19,-1,mild_neg,-0.98,1,0.183,0.817,-2,2.0,0.46,2.0,down,1
2005-04-20,-2,negative,-1.789,1,0.674,0.326,-1,2.0,0.805,1.0,up,1
2005-04-21,-1,mild_neg,-0.533,1,0.398,0.602,-2,2.0,0.459,2.0,down,5
2005-04-22,-1,mild_neg,-0.731,2,0.289,0.711,-2,2.0,0.459,2.0,down,4
2005-04-25,-1,mild_neg,-0.291,3,0.545,0.455,1,2.0,0.459,2.0,down,3
2005-04-26,-1,mild_neg,-0.871,4,0.224,0.776,-2,2.5,0.459,2.0,down,2
2005-04-27,-1,mild_neg,-0.556,5,0.385,0.615,-2,2.0,0.459,2.0,down,1
2005-04-28,-2,negative,-1.251,1,0.864,0.136,-1,2.0,0.806,1.0,up,1
2005-04-29,-1,mild_neg,-0.353,1,0.501,0.499,1,2.5,0.451,2.0,up,1
2005-05-02,1,mild_pos,0.031,1,0.206,0.794,-1,4.0,0.354,3.0,down,8
2005-05-03,1,mild_pos,0.18,2,0.247,0.753,-1,3.0,0.354,3.0,down,7
2005-05-04,1,mild_pos,0.688,3,0.419,0.581,-1,4.0,0.354,3.0,down,6
2005-05-05,1,mild_pos,0.717,4,0.43,0.57,-1,4.0,0.354,3.0,down,5
2005-05-06,1,mild_pos,0.545,5,0.366,0.634,-1,3.0,0.354,3.0,down,4
2005-05-09,1,mild_pos,0.938,6,0.515,0.485,2,3.5,0.354,3.0,down,3
2005-05-10,1,mild_pos,0.347,7,0.298,0.702,-1,3.5,0.354,3.0,down,2
2005-05-11,1,mild_pos,0.69,8,0.42,0.58,-1,6.0,0.354,3.0,down,1
2005-05-12,-1,mild_neg,-0.006,1,0.707,0.293,1,2.5,0.453,2.0,up,2
2005-05-13,-1,mild_neg,-0.177,2,0.611,0.389,1,2.0,0.453,2.0,up,1
2005-05-16,1,mild_pos,0.355,1,0.295,0.705,-1,4.0,0.347,3.0,up,2
2005-05-17,1,mild_pos,0.72,2,0.421,0.579,-1,3.0,0.347,3.0,up,1
2005-05-18,2,positive,1.235,1,0.02,0.98,1,3.0,0.02,2.0,down,8
2005-05-19,2,positive,1.41,2,0.02,0.98,1,2.0,0.02,2.0,down,7
2005-05-20,2,positive,1.228,3,0.02,0.98,1,2.0,0.02,2.0,down,6
2005-05-23,2,positive,1.484,4,0.02,0.98,1,3.0,0.02,2.0,down,5
2005-05-24,2,positive,1.222,5,0.02,0.98,1,2.0,0.02,2.0,down,4
2005-05-25,2,positive,1.073,6,0.02,0.98,1,2.5,0.02,2.0,down,3
2005-05-26,2,positive,1.253,7,0.02,0.98,1,3.0,0.02,2.0,down,2
2005-05-27,2,positive,1.235,8,0.02,0.98,1,2.0,0.02,2.0,down,1
2005-05-31,1,mild_pos,0.744,1,0.434,0.566,-1,4.0,0.35,3.0,up,1
2005-06-01,2,positive,1.179,1,0.02,0.98,1,3.0,0.02,2.0,down,2
2005-06-02,2,positive,1.228,2,0.02,0.98,1,2.0,0.02,2.0,down,1
2005-06-03,1,mild_pos,0.836,1,0.471,0.529,-1,4.0,0.352,3.0,down,14
2005-06-06,1,mild_pos,0.699,2,0.42,0.58,-1,3.0,0.352,3.0,down,13
2005-06-07,1,mild_pos,0.686,3,0.415,0.585,-1,4.0,0.352,3.0,down,12
2005-06-08,1,mild_pos,0.479,4,0.34,0.66,-1,4.0,0.352,3.0,down,11
2005-06-09,1,mild_pos,0.698,5,0.419,0.581,-1,3.0,0.352,3.0,down,10
2005-06-10,1,mild_pos,0.436,6,0.326,0.674,-1,3.0,0.352,3.0,down,9
2005-06-13,1,mild_pos,0.512,7,0.352,0.648,-1,3.0,0.352,3.0,down,8
2005-06-14,1,mild_pos,0.554,8,0.367,0.633,-1,6.0,0.352,3.0,down,7
2005-06-15,1,mild_pos,0.585,9,0.377,0.623,-1,5.0,0.352,3.0,down,6
2005-06-16,1,mild_pos,0.681,10,0.413,0.587,-1,4.0,0.352,3.0,down,5
2005-06-17,1,mild_pos,0.604,11,0.384,0.616,-1,4.0,0.352,3.0,down,4
2005-06-20,1,mild_pos,0.564,12,0.37,0.63,-1,3.0,0.352,3.0,down,3
2005-06-21,1,mild_pos,0.556,13,0.367,0.633,-1,2.0,0.352,3.0,down,2
2005-06-22,1,mild_pos,0.553,14,0.366,0.634,-1,2.0,0.352,3.0,down,1
2005-06-23,-1,mild_neg,-0.396,1,0.479,0.521,-2,2.0,0.456,2.0,up,7
2005-06-24,-1,mild_neg,-0.857,2,0.22,0.78,-2,2.0,0.456,2.0,up,6
2005-06-27,-1,mild_neg,-0.731,3,0.281,0.719,-2,2.0,0.456,2.0,up,5
2005-06-28,-1,mild_neg,-0.193,4,0.606,0.394,1,2.0,0.456,2.0,up,4
2005-06-29,-1,mild_neg,-0.352,5,0.507,0.493,1,2.0,0.456,2.0,up,3
2005-06-30,-1,mild_neg,-0.669,6,0.313,0.687,-2,4.0,0.456,2.0,up,2
2005-07-01,-1,mild_neg,-0.457,7,0.44,0.56,-2,4.0,0.456,2.0,up,1
2005-07-05,1,mild_pos,0.06,1,0.209,0.791,-1,4.0,0.34,3.0,down,1
2005-07-06,-1,mild_neg,-0.479,1,0.444,0.556,-2,2.5,0.469,2.0,up,2
2005-07-07,-1,mild_neg,-0.22,2,0.599,0.401,1,2.0,0.469,2.0,up,1
2005-07-08,1,mild_pos,0.505,1,0.336,0.664,-1,4.0,0.339,3.0,up,4
2005-07-11,1,mild_pos,0.793,2,0.436,0.564,-1,3.0,0.339,3.0,up,3
2005-07-12,1,mild_pos,0.921,3,0.483,0.517,-1,4.5,0.339,3.0,up,2
2005-07-13,1,mild_pos,0.97,4,0.501,0.499,2,4.0,0.339,3.0,up,1
2005-07-14,2,positive,1.177,1,0.02,0.98,1,3.0,0.02,2.0,down,2
2005-07-15,2,positive,1.101,2,0.02,0.98,1,2.0,0.02,2.0,down,1
2005-07-18,1,mild_pos,0.813,1,0.456,0.544,-1,4.0,0.345,3.0,up,1
2005-07-19,2,positive,1.13,1,0.02,0.98,1,3.0,0.02,2.0,down,2
2005-07-20,2,positive,1.302,2,0.02,0.98,1,2.0,0.02,2.0,down,1
2005-07-21,1,mild_pos,0.89,1,0.49,0.51,-1,4.0,0.347,3.0,up,1
2005-07-22,2,positive,1.229,1,0.02,0.98,1,3.0,0.02,2.0,down,1
2005-07-25,1,mild_pos,0.933,1,0.511,0.489,2,4.0,0.348,3.0,up,2
2005-07-26,1,mild_pos,0.903,2,0.499,0.501,-1,3.0,0.348,3.0,up,1
2005-07-27,2,positive,1.053,1,0.02,0.98,1,3.0,0.02,2.0,down,2
2005-07-28,2,positive,1.351,2,0.02,0.98,1,2.0,0.02,2.0,down,1
2005-07-29,1,mild_pos,0.776,1,0.454,0.546,-1,4.0,0.351,3.0,down,5
2005-08-01,1,mild_pos,0.613,2,0.387,0.613,-1,3.0,0.351,3.0,down,4
2005-08-02,1,mild_pos,0.91,3,0.51,0.49,2,4.0,0.351,3.0,down,3
2005-08-03,1,mild_pos,0.945,4,0.525,0.475,2,4.0,0.351,3.0,down,2
2005-08-04,1,mild_pos,0.292,5,0.269,0.731,-1,3.0,0.351,3.0,down,1
2005-08-05,-1,mild_neg,-0.219,1,0.604,0.396,1,2.0,0.473,2.0,up,2
2005-08-08,-1,mild_neg,-0.368,2,0.514,0.486,1,2.0,0.473,2.0,up,1
2005-08-09,1,mild_pos,0.015,1,0.19,0.81,-1,4.0,0.347,3.0,down,1
2005-08-10,-1,mild_neg,-0.045,1,0.704,0.296,1,2.0,0.477,2.0,up,1
2005-08-11,1,mild_pos,0.208,1,0.241,0.759,-1,4.0,0.347,3.0,down,1
2005-08-12,-1,mild_neg,-0.233,1,0.602,0.398,1,2.0,0.478,2.0,up,1
2005-08-15,1,mild_pos,0.161,1,0.226,0.774,-1,4.0,0.346,3.0,down,1
2005-08-16,-1,mild_neg,-0.752,1,0.294,0.706,-2,2.0,0.48,2.0,down,6
2005-08-17,-1,mild_neg,-0.724,2,0.309,0.691,-2,2.0,0.48,2.0,down,5
2005-08-18,-1,mild_neg,-0.714,3,0.314,0.686,-2,2.0,0.48,2.0,down,4
2005-08-19,-1,mild_neg,-0.517,4,0.429,0.571,-2,2.5,0.48,2.0,down,3
2005-08-22,-1,mild_neg,-0.495,5,0.442,0.558,-2,2.0,0.48,2.0,down,2
2005-08-23,-1,mild_neg,-0.598,6,0.38,0.62,-2,4.0,0.48,2.0,down,1
2005-08-24,-2,negative,-1.162,1,0.885,0.115,-1,2.0,0.808,1.0,up,1
2005-08-25,-1,mild_neg,-0.812,1,0.251,0.749,-2,2.0,0.471,2.0,down,1
2005-08-26,-2,negative,-1.212,1,0.876,0.124,-1,2.0,0.81,1.0,up,1
2005-08-29,-1,mild_neg,-0.607,1,0.362,0.638,-2,2.0,0.469,2.0,up,2
2005-08-30,-1,mild_neg,-0.885,2,0.215,0.785,-2,2.5,0.469,2.0,up,1
2005-08-31,1,mild_pos,0.067,1,0.199,0.801,-1,4.0,0.345,3.0,down,2
2005-09-01,1,mild_pos,0.051,2,0.194,0.806,-1,3.0,0.345,3.0,down,1
2005-09-02,-1,mild_neg,-0.059,1,0.7,0.3,1,2.0,0.472,2.0,up,1
2005-09-06,1,mild_pos,0.731,1,0.426,0.574,-1,4.0,0.343,3.0,up,3
2005-09-07,1,mild_pos,0.839,2,0.471,0.529,-1,3.0,0.343,3.0,up,2
2005-09-08,1,mild_pos,0.602,3,0.374,0.626,-1,4.0,0.343,3.0,up,1
2005-09-09,2,positive,1.207,1,0.02,0.98,1,2.5,0.02,2.0,down,2
2005-09-12,2,positive,1.03,2,0.02,0.98,1,2.0,0.02,2.0,down,1
2005-09-13,1,mild_pos,0.642,1,0.396,0.604,-1,3.5,0.348,3.0,down,5
2005-09-14,1,mild_pos,0.354,2,0.285,0.715,-1,3.0,0.348,3.0,down,4
2005-09-15,1,mild_pos,0.292,3,0.263,0.737,-1,4.0,0.348,3.0,down,3
2005-09-16,1,mild_pos,0.458,4,0.323,0.677,-1,4.0,0.348,3.0,down,2
2005-09-19,1,mild_pos,0.201,5,0.234,0.766,-1,3.0,0.348,3.0,down,1
2005-09-20,-1,mild_neg,-0.401,1,0.498,0.502,-2,2.0,0.474,2.0,down,1
2005-09-21,-2,negative,-1.044,1,0.91,0.09,-1,2.0,0.811,1.0,up,1
2005-09-22,-1,mild_neg,-0.789,1,0.27,0.73,-2,2.0,0.473,2.0,up,6
2005-09-23,-1,mild_neg,-0.724,2,0.303,0.697,-2,2.5,0.473,2.0,up,5
2005-09-26,-1,mild_neg,-0.664,3,0.336,0.664,-2,2.5,0.473,2.0,up,4
2005-09-27,-1,mild_neg,-0.678,4,0.328,0.672,-2,2.0,0.473,2.0,up,3
2005-09-28,-1,mild_neg,-0.625,5,0.359,0.641,-2,2.0,0.473,2.0,up,2
2005-09-29,-1,mild_neg,-0.042,6,0.71,0.29,1,4.0,0.473,2.0,up,1
2005-09-30,1,mild_pos,0.165,1,0.219,0.781,-1,4.0,0.344,3.0,down,1
2005-10-03,-1,mild_neg,-0.103,1,0.677,0.323,1,2.0,0.483,2.0,down,2
2005-10-04,-1,mild_neg,-0.851,2,0.262,0.738,-2,3.0,0.483,2.0,down,1
2005-10-05,-2,negative,-1.681,1,0.729,0.271,-1,2.0,0.812,1.0,down,5
2005-10-06,-2,negative,-1.803,2,0.675,0.325,-1,2.0,0.812,1.0,down,4
2005-10-07,-2,negative,-1.399,3,0.83,0.17,-1,3.0,0.812,1.0,down,3
2005-10-10,-2,negative,-1.831,4,0.661,0.339,-1,3.0,0.812,1.0,down,2
2005-10-11,-2,negative,-1.767,5,0.691,0.309,-1,2.0,0.812,1.0,down,1
2005-10-13,-2,negative,-1.997,1,0.483,0.517,-3,2.0,0.782,1.0,up,2
2005-10-14,-2,negative,-1.117,2,0.896,0.104,-1,2.5,0.782,1.0,up,1
2005-10-17,-1,mild_neg,-0.747,1,0.311,0.689,-2,2.0,0.48,2.0,down,1
2005-10-18,-2,negative,-1.377,1,0.819,0.181,-1,2.0,0.785,1.0,up,1
2005-10-19,-1,mild_neg,-0.207,1,0.616,0.384,1,2.0,0.478,2.0,down,1
2005-10-20,-2,negative,-1.323,1,0.839,0.161,-1,2.0,0.787,1.0,up,1
2005-10-21,-1,mild_neg,-0.958,1,0.214,0.786,-2,2.0,0.477,2.0,up,1
2005-10-24,1,mild_pos,0.14,1,0.21,0.79,-1,4.0,0.343,3.0,down,2
2005-10-25,1,mild_pos,0.056,2,0.186,0.814,-1,3.0,0.343,3.0,down,1
2005-10-26,-1,mild_neg,-0.079,1,0.678,0.322,1,2.0,0.478,2.0,up,2
2005-10-27,-1,mild_neg,-0.686,2,0.347,0.653,-2,3.0,0.478,2.0,up,1
2005-10-28,1,mild_pos,0.391,1,0.291,0.709,-1,3.5,0.342,3.0,up,3
2005-10-31,1,mild_pos,0.649,2,0.395,0.605,-1,3.0,0.342,3.0,up,2
2005-11-01,1,mild_pos,0.873,3,0.494,0.506,-1,4.0,0.342,3.0,up,1
2005-11-02,2,positive,1.51,1,0.02,0.98,1,2.0,0.02,2.0,up,13
2005-11-03,2,positive,1.702,2,0.031,0.969,1,2.0,0.02,2.0,up,12
2005-11-04,2,positive,1.541,3,0.02,0.98,1,2.0,0.02,2.0,up,11
2005-11-07,2,positive,1.507,4,0.02,0.98,1,3.0,0.02,2.0,up,10
2005-11-08,2,positive,1.412,5,0.02,0.98,1,2.5,0.02,2.0,up,9
2005-11-09,2,positive,1.378,6,0.02,0.98,1,2.0,0.02,2.0,up,8
2005-11-10,2,positive,1.748,7,0.039,0.961,1,3.0,0.02,2.0,up,7
2005-11-11,2,positive,1.843,8,0.062,0.938,1,2.0,0.02,2.0,up,6
2005-11-14,2,positive,1.681,9,0.028,0.972,1,1.0,0.02,2.0,up,5
2005-11-15,2,positive,1.288,10,0.02,0.98,1,1.0,0.02,2.0,up,4
2005-11-16,2,positive,1.339,11,0.02,0.98,1,1.0,0.02,2.0,up,3
2005-11-17,2,positive,1.803,12,0.051,0.949,1,1.0,0.02,2.0,up,2
2005-11-18,2,positive,1.879,13,0.074,0.926,1,1.0,0.02,2.0,up,1
2005-11-28,2,positive,1.45,1,0.118,0.882,1,2.5,0.106,2.0,down,2
2005-11-29,2,positive,1.203,2,0.037,0.963,1,2.5,0.106,2.0,down,1
2005-11-30,1,mild_pos,0.682,1,0.415,0.585,-1,3.0,0.346,3.0,up,1
2005-12-01,2,positive,1.255,1,0.047,0.953,1,2.0,0.104,2.0,down,2
2005-12-02,2,positive,1.212,2,0.038,0.962,1,2.5,0.104,2.0,down,1
2005-12-05,1,mild_pos,0.937,1,0.533,0.467,2,3.0,0.347,3.0,down,9
2005-12-06,1,mild_pos,0.941,2,0.534,0.466,2,3.0,0.347,3.0,down,8
2005-12-07,1,mild_pos,0.421,3,0.307,0.693,-1,4.0,0.347,3.0,down,7
2005-12-08,1,mild_pos,0.275,4,0.253,0.747,-1,4.0,0.347,3.0,down,6
2005-12-09,1,mild_pos,0.376,5,0.29,0.71,-1,3.0,0.347,3.0,down,5
2005-12-12,1,mild_pos,0.367,6,0.286,0.714,-1,3.5,0.347,3.0,down,4
2005-12-13,1,mild_pos,0.743,7,0.444,0.556,-1,3.5,0.347,3.0,down,3
2005-12-14,1,mild_pos,0.89,8,0.511,0.489,2,6.0,0.347,3.0,down,2
2005-12-15,1,mild_pos,0.578,9,0.371,0.629,-1,5.0,0.347,3.0,down,1
2005-12-16,-1,mild_neg,-0.073,1,0.683,0.317,1,2.0,0.481,2.0,up,4
2005-12-19,-1,mild_neg,-0.459,2,0.474,0.526,-2,3.0,0.481,2.0,up,3
2005-12-20,-1,mild_neg,-0.393,3,0.511,0.489,1,3.0,0.481,2.0,up,2
2005-12-21,-1,mild_neg,-0.271,4,0.579,0.421,1,2.0,0.481,2.0,up,1
2005-12-22,1,mild_pos,0.112,1,0.2,0.8,-1,3.5,0.341,3.0,down,2
2005-12-23,1,mild_pos,0.161,2,0.215,0.785,-1,3.0,0.341,3.0,down,1
2005-12-27,-1,mild_neg,-0.549,1,0.428,0.572,-2,2.0,0.488,2.0,down,3
2005-12-28,-1,mild_neg,-0.38,2,0.525,0.475,1,2.5,0.488,2.0,down,2
2005-12-29,-1,mild_neg,-0.694,3,0.35,0.65,-2,2.5,0.488,2.0,down,1
2005-12-30,-2,negative,-1.023,1,0.916,0.084,-1,2.0,0.788,1.0,up,1
2006-01-03,1,mild_pos,0.23,1,0.234,0.766,-1,3.0,0.339,3.0,up,3
2006-01-04,1,mild_pos,0.545,2,0.348,0.652,-1,3.0,0.339,3.0,up,2
2006-01-05,1,mild_pos,0.574,3,0.36,0.64,-1,4.0,0.339,3.0,up,1
2006-01-06,2,positive,1.089,1,0.02,0.98,1,2.0,0.103,2.0,down,5
2006-01-09,2,positive,1.192,2,0.034,0.966,1,2.5,0.103,2.0,down,4
2006-01-10,2,positive,1.194,3,0.034,0.966,1,2.5,0.103,2.0,down,3
2006-01-11,2,positive,1.336,4,0.068,0.932,1,3.0,0.103,2.0,down,2
2006-01-12,2,positive,1.019,5,0.02,0.98,1,3.0,0.103,2.0,down,1
2006-01-13,1,mild_pos,0.93,1,0.516,0.484,2,3.0,0.343,3.0,down,4
2006-01-17,1,mild_pos,0.715,2,0.423,0.577,-1,3.0,0.343,3.0,down,3
2006-01-18,1,mild_pos,0.393,3,0.295,0.705,-1,4.0,0.343,3.0,down,2
2006-01-19,1,mild_pos,0.594,4,0.373,0.627,-1,4.0,0.343,3.0,down,1
2006-01-20,-1,mild_neg,-0.733,1,0.324,0.676,-2,2.0,0.483,2.0,up,4
2006-01-23,-1,mild_neg,-0.486,2,0.46,0.54,-2,2.0,0.483,2.0,up,3
2006-01-24,-1,mild_neg,-0.408,3,0.505,0.495,1,2.5,0.483,2.0,up,2
2006-01-25,-1,mild_neg,-0.343,4,0.542,0.458,1,2.0,0.483,2.0,up,1
2006-01-26,1,mild_pos,0.001,1,0.175,0.825,-1,3.0,0.34,3.0,down,3
2006-01-27,1,mild_pos,0.591,2,0.367,0.633,-1,3.0,0.34,3.0,down,2
2006-01-30,1,mild_pos,0.445,3,0.311,0.689,-1,4.0,0.34,3.0,down,1
2006-01-31,-1,mild_neg,-0.178,1,0.639,0.361,1,2.0,0.49,2.0,up,1
2006-02-01,1,mild_pos,0.284,1,0.253,0.747,-1,3.0,0.338,3.0,down,1
2006-02-02,-1,mild_neg,-0.563,1,0.424,0.576,-2,2.0,0.491,2.0,down,3
2006-02-03,-1,mild_neg,-0.897,2,0.254,0.746,-2,2.0,0.491,2.0,down,2
2006-02-06,-1,mild_neg,-0.65,3,0.376,0.624,-2,2.0,0.491,2.0,down,1
2006-02-07,-2,negative,-1.209,1,0.876,0.124,-1,2.0,0.79,1.0,up,1
2006-02-08,-1,mild_neg,-0.476,1,0.47,0.53,-2,2.0,0.487,2.0,up,4
2006-02-09,-1,mild_neg,-0.515,2,0.447,0.553,-2,2.0,0.487,2.0,up,3
2006-02-10,-1,mild_neg,-0.32,3,0.561,0.439,1,2.0,0.487,2.0,up,2
2006-02-13,-1,mild_neg,-0.388,4,0.522,0.478,1,2.0,0.487,2.0,up,1
2006-02-14,1,mild_pos,0.4,1,0.292,0.708,-1,3.0,0.338,3.0,up,2
2006-02-15,1,mild_pos,0.644,2,0.386,0.614,-1,3.0,0.338,3.0,up,1
2006-02-16,2,positive,1.16,1,0.027,0.973,1,2.0,0.099,2.0,down,1
2006-02-17,1,mild_pos,0.884,1,0.492,0.508,-1,3.0,0.34,3.0,up,2
2006-02-21,1,mild_pos,0.647,2,0.391,0.609,-1,3.0,0.34,3.0,up,1
2006-02-22,2,positive,1.01,1,0.02,0.98,1,2.0,0.099,2.0,down,1
2006-02-23,1,mild_pos,0.834,1,0.475,0.525,-1,3.0,0.343,3.0,down,8
2006-02-24,1,mild_pos,0.961,2,0.531,0.469,2,3.0,0.343,3.0,down,7
2006-02-27,1,mild_pos,0.962,3,0.532,0.468,2,4.0,0.343,3.0,down,6
2006-02-28,1,mild_pos,0.273,4,0.252,0.748,-1,4.0,0.343,3.0,down,5
2006-03-01,1,mild_pos,0.864,5,0.488,0.512,-1,3.5,0.343,3.0,down,4
2006-03-02,1,mild_pos,0.831,6,0.474,0.526,-1,3.0,0.343,3.0,down,3
2006-03-03,1,mild_pos,0.44,7,0.311,0.689,-1,3.0,0.343,3.0,down,2
2006-03-06,1,mild_pos,0.049,8,0.185,0.815,-1,6.0,0.343,3.0,down,1
2006-03-07,-1,mild_neg,-0.105,1,0.685,0.315,1,2.0,0.493,2.0,up,3
2006-03-08,-1,mild_neg,-0.029,2,0.723,0.277,1,2.0,0.493,2.0,up,2
2006-03-09,-1,mild_neg,-0.548,3,0.434,0.566,-2,2.0,0.493,2.0,up,1
2006-03-10,1,mild_pos,0.087,1,0.197,0.803,-1,3.0,0.337,3.0,up,3
2006-03-13,1,mild_pos,0.162,2,0.218,0.782,-1,3.0,0.337,3.0,up,2
2006-03-14,1,mild_pos,0.819,3,0.454,0.546,-1,4.0,0.337,3.0,up,1
2006-03-15,2,positive,1.056,1,0.02,0.98,1,2.0,0.098,2.0,down,2
2006-03-16,2,positive,1.125,2,0.023,0.977,1,3.0,0.098,2.0,down,1
2006-03-17,1,mild_pos,0.856,1,0.469,0.531,-1,3.0,0.342,3.0,down,7
2006-03-20,1,mild_pos,0.694,2,0.405,0.595,-1,3.0,0.342,3.0,down,6
2006-03-21,1,mild_pos,0.202,3,0.237,0.763,-1,4.0,0.342,3.0,down,5
2006-03-22,1,mild_pos,0.617,4,0.376,0.624,-1,4.0,0.342,3.0,down,4
2006-03-23,1,mild_pos,0.438,5,0.312,0.688,-1,3.0,0.342,3.0,down,3
2006-03-24,1,mild_pos,0.475,6,0.324,0.676,-1,3.0,0.342,3.0,down,2
2006-03-27,1,mild_pos,0.354,7,0.284,0.716,-1,2.5,0.342,3.0,down,1
2006-03-28,-1,mild_neg,-0.142,1,0.672,0.328,1,2.0,0.497,2.0,up,1
2006-03-29,1,mild_pos,0.319,1,0.268,0.732,-1,3.0,0.337,3.0,down,7
2006-03-30,1,mild_pos,0.171,2,0.225,0.775,-1,3.0,0.337,3.0,down,6
2006-03-31,1,mild_pos,0.159,3,0.221,0.779,-1,4.0,0.337,3.0,down,5
2006-04-03,1,mild_pos,0.051,4,0.193,0.807,-1,4.0,0.337,3.0,down,4
2006-04-04,1,mild_pos,0.475,5,0.32,0.68,-1,3.0,0.337,3.0,down,3
2006-04-05,1,mild_pos,0.664,6,0.388,0.612,-1,3.0,0.337,3.0,down,2
2006-04-06,1,mild_pos,0.476,7,0.32,0.68,-1,2.5,0.337,3.0,down,1
2006-04-07,-1,mild_neg,-0.367,1,0.546,0.454,1,2.0,0.499,2.0,up,6
2006-04-10,-1,mild_neg,-0.271,2,0.602,0.398,1,2.0,0.499,2.0,up,5
2006-04-11,-1,mild_neg,-0.905,3,0.249,0.751,-2,2.0,0.499,2.0,up,4
2006-04-12,-1,mild_neg,-0.696,4,0.353,0.647,-2,2.0,0.499,2.0,up,3
2006-04-13,-1,mild_neg,-0.729,5,0.335,0.665,-2,2.0,0.499,2.0,up,2
2006-04-17,-1,mild_neg,-0.699,6,0.352,0.648,-2,4.0,0.499,2.0,up,1
2006-04-18,1,mild_pos,0.538,1,0.338,0.662,-1,3.0,0.332,3.0,up,13
2006-04-19,1,mild_pos,0.65,2,0.38,0.62,-1,3.0,0.332,3.0,up,12
2006-04-20,1,mild_pos,0.746,3,0.417,0.583,-1,4.0,0.332,3.0,up,11
2006-04-21,1,mild_pos,0.733,4,0.412,0.588,-1,4.0,0.332,3.0,up,10
2006-04-24,1,mild_pos,0.566,5,0.348,0.652,-1,3.0,0.332,3.0,up,9
2006-04-25,1,mild_pos,0.222,6,0.233,0.767,-1,2.5,0.332,3.0,up,8
2006-04-26,1,mild_pos,0.204,7,0.228,0.772,-1,2.5,0.332,3.0,up,7
2006-04-27,1,mild_pos,0.573,8,0.351,0.649,-1,6.0,0.332,3.0,up,6
2006-04-28,1,mild_pos,0.798,9,0.438,0.562,-1,5.0,0.332,3.0,up,5
2006-05-01,1,mild_pos,0.101,10,0.2,0.8,-1,4.0,0.332,3.0,up,4
2006-05-02,1,mild_pos,0.675,11,0.389,0.611,-1,3.5,0.332,3.0,up,3
2006-05-03,1,mild_pos,0.355,12,0.274,0.726,-1,2.5,0.332,3.0,up,2
2006-05-04,1,mild_pos,0.647,13,0.378,0.622,-1,2.0,0.332,3.0,up,1
2006-05-05,2,positive,1.329,1,0.063,0.937,1,2.0,0.097,2.0,down,4
2006-05-08,2,positive,1.137,2,0.024,0.976,1,3.0,0.097,2.0,down,3
2006-05-09,2,positive,1.208,3,0.034,0.966,1,2.0,0.097,2.0,down,2
2006-05-10,2,positive,1.039,4,0.02,0.98,1,3.0,0.097,2.0,down,1
2006-05-11,-1,mild_neg,-0.049,1,0.719,0.281,1,2.0,0.507,2.0,down,1
2006-05-12,-2,negative,-1.182,1,0.884,0.116,-1,2.0,0.791,1.0,down,3
2006-05-15,-2,negative,-1.033,2,0.917,0.083,-1,2.5,0.791,1.0,down,2
2006-05-16,-2,negative,-1.109,3,0.901,0.099,-1,2.0,0.791,1.0,down,1
2006-05-25,-2,negative,-1.06,1,0.877,0.123,-1,2.0,0.775,1.0,up,1
2006-05-26,-1,mild_neg,-0.576,1,0.436,0.564,-2,2.0,0.506,2.0,down,1
2006-05-30,-2,negative,-1.836,1,0.618,0.382,-1,2.0,0.776,1.0,up,1
2006-05-31,-1,mild_neg,-0.854,1,0.292,0.708,-2,2.0,0.504,2.0,up,2
2006-06-01,-1,mild_neg,-0.056,2,0.71,0.29,1,2.0,0.504,2.0,up,1
2006-06-02,1,mild_pos,0.175,1,0.232,0.768,-1,3.0,0.347,3.0,down,1
2006-06-05,-1,mild_neg,-0.797,1,0.324,0.676,-2,2.0,0.507,2.0,down,2
2006-06-06,-1,mild_neg,-0.819,2,0.314,0.686,-2,2.0,0.507,2.0,down,1
2006-06-07,-2,negative,-1.199,1,0.847,0.153,-1,2.0,0.778,1.0,down,4
2006-06-08,-2,negative,-1.058,2,0.878,0.122,-1,2.0,0.778,1.0,down,3
2006-06-09,-2,negative,-1.132,3,0.863,0.137,-1,2.0,0.778,1.0,down,2
2006-06-12,-2,negative,-1.81,4,0.639,0.361,-1,2.0,0.778,1.0,down,1
2006-06-14,-2,negative,-1.694,1,0.674,0.326,-1,2.0,0.757,1.0,up,1
2006-06-15,-1,mild_neg,-0.085,1,0.698,0.302,1,2.0,0.504,2.0,down,2
2006-06-16,-1,mild_neg,-0.919,2,0.263,0.737,-2,2.0,0.504,2.0,down,1
2006-06-19,-2,negative,-1.408,1,0.766,0.234,-1,2.0,0.758,1.0,up,2
2006-06-20,-2,negative,-1.089,2,0.842,0.158,-1,2.0,0.758,1.0,up,1
2006-06-21,-1,mild_neg,-0.53,1,0.458,0.542,-2,2.0,0.501,2.0,up,6
2006-06-22,-1,mild_neg,-0.809,2,0.313,0.687,-2,2.0,0.501,2.0,up,5
2006-06-23,-1,mild_neg,-0.722,3,0.356,0.644,-2,2.0,0.501,2.0,up,4
2006-06-26,-1,mild_neg,-0.293,4,0.588,0.412,1,2.0,0.501,2.0,up,3
2006-06-27,-1,mild_neg,-0.875,5,0.283,0.717,-2,2.0,0.501,2.0,up,2
2006-06-28,-1,mild_neg,-0.289,6,0.59,0.41,1,4.0,0.501,2.0,up,1
2006-06-29,2,positive,1.223,1,0.036,0.964,1,2.0,0.094,2.0,down,5
2006-06-30,2,positive,1.277,2,0.047,0.953,1,2.5,0.094,2.0,down,4
2006-07-03,2,positive,1.547,3,0.172,0.828,1,2.0,0.094,2.0,down,3
2006-07-05,2,positive,1.124,4,0.021,0.979,1,3.0,0.094,2.0,down,2
2006-07-06,2,positive,1.286,5,0.049,0.951,1,3.0,0.094,2.0,down,1
2006-07-07,1,mild_pos,0.789,1,0.45,0.55,-1,3.0,0.347,3.0,up,2
2006-07-10,1,mild_pos,0.882,2,0.488,0.512,-1,3.0,0.347,3.0,up,1
2006-07-11,2,positive,1.101,1,0.02,0.98,1,2.5,0.091,2.0,down,1
2006-07-12,1,mild_pos,0.222,1,0.246,0.754,-1,3.0,0.351,3.0,down,1
2006-07-13,-1,mild_neg,-0.997,1,0.248,0.752,-2,2.0,0.51,2.0,down,1
2006-07-14,-2,negative,-1.205,1,0.82,0.18,-1,2.0,0.762,1.0,up,2
2006-07-17,-2,negative,-1.272,2,0.804,0.196,-1,2.0,0.762,1.0,up,1
2006-07-18,-1,mild_neg,-0.905,1,0.284,0.716,-2,2.0,0.508,2.0,up,1
2006-07-19,1,mild_pos,0.056,1,0.192,0.808,-1,3.0,0.349,3.0,down,1
2006-07-20,-1,mild_neg,-0.441,1,0.518,0.482,1,2.0,0.509,2.0,up,2
2006-07-21,-1,mild_neg,-0.947,2,0.273,0.727,-2,2.0,0.509,2.0,up,1
2006-07-24,1,mild_pos,0.326,1,0.272,0.728,-1,3.0,0.347,3.0,up,4
2006-07-25,1,mild_pos,0.539,2,0.353,0.647,-1,3.0,0.347,3.0,up,3
2006-07-26,1,mild_pos,0.552,3,0.358,0.642,-1,4.0,0.347,3.0,up,2
2006-07-27,1,mild_pos,0.428,4,0.309,0.691,-1,4.0,0.347,3.0,up,1
2006-07-28,2,positive,1.134,1,0.021,0.979,1,2.5,0.091,2.0,down,2
2006-07-31,2,positive,1.044,2,0.02,0.98,1,3.0,0.091,2.0,down,1
2006-08-01,1,mild_pos,0.702,1,0.419,0.581,-1,3.0,0.347,3.0,up,1
2006-08-02,2,positive,1.165,1,0.025,0.975,1,2.0,0.09,2.0,down,3
2006-08-03,2,positive,1.327,2,0.057,0.943,1,3.0,0.09,2.0,down,2
2006-08-04,2,positive,1.155,3,0.024,0.976,1,2.0,0.09,2.0,down,1
2006-08-07,1,mild_pos,0.955,1,0.524,0.476,2,3.0,0.347,3.0,up,7
2006-08-08,1,mild_pos,0.676,2,0.408,0.592,-1,3.0,0.347,3.0,up,6
2006-08-09,1,mild_pos,0.402,3,0.303,0.697,-1,4.0,0.347,3.0,up,5
2006-08-10,1,mild_pos,0.528,4,0.35,0.65,-1,4.0,0.347,3.0,up,4
2006-08-11,1,mild_pos,0.22,5,0.243,0.757,-1,3.0,0.347,3.0,up,3
2006-08-14,1,mild_pos,0.169,6,0.228,0.772,-1,3.0,0.347,3.0,up,2
2006-08-15,1,mild_pos,0.903,7,0.502,0.498,2,3.0,0.347,3.0,up,1
2006-08-16,2,positive,1.384,1,0.076,0.924,1,2.0,0.088,2.0,down,5
2006-08-17,2,positive,1.415,2,0.088,0.912,1,2.5,0.088,2.0,down,4
2006-08-18,2,positive,1.582,3,0.194,0.806,1,2.0,0.088,2.0,down,3
2006-08-21,2,positive,1.165,4,0.024,0.976,1,3.0,0.088,2.0,down,2
2006-08-22,2,positive,1.062,5,0.02,0.98,1,3.0,0.088,2.0,down,1
2006-08-23,1,mild_pos,0.782,1,0.466,0.534,-1,3.0,0.357,3.0,up,7
2006-08-24,1,mild_pos,0.638,2,0.406,0.594,-1,3.0,0.357,3.0,up,6
2006-08-25,1,mild_pos,0.676,3,0.422,0.578,-1,4.0,0.357,3.0,up,5
2006-08-28,1,mild_pos,0.947,4,0.536,0.464,2,4.0,0.357,3.0,up,4
2006-08-29,1,mild_pos,0.938,5,0.532,0.468,2,3.0,0.357,3.0,up,3
2006-08-30,1,mild_pos,0.91,6,0.521,0.479,2,2.5,0.357,3.0,up,2
2006-08-31,1,mild_pos,0.84,7,0.491,0.509,-1,3.0,0.357,3.0,up,1
2006-09-01,2,positive,1.178,1,0.025,0.975,1,2.0,0.086,2.0,down,2
2006-09-05,2,positive,1.21,2,0.029,0.971,1,3.0,0.086,2.0,down,1
2006-09-06,1,mild_pos,0.484,1,0.355,0.645,-1,3.0,0.371,3.0,up,14
2006-09-07,1,mild_pos,0.067,2,0.206,0.794,-1,3.0,0.371,3.0,up,13
2006-09-08,1,mild_pos,0.193,3,0.246,0.754,-1,4.0,0.371,3.0,up,12
2006-09-11,1,mild_pos,0.17,4,0.238,0.762,-1,4.0,0.371,3.0,up,11
2006-09-12,1,mild_pos,0.752,5,0.472,0.528,-1,3.0,0.371,3.0,up,10
2006-09-13,1,mild_pos,0.943,6,0.557,0.443,2,2.0,0.371,3.0,up,9
2006-09-14,1,mild_pos,0.879,7,0.529,0.471,2,3.0,0.371,3.0,up,8
2006-09-15,1,mild_pos,0.678,8,0.439,0.561,-1,5.5,0.371,3.0,up,7
2006-09-18,1,mild_pos,0.737,9,0.465,0.535,-1,5.0,0.371,3.0,up,6
2006-09-19,1,mild_pos,0.508,10,0.365,0.635,-1,4.0,0.371,3.0,up,5
2006-09-20,1,mild_pos,0.826,11,0.505,0.495,2,3.0,0.371,3.0,up,4
2006-09-21,1,mild_pos,0.416,12,0.328,0.672,-1,2.0,0.371,3.0,up,3
2006-09-22,1,mild_pos,0.144,13,0.23,0.77,-1,2.0,0.371,3.0,up,2
2006-09-25,1,mild_pos,0.627,14,0.416,0.584,-1,2.0,0.371,3.0,up,1
2006-09-26,2,positive,1.14,1,0.02,0.98,1,2.0,0.085,2.0,down,3
2006-09-27,2,positive,1.14,2,0.02,0.98,1,3.0,0.085,2.0,down,2
2006-09-28,2,positive,1.03,3,0.02,0.98,1,2.0,0.085,2.0,down,1
2006-09-29,1,mild_pos,0.891,1,0.544,0.456,2,3.0,0.398,3.0,up,3
2006-10-02,1,mild_pos,0.573,2,0.418,0.582,-1,3.0,0.398,3.0,up,2
2006-10-03,1,mild_pos,0.68,3,0.46,0.54,-1,4.0,0.398,3.0,up,1
2006-10-04,2,positive,1.399,1,0.077,0.923,1,2.0,0.083,2.0,down,5
2006-10-05,2,positive,1.391,2,0.074,0.926,1,2.5,0.083,2.0,down,4
2006-10-06,2,positive,1.17,3,0.023,0.977,1,2.0,0.083,2.0,down,3
2006-10-09,2,positive,1.087,4,0.02,0.98,1,2.5,0.083,2.0,down,2
2006-10-10,2,positive,1.093,5,0.02,0.98,1,3.0,0.083,2.0,down,1
2006-10-11,1,mild_pos,0.936,1,0.571,0.429,2,3.0,0.4,3.0,up,1
2006-10-12,2,positive,1.459,1,0.102,0.898,1,2.0,0.081,2.0,down,11
2006-10-13,2,positive,1.529,2,0.144,0.856,1,3.0,0.081,2.0,down,10
2006-10-16,2,positive,1.523,3,0.14,0.86,1,2.0,0.081,2.0,down,9
2006-10-17,2,positive,1.178,4,0.023,0.977,1,2.0,0.081,2.0,down,8
2006-10-18,2,positive,1.176,5,0.023,0.977,1,3.0,0.081,2.0,down,7
2006-10-19,2,positive,1.163,6,0.021,0.979,1,3.0,0.081,2.0,down,6
2006-10-20,2,positive,1.03,7,0.02,0.98,1,3.0,0.081,2.0,down,5
2006-10-23,2,positive,1.248,8,0.034,0.966,1,2.0,0.081,2.0,down,4
2006-10-24,2,positive,1.353,9,0.059,0.941,1,1.0,0.081,2.0,down,3
2006-10-25,2,positive,1.49,10,0.119,0.881,1,3.0,0.081,2.0,down,2
2006-10-26,2,positive,1.587,11,0.189,0.811,1,2.0,0.081,2.0,down,1
2006-10-27,1,mild_pos,0.978,1,0.593,0.407,2,3.0,0.4,3.0,down,4
2006-10-30,1,mild_pos,0.787,2,0.511,0.489,2,3.0,0.4,3.0,down,3
2006-10-31,1,mild_pos,0.65,3,0.452,0.548,-1,4.0,0.4,3.0,down,2
2006-11-01,1,mild_pos,0.066,4,0.23,0.77,-1,4.0,0.4,3.0,down,1
2006-11-02,-1,mild_neg,-0.026,1,0.717,0.283,1,2.0,0.512,2.0,up,2
2006-11-03,-1,mild_neg,-0.208,2,0.636,0.364,1,2.0,0.512,2.0,up,1
2006-11-06,1,mild_pos,0.586,1,0.42,0.58,-1,3.0,0.396,3.0,up,6
2006-11-07,1,mild_pos,0.792,2,0.509,0.491,2,3.0,0.396,3.0,up,5
2006-11-08,1,mild_pos,0.857,3,0.537,0.463,2,4.0,0.396,3.0,up,4
2006-11-09,1,mild_pos,0.39,4,0.34,0.66,-1,4.0,0.396,3.0,up,3
2006-11-10,1,mild_pos,0.379,5,0.336,0.664,-1,3.0,0.396,3.0,up,2
2006-11-13,1,mild_pos,0.526,6,0.395,0.605,-1,2.5,0.396,3.0,up,1
2006-11-14,2,positive,1.028,1,0.02,0.98,1,2.0,0.077,2.0,down,7
2006-11-15,2,positive,1.161,2,0.02,0.98,1,3.0,0.077,2.0,down,6
2006-11-16,2,positive,1.268,3,0.034,0.966,1,2.0,0.077,2.0,down,5
2006-11-17,2,positive,1.192,4,0.022,0.978,1,2.5,0.077,2.0,down,4
2006-11-20,2,positive,1.151,5,0.02,0.98,1,4.0,0.077,2.0,down,3
2006-11-21,2,positive,1.153,6,0.02,0.98,1,4.0,0.077,2.0,down,2
2006-11-22,2,positive,1.243,7,0.03,0.97,1,3.0,0.077,2.0,down,1
2006-11-24,1,mild_pos,0.875,1,0.558,0.442,2,3.0,0.408,3.0,down,1
2006-11-27,-1,mild_neg,-0.277,1,0.607,0.393,1,2.0,0.515,2.0,up,1
2006-11-28,1,mild_pos,0.046,1,0.231,0.769,-1,3.0,0.408,3.0,up,5
2006-11-29,1,mild_pos,0.837,2,0.539,0.461,2,3.0,0.408,3.0,up,4
2006-11-30,1,mild_pos,0.769,3,0.51,0.49,2,4.0,0.408,3.0,up,3
2006-12-01,1,mild_pos,0.48,4,0.388,0.612,-1,4.0,0.408,3.0,up,2
2006-12-04,1,mild_pos,0.982,5,0.6,0.4,2,3.0,0.408,3.0,up,1
2006-12-05,2,positive,1.229,1,0.027,0.973,1,2.5,0.074,2.0,down,2
2006-12-06,2,positive,1.064,2,0.02,0.98,1,3.0,0.074,2.0,down,1
2006-12-07,1,mild_pos,0.625,1,0.457,0.543,-1,3.0,0.418,3.0,up,5
2006-12-08,1,mild_pos,0.684,2,0.482,0.518,-1,3.0,0.418,3.0,up,4
2006-12-11,1,mild_pos,0.823,3,0.541,0.459,2,4.0,0.418,3.0,up,3
2006-12-12,1,mild_pos,0.661,4,0.473,0.527,-1,4.0,0.418,3.0,up,2
2006-12-13,1,mild_pos,0.683,5,0.482,0.518,-1,3.0,0.418,3.0,up,1
2006-12-14,2,positive,1.332,1,0.047,0.953,1,2.0,0.073,2.0,down,1
2006-12-15,1,mild_pos,0.81,1,0.546,0.454,2,3.0,0.426,3.0,down,5
2006-12-18,1,mild_pos,0.531,2,0.424,0.576,-1,3.0,0.426,3.0,down,4
2006-12-19,1,mild_pos,0.641,3,0.472,0.528,-1,4.0,0.426,3.0,down,3
2006-12-20,1,mild_pos,0.548,4,0.432,0.568,-1,4.0,0.426,3.0,down,2
2006-12-21,1,mild_pos,0.213,5,0.297,0.703,-1,3.0,0.426,3.0,down,1
2006-12-22,-1,mild_neg,-0.329,1,0.582,0.418,1,2.0,0.516,2.0,up,1
2006-12-26,1,mild_pos,0.081,1,0.252,0.748,-1,3.5,0.42,3.0,down,3
2006-12-27,1,mild_pos,0.538,2,0.422,0.578,-1,3.0,0.42,3.0,down,2
2006-12-28,1,mild_pos,0.304,3,0.329,0.671,-1,4.0,0.42,3.0,down,1
2006-12-29,-1,mild_neg,-0.087,1,0.699,0.301,1,2.0,0.517,2.0,up,7
2007-01-03,-1,mild_neg,-0.275,2,0.611,0.389,1,2.0,0.517,2.0,up,6
2007-01-04,-1,mild_neg,-0.103,3,0.692,0.308,1,2.5,0.517,2.0,up,5
2007-01-05,-1,mild_neg,-0.757,4,0.365,0.635,-2,2.0,0.517,2.0,up,4
2007-01-08,-1,mild_neg,-0.339,5,0.579,0.421,1,2.0,0.517,2.0,up,3
2007-01-09,-1,mild_neg,-0.41,6,0.542,0.458,1,4.0,0.517,2.0,up,2
2007-01-10,-1,mild_neg,-0.124,7,0.682,0.318,1,4.0,0.517,2.0,up,1
2007-01-11,1,mild_pos,0.244,1,0.301,0.699,-1,3.0,0.416,3.0,up,8
2007-01-12,1,mild_pos,0.851,2,0.552,0.448,2,3.0,0.416,3.0,up,7
2007-01-16,1,mild_pos,0.651,3,0.466,0.534,-1,4.0,0.416,3.0,up,6
2007-01-17,1,mild_pos,0.691,4,0.483,0.517,-1,3.5,0.416,3.0,up,5
2007-01-18,1,mild_pos,0.396,5,0.359,0.641,-1,3.0,0.416,3.0,up,4
2007-01-19,1,mild_pos,0.54,6,0.418,0.582,-1,2.5,0.416,3.0,up,3
2007-01-22,1,mild_pos,0.267,7,0.309,0.691,-1,3.5,0.416,3.0,up,2
2007-01-23,1,mild_pos,0.504,8,0.403,0.597,-1,6.0,0.416,3.0,up,1
2007-01-24,2,positive,1.128,1,0.02,0.98,1,2.0,0.073,2.0,down,1
2007-01-25,1,mild_pos,0.054,1,0.236,0.764,-1,3.5,0.42,3.0,down,1
2007-01-26,-1,mild_neg,-0.043,1,0.728,0.272,1,2.0,0.526,2.0,up,2
2007-01-29,-1,mild_neg,-0.078,2,0.713,0.287,1,2.0,0.526,2.0,up,1
2007-01-30,1,mild_pos,0.361,1,0.345,0.655,-1,3.5,0.418,3.0,up,2
2007-01-31,1,mild_pos,0.882,2,0.571,0.429,2,3.0,0.418,3.0,up,1
2007-02-01,2,positive,1.3,1,0.039,0.961,1,2.0,0.072,2.0,down,5
2007-02-02,2,positive,1.323,2,0.044,0.956,1,3.0,0.072,2.0,down,4
2007-02-05,2,positive,1.214,3,0.024,0.976,1,2.0,0.072,2.0,down,3
2007-02-06,2,positive,1.125,4,0.02,0.98,1,3.0,0.072,2.0,down,2
2007-02-07,2,positive,1.19,5,0.021,0.979,1,3.0,0.072,2.0,down,1
2007-02-08,1,mild_pos,0.973,1,0.618,0.382,2,3.0,0.422,3.0,down,2
2007-02-09,1,mild_pos,0.269,2,0.31,0.69,-1,3.0,0.422,3.0,down,1
2007-02-12,-1,mild_neg,-0.038,1,0.734,0.266,1,2.0,0.529,2.0,up,1
2007-02-13,1,mild_pos,0.654,1,0.475,0.525,-1,3.0,0.422,3.0,up,1
2007-02-14,2,positive,1.151,1,0.02,0.98,1,2.5,0.071,2.0,down,4
2007-02-15,2,positive,1.167,2,0.02,0.98,1,3.0,0.071,2.0,down,3
2007-02-16,2,positive,1.037,3,0.02,0.98,1,2.0,0.071,2.0,down,2
2007-02-20,2,positive,1.113,4,0.02,0.98,1,2.5,0.071,2.0,down,1
2007-02-21,1,mild_pos,0.979,1,0.624,0.376,2,3.0,0.424,3.0,down,4
2007-02-22,1,mild_pos,0.854,2,0.569,0.431,2,3.0,0.424,3.0,down,3
2007-02-23,1,mild_pos,0.415,3,0.372,0.628,-1,4.0,0.424,3.0,down,2
2007-02-26,1,mild_pos,0.242,4,0.301,0.699,-1,4.0,0.424,3.0,down,1
2007-03-08,-2,negative,-1.241,1,0.815,0.185,-1,2.0,0.765,1.0,up,2
2007-03-09,-2,negative,-1.097,2,0.847,0.153,-1,2.0,0.765,1.0,up,1
2007-03-12,-1,mild_neg,-0.896,1,0.301,0.699,-2,2.0,0.53,2.0,down,1
2007-03-14,-2,negative,-1.536,1,0.736,0.264,-1,2.0,0.768,1.0,up,3
2007-03-15,-2,negative,-1.258,2,0.814,0.186,-1,2.0,0.768,1.0,up,2
2007-03-16,-2,negative,-1.573,3,0.724,0.276,-1,2.0,0.768,1.0,up,1
2007-03-19,-1,mild_neg,-0.506,1,0.501,0.499,1,2.0,0.528,2.0,up,1
2007-03-20,1,mild_pos,0.044,1,0.236,0.764,-1,3.0,0.424,3.0,up,1
2007-03-21,2,positive,1.334,1,0.045,0.955,1,3.0,0.069,2.0,down,5
2007-03-22,2,positive,1.347,2,0.049,0.951,1,3.0,0.069,2.0,down,4
2007-03-23,2,positive,1.502,3,0.113,0.887,1,2.0,0.069,2.0,down,3
2007-03-26,2,positive,1.452,4,0.087,0.913,1,2.5,0.069,2.0,down,2
2007-03-27,2,positive,1.187,5,0.02,0.98,1,3.0,0.069,2.0,down,1
2007-03-28,1,mild_pos,0.624,1,0.463,0.537,-1,3.0,0.426,3.0,up,4
2007-03-29,1,mild_pos,0.664,2,0.48,0.52,-1,3.0,0.426,3.0,up,3
2007-03-30,1,mild_pos,0.592,3,0.449,0.551,-1,4.0,0.426,3.0,up,2
2007-04-02,1,mild_pos,0.548,4,0.431,0.569,-1,4.0,0.426,3.0,up,1
2007-04-03,2,positive,1.233,1,0.024,0.976,1,3.0,0.068,2.0,down,5
2007-04-04,2,positive,1.201,2,0.02,0.98,1,3.0,0.068,2.0,down,4
2007-04-05,2,positive,1.306,3,0.037,0.963,1,2.0,0.068,2.0,down,3
2007-04-09,2,positive,1.31,4,0.038,0.962,1,2.0,0.068,2.0,down,2
2007-04-10,2,positive,1.3,5,0.036,0.964,1,3.0,0.068,2.0,down,1
2007-04-11,1,mild_pos,0.853,1,0.571,0.429,2,3.0,0.434,3.0,up,1
2007-04-12,2,positive,1.038,1,0.02,0.98,1,3.0,0.066,2.0,up,6
2007-04-13,2,positive,1.218,2,0.022,0.978,1,3.0,0.066,2.0,up,5
2007-04-16,2,positive,1.689,3,0.272,0.728,1,2.0,0.066,2.0,up,4
2007-04-17,2,positive,1.702,4,0.287,0.713,1,1.5,0.066,2.0,up,3
2007-04-18,2,positive,1.631,5,0.208,0.792,1,3.0,0.066,2.0,up,2
2007-04-19,2,positive,1.511,6,0.114,0.886,1,3.0,0.066,2.0,up,1
2007-04-23,2,positive,1.653,1,0.293,0.707,1,3.0,0.091,2.0,up,2
2007-04-24,2,positive,1.556,2,0.196,0.804,1,3.0,0.091,2.0,up,1
2007-04-26,2,positive,1.911,1,0.671,0.329,3,3.0,0.098,2.0,down,2
2007-04-27,2,positive,1.668,2,0.34,0.66,1,3.0,0.098,2.0,down,1
2007-04-30,1,mild_pos,0.933,1,0.609,0.391,2,3.0,0.436,3.0,up,2
2007-05-01,1,mild_pos,0.956,2,0.619,0.381,2,3.0,0.436,3.0,up,1
2007-05-02,2,positive,1.224,1,0.041,0.959,1,3.0,0.097,2.0,down,6
2007-05-03,2,positive,1.444,2,0.121,0.879,1,3.0,0.097,2.0,down,5
2007-05-04,2,positive,1.545,3,0.191,0.809,1,2.0,0.097,2.0,down,4
2007-05-07,2,positive,1.403,4,0.1,0.9,1,2.0,0.097,2.0,down,3
2007-05-08,2,positive,1.166,5,0.03,0.97,1,2.5,0.097,2.0,down,2
2007-05-09,2,positive,1.186,6,0.034,0.966,1,3.0,0.097,2.0,down,1
2007-05-10,1,mild_pos,0.338,1,0.354,0.646,-1,3.0,0.44,3.0,up,6
2007-05-11,1,mild_pos,0.804,2,0.562,0.438,2,3.0,0.44,3.0,up,5
2007-05-14,1,mild_pos,0.562,3,0.452,0.548,-1,4.0,0.44,3.0,up,4
2007-05-15,1,mild_pos,0.499,4,0.424,0.576,-1,4.0,0.44,3.0,up,3
2007-05-16,1,mild_pos,0.875,5,0.593,0.407,2,3.0,0.44,3.0,up,2
2007-05-17,1,mild_pos,0.642,6,0.488,0.512,-1,2.0,0.44,3.0,up,1
2007-05-18,2,positive,1.157,1,0.028,0.972,1,3.0,0.095,2.0,down,2
2007-05-21,2,positive,1.019,2,0.02,0.98,1,3.0,0.095,2.0,down,1
2007-05-22,1,mild_pos,0.866,1,0.598,0.402,2,3.0,0.452,3.0,up,5
2007-05-23,1,mild_pos,0.817,2,0.577,0.423,2,3.0,0.452,3.0,up,4
2007-05-24,1,mild_pos,0.134,3,0.285,0.715,-1,3.5,0.452,3.0,up,3
2007-05-25,1,mild_pos,0.39,4,0.387,0.613,-1,3.5,0.452,3.0,up,2
2007-05-29,1,mild_pos,0.569,5,0.466,0.534,-1,3.0,0.452,3.0,up,1
2007-05-30,2,positive,1.076,1,0.02,0.98,1,3.0,0.094,2.0,down,1
2007-05-31,1,mild_pos,0.914,1,0.625,0.375,2,3.0,0.456,3.0,up,1
2007-06-01,2,positive,1.204,1,0.035,0.965,1,3.0,0.094,2.0,down,2
2007-06-04,2,positive,1.135,2,0.025,0.975,1,3.0,0.094,2.0,down,1
2007-06-05,1,mild_pos,0.772,1,0.567,0.433,2,3.0,0.458,3.0,down,1
2007-06-06,-1,mild_neg,-0.108,1,0.707,0.293,1,2.0,0.53,2.0,down,1
2007-06-07,-2,negative,-1.502,1,0.752,0.248,-1,2.0,0.772,1.0,up,1
2007-06-08,-1,mild_neg,-0.508,1,0.499,0.501,-2,2.0,0.528,2.0,down,2
2007-06-11,-1,mild_neg,-0.384,2,0.566,0.434,1,2.0,0.528,2.0,down,1
2007-06-12,-2,negative,-1.231,1,0.826,0.174,-1,2.0,0.774,1.0,up,1
2007-06-13,-1,mild_neg,-0.088,1,0.709,0.291,1,2.0,0.526,2.0,up,1
2007-06-14,1,mild_pos,0.383,1,0.387,0.613,-1,3.0,0.458,3.0,down,4
2007-06-15,1,mild_pos,0.448,2,0.416,0.584,-1,3.0,0.458,3.0,down,3
2007-06-18,1,mild_pos,0.351,3,0.373,0.627,-1,3.0,0.458,3.0,down,2
2007-06-19,1,mild_pos,0.543,4,0.46,0.54,-1,3.0,0.458,3.0,down,1
2007-06-20,-1,mild_neg,-0.582,1,0.457,0.543,-2,2.0,0.527,2.0,down,3
2007-06-21,-1,mild_neg,-0.106,2,0.703,0.297,1,2.0,0.527,2.0,down,2
2007-06-22,-1,mild_neg,-0.885,3,0.304,0.696,-2,3.0,0.527,2.0,down,1
2007-06-25,-2,negative,-1.241,1,0.825,0.175,-1,2.0,0.775,1.0,up,2
2007-06-26,-2,negative,-1.997,2,0.577,0.423,-1,2.0,0.775,1.0,up,1
2007-06-27,-1,mild_neg,-0.719,1,0.381,0.619,-2,2.0,0.523,2.0,up,3
2007-06-28,-1,mild_neg,-0.65,2,0.417,0.583,-2,2.0,0.523,2.0,up,2
2007-06-29,-1,mild_neg,-0.522,3,0.485,0.515,-2,3.0,0.523,2.0,up,1
2007-07-02,1,mild_pos,0.291,1,0.346,0.654,-1,3.0,0.458,3.0,down,5
2007-07-03,1,mild_pos,0.625,2,0.499,0.501,-1,3.0,0.458,3.0,down,4
2007-07-05,1,mild_pos,0.529,3,0.454,0.546,-1,3.0,0.458,3.0,down,3
2007-07-06,1,mild_pos,0.86,4,0.608,0.392,2,3.0,0.458,3.0,down,2
2007-07-09,1,mild_pos,0.869,5,0.612,0.388,2,3.0,0.458,3.0,down,1
2007-07-10,-1,mild_neg,-0.322,1,0.596,0.404,1,2.0,0.526,2.0,up,1
2007-07-11,1,mild_pos,0.208,1,0.315,0.685,-1,3.0,0.458,3.0,up,1
2007-07-12,2,positive,1.446,1,0.117,0.883,1,3.0,0.093,2.0,down,6
2007-07-13,2,positive,1.634,2,0.269,0.731,1,3.0,0.093,2.0,down,5
2007-07-16,2,positive,1.573,3,0.209,0.791,1,2.0,0.093,2.0,down,4
2007-07-17,2,positive,1.479,4,0.138,0.862,1,2.0,0.093,2.0,down,3
2007-07-18,2,positive,1.296,5,0.056,0.944,1,2.0,0.093,2.0,down,2
2007-07-19,2,positive,1.516,6,0.163,0.837,1,3.0,0.093,2.0,down,1
2007-07-20,1,mild_pos,0.634,1,0.501,0.499,2,3.0,0.458,3.0,down,2
2007-07-23,1,mild_pos,0.804,2,0.577,0.423,2,3.0,0.458,3.0,down,1
2007-07-24,-1,mild_neg,-0.734,1,0.381,0.619,-2,2.0,0.528,2.0,down,2
2007-07-25,-1,mild_neg,-0.65,2,0.425,0.575,-2,2.0,0.528,2.0,down,1
2007-08-02,-2,negative,-1.918,1,0.623,0.377,-1,2.0,0.778,1.0,down,1
2007-08-07,-2,negative,-1.279,1,0.817,0.183,-1,2.0,0.773,1.0,up,1
2007-08-08,-1,mild_neg,-0.237,1,0.639,0.361,1,2.0,0.525,2.0,down,1
2007-08-13,-2,negative,-1.73,1,0.677,0.323,-1,2.0,0.774,1.0,down,1
2007-08-17,-1,mild_neg,-0.824,1,0.333,0.667,-2,2.0,0.524,2.0,up,3
2007-08-20,-1,mild_neg,-0.645,2,0.423,0.577,-2,2.0,0.524,2.0,up,2
2007-08-21,-1,mild_neg,-0.372,3,0.567,0.433,1,3.0,0.524,2.0,up,1
2007-08-22,1,mild_pos,0.503,1,0.436,0.564,-1,3.0,0.454,3.0,up,2
2007-08-23,1,mild_pos,0.48,2,0.426,0.574,-1,3.0,0.454,3.0,up,1
2007-08-24,2,positive,1.198,1,0.032,0.968,1,3.0,0.091,2.0,down,1
2007-08-27,1,mild_pos,0.608,1,0.484,0.516,-1,3.0,0.454,3.0,down,1
2007-08-28,-1,mild_neg,-0.796,1,0.355,0.645,-2,2.0,0.527,2.0,up,1
2007-08-29,1,mild_pos,0.469,1,0.42,0.58,-1,3.0,0.452,3.0,up,3
2007-08-30,1,mild_pos,0.329,2,0.361,0.639,-1,3.0,0.452,3.0,up,2
2007-08-31,1,mild_pos,0.876,3,0.6,0.4,2,3.0,0.452,3.0,up,1
2007-09-04,2,positive,1.452,1,0.115,0.885,1,3.0,0.091,2.0,down,1
2007-09-05,1,mild_pos,0.898,1,0.618,0.382,2,3.0,0.458,3.0,up,1
2007-09-06,2,positive,1.081,1,0.02,0.98,1,3.0,0.09,2.0,down,1
2007-09-07,1,mild_pos,0.167,1,0.299,0.701,-1,3.0,0.46,3.0,up,4
2007-09-10,1,mild_pos,0.018,2,0.245,0.755,-1,3.0,0.46,3.0,up,3
2007-09-11,1,mild_pos,0.718,3,0.542,0.458,2,3.0,0.46,3.0,up,2
2007-09-12,1,mild_pos,0.775,4,0.569,0.431,2,3.0,0.46,3.0,up,1
2007-09-13,2,positive,1.051,1,0.02,0.98,1,3.0,0.09,2.0,down,1
2007-09-14,1,mild_pos,0.898,1,0.633,0.367,2,3.0,0.468,3.0,up,2
2007-09-17,1,mild_pos,0.478,2,0.442,0.558,-1,3.0,0.468,3.0,up,1
2007-09-20,2,positive,1.748,1,0.388,0.612,1,3.0,0.089,2.0,down,15
2007-09-21,2,positive,1.503,2,0.145,0.855,1,3.0,0.089,2.0,down,14
2007-09-24,2,positive,1.316,3,0.058,0.942,1,2.0,0.089,2.0,down,13
2007-09-25,2,positive,1.099,4,0.02,0.98,1,2.0,0.089,2.0,down,12
2007-09-26,2,positive,1.248,5,0.041,0.959,1,2.0,0.089,2.0,down,11
2007-09-27,2,positive,1.473,6,0.126,0.874,1,3.0,0.089,2.0,down,10
2007-09-28,2,positive,1.133,7,0.023,0.977,1,3.0,0.089,2.0,down,9
2007-10-01,2,positive,1.679,8,0.304,0.696,1,2.5,0.089,2.0,down,8
2007-10-02,2,positive,1.491,9,0.137,0.863,1,1.5,0.089,2.0,down,7
2007-10-03,2,positive,1.245,10,0.04,0.96,1,2.0,0.089,2.0,down,6
2007-10-04,2,positive,1.219,11,0.035,0.965,1,2.0,0.089,2.0,down,5
2007-10-05,2,positive,1.737,12,0.374,0.626,1,1.0,0.089,2.0,down,4
2007-10-08,2,positive,1.225,13,0.037,0.963,1,1.0,0.089,2.0,down,3
2007-10-09,2,positive,1.61,14,0.232,0.768,1,1.0,0.089,2.0,down,2
2007-10-10,2,positive,1.343,15,0.067,0.933,1,1.0,0.089,2.0,down,1
2007-10-11,1,mild_pos,0.921,1,0.652,0.348,2,3.0,0.472,3.0,up,1
2007-10-12,2,positive,1.109,1,0.02,0.98,1,3.0,0.085,2.0,down,1
2007-10-15,1,mild_pos,0.453,1,0.435,0.565,-1,3.0,0.474,3.0,down,1
2007-10-16,-1,mild_neg,-0.067,1,0.714,0.286,1,2.0,0.528,2.0,up,1
2007-10-17,1,mild_pos,0.105,1,0.282,0.718,-1,3.0,0.474,2.5,down,1
2007-10-18,-1,mild_neg,-0.15,1,0.68,0.32,1,2.0,0.53,2.0,down,1
2007-10-19,-2,negative,-1.764,1,0.654,0.346,-1,2.0,0.77,1.0,up,2
2007-10-22,-2,negative,-1.368,2,0.792,0.208,-1,2.0,0.77,1.0,up,1
2007-10-23,-1,mild_neg,-0.869,1,0.325,0.675,-2,2.0,0.528,2.0,up,4
2007-10-24,-1,mild_neg,-0.967,2,0.283,0.717,-2,2.0,0.528,2.0,up,3
2007-10-25,-1,mild_neg,-0.793,3,0.36,0.64,-2,3.0,0.528,2.0,up,2
2007-10-26,-1,mild_neg,-0.096,4,0.7,0.3,1,2.0,0.528,2.0,up,1
2007-10-29,1,mild_pos,0.111,1,0.281,0.719,-1,3.0,0.474,2.5,down,1
2007-10-30,-1,mild_neg,-0.296,1,0.61,0.39,1,2.0,0.533,2.0,up,1
2007-10-31,1,mild_pos,0.32,1,0.371,0.629,-1,3.0,0.474,2.5,down,1
2007-11-01,-2,negative,-1.082,1,0.864,0.136,-1,2.0,0.772,1.0,up,1
2007-11-02,-1,mild_neg,-0.915,1,0.32,0.68,-2,2.0,0.534,2.0,down,1
2007-11-05,-2,negative,-1.285,1,0.819,0.181,-1,2.0,0.774,1.0,up,1
2007-11-06,-1,mild_neg,-0.369,1,0.576,0.424,1,2.0,0.533,2.0,down,1
2007-11-07,-2,negative,-1.905,1,0.603,0.397,-1,2.0,0.775,1.0,down,1
2007-11-13,-2,negative,-1.039,1,0.879,0.121,-1,2.0,0.771,1.0,down,4
2007-11-14,-2,negative,-1.07,2,0.872,0.128,-1,2.0,0.771,1.0,down,3
2007-11-15,-2,negative,-1.753,3,0.653,0.347,-1,2.0,0.771,1.0,down,2
2007-11-16,-2,negative,-1.567,4,0.728,0.272,-1,2.0,0.771,1.0,down,1
2007-11-20,-2,negative,-1.728,1,0.651,0.349,-1,2.0,0.753,1.0,down,1
2007-11-21,-3,ext_neg,-2.696,1,0.98,0.02,-2,2.0,0.98,1.0,up,1
2007-11-23,-2,negative,-1.563,1,0.706,0.294,-1,2.0,0.749,1.0,down,1
2007-11-26,-3,ext_neg,-2.553,1,0.98,0.02,-2,2.0,0.98,1.0,up,1
2007-11-27,-2,negative,-1.683,1,0.654,0.346,-1,2.0,0.744,1.0,up,1
2007-11-28,1,mild_pos,0.141,1,0.29,0.71,-1,3.0,0.474,2.5,up,5
2007-11-29,1,mild_pos,0.296,2,0.359,0.641,-1,3.0,0.474,2.5,up,4
2007-11-30,1,mild_pos,0.871,3,0.641,0.359,2,3.0,0.474,2.5,up,3
2007-12-03,1,mild_pos,0.584,4,0.5,0.5,2,3.0,0.474,2.5,up,2
2007-12-04,1,mild_pos,0.172,5,0.304,0.696,-1,3.0,0.474,2.5,up,1
2007-12-05,2,positive,1.111,1,0.02,0.98,1,3.0,0.084,2.0,down,4
2007-12-06,2,positive,1.789,2,0.401,0.599,1,3.0,0.084,2.0,down,3
2007-12-07,2,positive,1.704,3,0.3,0.7,1,2.0,0.084,2.0,down,2
2007-12-10,2,positive,1.965,4,0.626,0.374,3,2.0,0.084,2.0,down,1
2007-12-11,1,mild_pos,0.459,1,0.441,0.559,-1,3.0,0.478,3.0,down,4
2007-12-12,1,mild_pos,0.947,2,0.681,0.319,2,3.0,0.478,3.0,down,3
2007-12-13,1,mild_pos,0.814,3,0.62,0.38,2,3.0,0.478,3.0,down,2
2007-12-14,1,mild_pos,0.118,4,0.283,0.717,-1,3.0,0.478,3.0,down,1
2007-12-17,-1,mild_neg,-0.629,1,0.448,0.552,-2,2.0,0.531,2.0,up,4
2007-12-18,-1,mild_neg,-0.371,2,0.574,0.426,1,2.0,0.531,2.0,up,3
2007-12-19,-1,mild_neg,-0.394,3,0.563,0.437,1,2.0,0.531,2.0,up,2
2007-12-20,-1,mild_neg,-0.153,4,0.674,0.326,1,2.0,0.531,2.0,up,1
2007-12-21,1,mild_pos,0.25,1,0.336,0.664,-1,3.0,0.47,3.0,down,3
2007-12-24,1,mild_pos,0.49,2,0.449,0.551,-1,3.0,0.47,3.0,down,2
2007-12-26,1,mild_pos,0.479,3,0.444,0.556,-1,3.0,0.47,3.0,down,1
2007-12-27,-1,mild_neg,-0.195,1,0.66,0.34,1,2.0,0.536,2.0,down,3
2007-12-28,-1,mild_neg,-0.33,2,0.598,0.402,1,2.0,0.536,2.0,down,2
2007-12-31,-1,mild_neg,-0.68,3,0.428,0.572,-2,2.0,0.536,2.0,down,1
2008-01-02,-2,negative,-1.098,1,0.843,0.157,-1,2.0,0.746,1.0,down,2
2008-01-03,-2,negative,-1.094,2,0.844,0.156,-1,2.0,0.746,1.0,down,1
2008-01-04,-3,ext_neg,-2.273,1,0.98,0.02,-2,2.0,0.98,1.0,up,3
2008-01-07,-3,ext_neg,-2.121,2,0.98,0.02,-2,3.0,0.98,1.0,up,2
2008-01-08,-3,ext_neg,-2.734,3,0.98,0.02,-2,3.0,0.98,1.0,up,1
2008-01-09,-2,negative,-1.954,1,0.558,0.442,-1,2.0,0.737,1.0,down,4
2008-01-10,-2,negative,-1.491,2,0.72,0.28,-1,2.0,0.737,1.0,down,3
2008-01-11,-2,negative,-1.735,3,0.639,0.361,-1,2.0,0.737,1.0,down,2
2008-01-14,-2,negative,-1.184,4,0.805,0.195,-1,2.0,0.737,1.0,down,1
2008-01-15,-3,ext_neg,-2.144,1,0.98,0.02,-2,2.0,0.98,1.0,up,6
2008-01-16,-3,ext_neg,-2.416,2,0.98,0.02,-2,2.0,0.98,1.0,up,5
2008-01-17,-3,ext_neg,-3.463,3,0.98,0.02,-2,3.0,0.98,1.0,up,4
2008-01-18,-3,ext_neg,-3.646,4,0.98,0.02,-2,2.0,0.98,1.0,up,3
2008-01-22,-3,ext_neg,-3.767,5,0.98,0.02,-2,1.5,0.98,1.0,up,2
2008-01-23,-3,ext_neg,-2.361,6,0.98,0.02,-2,1.5,0.98,1.0,up,1
2008-01-24,-2,negative,-1.726,1,0.618,0.382,-1,2.0,0.721,1.0,down,1
2008-01-25,-3,ext_neg,-2.108,1,0.98,0.02,-2,2.0,0.98,1.0,up,1
2008-01-28,-2,negative,-1.157,1,0.803,0.197,-1,2.0,0.717,1.0,up,1
2008-01-29,-1,mild_neg,-0.752,1,0.391,0.609,-2,2.0,0.532,2.0,up,2
2008-01-30,-1,mild_neg,-0.897,2,0.326,0.674,-2,2.0,0.532,2.0,up,1
2008-01-31,1,mild_pos,0.022,1,0.241,0.759,-1,3.0,0.464,3.0,down,3
2008-02-01,1,mild_pos,0.795,2,0.593,0.407,2,3.0,0.464,3.0,down,2
2008-02-04,1,mild_pos,0.303,3,0.356,0.644,-1,3.0,0.464,3.0,down,1
2008-02-05,-1,mild_neg,-0.774,1,0.388,0.612,-2,2.0,0.534,2.0,down,1
2008-02-06,-2,negative,-1.038,1,0.835,0.165,-1,2.0,0.719,1.0,up,1
2008-02-07,-1,mild_neg,-0.64,1,0.448,0.552,-2,2.0,0.533,2.0,up,3
2008-02-08,-1,mild_neg,-0.791,2,0.378,0.622,-2,2.0,0.533,2.0,up,2
2008-02-11,-1,mild_neg,-0.462,3,0.533,0.467,1,2.0,0.533,2.0,up,1
2008-02-12,1,mild_pos,0.045,1,0.246,0.754,-1,3.0,0.46,3.0,down,6
2008-02-13,1,mild_pos,0.516,2,0.454,0.546,-1,3.0,0.46,3.0,down,5
2008-02-14,1,mild_pos,0.162,3,0.292,0.708,-1,3.0,0.46,3.0,down,4
2008-02-15,1,mild_pos,0.124,4,0.277,0.723,-1,3.0,0.46,3.0,down,3
2008-02-19,1,mild_pos,0.191,5,0.304,0.696,-1,3.0,0.46,3.0,down,2
2008-02-20,1,mild_pos,0.235,6,0.323,0.677,-1,4.0,0.46,3.0,down,1
2008-02-21,-1,mild_neg,-0.144,1,0.677,0.323,1,2.0,0.536,2.0,up,1
2008-02-22,1,mild_pos,0.114,1,0.272,0.728,-1,3.0,0.46,3.0,down,5
2008-02-25,1,mild_pos,0.59,2,0.491,0.509,-1,3.0,0.46,3.0,down,4
2008-02-26,1,mild_pos,0.861,3,0.623,0.377,2,3.0,0.46,3.0,down,3
2008-02-27,1,mild_pos,0.78,4,0.585,0.415,2,3.0,0.46,3.0,down,2
2008-02-28,1,mild_pos,0.326,5,0.363,0.637,-1,3.0,0.46,3.0,down,1
2008-02-29,-1,mild_neg,-0.605,1,0.471,0.529,-2,2.0,0.537,2.0,down,4
2008-03-03,-1,mild_neg,-0.614,2,0.466,0.534,-2,2.0,0.537,2.0,down,3
2008-03-04,-1,mild_neg,-0.705,3,0.424,0.576,-2,2.0,0.537,2.0,down,2
2008-03-05,-1,mild_neg,-0.421,4,0.556,0.444,1,2.0,0.537,2.0,down,1
2008-03-06,-2,negative,-1.33,1,0.756,0.244,-1,2.0,0.72,1.0,down,2
2008-03-07,-2,negative,-1.734,2,0.606,0.394,-1,2.0,0.72,1.0,down,1
2008-03-10,-3,ext_neg,-2.245,1,0.98,0.02,-2,2.0,0.98,1.0,up,1
2008-03-11,-1,mild_neg,-0.627,1,0.454,0.546,-2,2.0,0.532,2.0,down,3
2008-03-12,-1,mild_neg,-0.986,2,0.296,0.704,-2,2.0,0.532,2.0,down,2
2008-03-13,-1,mild_neg,-0.808,3,0.371,0.629,-2,2.0,0.532,2.0,down,1
2008-03-14,-2,negative,-1.413,1,0.721,0.279,-1,2.0,0.713,1.0,up,2
2008-03-17,-2,negative,-1.754,2,0.587,0.413,-1,2.0,0.713,1.0,up,1
2008-03-18,1,mild_pos,0.089,1,0.269,0.731,-1,3.0,0.46,3.0,down,1
2008-03-19,-1,mild_neg,-0.925,1,0.314,0.686,-2,2.0,0.529,2.0,up,2
2008-03-20,-1,mild_neg,-0.286,2,0.614,0.386,1,2.0,0.529,2.0,up,1
2008-03-24,1,mild_pos,0.591,1,0.488,0.512,-1,3.0,0.46,3.0,down,4
2008-03-25,1,mild_pos,0.672,2,0.527,0.473,2,3.0,0.46,3.0,down,3
2008-03-26,1,mild_pos,0.224,3,0.322,0.678,-1,3.0,0.46,3.0,down,2
2008-03-27,1,mild_pos,0.177,4,0.303,0.697,-1,3.0,0.46,3.0,down,1
2008-03-28,-1,mild_neg,-0.155,1,0.672,0.328,1,2.0,0.531,2.0,up,1
2008-03-31,1,mild_pos,0.029,1,0.232,0.768,-1,3.0,0.454,3.0,up,1
2008-04-01,2,positive,1.464,1,0.104,0.896,1,3.0,0.083,2.0,down,6
2008-04-02,2,positive,1.427,2,0.089,0.911,1,3.0,0.083,2.0,down,5
2008-04-03,2,positive,1.474,3,0.109,0.891,1,2.0,0.083,2.0,down,4
2008-04-04,2,positive,1.331,4,0.058,0.942,1,2.0,0.083,2.0,down,3
2008-04-07,2,positive,1.234,5,0.037,0.963,1,2.0,0.083,2.0,down,2
2008-04-08,2,positive,1.05,6,0.02,0.98,1,4.0,0.083,2.0,down,1
2008-04-09,1,mild_pos,0.693,1,0.533,0.467,2,3.0,0.454,3.0,down,2
2008-04-10,1,mild_pos,0.679,2,0.526,0.474,2,3.0,0.454,3.0,down,1
2008-04-11,-1,mild_neg,-0.188,1,0.66,0.34,1,2.0,0.532,2.0,up,3
2008-04-14,-1,mild_neg,-0.389,2,0.568,0.432,1,2.0,0.532,2.0,up,2
2008-04-15,-1,mild_neg,-0.368,3,0.578,0.422,1,2.0,0.532,2.0,up,1
2008-04-16,1,mild_pos,0.73,1,0.545,0.455,2,3.0,0.45,3.0,up,2
2008-04-17,1,mild_pos,0.686,2,0.524,0.476,2,3.0,0.45,3.0,up,1
2008-04-18,2,positive,1.025,1,0.02,0.98,1,3.0,0.081,2.0,down,1
2008-04-21,1,mild_pos,0.987,1,0.668,0.332,2,3.0,0.45,3.0,up,8
2008-04-22,1,mild_pos,0.752,2,0.557,0.443,2,3.0,0.45,3.0,up,7
2008-04-23,1,mild_pos,0.614,3,0.489,0.511,-1,2.0,0.45,3.0,up,6
2008-04-24,1,mild_pos,0.714,4,0.538,0.462,2,3.0,0.45,3.0,up,5
2008-04-25,1,mild_pos,0.98,5,0.664,0.336,2,3.0,0.45,3.0,up,4
2008-04-28,1,mild_pos,0.87,6,0.614,0.386,2,4.0,0.45,3.0,up,3
2008-04-29,1,mild_pos,0.665,7,0.514,0.486,2,6.0,0.45,3.0,up,2
2008-04-30,1,mild_pos,0.388,8,0.378,0.622,-1,6.0,0.45,3.0,up,1
2008-05-01,2,positive,1.199,1,0.03,0.97,1,3.0,0.081,2.0,down,2
2008-05-02,2,positive,1.241,2,0.037,0.963,1,3.0,0.081,2.0,down,1
2008-05-05,1,mild_pos,0.977,1,0.681,0.319,2,3.0,0.452,3.0,up,1
2008-05-06,2,positive,1.258,1,0.04,0.96,1,3.0,0.08,2.0,down,1
2008-05-07,1,mild_pos,0.44,1,0.399,0.601,-1,3.0,0.454,3.0,down,10
2008-05-08,1,mild_pos,0.28,2,0.318,0.682,-1,3.0,0.454,3.0,down,9
2008-05-09,1,mild_pos,0.114,3,0.244,0.756,-1,2.5,0.454,3.0,down,8
2008-05-12,1,mild_pos,0.479,4,0.42,0.58,-1,3.0,0.454,3.0,down,7
2008-05-13,1,mild_pos,0.373,5,0.364,0.636,-1,3.0,0.454,3.0,down,6
2008-05-14,1,mild_pos,0.402,6,0.379,0.621,-1,3.5,0.454,3.0,down,5
2008-05-15,1,mild_pos,0.85,7,0.622,0.378,2,5.0,0.454,3.0,down,4
2008-05-16,1,mild_pos,0.824,8,0.609,0.391,2,6.0,0.454,3.0,down,3
2008-05-19,1,mild_pos,0.87,9,0.633,0.367,2,5.0,0.454,3.0,down,2
2008-05-20,1,mild_pos,0.462,10,0.411,0.589,-1,4.0,0.454,3.0,down,1
2008-05-21,-1,mild_neg,-0.303,1,0.612,0.388,1,2.0,0.535,2.0,up,10
2008-05-22,-1,mild_neg,-0.316,2,0.606,0.394,1,2.0,0.535,2.0,up,9
2008-05-23,-1,mild_neg,-0.88,3,0.338,0.662,-2,2.0,0.535,2.0,up,8
2008-05-27,-1,mild_neg,-0.539,4,0.499,0.501,-2,2.0,0.535,2.0,up,7
2008-05-28,-1,mild_neg,-0.34,5,0.595,0.405,1,2.0,0.535,2.0,up,6
2008-05-29,-1,mild_neg,-0.148,6,0.681,0.319,1,1.0,0.535,2.0,up,5
2008-05-30,-1,mild_neg,-0.027,7,0.73,0.27,1,4.5,0.535,2.0,up,4
2008-06-02,-1,mild_neg,-0.441,8,0.546,0.454,1,3.5,0.535,2.0,up,3
2008-06-03,-1,mild_neg,-0.656,9,0.442,0.558,-2,2.5,0.535,2.0,up,2
2008-06-04,-1,mild_neg,-0.615,10,0.462,0.538,-2,3.0,0.535,2.0,up,1
2008-06-05,1,mild_pos,0.232,1,0.296,0.704,-1,3.0,0.454,3.0,down,1
2008-06-06,-2,negative,-1.151,1,0.805,0.195,-1,2.0,0.716,1.0,up,5
2008-06-09,-2,negative,-1.006,2,0.841,0.159,-1,2.0,0.716,1.0,up,4
2008-06-10,-2,negative,-1.154,3,0.804,0.196,-1,2.0,0.716,1.0,up,3
2008-06-11,-2,negative,-1.708,4,0.613,0.387,-1,2.0,0.716,1.0,up,2
2008-06-12,-2,negative,-1.431,5,0.718,0.282,-1,2.0,0.716,1.0,up,1
2008-06-13,-1,mild_neg,-0.772,1,0.398,0.602,-2,2.0,0.545,2.0,down,3
2008-06-16,-1,mild_neg,-0.645,2,0.459,0.541,-2,2.0,0.545,2.0,down,2
2008-06-17,-1,mild_neg,-0.738,3,0.414,0.586,-2,2.0,0.545,2.0,down,1
2008-06-18,-2,negative,-1.046,1,0.838,0.162,-1,2.0,0.723,1.0,up,1
2008-06-19,-1,mild_neg,-0.908,1,0.33,0.67,-2,2.0,0.542,2.0,down,1
2008-06-20,-2,negative,-1.72,1,0.614,0.386,-1,2.0,0.724,1.0,down,4
2008-06-23,-2,negative,-1.657,2,0.64,0.36,-1,2.0,0.724,1.0,down,3
2008-06-24,-2,negative,-1.617,3,0.656,0.344,-1,2.0,0.724,1.0,down,2
2008-06-25,-2,negative,-1.285,4,0.774,0.226,-1,1.0,0.724,1.0,down,1
2008-06-26,-3,ext_neg,-2.292,1,0.98,0.02,-2,2.0,0.98,1.0,up,2
2008-06-27,-3,ext_neg,-2.305,2,0.98,0.02,-2,3.0,0.98,1.0,up,1
2008-06-30,-2,negative,-1.963,1,0.481,0.519,-3,2.0,0.71,1.0,down,2
2008-07-01,-2,negative,-1.663,2,0.617,0.383,-1,2.0,0.71,1.0,down,1
2008-07-02,-3,ext_neg,-2.203,1,0.98,0.02,-2,2.0,0.98,1.0,up,1
2008-07-03,-2,negative,-1.912,1,0.484,0.516,-3,2.0,0.703,1.0,down,1
2008-07-07,-3,ext_neg,-2.154,1,0.98,0.02,-2,2.0,0.98,1.0,up,1
2008-07-08,-2,negative,-1.258,1,0.772,0.228,-1,2.0,0.7,1.0,down,4
2008-07-09,-2,negative,-1.888,2,0.486,0.514,-3,2.0,0.7,1.0,down,3
2008-07-10,-2,negative,-1.573,3,0.642,0.358,-1,2.0,0.7,1.0,down,2
2008-07-11,-2,negative,-1.886,4,0.487,0.513,-3,1.0,0.7,1.0,down,1
2008-07-14,-3,ext_neg,-2.037,1,0.98,0.02,-2,2.0,0.98,1.0,up,2
2008-07-15,-3,ext_neg,-2.365,2,0.98,0.02,-2,3.0,0.98,1.0,up,1
2008-07-16,-2,negative,-1.178,1,0.794,0.206,-1,2.0,0.686,1.0,up,1
2008-07-17,-1,mild_neg,-0.634,1,0.457,0.543,-2,2.0,0.541,2.0,up,3
2008-07-18,-1,mild_neg,-0.253,2,0.644,0.356,1,2.0,0.541,2.0,up,2
2008-07-21,-1,mild_neg,-0.144,3,0.692,0.308,1,2.0,0.541,2.0,up,1
2008-07-22,1,mild_pos,0.365,1,0.361,0.639,-1,3.0,0.454,3.0,down,2
2008-07-23,1,mild_pos,0.624,2,0.499,0.501,-1,3.0,0.454,3.0,down,1
2008-07-24,-1,mild_neg,-0.106,1,0.711,0.289,1,2.0,0.544,2.0,up,3
2008-07-25,-1,mild_neg,-0.072,2,0.725,0.275,1,2.0,0.544,2.0,up,2
2008-07-28,-1,mild_neg,-0.603,3,0.476,0.524,-2,2.0,0.544,2.0,up,1
2008-07-29,1,mild_pos,0.269,1,0.315,0.685,-1,3.0,0.454,3.0,down,4
2008-07-30,1,mild_pos,0.958,2,0.671,0.329,2,3.0,0.454,3.0,down,3
2008-07-31,1,mild_pos,0.429,3,0.394,0.606,-1,3.0,0.454,3.0,down,2
2008-08-01,1,mild_pos,0.222,4,0.293,0.707,-1,3.0,0.454,3.0,down,1
2008-08-04,-1,mild_neg,-0.15,1,0.696,0.304,1,2.0,0.547,2.0,up,1
2008-08-05,1,mild_pos,0.89,1,0.638,0.362,2,3.0,0.454,3.0,up,3
2008-08-06,1,mild_pos,0.997,2,0.689,0.311,2,3.0,0.454,3.0,up,2
2008-08-07,1,mild_pos,0.382,3,0.37,0.63,-1,2.5,0.454,3.0,up,1
2008-08-08,2,positive,1.022,1,0.02,0.98,1,3.0,0.08,2.0,down,2
2008-08-11,2,positive,1.295,2,0.047,0.953,1,3.0,0.08,2.0,down,1
2008-08-12,1,mild_pos,0.757,1,0.577,0.423,2,3.0,0.46,3.0,down,5
2008-08-13,1,mild_pos,0.448,2,0.409,0.591,-1,3.0,0.46,3.0,down,4
2008-08-14,1,mild_pos,0.677,3,0.534,0.466,2,2.0,0.46,3.0,down,3
2008-08-15,1,mild_pos,0.802,4,0.602,0.398,2,3.0,0.46,3.0,down,2
2008-08-18,1,mild_pos,0.224,5,0.296,0.704,-1,3.0,0.46,3.0,down,1
2008-08-19,-1,mild_neg,-0.209,1,0.672,0.328,1,2.0,0.548,2.0,up,2
2008-08-20,-1,mild_neg,-0.013,2,0.753,0.247,1,2.0,0.548,2.0,up,1
2008-08-21,1,mild_pos,0.021,1,0.208,0.792,-1,3.0,0.46,3.0,down,2
2008-08-22,1,mild_pos,0.532,2,0.455,0.545,-1,3.0,0.46,3.0,down,1
2008-08-25,-1,mild_neg,-0.347,1,0.609,0.391,1,2.0,0.55,2.0,up,2
2008-08-26,-1,mild_neg,-0.246,2,0.657,0.343,1,2.0,0.55,2.0,up,1
2008-08-27,1,mild_pos,0.144,1,0.257,0.743,-1,3.0,0.46,3.0,down,3
2008-08-28,1,mild_pos,0.574,2,0.479,0.521,-1,3.0,0.46,3.0,down,2
2008-08-29,1,mild_pos,0.1,3,0.239,0.761,-1,2.0,0.46,3.0,down,1
2008-09-02,-1,mild_neg,-0.2,1,0.681,0.319,1,2.0,0.552,2.0,down,2
2008-09-03,-1,mild_neg,-0.227,2,0.668,0.332,1,2.0,0.552,2.0,down,1
2008-09-04,-2,negative,-1.407,1,0.705,0.295,-1,2.0,0.688,1.0,up,2
2008-09-05,-2,negative,-1.233,2,0.776,0.224,-1,2.0,0.688,1.0,up,1
2008-09-08,-1,mild_neg,-0.355,1,0.603,0.397,1,2.0,0.549,2.0,down,1
2008-09-09,-2,negative,-1.477,1,0.676,0.324,-1,2.0,0.69,1.0,up,2
2008-09-10,-2,negative,-1.216,2,0.786,0.214,-1,2.0,0.69,1.0,up,1
2008-09-11,-1,mild_neg,-0.574,1,0.491,0.509,-2,2.0,0.548,2.0,down,2
2008-09-12,-1,mild_neg,-0.33,2,0.613,0.387,1,2.0,0.548,2.0,down,1
2008-09-15,-3,ext_neg,-2.179,1,0.98,0.02,-2,2.0,0.98,1.0,up,1
2008-09-16,-2,negative,-1.378,1,0.724,0.276,-1,2.0,0.693,1.0,down,1
2008-09-17,-3,ext_neg,-3.104,1,0.98,0.02,-2,2.0,0.98,1.0,up,1
2008-09-18,-2,negative,-1.749,1,0.536,0.464,-1,2.0,0.69,1.0,up,1
2008-09-19,-1,mild_neg,-0.351,1,0.601,0.399,1,2.0,0.546,2.0,down,1
2008-09-22,-2,negative,-1.139,1,0.811,0.189,-1,2.0,0.692,1.0,up,3
2008-09-23,-2,negative,-1.946,2,0.439,0.561,-3,2.0,0.692,1.0,up,2
2008-09-24,-2,negative,-1.673,3,0.582,0.418,-1,2.0,0.692,1.0,up,1
2008-09-25,-1,mild_neg,-0.912,1,0.325,0.675,-2,2.0,0.544,2.0,down,2
2008-09-26,-1,mild_neg,-0.741,2,0.405,0.595,-2,2.0,0.544,2.0,down,1
2008-09-29,-3,ext_neg,-3.786,1,0.98,0.02,-2,2.0,0.98,1.0,up,1
2008-09-30,-2,negative,-1.886,1,0.485,0.515,-3,2.0,0.696,1.0,down,2
2008-10-01,-2,negative,-1.664,2,0.597,0.403,-1,2.0,0.696,1.0,down,1
2008-10-02,-3,ext_neg,-2.942,1,0.98,0.02,-2,2.0,0.98,1.0,up,12
2008-10-03,-3,ext_neg,-3.222,2,0.98,0.02,-2,3.0,0.98,1.0,up,11
2008-10-06,-3,ext_neg,-4.84,3,0.98,0.02,-2,3.0,0.98,1.0,up,10
2008-10-07,-3,ext_neg,-5.966,4,0.98,0.02,-2,2.0,0.98,1.0,up,9
2008-10-08,-3,ext_neg,-6.12,5,0.98,0.02,-2,1.0,0.98,1.0,up,8
2008-10-09,-3,ext_neg,-7.508,6,0.98,0.02,-2,1.5,0.98,1.0,up,7
2008-10-10,-3,ext_neg,-7.085,7,0.98,0.02,-2,1.0,0.98,1.0,up,6
2008-10-13,-3,ext_neg,-2.616,8,0.98,0.02,-2,1.0,0.98,1.0,up,5
2008-10-14,-3,ext_neg,-2.731,9,0.98,0.02,-2,1.0,0.98,1.0,up,4
2008-10-15,-3,ext_neg,-5.205,10,0.98,0.02,-2,1.0,0.98,1.0,up,3
2008-10-16,-3,ext_neg,-3.604,11,0.98,0.02,-2,1.0,0.98,1.0,up,2
2008-10-17,-3,ext_neg,-3.317,12,0.98,0.02,-2,1.0,0.98,1.0,up,1
2008-10-20,-2,negative,-1.517,1,0.66,0.34,-1,2.0,0.689,1.0,down,1
2008-10-21,-3,ext_neg,-2.001,1,0.98,0.02,-2,2.0,0.98,1.0,up,5
2008-10-22,-3,ext_neg,-3.061,2,0.98,0.02,-2,3.5,0.98,1.0,up,4
2008-10-23,-3,ext_neg,-2.375,3,0.98,0.02,-2,3.0,0.98,1.0,up,3
2008-10-24,-3,ext_neg,-3.234,4,0.98,0.02,-2,2.0,0.98,1.0,up,2
2008-10-27,-3,ext_neg,-3.734,5,0.98,0.02,-2,1.5,0.98,1.0,up,1
2008-10-28,-1,mild_neg,-0.762,1,0.391,0.609,-2,2.0,0.542,2.0,up,2
2008-10-29,-1,mild_neg,-0.656,2,0.444,0.556,-2,2.0,0.542,2.0,up,1
2008-10-30,1,mild_pos,0.286,1,0.324,0.676,-1,3.0,0.46,3.0,up,3
2008-10-31,1,mild_pos,0.559,2,0.47,0.53,-1,3.0,0.46,3.0,up,2
2008-11-03,1,mild_pos,0.706,3,0.553,0.447,2,2.0,0.46,3.0,up,1
2008-11-04,2,positive,1.395,1,0.074,0.926,1,3.0,0.08,2.0,down,1
2008-11-05,1,mild_pos,0.509,1,0.449,0.551,-1,3.0,0.466,3.0,down,1
2008-11-06,-1,mild_neg,-0.747,1,0.403,0.597,-2,2.0,0.544,2.0,down,4
2008-11-07,-1,mild_neg,-0.086,2,0.719,0.281,1,2.0,0.544,2.0,down,3
2008-11-10,-1,mild_neg,-0.275,3,0.636,0.364,1,2.0,0.544,2.0,down,2
2008-11-11,-1,mild_neg,-0.858,4,0.351,0.649,-2,2.0,0.544,2.0,down,1
2008-11-12,-2,negative,-1.843,1,0.488,0.512,-3,2.0,0.686,1.0,up,1
2008-11-13,-1,mild_neg,-0.426,1,0.558,0.442,1,2.0,0.54,2.0,down,1
2008-11-14,-2,negative,-1.508,1,0.663,0.337,-1,2.0,0.688,1.0,down,3
2008-11-17,-2,negative,-1.647,2,0.596,0.404,-1,2.0,0.688,1.0,down,2
2008-11-18,-2,negative,-1.105,3,0.82,0.18,-1,2.0,0.688,1.0,down,1
2008-11-19,-3,ext_neg,-2.522,1,0.98,0.02,-2,2.0,0.98,1.0,up,3
2008-11-20,-3,ext_neg,-4.105,2,0.98,0.02,-2,3.0,0.98,1.0,up,2
2008-11-21,-3,ext_neg,-2.698,3,0.98,0.02,-2,3.0,0.98,1.0,up,1
2008-11-24,-2,negative,-1.192,1,0.781,0.219,-1,2.0,0.679,1.0,up,1
2008-11-25,-1,mild_neg,-0.933,1,0.314,0.686,-2,2.0,0.538,2.0,up,2
2008-11-26,-1,mild_neg,-0.08,2,0.715,0.285,1,2.0,0.538,2.0,up,1
2008-11-28,1,mild_pos,0.25,1,0.314,0.686,-1,3.0,0.466,3.0,down,1
2008-12-01,-2,negative,-1.548,1,0.635,0.365,-1,2.0,0.68,1.0,up,1
2008-12-02,-1,mild_neg,-0.582,1,0.482,0.518,-2,2.0,0.54,2.0,up,1
2008-12-03,1,mild_pos,0.071,1,0.234,0.766,-1,3.0,0.466,3.0,down,1
2008-12-04,-1,mild_neg,-0.285,1,0.627,0.373,1,2.0,0.541,2.0,up,1
2008-12-05,1,mild_pos,0.377,1,0.377,0.623,-1,3.0,0.466,3.0,up,1
2008-12-08,2,positive,1.089,1,0.02,0.98,1,3.0,0.079,2.0,down,1
2008-12-09,1,mild_pos,0.797,1,0.609,0.391,2,3.0,0.468,2.5,up,5
2008-12-10,1,mild_pos,0.926,2,0.675,0.325,2,3.0,0.468,2.5,up,4
2008-12-11,1,mild_pos,0.418,3,0.402,0.598,-1,2.0,0.468,2.5,up,3
2008-12-12,1,mild_pos,0.681,4,0.546,0.454,2,3.0,0.468,2.5,up,2
2008-12-15,1,mild_pos,0.387,5,0.385,0.615,-1,3.0,0.468,2.5,up,1
2008-12-16,2,positive,1.216,1,0.032,0.968,1,3.0,0.079,2.0,down,1
2008-12-17,1,mild_pos,0.981,1,0.709,0.291,2,3.0,0.476,3.0,down,3
2008-12-18,1,mild_pos,0.521,2,0.465,0.535,-1,3.0,0.476,3.0,down,2
2008-12-19,1,mild_pos,0.127,3,0.264,0.736,-1,2.0,0.476,3.0,down,1
2008-12-22,-1,mild_neg,-0.224,1,0.655,0.345,1,2.0,0.542,2.0,up,5
2008-12-23,-1,mild_neg,-0.453,2,0.548,0.452,1,2.0,0.542,2.0,up,4
2008-12-24,-1,mild_neg,-0.345,3,0.6,0.4,1,2.0,0.542,2.0,up,3
2008-12-26,-1,mild_neg,-0.205,4,0.664,0.336,1,2.0,0.542,2.0,up,2
2008-12-29,-1,mild_neg,-0.227,5,0.654,0.346,1,2.0,0.542,2.0,up,1
2008-12-30,1,mild_pos,0.172,1,0.276,0.724,-1,3.0,0.47,3.0,down,7
2008-12-31,1,mild_pos,0.4,2,0.39,0.61,-1,3.0,0.47,3.0,down,6
2009-01-02,1,mild_pos,0.92,3,0.675,0.325,2,2.0,0.47,3.0,down,5
2009-01-05,1,mild_pos,0.812,4,0.619,0.381,2,3.0,0.47,3.0,down,4
2009-01-06,1,mild_pos,0.878,5,0.654,0.346,2,3.0,0.47,3.0,down,3
2009-01-07,1,mild_pos,0.285,6,0.33,0.67,-1,4.0,0.47,3.0,down,2
2009-01-08,1,mild_pos,0.349,7,0.363,0.637,-1,4.0,0.47,3.0,down,1
2009-01-09,-1,mild_neg,-0.073,1,0.725,0.275,1,2.0,0.547,2.0,down,3
2009-01-12,-1,mild_neg,-0.56,2,0.498,0.502,-2,2.0,0.547,2.0,down,2
2009-01-13,-1,mild_neg,-0.5,3,0.528,0.472,1,2.0,0.547,2.0,down,1
2009-01-14,-2,negative,-1.13,1,0.804,0.196,-1,2.0,0.681,1.0,up,2
2009-01-15,-2,negative,-1.033,2,0.834,0.166,-1,2.0,0.681,1.0,up,1
2009-01-16,-1,mild_neg,-0.798,1,0.38,0.62,-2,2.0,0.544,2.0,down,1
2009-01-20,-2,negative,-1.849,1,0.486,0.514,-3,2.0,0.684,1.0,up,1
2009-01-21,-1,mild_neg,-0.892,1,0.334,0.666,-2,2.0,0.543,2.0,down,1
2009-01-22,-2,negative,-1.171,1,0.794,0.206,-1,2.0,0.686,1.0,up,2
2009-01-23,-2,negative,-1.044,2,0.832,0.168,-1,2.0,0.686,1.0,up,1
2009-01-26,-1,mild_neg,-0.866,1,0.344,0.656,-2,2.0,0.541,2.0,up,2
2009-01-27,-1,mild_neg,-0.624,2,0.461,0.539,-2,2.0,0.541,2.0,up,1
2009-01-28,1,mild_pos,0.052,1,0.22,0.78,-1,3.0,0.456,3.0,down,1
2009-01-29,-1,mild_neg,-0.572,1,0.49,0.51,-2,2.0,0.543,2.0,up,6
2009-01-30,-1,mild_neg,-0.913,2,0.329,0.671,-2,2.0,0.543,2.0,up,5
2009-02-02,-1,mild_neg,-0.849,3,0.358,0.642,-2,2.0,0.543,2.0,up,4
2009-02-03,-1,mild_neg,-0.448,4,0.551,0.449,1,2.0,0.543,2.0,up,3
2009-02-04,-1,mild_neg,-0.427,5,0.562,0.438,1,1.5,0.543,2.0,up,2
2009-02-05,-1,mild_neg,-0.051,6,0.729,0.271,1,1.0,0.543,2.0,up,1
2009-02-06,1,mild_pos,0.557,1,0.46,0.54,-1,3.0,0.454,3.0,down,2
2009-02-09,1,mild_pos,0.606,2,0.488,0.512,-1,3.0,0.454,3.0,down,1
2009-02-10,-1,mild_neg,-0.286,1,0.635,0.365,1,2.0,0.55,2.0,down,4
2009-02-11,-1,mild_neg,-0.124,2,0.705,0.295,1,2.0,0.55,2.0,down,3
2009-02-12,-1,mild_neg,-0.101,3,0.714,0.286,1,2.0,0.55,2.0,down,2
2009-02-13,-1,mild_neg,-0.301,4,0.628,0.372,1,2.0,0.55,2.0,down,1
2009-02-17,-2,negative,-1.14,1,0.807,0.193,-1,2.0,0.688,1.0,down,4
2009-02-18,-2,negative,-1.171,2,0.796,0.204,-1,2.0,0.688,1.0,down,3
2009-02-19,-2,negative,-1.326,3,0.74,0.26,-1,2.0,0.688,1.0,down,2
2009-02-20,-2,negative,-1.464,4,0.682,0.318,-1,1.0,0.688,1.0,down,1
2009-02-23,-3,ext_neg,-2.138,1,0.98,0.02,-2,2.0,0.98,1.0,up,1
2009-02-24,-2,negative,-1.25,1,0.751,0.249,-1,2.0,0.677,1.0,down,4
2009-02-25,-2,negative,-1.317,2,0.726,0.274,-1,2.0,0.677,1.0,down,3
2009-02-26,-2,negative,-1.51,3,0.648,0.352,-1,2.0,0.677,1.0,down,2
2009-02-27,-2,negative,-1.851,4,0.49,0.51,-3,1.0,0.677,1.0,down,1
2009-03-02,-3,ext_neg,-2.679,1,0.98,0.02,-2,2.0,0.98,1.0,up,2
2009-03-03,-3,ext_neg,-2.65,2,0.98,0.02,-2,3.0,0.98,1.0,up,1
2009-03-04,-2,negative,-1.967,1,0.424,0.576,-3,2.0,0.665,1.0,down,1
2009-03-05,-3,ext_neg,-2.648,1,0.98,0.02,-2,2.0,0.98,1.0,up,3
2009-03-06,-3,ext_neg,-2.374,2,0.98,0.02,-2,3.0,0.98,1.0,up,2
2009-03-09,-3,ext_neg,-2.349,3,0.98,0.02,-2,3.0,0.98,1.0,up,1
2009-03-10,-1,mild_neg,-0.953,1,0.326,0.674,-2,2.0,0.55,2.0,up,2
2009-03-11,-1,mild_neg,-0.687,2,0.445,0.555,-2,2.0,0.55,2.0,up,1
2009-03-12,1,mild_pos,0.159,1,0.257,0.743,-1,3.0,0.45,2.5,up,4
2009-03-13,1,mild_pos,0.398,2,0.371,0.629,-1,3.0,0.45,2.5,up,3
2009-03-16,1,mild_pos,0.427,3,0.386,0.614,-1,2.0,0.45,2.5,up,2
2009-03-17,1,mild_pos,0.984,4,0.685,0.315,2,3.0,0.45,2.5,up,1
2009-03-18,2,positive,1.355,1,0.061,0.939,1,3.0,0.079,2.0,down,2
2009-03-19,2,positive,1.123,2,0.02,0.98,1,3.0,0.079,2.0,down,1
2009-03-20,1,mild_pos,0.622,1,0.492,0.508,-1,3.0,0.45,2.5,up,1
2009-03-23,2,positive,1.725,1,0.285,0.715,1,3.0,0.078,2.0,down,5
2009-03-24,2,positive,1.345,2,0.058,0.942,1,3.0,0.078,2.0,down,4
2009-03-25,2,positive,1.461,3,0.098,0.902,1,2.0,0.078,2.0,down,3
2009-03-26,2,positive,1.699,4,0.26,0.74,1,2.0,0.078,2.0,down,2
2009-03-27,2,positive,1.308,5,0.049,0.951,1,2.0,0.078,2.0,down,1
2009-03-30,1,mild_pos,0.618,1,0.49,0.51,-1,3.0,0.45,2.0,up,3
2009-03-31,1,mild_pos,0.669,2,0.518,0.482,2,3.0,0.45,2.0,up,2
2009-04-01,1,mild_pos,0.891,3,0.634,0.366,2,2.0,0.45,2.0,up,1
2009-04-02,2,positive,1.21,1,0.03,0.97,1,3.0,0.077,2.0,down,2
2009-04-03,2,positive,1.208,2,0.03,0.97,1,3.0,0.077,2.0,down,1
2009-04-06,1,mild_pos,0.912,1,0.644,0.356,2,3.0,0.45,2.0,up,3
2009-04-07,1,mild_pos,0.41,2,0.381,0.619,-1,3.0,0.45,2.0,up,2
2009-04-08,1,mild_pos,0.488,3,0.421,0.579,-1,2.0,0.45,2.0,up,1
2009-04-09,2,positive,1.037,1,0.02,0.98,1,3.0,0.076,2.0,down,1
2009-04-13,1,mild_pos,0.938,1,0.654,0.346,2,3.0,0.45,2.5,up,15
2009-04-14,1,mild_pos,0.557,2,0.458,0.542,-1,3.0,0.45,2.5,up,14
2009-04-15,1,mild_pos,0.663,3,0.514,0.486,2,2.0,0.45,2.5,up,13
2009-04-16,1,mild_pos,0.838,4,0.605,0.395,2,2.5,0.45,2.5,up,12
2009-04-17,1,mild_pos,0.865,5,0.618,0.382,2,3.0,0.45,2.5,up,11
2009-04-20,1,mild_pos,0.068,6,0.232,0.768,-1,2.0,0.45,2.5,up,10
2009-04-21,1,mild_pos,0.372,7,0.364,0.636,-1,2.5,0.45,2.5,up,9
2009-04-22,1,mild_pos,0.227,8,0.297,0.703,-1,4.0,0.45,2.5,up,8
2009-04-23,1,mild_pos,0.354,9,0.356,0.644,-1,4.0,0.45,2.5,up,7
2009-04-24,1,mild_pos,0.573,10,0.467,0.533,-1,3.0,0.45,2.5,up,6
2009-04-27,1,mild_pos,0.368,11,0.362,0.638,-1,2.5,0.45,2.5,up,5
2009-04-28,1,mild_pos,0.245,12,0.305,0.695,-1,1.5,0.45,2.5,up,4
2009-04-29,1,mild_pos,0.525,13,0.442,0.558,-1,1.0,0.45,2.5,up,3
2009-04-30,1,mild_pos,0.467,14,0.412,0.588,-1,1.0,0.45,2.5,up,2
2009-05-01,1,mild_pos,0.513,15,0.436,0.564,-1,1.0,0.45,2.5,up,1
2009-05-04,2,positive,1.003,1,0.02,0.98,1,3.0,0.076,2.0,down,1
2009-05-05,1,mild_pos,0.878,1,0.628,0.372,2,3.0,0.47,3.0,up,1
2009-05-06,2,positive,1.057,1,0.02,0.98,1,3.0,0.076,2.0,down,1
2009-05-07,1,mild_pos,0.749,1,0.574,0.426,2,3.0,0.472,2.5,up,1
2009-05-08,2,positive,1.056,1,0.02,0.98,1,3.0,0.076,2.0,down,1
2009-05-11,1,mild_pos,0.696,1,0.551,0.449,2,3.0,0.474,2.5,down,8
2009-05-12,1,mild_pos,0.584,2,0.497,0.503,-1,3.0,0.474,2.5,down,7
2009-05-13,1,mild_pos,0.121,3,0.287,0.713,-1,2.0,0.474,2.5,down,6
2009-05-14,1,mild_pos,0.238,4,0.336,0.664,-1,3.0,0.474,2.5,down,5
2009-05-15,1,mild_pos,0.083,5,0.272,0.728,-1,3.0,0.474,2.5,down,4
2009-05-18,1,mild_pos,0.482,6,0.448,0.552,-1,2.0,0.474,2.5,down,3
2009-05-19,1,mild_pos,0.404,7,0.411,0.589,-1,3.0,0.474,2.5,down,2
2009-05-20,1,mild_pos,0.235,8,0.334,0.666,-1,5.0,0.474,2.5,down,1
2009-05-21,-1,mild_neg,-0.049,1,0.732,0.268,1,2.0,0.554,2.0,up,2
2009-05-22,-1,mild_neg,-0.109,2,0.709,0.291,1,2.0,0.554,2.0,up,1
2009-05-26,1,mild_pos,0.272,1,0.351,0.649,-1,3.0,0.474,3.0,down,1
2009-05-27,-1,mild_neg,-0.075,1,0.727,0.273,1,2.0,0.558,2.0,up,1
2009-05-28,1,mild_pos,0.129,1,0.291,0.709,-1,3.0,0.474,2.5,down,13
2009-05-29,1,mild_pos,0.378,2,0.399,0.601,-1,3.0,0.474,2.5,down,12
2009-06-01,1,mild_pos,0.711,3,0.558,0.442,2,2.0,0.474,2.5,down,11
2009-06-02,1,mild_pos,0.688,4,0.547,0.453,2,3.0,0.474,2.5,down,10
2009-06-03,1,mild_pos,0.449,5,0.432,0.568,-1,3.0,0.474,2.5,down,9
2009-06-04,1,mild_pos,0.581,6,0.496,0.504,-1,2.0,0.474,2.5,down,8
2009-06-05,1,mild_pos,0.551,7,0.481,0.519,-1,2.5,0.474,2.5,down,7
2009-06-08,1,mild_pos,0.471,8,0.443,0.557,-1,5.0,0.474,2.5,down,6
2009-06-09,1,mild_pos,0.524,9,0.468,0.532,-1,4.0,0.474,2.5,down,5
2009-06-10,1,mild_pos,0.451,10,0.433,0.567,-1,3.5,0.474,2.5,down,4
2009-06-11,1,mild_pos,0.468,11,0.441,0.559,-1,3.0,0.474,2.5,down,3
2009-06-12,1,mild_pos,0.463,12,0.439,0.561,-1,2.0,0.474,2.5,down,2
2009-06-15,1,mild_pos,0.038,13,0.256,0.744,-1,1.0,0.474,2.5,down,1
2009-06-16,-1,mild_neg,-0.199,1,0.679,0.321,1,2.0,0.56,2.0,up,19
2009-06-17,-1,mild_neg,-0.219,2,0.67,0.33,1,2.0,0.56,2.0,up,18
2009-06-18,-1,mild_neg,-0.11,3,0.714,0.286,1,2.0,0.56,2.0,up,17
2009-06-19,-1,mild_neg,-0.17,4,0.691,0.309,1,2.0,0.56,2.0,up,16
2009-06-22,-1,mild_neg,-0.701,5,0.449,0.551,-2,1.5,0.56,2.0,up,15
2009-06-23,-1,mild_neg,-0.668,6,0.464,0.536,-2,1.0,0.56,2.0,up,14
2009-06-24,-1,mild_neg,-0.522,7,0.533,0.467,1,3.0,0.56,2.0,up,13
2009-06-25,-1,mild_neg,-0.162,8,0.694,0.306,1,2.0,0.56,2.0,up,12
2009-06-26,-1,mild_neg,-0.2,9,0.678,0.322,1,1.0,0.56,2.0,up,11
2009-06-29,-1,mild_neg,-0.022,10,0.747,0.253,1,1.0,0.56,2.0,up,10
2009-06-30,-1,mild_neg,-0.134,11,0.705,0.295,1,1.0,0.56,2.0,up,9
2009-07-01,-1,mild_neg,-0.051,12,0.736,0.264,1,1.0,0.56,2.0,up,8
2009-07-02,-1,mild_neg,-0.484,13,0.551,0.449,1,1.0,0.56,2.0,up,7
2009-07-06,-1,mild_neg,-0.442,14,0.571,0.429,1,1.0,0.56,2.0,up,6
2009-07-07,-1,mild_neg,-0.727,15,0.437,0.563,-2,1.0,0.56,2.0,up,5
2009-07-08,-1,mild_neg,-0.675,16,0.461,0.539,-2,1.0,0.56,2.0,up,4
2009-07-09,-1,mild_neg,-0.581,17,0.505,0.495,1,1.0,0.56,2.0,up,3
2009-07-10,-1,mild_neg,-0.557,18,0.517,0.483,1,1.0,0.56,2.0,up,2
2009-07-13,-1,mild_neg,-0.093,19,0.721,0.279,1,1.0,0.56,2.0,up,1
2009-07-14,1,mild_pos,0.024,1,0.247,0.753,-1,3.0,0.468,3.0,up,8
2009-07-15,1,mild_pos,0.492,2,0.446,0.554,-1,3.0,0.468,3.0,up,7
2009-07-16,1,mild_pos,0.451,3,0.426,0.574,-1,2.0,0.468,3.0,up,6
2009-07-17,1,mild_pos,0.612,4,0.503,0.497,2,3.0,0.468,3.0,up,5
2009-07-20,1,mild_pos,0.756,5,0.571,0.429,2,3.0,0.468,3.0,up,4
2009-07-21,1,mild_pos,0.773,6,0.579,0.421,2,2.0,0.468,3.0,up,3
2009-07-22,1,mild_pos,0.714,7,0.551,0.449,2,3.0,0.468,3.0,up,2
2009-07-23,1,mild_pos,0.995,8,0.678,0.322,2,5.0,0.468,3.0,up,1
2009-07-24,2,positive,1.005,1,0.02,0.98,1,3.0,0.075,2.0,down,1
2009-07-27,1,mild_pos,0.994,1,0.683,0.317,2,3.0,0.476,3.0,up,5
2009-07-28,1,mild_pos,0.874,2,0.632,0.368,2,3.0,0.476,3.0,up,4
2009-07-29,1,mild_pos,0.784,3,0.592,0.408,2,2.0,0.476,3.0,up,3
2009-07-30,1,mild_pos,0.893,4,0.64,0.36,2,3.0,0.476,3.0,up,2
2009-07-31,1,mild_pos,0.838,5,0.616,0.384,2,3.0,0.476,3.0,up,1
2009-08-03,2,positive,1.003,1,0.02,0.98,1,3.0,0.075,2.0,down,1
2009-08-04,1,mild_pos,0.938,1,0.67,0.33,2,3.0,0.486,3.0,down,9
2009-08-05,1,mild_pos,0.789,2,0.604,0.396,2,3.0,0.486,3.0,down,8
2009-08-06,1,mild_pos,0.61,3,0.519,0.481,2,2.0,0.486,3.0,down,7
2009-08-07,1,mild_pos,0.706,4,0.565,0.435,2,3.0,0.486,3.0,down,6
2009-08-10,1,mild_pos,0.584,5,0.507,0.493,2,3.0,0.486,3.0,down,5
2009-08-11,1,mild_pos,0.309,6,0.376,0.624,-1,2.0,0.486,3.0,down,4
2009-08-12,1,mild_pos,0.418,7,0.427,0.573,-1,2.5,0.486,3.0,down,3
2009-08-13,1,mild_pos,0.471,8,0.452,0.548,-1,5.0,0.486,3.0,down,2
2009-08-14,1,mild_pos,0.293,9,0.369,0.631,-1,4.0,0.486,3.0,down,1
2009-08-17,-1,mild_neg,-0.141,1,0.716,0.284,1,2.0,0.574,2.0,up,2
2009-08-18,-1,mild_neg,-0.04,2,0.754,0.246,1,2.0,0.574,2.0,up,1
2009-08-19,1,mild_pos,0.068,1,0.271,0.729,-1,3.0,0.474,3.0,down,9
2009-08-20,1,mild_pos,0.208,2,0.326,0.674,-1,3.0,0.474,3.0,down,8
2009-08-21,1,mild_pos,0.481,3,0.445,0.555,-1,2.0,0.474,3.0,down,7
2009-08-24,1,mild_pos,0.443,4,0.428,0.572,-1,3.0,0.474,3.0,down,6
2009-08-25,1,mild_pos,0.431,5,0.423,0.577,-1,3.0,0.474,3.0,down,5
2009-08-26,1,mild_pos,0.389,6,0.403,0.597,-1,2.0,0.474,3.0,down,4
2009-08-27,1,mild_pos,0.387,7,0.402,0.598,-1,2.0,0.474,3.0,down,3
2009-08-28,1,mild_pos,0.347,8,0.385,0.615,-1,5.0,0.474,3.0,down,2
2009-08-31,1,mild_pos,0.186,9,0.317,0.683,-1,4.0,0.474,3.0,down,1
2009-09-01,-1,mild_neg,-0.176,1,0.702,0.298,1,2.0,0.574,2.0,up,3
2009-09-02,-1,mild_neg,-0.234,2,0.678,0.322,1,2.0,0.574,2.0,up,2
2009-09-03,-1,mild_neg,-0.103,3,0.731,0.269,1,2.0,0.574,2.0,up,1
2009-09-04,1,mild_pos,0.119,1,0.284,0.716,-1,3.0,0.468,3.0,down,18
2009-09-08,1,mild_pos,0.242,2,0.334,0.666,-1,3.0,0.468,3.0,down,17
2009-09-09,1,mild_pos,0.334,3,0.373,0.627,-1,2.0,0.468,3.0,down,16
2009-09-10,1,mild_pos,0.465,4,0.433,0.567,-1,3.0,0.468,3.0,down,15
2009-09-11,1,mild_pos,0.436,5,0.42,0.58,-1,3.0,0.468,3.0,down,14
2009-09-14,1,mild_pos,0.478,6,0.439,0.561,-1,2.0,0.468,3.0,down,13
2009-09-15,1,mild_pos,0.487,7,0.443,0.557,-1,2.0,0.468,3.0,down,12
2009-09-16,1,mild_pos,0.66,8,0.525,0.475,2,5.0,0.468,3.0,down,11
2009-09-17,1,mild_pos,0.581,9,0.488,0.512,-1,4.0,0.468,3.0,down,10
2009-09-18,1,mild_pos,0.472,10,0.436,0.564,-1,3.0,0.468,3.0,down,9
2009-09-21,1,mild_pos,0.406,11,0.406,0.594,-1,2.5,0.468,3.0,down,8
2009-09-22,1,mild_pos,0.467,12,0.434,0.566,-1,1.5,0.468,3.0,down,7
2009-09-23,1,mild_pos,0.311,13,0.363,0.637,-1,1.0,0.468,3.0,down,6
2009-09-24,1,mild_pos,0.118,14,0.283,0.717,-1,1.0,0.468,3.0,down,5
2009-09-25,1,mild_pos,0.022,15,0.248,0.752,-1,1.0,0.468,3.0,down,4
2009-09-28,1,mild_pos,0.287,16,0.353,0.647,-1,1.0,0.468,3.0,down,3
2009-09-29,1,mild_pos,0.211,17,0.321,0.679,-1,1.0,0.468,3.0,down,2
2009-09-30,1,mild_pos,0.107,18,0.279,0.721,-1,1.0,0.468,3.0,down,1
2009-10-01,-1,mild_neg,-0.332,1,0.638,0.362,1,2.0,0.576,2.0,up,3
2009-10-02,-1,mild_neg,-0.427,2,0.594,0.406,1,2.0,0.576,2.0,up,2
2009-10-05,-1,mild_neg,-0.195,3,0.699,0.301,1,2.0,0.576,2.0,up,1
2009-10-06,1,mild_pos,0.021,1,0.217,0.783,-1,3.0,0.454,3.0,down,14
2009-10-07,1,mild_pos,0.05,2,0.228,0.772,-1,3.0,0.454,3.0,down,13
2009-10-08,1,mild_pos,0.161,3,0.273,0.727,-1,2.0,0.454,3.0,down,12
2009-10-09,1,mild_pos,0.243,4,0.309,0.691,-1,3.0,0.454,3.0,down,11
2009-10-12,1,mild_pos,0.294,5,0.333,0.667,-1,3.0,0.454,3.0,down,10
2009-10-13,1,mild_pos,0.251,6,0.313,0.687,-1,2.5,0.454,3.0,down,9
2009-10-14,1,mild_pos,0.545,7,0.46,0.54,-1,2.0,0.454,3.0,down,8
2009-10-15,1,mild_pos,0.616,8,0.499,0.501,-1,5.0,0.454,3.0,down,7
2009-10-16,1,mild_pos,0.463,9,0.417,0.583,-1,4.0,0.454,3.0,down,6
2009-10-19,1,mild_pos,0.59,10,0.485,0.515,-1,3.5,0.454,3.0,down,5
2009-10-20,1,mild_pos,0.489,11,0.431,0.569,-1,3.0,0.454,3.0,down,4
2009-10-21,1,mild_pos,0.3,12,0.336,0.664,-1,2.0,0.454,3.0,down,3
2009-10-22,1,mild_pos,0.468,13,0.42,0.58,-1,1.5,0.454,3.0,down,2
2009-10-23,1,mild_pos,0.203,14,0.291,0.709,-1,2.5,0.454,3.0,down,1
2009-10-26,-1,mild_neg,-0.026,1,0.773,0.227,1,2.0,0.582,2.0,up,10
2009-10-27,-1,mild_neg,-0.127,2,0.735,0.265,1,2.0,0.582,2.0,up,9
2009-10-28,-1,mild_neg,-0.526,3,0.552,0.448,1,2.0,0.582,2.0,up,8
2009-10-29,-1,mild_neg,-0.109,4,0.742,0.258,1,2.0,0.582,2.0,up,7
2009-10-30,-1,mild_neg,-0.788,5,0.419,0.581,-2,2.0,0.582,2.0,up,6
2009-11-02,-1,mild_neg,-0.624,6,0.502,0.498,1,1.0,0.582,2.0,up,5
2009-11-03,-1,mild_neg,-0.543,7,0.543,0.457,1,3.0,0.582,2.0,up,4
2009-11-04,-1,mild_neg,-0.475,8,0.577,0.423,1,2.0,0.582,2.0,up,3
2009-11-05,-1,mild_neg,-0.069,9,0.757,0.243,1,1.0,0.582,2.0,up,2
2009-11-06,-1,mild_neg,-0.009,10,0.779,0.221,1,9.0,0.582,2.0,up,1
2009-11-09,1,mild_pos,0.467,1,0.416,0.584,-1,3.0,0.45,3.0,down,20
2009-11-10,1,mild_pos,0.45,2,0.406,0.594,-1,3.0,0.45,3.0,down,19
2009-11-11,1,mild_pos,0.552,3,0.464,0.536,-1,2.0,0.45,3.0,down,18
2009-11-12,1,mild_pos,0.336,4,0.345,0.655,-1,3.0,0.45,3.0,down,17
2009-11-13,1,mild_pos,0.447,5,0.405,0.595,-1,3.0,0.45,3.0,down,16
2009-11-16,1,mild_pos,0.745,6,0.575,0.425,2,3.0,0.45,3.0,down,15
2009-11-17,1,mild_pos,0.754,7,0.58,0.42,2,2.5,0.45,3.0,down,14
2009-11-18,1,mild_pos,0.71,8,0.555,0.445,2,5.0,0.45,3.0,down,13
2009-11-19,1,mild_pos,0.42,9,0.39,0.61,-1,4.5,0.45,3.0,down,12
2009-11-20,1,mild_pos,0.33,10,0.342,0.658,-1,4.0,0.45,3.0,down,11
2009-11-23,1,mild_pos,0.572,11,0.476,0.524,-1,3.0,0.45,3.0,down,10
2009-11-24,1,mild_pos,0.568,12,0.473,0.527,-1,2.0,0.45,3.0,down,9
2009-11-25,1,mild_pos,0.6,13,0.492,0.508,-1,1.0,0.45,3.0,down,8
2009-11-27,1,mild_pos,0.183,14,0.27,0.73,-1,2.5,0.45,3.0,down,7
2009-11-30,1,mild_pos,0.194,15,0.275,0.725,-1,3.0,0.45,3.0,down,6
2009-12-01,1,mild_pos,0.419,16,0.389,0.611,-1,2.0,0.45,3.0,down,5
2009-12-02,1,mild_pos,0.334,17,0.344,0.656,-1,1.0,0.45,3.0,down,4
2009-12-03,1,mild_pos,0.079,18,0.225,0.775,-1,1.0,0.45,3.0,down,3
2009-12-04,1,mild_pos,0.174,19,0.266,0.734,-1,1.0,0.45,3.0,down,2
2009-12-07,1,mild_pos,0.094,20,0.232,0.768,-1,1.0,0.45,3.0,down,1
2009-12-08,-1,mild_neg,-0.188,1,0.731,0.269,1,2.0,0.602,2.0,up,2
2009-12-09,-1,mild_neg,-0.098,2,0.767,0.233,1,2.0,0.602,2.0,up,1
2009-12-10,1,mild_pos,0.038,1,0.183,0.817,-1,3.0,0.422,3.0,down,5
2009-12-11,1,mild_pos,0.121,2,0.215,0.785,-1,3.0,0.422,3.0,down,4
2009-12-14,1,mild_pos,0.267,3,0.28,0.72,-1,2.5,0.422,3.0,down,3
2009-12-15,1,mild_pos,0.149,4,0.226,0.774,-1,3.0,0.422,3.0,down,2
2009-12-16,1,mild_pos,0.185,5,0.242,0.758,-1,3.0,0.422,3.0,down,1
2009-12-17,-1,mild_neg,-0.108,1,0.764,0.236,1,2.0,0.604,2.0,up,2
2009-12-18,-1,mild_neg,-0.106,2,0.765,0.235,1,2.0,0.604,2.0,up,1
2009-12-21,1,mild_pos,0.129,1,0.218,0.782,-1,3.0,0.422,3.0,down,20
2009-12-22,1,mild_pos,0.21,2,0.253,0.747,-1,3.0,0.422,3.0,down,19
2009-12-23,1,mild_pos,0.248,3,0.271,0.729,-1,2.0,0.422,3.0,down,18
2009-12-24,1,mild_pos,0.355,4,0.324,0.676,-1,3.0,0.422,3.0,down,17
2009-12-28,1,mild_pos,0.373,5,0.334,0.666,-1,3.0,0.422,3.0,down,16
2009-12-29,1,mild_pos,0.308,6,0.3,0.7,-1,3.0,0.422,3.0,down,15
2009-12-30,1,mild_pos,0.285,7,0.289,0.711,-1,3.0,0.422,3.0,down,14
2009-12-31,1,mild_pos,0.038,8,0.183,0.817,-1,5.0,0.422,3.0,down,13
2010-01-04,1,mild_pos,0.431,9,0.366,0.634,-1,5.0,0.422,3.0,down,12
2010-01-05,1,mild_pos,0.468,10,0.387,0.613,-1,4.0,0.422,3.0,down,11
2010-01-06,1,mild_pos,0.453,11,0.378,0.622,-1,3.0,0.422,3.0,down,10
2010-01-07,1,mild_pos,0.508,12,0.41,0.59,-1,2.0,0.422,3.0,down,9
2010-01-08,1,mild_pos,0.541,13,0.429,0.571,-1,1.5,0.422,3.0,down,8
2010-01-11,1,mild_pos,0.531,14,0.424,0.576,-1,4.0,0.422,3.0,down,7
2010-01-12,1,mild_pos,0.266,15,0.279,0.721,-1,4.0,0.422,3.0,down,6
2010-01-13,1,mild_pos,0.448,16,0.375,0.625,-1,3.0,0.422,3.0,down,5
2010-01-14,1,mild_pos,0.476,17,0.391,0.609,-1,2.0,0.422,3.0,down,4
2010-01-15,1,mild_pos,0.166,18,0.233,0.767,-1,2.0,0.422,3.0,down,3
2010-01-19,1,mild_pos,0.427,19,0.364,0.636,-1,1.0,0.422,3.0,down,2
2010-01-20,1,mild_pos,0.126,20,0.217,0.783,-1,1.0,0.422,3.0,down,1
2010-01-21,-1,mild_neg,-0.385,1,0.643,0.357,1,2.0,0.604,2.0,down,6
2010-01-22,-1,mild_neg,-0.957,2,0.35,0.65,-2,2.0,0.604,2.0,down,5
2010-01-25,-1,mild_neg,-0.803,3,0.428,0.572,-2,2.0,0.604,2.0,down,4
2010-01-26,-1,mild_neg,-0.88,4,0.388,0.612,-2,2.0,0.604,2.0,down,3
2010-01-27,-1,mild_neg,-0.719,5,0.471,0.529,-2,2.0,0.604,2.0,down,2
2010-01-28,-1,mild_neg,-0.988,6,0.335,0.665,-2,4.0,0.604,2.0,down,1
2010-01-29,-2,negative,-1.227,1,0.749,0.251,-1,2.0,0.662,1.0,up,1
2010-02-01,-1,mild_neg,-0.773,1,0.426,0.574,-2,2.0,0.594,2.0,down,3
2010-02-02,-1,mild_neg,-0.411,2,0.625,0.375,1,2.0,0.594,2.0,down,2
2010-02-03,-1,mild_neg,-0.5,3,0.577,0.423,1,2.0,0.594,2.0,down,1
2010-02-04,-2,negative,-1.27,1,0.735,0.265,-1,2.0,0.664,1.0,up,3
2010-02-05,-2,negative,-1.119,2,0.788,0.212,-1,2.0,0.664,1.0,up,2
2010-02-08,-2,negative,-1.208,3,0.758,0.242,-1,2.0,0.664,1.0,up,1
2010-02-09,-1,mild_neg,-0.772,1,0.424,0.576,-2,2.0,0.594,2.0,up,4
2010-02-10,-1,mild_neg,-0.742,2,0.441,0.559,-2,2.0,0.594,2.0,up,3
2010-02-11,-1,mild_neg,-0.382,3,0.642,0.358,1,2.0,0.594,2.0,up,2
2010-02-12,-1,mild_neg,-0.32,4,0.674,0.326,1,2.0,0.594,2.0,up,1
2010-02-16,1,mild_pos,0.14,1,0.206,0.794,-1,3.0,0.416,3.0,up,13
2010-02-17,1,mild_pos,0.322,2,0.296,0.704,-1,3.0,0.416,3.0,up,12
2010-02-18,1,mild_pos,0.51,3,0.409,0.591,-1,2.0,0.416,3.0,up,11
2010-02-19,1,mild_pos,0.57,4,0.449,0.551,-1,3.0,0.416,3.0,up,10
2010-02-22,1,mild_pos,0.555,5,0.439,0.561,-1,3.5,0.416,3.0,up,9
2010-02-23,1,mild_pos,0.236,6,0.25,0.75,-1,3.0,0.416,3.0,up,8
2010-02-24,1,mild_pos,0.463,7,0.38,0.62,-1,4.0,0.416,3.0,up,7
2010-02-25,1,mild_pos,0.421,8,0.354,0.646,-1,5.0,0.416,3.0,up,6
2010-02-26,1,mild_pos,0.42,9,0.353,0.647,-1,5.0,0.416,3.0,up,5
2010-03-01,1,mild_pos,0.65,10,0.502,0.498,2,4.0,0.416,3.0,up,4
2010-03-02,1,mild_pos,0.693,11,0.53,0.47,2,3.0,0.416,3.0,up,3
2010-03-03,1,mild_pos,0.701,12,0.536,0.464,2,2.0,0.416,3.0,up,2
2010-03-04,1,mild_pos,0.763,13,0.576,0.424,2,2.0,0.416,3.0,up,1
2010-03-05,2,positive,1.103,1,0.02,0.98,1,3.0,0.075,2.0,down,6
2010-03-08,2,positive,1.049,2,0.02,0.98,1,3.0,0.075,2.0,down,5
2010-03-09,2,positive,1.007,3,0.02,0.98,1,2.0,0.075,2.0,down,4
2010-03-10,2,positive,1.088,4,0.02,0.98,1,2.0,0.075,2.0,down,3
2010-03-11,2,positive,1.151,5,0.022,0.978,1,2.0,0.075,2.0,down,2
2010-03-12,2,positive,1.094,6,0.02,0.98,1,4.0,0.075,2.0,down,1
2010-03-15,1,mild_pos,0.995,1,0.711,0.289,2,3.0,0.426,3.0,up,1
2010-03-16,2,positive,1.185,1,0.026,0.974,1,3.0,0.073,2.0,down,3
2010-03-17,2,positive,1.29,2,0.042,0.958,1,3.0,0.073,2.0,down,2
2010-03-18,2,positive,1.171,3,0.024,0.976,1,2.0,0.073,2.0,down,1
2010-03-19,1,mild_pos,0.755,1,0.579,0.421,2,3.0,0.428,3.0,up,2
2010-03-22,1,mild_pos,0.867,2,0.646,0.354,2,3.0,0.428,3.0,up,1
2010-03-23,2,positive,1.012,1,0.02,0.98,1,3.0,0.073,2.0,down,1
2010-03-24,1,mild_pos,0.736,1,0.576,0.424,2,3.0,0.432,3.0,up,14
2010-03-25,1,mild_pos,0.576,2,0.473,0.527,-1,3.0,0.432,3.0,up,13
2010-03-26,1,mild_pos,0.465,3,0.403,0.597,-1,3.0,0.432,3.0,up,12
2010-03-29,1,mild_pos,0.625,4,0.505,0.495,2,3.0,0.432,3.0,up,11
2010-03-30,1,mild_pos,0.572,5,0.47,0.53,-1,4.0,0.432,3.0,up,10
2010-03-31,1,mild_pos,0.363,6,0.341,0.659,-1,3.0,0.432,3.0,up,9
2010-04-01,1,mild_pos,0.555,7,0.46,0.54,-1,5.0,0.432,3.0,up,8
2010-04-05,1,mild_pos,0.808,8,0.621,0.379,2,5.0,0.432,3.0,up,7
2010-04-06,1,mild_pos,0.823,9,0.63,0.37,2,5.0,0.432,3.0,up,6
2010-04-07,1,mild_pos,0.522,10,0.438,0.562,-1,4.0,0.432,3.0,up,5
2010-04-08,1,mild_pos,0.604,11,0.491,0.509,-1,3.0,0.432,3.0,up,4
2010-04-09,1,mild_pos,0.811,12,0.623,0.377,2,2.0,0.432,3.0,up,3
2010-04-12,1,mild_pos,0.806,13,0.619,0.381,2,2.0,0.432,3.0,up,2
2010-04-13,1,mild_pos,0.76,14,0.591,0.409,2,5.0,0.432,3.0,up,1
2010-04-14,2,positive,1.148,1,0.021,0.979,1,3.0,0.073,2.0,down,2
2010-04-15,2,positive,1.116,2,0.02,0.98,1,3.0,0.073,2.0,down,1
2010-04-16,1,mild_pos,0.396,1,0.379,0.621,-1,3.0,0.454,3.0,down,7
2010-04-19,1,mild_pos,0.489,2,0.437,0.563,-1,3.0,0.454,3.0,down,6
2010-04-20,1,mild_pos,0.794,3,0.632,0.368,2,3.0,0.454,3.0,down,5
2010-04-21,1,mild_pos,0.66,4,0.548,0.452,2,3.0,0.454,3.0,down,4
2010-04-22,1,mild_pos,0.717,5,0.584,0.416,2,4.0,0.454,3.0,down,3
2010-04-23,1,mild_pos,0.904,6,0.696,0.304,2,3.5,0.454,3.0,down,2
2010-04-26,1,mild_pos,0.654,7,0.545,0.455,2,6.0,0.454,3.0,down,1
2010-04-27,-1,mild_neg,-0.417,1,0.632,0.368,1,2.0,0.602,2.0,up,2
2010-04-28,-1,mild_neg,-0.119,2,0.772,0.228,1,2.0,0.602,2.0,up,1
2010-04-29,1,mild_pos,0.351,1,0.349,0.651,-1,3.0,0.448,3.0,down,1
2010-04-30,-1,mild_neg,-0.421,1,0.633,0.367,1,2.0,0.606,2.0,up,1
2010-05-03,1,mild_pos,0.118,1,0.232,0.768,-1,3.0,0.446,3.0,down,1
2010-05-04,-1,mild_neg,-0.906,1,0.368,0.632,-2,2.0,0.608,2.0,down,1
2010-05-05,-2,negative,-1.14,1,0.786,0.214,-1,2.0,0.668,1.0,down,1
2010-05-06,-3,ext_neg,-2.52,1,0.98,0.02,-2,2.0,0.98,1.0,up,2
2010-05-07,-3,ext_neg,-2.996,2,0.98,0.02,-2,3.0,0.98,1.0,up,1
2010-05-10,-2,negative,-1.028,1,0.815,0.185,-1,2.0,0.665,1.0,up,2
2010-05-11,-2,negative,-1.083,2,0.799,0.201,-1,2.0,0.665,1.0,up,1
2010-05-12,-1,mild_neg,-0.417,1,0.638,0.362,1,2.0,0.608,2.0,down,2
2010-05-13,-1,mild_neg,-0.865,2,0.389,0.611,-2,2.0,0.608,2.0,down,1
2010-05-14,-2,negative,-1.56,1,0.612,0.388,-1,2.0,0.668,1.0,down,4
2010-05-17,-2,negative,-1.421,2,0.675,0.325,-1,2.0,0.668,1.0,down,3
2010-05-18,-2,negative,-1.847,3,0.472,0.528,-3,2.0,0.668,1.0,down,2
2010-05-19,-2,negative,-1.911,4,0.441,0.559,-3,1.0,0.668,1.0,down,1
2010-05-20,-3,ext_neg,-3.268,1,0.98,0.02,-2,2.0,0.98,1.0,up,5
2010-05-21,-3,ext_neg,-2.371,2,0.98,0.02,-2,3.0,0.98,1.0,up,4
2010-05-24,-3,ext_neg,-2.624,3,0.98,0.02,-2,3.0,0.98,1.0,up,3
2010-05-25,-3,ext_neg,-2.354,4,0.98,0.02,-2,2.0,0.98,1.0,up,2
2010-05-26,-3,ext_neg,-2.351,5,0.98,0.02,-2,1.5,0.98,1.0,up,1
2010-05-27,-1,mild_neg,-0.861,1,0.391,0.609,-2,2.0,0.608,2.0,down,1
2010-05-28,-2,negative,-1.187,1,0.764,0.236,-1,2.0,0.657,1.0,up,2
2010-06-01,-2,negative,-1.62,2,0.57,0.43,-1,2.0,0.657,1.0,up,1
2010-06-02,-1,mild_neg,-0.498,1,0.594,0.406,1,2.0,0.608,2.0,down,2
2010-06-03,-1,mild_neg,-0.263,2,0.714,0.286,1,2.0,0.608,2.0,down,1
2010-06-04,-2,negative,-1.533,1,0.616,0.384,-1,2.0,0.66,1.0,up,4
2010-06-07,-2,negative,-1.911,2,0.423,0.577,-3,2.0,0.66,1.0,up,3
2010-06-08,-2,negative,-1.324,3,0.712,0.288,-1,1.5,0.66,1.0,up,2
2010-06-09,-2,negative,-1.356,4,0.699,0.301,-1,1.0,0.66,1.0,up,1
2010-06-10,-1,mild_neg,-0.122,1,0.779,0.221,1,2.0,0.608,2.0,up,1
2010-06-11,1,mild_pos,0.165,1,0.25,0.75,-1,3.0,0.446,3.0,up,2
2010-06-14,1,mild_pos,0.182,2,0.258,0.742,-1,3.0,0.446,3.0,up,1
2010-06-15,2,positive,1.04,1,0.02,0.98,1,3.0,0.072,2.0,down,3
2010-06-16,2,positive,1.034,2,0.02,0.98,1,3.0,0.072,2.0,down,2
2010-06-17,2,positive,1.086,3,0.02,0.98,1,2.0,0.072,2.0,down,1
2010-06-18,1,mild_pos,0.882,1,0.669,0.331,2,3.0,0.45,3.0,down,3
2010-06-21,1,mild_pos,0.74,2,0.587,0.413,2,3.0,0.45,3.0,down,2
2010-06-22,1,mild_pos,0.095,3,0.225,0.775,-1,3.0,0.45,3.0,down,1
2010-06-23,-1,mild_neg,-0.045,1,0.812,0.188,1,2.0,0.61,2.0,down,4
2010-06-24,-1,mild_neg,-0.678,2,0.492,0.508,-2,2.0,0.61,2.0,down,3
2010-06-25,-1,mild_neg,-0.472,3,0.612,0.388,1,2.0,0.61,2.0,down,2
2010-06-28,-1,mild_neg,-0.562,4,0.56,0.44,1,2.0,0.61,2.0,down,1
2010-06-29,-2,negative,-1.713,1,0.535,0.465,-1,2.0,0.665,1.0,down,3
2010-06-30,-2,negative,-1.943,2,0.42,0.58,-3,2.0,0.665,1.0,down,2
2010-07-01,-2,negative,-1.958,3,0.412,0.588,-3,1.0,0.665,1.0,down,1
2010-07-02,-3,ext_neg,-2.067,1,0.98,0.02,-2,2.0,0.98,1.5,up,1
2010-07-06,-2,negative,-1.757,1,0.498,0.502,-3,2.0,0.658,1.0,up,1
2010-07-07,-1,mild_neg,-0.587,1,0.545,0.455,1,2.0,0.61,2.0,up,2
2010-07-08,-1,mild_neg,-0.246,2,0.728,0.272,1,2.0,0.61,2.0,up,1
2010-07-09,1,mild_pos,0.045,1,0.209,0.791,-1,3.0,0.45,3.0,down,5
2010-07-12,1,mild_pos,0.097,2,0.23,0.77,-1,3.0,0.45,3.0,down,4
2010-07-13,1,mild_pos,0.64,3,0.524,0.476,2,3.0,0.45,3.0,down,3
2010-07-14,1,mild_pos,0.679,4,0.547,0.453,2,3.5,0.45,3.0,down,2
2010-07-15,1,mild_pos,0.73,5,0.577,0.423,2,4.0,0.45,3.0,down,1
2010-07-16,-1,mild_neg,-0.204,1,0.748,0.252,1,2.0,0.614,2.0,up,1
2010-07-19,1,mild_pos,0.092,1,0.227,0.773,-1,3.0,0.45,3.0,up,4
2010-07-20,1,mild_pos,0.548,2,0.469,0.531,-1,3.0,0.45,3.0,up,3
2010-07-21,1,mild_pos,0.11,3,0.235,0.765,-1,3.0,0.45,3.0,up,2
2010-07-22,1,mild_pos,0.916,4,0.683,0.317,2,3.0,0.45,3.0,up,1
2010-07-23,2,positive,1.181,1,0.024,0.976,1,2.5,0.071,2.0,down,4
2010-07-26,2,positive,1.493,2,0.106,0.894,1,3.0,0.071,2.0,down,3
2010-07-27,2,positive,1.423,3,0.078,0.922,1,2.0,0.071,2.0,down,2
2010-07-28,2,positive,1.085,4,0.02,0.98,1,2.0,0.071,2.0,down,1
2010-07-29,1,mild_pos,0.792,1,0.617,0.383,2,3.0,0.452,3.0,up,2
2010-07-30,1,mild_pos,0.662,2,0.541,0.459,2,3.0,0.452,3.0,up,1
2010-08-02,2,positive,1.317,1,0.046,0.954,1,3.0,0.071,2.0,down,1
2010-08-03,1,mild_pos,0.983,1,0.725,0.275,2,3.0,0.456,3.0,up,1
2010-08-04,2,positive,1.121,1,0.02,0.98,1,3.0,0.07,2.0,down,1
2010-08-05,1,mild_pos,0.988,1,0.731,0.269,2,3.0,0.458,3.0,down,4
2010-08-06,1,mild_pos,0.763,2,0.609,0.391,2,3.0,0.458,3.0,down,3
2010-08-09,1,mild_pos,0.887,3,0.679,0.321,2,3.0,0.458,3.0,down,2
2010-08-10,1,mild_pos,0.633,4,0.531,0.469,2,3.0,0.458,3.0,down,1
2010-08-11,-1,mild_neg,-0.463,1,0.621,0.379,1,2.0,0.616,2.0,down,6
2010-08-12,-1,mild_neg,-0.694,2,0.489,0.511,-2,2.0,0.616,2.0,down,5
2010-08-13,-1,mild_neg,-0.846,3,0.402,0.598,-2,2.0,0.616,2.0,down,4
2010-08-16,-1,mild_neg,-0.882,4,0.383,0.617,-2,2.0,0.616,2.0,down,3
2010-08-17,-1,mild_neg,-0.407,5,0.651,0.349,1,1.5,0.616,2.0,down,2
2010-08-18,-1,mild_neg,-0.383,6,0.664,0.336,1,2.5,0.616,2.0,down,1
2010-08-19,-2,negative,-1.067,1,0.813,0.187,-1,2.0,0.659,1.0,up,6
2010-08-20,-2,negative,-1.144,2,0.787,0.213,-1,2.0,0.659,1.0,up,5
2010-08-23,-2,negative,-1.214,3,0.761,0.239,-1,1.0,0.659,1.0,up,4
2010-08-24,-2,negative,-1.707,4,0.529,0.471,-1,1.0,0.659,1.0,up,3
2010-08-25,-2,negative,-1.45,5,0.659,0.341,-1,2.0,0.659,1.0,up,2
2010-08-26,-2,negative,-1.624,6,0.572,0.428,-1,1.0,0.659,1.0,up,1
2010-08-27,-1,mild_neg,-0.94,1,0.344,0.656,-2,2.0,0.614,2.0,down,1
2010-08-30,-2,negative,-1.388,1,0.695,0.305,-1,2.0,0.667,1.0,up,2
2010-08-31,-2,negative,-1.257,2,0.751,0.249,-1,2.0,0.667,1.0,up,1
2010-09-01,-1,mild_neg,-0.008,1,0.831,0.169,1,2.0,0.614,2.0,up,1
2010-09-02,1,mild_pos,0.412,1,0.397,0.603,-1,3.0,0.458,3.0,up,4
2010-09-03,1,mild_pos,0.932,2,0.689,0.311,2,3.0,0.458,3.0,up,3
2010-09-07,1,mild_pos,0.558,3,0.481,0.519,-1,3.0,0.458,3.0,up,2
2010-09-08,1,mild_pos,0.86,4,0.652,0.348,2,3.0,0.458,3.0,up,1
2010-09-09,2,positive,1.006,1,0.02,0.98,1,3.0,0.07,2.0,down,10
2010-09-10,2,positive,1.144,2,0.02,0.98,1,3.0,0.07,2.0,down,9
2010-09-13,2,positive,1.477,3,0.098,0.902,1,2.0,0.07,2.0,down,8
2010-09-14,2,positive,1.376,4,0.061,0.939,1,2.0,0.07,2.0,down,7
2010-09-15,2,positive,1.455,5,0.088,0.912,1,2.0,0.07,2.0,down,6
2010-09-16,2,positive,1.388,6,0.065,0.935,1,4.0,0.07,2.0,down,5
2010-09-17,2,positive,1.124,7,0.02,0.98,1,3.5,0.07,2.0,down,4
2010-09-20,2,positive,1.571,8,0.148,0.852,1,3.0,0.07,2.0,down,3
2010-09-21,2,positive,1.382,9,0.063,0.937,1,2.0,0.07,2.0,down,2
2010-09-22,2,positive,1.067,10,0.02,0.98,1,3.0,0.07,2.0,down,1
2010-09-23,1,mild_pos,0.65,1,0.534,0.466,2,3.0,0.458,3.0,up,1
2010-09-24,2,positive,1.253,1,0.032,0.968,1,3.0,0.068,2.0,down,1
2010-09-27,1,mild_pos,0.949,1,0.703,0.297,2,3.0,0.46,3.0,up,12
2010-09-28,1,mild_pos,0.923,2,0.69,0.31,2,3.0,0.46,3.0,up,11
2010-09-29,1,mild_pos,0.702,3,0.569,0.431,2,3.0,0.46,3.0,up,10
2010-09-30,1,mild_pos,0.494,4,0.446,0.554,-1,3.0,0.46,3.0,up,9
2010-10-01,1,mild_pos,0.567,5,0.489,0.511,-1,3.5,0.46,3.0,up,8
2010-10-04,1,mild_pos,0.232,6,0.302,0.698,-1,3.0,0.46,3.0,up,7
2010-10-05,1,mild_pos,0.88,7,0.668,0.332,2,6.0,0.46,3.0,up,6
2010-10-06,1,mild_pos,0.784,8,0.615,0.385,2,6.0,0.46,3.0,up,5
2010-10-07,1,mild_pos,0.657,9,0.542,0.458,2,5.0,0.46,3.0,up,4
2010-10-08,1,mild_pos,0.784,10,0.616,0.384,2,4.0,0.46,3.0,up,3
2010-10-11,1,mild_pos,0.755,11,0.599,0.401,2,3.0,0.46,3.0,up,2
2010-10-12,1,mild_pos,0.798,12,0.623,0.377,2,2.0,0.46,3.0,up,1
2010-10-13,2,positive,1.008,1,0.02,0.98,1,3.0,0.068,2.0,down,1
2010-10-14,1,mild_pos,0.789,1,0.655,0.345,2,3.0,0.478,3.0,up,15
2010-10-15,1,mild_pos,0.781,2,0.65,0.35,2,3.0,0.478,3.0,up,14
2010-10-18,1,mild_pos,0.898,3,0.718,0.282,2,3.0,0.478,3.0,up,13
2010-10-19,1,mild_pos,0.357,4,0.372,0.628,-1,3.0,0.478,3.0,up,12
2010-10-20,1,mild_pos,0.654,5,0.569,0.431,2,4.0,0.478,3.0,up,11
2010-10-21,1,mild_pos,0.646,6,0.563,0.437,2,3.0,0.478,3.0,up,10
2010-10-22,1,mild_pos,0.66,7,0.573,0.427,2,5.5,0.478,3.0,up,9
2010-10-25,1,mild_pos,0.7,8,0.599,0.401,2,5.5,0.478,3.0,up,8
2010-10-26,1,mild_pos,0.641,9,0.56,0.44,2,5.0,0.478,3.0,up,7
2010-10-27,1,mild_pos,0.469,10,0.444,0.556,-1,4.0,0.478,3.0,up,6
2010-10-28,1,mild_pos,0.405,11,0.403,0.597,-1,3.0,0.478,3.0,up,5
2010-10-29,1,mild_pos,0.371,12,0.38,0.62,-1,2.0,0.478,3.0,up,4
2010-11-01,1,mild_pos,0.306,13,0.34,0.66,-1,1.5,0.478,3.0,up,3
2010-11-02,1,mild_pos,0.553,14,0.501,0.499,2,5.0,0.478,3.0,up,2
2010-11-03,1,mild_pos,0.642,15,0.561,0.439,2,5.0,0.478,3.0,up,1
2010-11-04,2,positive,1.263,1,0.034,0.966,1,3.0,0.068,2.0,down,3
2010-11-05,2,positive,1.306,2,0.042,0.958,1,3.0,0.068,2.0,down,2
2010-11-08,2,positive,1.144,3,0.02,0.98,1,2.0,0.068,2.0,down,1
2010-11-09,1,mild_pos,0.799,1,0.678,0.322,2,3.0,0.502,3.0,down,5
2010-11-10,1,mild_pos,0.884,2,0.725,0.275,2,3.0,0.502,3.0,down,4
2010-11-11,1,mild_pos,0.674,3,0.602,0.398,2,3.0,0.502,3.0,down,3
2010-11-12,1,mild_pos,0.177,4,0.29,0.71,-1,3.5,0.502,3.0,down,2
2010-11-15,1,mild_pos,0.094,5,0.247,0.753,-1,4.0,0.502,3.0,down,1
2010-11-16,-1,mild_neg,-0.543,1,0.577,0.423,1,2.0,0.616,2.0,up,2
2010-11-17,-1,mild_neg,-0.528,2,0.585,0.415,1,2.0,0.616,2.0,up,1
2010-11-18,1,mild_pos,0.013,1,0.202,0.798,-1,3.0,0.492,3.0,down,3
2010-11-19,1,mild_pos,0.089,2,0.236,0.764,-1,3.0,0.492,3.0,down,2
2010-11-22,1,mild_pos,0.032,3,0.21,0.79,-1,3.0,0.492,3.0,down,1
2010-11-23,-1,mild_neg,-0.538,1,0.584,0.416,1,2.0,0.62,2.0,up,1
2010-11-24,1,mild_pos,0.01,1,0.192,0.808,-1,3.0,0.486,3.0,down,1
2010-11-26,-1,mild_neg,-0.458,1,0.633,0.367,1,2.0,0.622,2.0,up,3
2010-11-29,-1,mild_neg,-0.349,2,0.691,0.309,1,2.0,0.622,2.0,up,2
2010-11-30,-1,mild_neg,-0.572,3,0.566,0.434,1,2.0,0.622,2.0,up,1
2010-12-01,1,mild_pos,0.232,1,0.299,0.701,-1,3.0,0.484,3.0,up,7
2010-12-02,1,mild_pos,0.683,2,0.594,0.406,2,3.0,0.484,3.0,up,6
2010-12-03,1,mild_pos,0.776,3,0.653,0.347,2,3.0,0.484,3.0,up,5
2010-12-06,1,mild_pos,0.735,4,0.627,0.373,2,3.0,0.484,3.0,up,4
2010-12-07,1,mild_pos,0.751,5,0.637,0.363,2,4.0,0.484,3.0,up,3
2010-12-08,1,mild_pos,0.863,6,0.705,0.295,2,3.5,0.484,3.0,up,2
2010-12-09,1,mild_pos,0.984,7,0.769,0.231,2,6.0,0.484,3.0,up,1
2010-12-10,2,positive,1.158,1,0.02,0.98,1,3.0,0.067,2.0,down,3
2010-12-13,2,positive,1.112,2,0.02,0.98,1,3.0,0.067,2.0,down,2
2010-12-14,2,positive,1.071,3,0.02,0.98,1,2.0,0.067,2.0,down,1
2010-12-15,1,mild_pos,0.804,1,0.673,0.327,2,3.0,0.49,3.0,down,30
2010-12-16,1,mild_pos,0.919,2,0.738,0.262,2,3.0,0.49,3.0,down,29
2010-12-17,1,mild_pos,0.693,3,0.603,0.397,2,3.0,0.49,3.0,down,28
2010-12-20,1,mild_pos,0.717,4,0.619,0.381,2,3.0,0.49,3.0,down,27
2010-12-21,1,mild_pos,0.875,5,0.714,0.286,2,4.0,0.49,3.0,down,26
2010-12-22,1,mild_pos,0.879,6,0.716,0.284,2,3.0,0.49,3.0,down,25
2010-12-23,1,mild_pos,0.741,7,0.635,0.365,2,6.0,0.49,3.0,down,24
2010-12-27,1,mild_pos,0.651,8,0.576,0.424,2,6.0,0.49,3.0,down,23
2010-12-28,1,mild_pos,0.602,9,0.544,0.456,2,5.0,0.49,3.0,down,22
2010-12-29,1,mild_pos,0.515,10,0.485,0.515,-1,4.0,0.49,3.0,down,21
2010-12-30,1,mild_pos,0.383,11,0.396,0.604,-1,3.0,0.49,3.0,down,20
2010-12-31,1,mild_pos,0.343,12,0.37,0.63,-1,2.0,0.49,3.0,down,19
2011-01-03,1,mild_pos,0.671,13,0.589,0.411,2,2.0,0.49,3.0,down,18
2011-01-04,1,mild_pos,0.586,14,0.532,0.468,2,4.0,0.49,3.0,down,17
2011-01-05,1,mild_pos,0.709,15,0.614,0.386,2,5.0,0.49,3.0,down,16
2011-01-06,1,mild_pos,0.573,16,0.524,0.476,2,4.0,0.49,3.0,down,15
2011-01-07,1,mild_pos,0.447,17,0.438,0.562,-1,3.0,0.49,3.0,down,14
2011-01-10,1,mild_pos,0.361,18,0.382,0.618,-1,2.0,0.49,3.0,down,13
2011-01-11,1,mild_pos,0.453,19,0.442,0.558,-1,1.0,0.49,3.0,down,12
2011-01-12,1,mild_pos,0.736,20,0.631,0.369,2,1.0,0.49,3.0,down,11
2011-01-13,1,mild_pos,0.61,21,0.549,0.451,2,1.0,0.49,3.0,down,10
2011-01-14,1,mild_pos,0.816,22,0.68,0.32,2,1.0,0.49,3.0,down,9
2011-01-18,1,mild_pos,0.802,23,0.672,0.328,2,1.0,0.49,3.0,down,8
2011-01-19,1,mild_pos,0.373,24,0.39,0.61,-1,1.0,0.49,3.0,down,7
2011-01-20,1,mild_pos,0.281,25,0.332,0.668,-1,1.0,0.49,3.0,down,6
2011-01-21,1,mild_pos,0.329,26,0.362,0.638,-1,1.0,0.49,3.0,down,5
2011-01-24,1,mild_pos,0.493,27,0.47,0.53,-1,1.0,0.49,3.0,down,4
2011-01-25,1,mild_pos,0.462,28,0.448,0.552,-1,1.0,0.49,3.0,down,3
2011-01-26,1,mild_pos,0.555,29,0.511,0.489,2,1.0,0.49,3.0,down,2
2011-01-27,1,mild_pos,0.59,30,0.535,0.465,2,1.0,0.49,3.0,down,1
2011-01-28,-1,mild_neg,-0.124,1,0.798,0.202,1,2.0,0.627,2.0,up,1
2011-01-31,1,mild_pos,0.125,1,0.214,0.786,-1,3.0,0.43,3.0,down,16
2011-02-01,1,mild_pos,0.69,2,0.529,0.471,2,3.0,0.43,3.0,down,15
2011-02-02,1,mild_pos,0.567,3,0.452,0.548,-1,3.0,0.43,3.0,down,14
2011-02-03,1,mild_pos,0.608,4,0.477,0.523,-1,3.0,0.43,3.0,down,13
2011-02-04,1,mild_pos,0.663,5,0.511,0.489,2,4.0,0.43,3.0,down,12
2011-02-07,1,mild_pos,0.835,6,0.617,0.383,2,3.5,0.43,3.0,down,11
2011-02-08,1,mild_pos,0.935,7,0.675,0.325,2,6.0,0.43,3.0,down,10
2011-02-09,1,mild_pos,0.777,8,0.582,0.418,2,6.0,0.43,3.0,down,9
2011-02-10,1,mild_pos,0.741,9,0.56,0.44,2,5.0,0.43,3.0,down,8
2011-02-11,1,mild_pos,0.91,10,0.661,0.339,2,4.0,0.43,3.0,down,7
2011-02-14,1,mild_pos,0.946,11,0.68,0.32,2,3.0,0.43,3.0,down,6
2011-02-15,1,mild_pos,0.765,12,0.575,0.425,2,2.0,0.43,3.0,down,5
2011-02-16,1,mild_pos,0.933,13,0.674,0.326,2,2.0,0.43,3.0,down,4
2011-02-17,1,mild_pos,0.958,14,0.687,0.313,2,5.0,0.43,3.0,down,3
2011-02-18,1,mild_pos,0.947,15,0.681,0.319,2,5.0,0.43,3.0,down,2
2011-02-22,1,mild_pos,0.079,16,0.195,0.805,-1,4.0,0.43,3.0,down,1
2011-02-23,-1,mild_neg,-0.204,1,0.768,0.232,1,2.0,0.629,2.0,up,2
2011-02-24,-1,mild_neg,-0.253,2,0.746,0.254,1,2.0,0.629,2.0,up,1
2011-02-25,1,mild_pos,0.15,1,0.221,0.779,-1,3.0,0.406,3.0,down,2
2011-02-28,1,mild_pos,0.319,2,0.294,0.706,-1,3.0,0.406,3.0,down,1
2011-03-01,-1,mild_neg,-0.41,1,0.668,0.332,1,2.0,0.631,2.0,up,2
2011-03-02,-1,mild_neg,-0.329,2,0.711,0.289,1,2.0,0.631,2.0,up,1
2011-03-03,1,mild_pos,0.329,1,0.292,0.708,-1,3.0,0.404,3.0,down,1
2011-03-04,-1,mild_neg,-0.006,1,0.847,0.153,1,2.0,0.635,2.0,up,2
2011-03-07,-1,mild_neg,-0.338,2,0.711,0.289,1,2.0,0.635,2.0,up,1
2011-03-08,1,mild_pos,0.014,1,0.163,0.837,-1,3.0,0.402,3.0,down,1
2011-03-09,-1,mild_neg,-0.043,1,0.84,0.16,1,2.0,0.637,2.0,down,4
2011-03-10,-1,mild_neg,-0.788,2,0.446,0.554,-2,2.0,0.637,2.0,down,3
2011-03-11,-1,mild_neg,-0.475,3,0.639,0.361,1,2.0,0.637,2.0,down,2
2011-03-14,-1,mild_neg,-0.682,4,0.513,0.487,1,2.0,0.637,2.0,down,1
2011-03-15,-2,negative,-1.092,1,0.813,0.187,-1,2.0,0.669,1.0,up,4
2011-03-16,-2,negative,-1.773,2,0.503,0.497,-1,2.0,0.669,1.0,up,3
2011-03-17,-2,negative,-1.112,3,0.806,0.194,-1,1.5,0.669,1.0,up,2
2011-03-18,-2,negative,-1.036,4,0.83,0.17,-1,1.5,0.669,1.0,up,1
2011-03-21,-1,mild_neg,-0.316,1,0.724,0.276,1,2.0,0.637,2.0,up,3
2011-03-22,-1,mild_neg,-0.421,2,0.669,0.331,1,2.0,0.637,2.0,up,2
2011-03-23,-1,mild_neg,-0.28,3,0.741,0.259,1,2.0,0.637,2.0,up,1
2011-03-24,1,mild_pos,0.115,1,0.198,0.802,-1,3.0,0.4,3.0,down,14
2011-03-25,1,mild_pos,0.258,2,0.257,0.743,-1,3.0,0.4,3.0,down,13
2011-03-28,1,mild_pos,0.192,3,0.228,0.772,-1,3.0,0.4,3.0,down,12
2011-03-29,1,mild_pos,0.453,4,0.354,0.646,-1,3.0,0.4,3.0,down,11
2011-03-30,1,mild_pos,0.71,5,0.501,0.499,2,4.0,0.4,3.0,down,10
2011-03-31,1,mild_pos,0.668,6,0.477,0.523,-1,3.5,0.4,3.0,down,9
2011-04-01,1,mild_pos,0.829,7,0.571,0.429,2,6.0,0.4,3.0,down,8
2011-04-04,1,mild_pos,0.834,8,0.574,0.426,2,6.0,0.4,3.0,down,7
2011-04-05,1,mild_pos,0.817,9,0.564,0.436,2,5.0,0.4,3.0,down,6
2011-04-06,1,mild_pos,0.925,10,0.625,0.375,2,4.5,0.4,3.0,down,5
2011-04-07,1,mild_pos,0.769,11,0.536,0.464,2,3.5,0.4,3.0,down,4
2011-04-08,1,mild_pos,0.596,12,0.435,0.565,-1,3.0,0.4,3.0,down,3
2011-04-11,1,mild_pos,0.435,13,0.344,0.656,-1,2.5,0.4,3.0,down,2
2011-04-12,1,mild_pos,0.081,14,0.185,0.815,-1,4.0,0.4,3.0,down,1
2011-04-13,-1,mild_neg,-0.006,1,0.852,0.148,1,2.0,0.643,2.0,up,2
2011-04-14,-1,mild_neg,-0.033,2,0.844,0.156,1,2.0,0.643,2.0,up,1
2011-04-15,1,mild_pos,0.051,1,0.177,0.823,-1,3.0,0.386,3.0,down,1
2011-04-18,-1,mild_neg,-0.434,1,0.67,0.33,1,2.0,0.647,2.0,up,2
2011-04-19,-1,mild_neg,-0.225,2,0.772,0.228,1,2.0,0.647,2.0,up,1
2011-04-20,1,mild_pos,0.284,1,0.264,0.736,-1,3.0,0.386,3.0,down,16
2011-04-21,1,mild_pos,0.45,2,0.342,0.658,-1,3.0,0.386,3.0,down,15
2011-04-25,1,mild_pos,0.37,3,0.303,0.697,-1,3.0,0.386,3.0,down,14
2011-04-26,1,mild_pos,0.664,4,0.455,0.545,-1,3.0,0.386,3.0,down,13
2011-04-27,1,mild_pos,0.872,5,0.57,0.43,2,4.0,0.386,3.0,down,12
2011-04-28,1,mild_pos,0.952,6,0.613,0.387,2,4.0,0.386,3.0,down,11
2011-04-29,1,mild_pos,0.988,7,0.632,0.368,2,6.0,0.386,3.0,down,10
2011-05-02,1,mild_pos,0.877,8,0.573,0.427,2,6.0,0.386,3.0,down,9
2011-05-03,1,mild_pos,0.692,9,0.471,0.529,-1,5.0,0.386,3.0,down,8
2011-05-04,1,mild_pos,0.395,10,0.315,0.685,-1,4.0,0.386,3.0,down,7
2011-05-05,1,mild_pos,0.019,11,0.167,0.833,-1,3.0,0.386,3.0,down,6
2011-05-06,1,mild_pos,0.189,12,0.225,0.775,-1,2.5,0.386,3.0,down,5
2011-05-09,1,mild_pos,0.321,13,0.281,0.719,-1,2.0,0.386,3.0,down,4
2011-05-10,1,mild_pos,0.628,14,0.436,0.564,-1,4.0,0.386,3.0,down,3
2011-05-11,1,mild_pos,0.14,15,0.207,0.793,-1,5.0,0.386,3.0,down,2
2011-05-12,1,mild_pos,0.288,16,0.266,0.734,-1,4.0,0.386,3.0,down,1
2011-05-13,-1,mild_neg,-0.087,1,0.829,0.171,1,2.0,0.649,2.0,up,11
2011-05-16,-1,mild_neg,-0.384,2,0.698,0.302,1,2.0,0.649,2.0,up,10
2011-05-17,-1,mild_neg,-0.434,3,0.672,0.328,1,2.0,0.649,2.0,up,9
2011-05-18,-1,mild_neg,-0.094,4,0.826,0.174,1,2.0,0.649,2.0,up,8
2011-05-19,-1,mild_neg,-0.016,5,0.852,0.148,1,1.0,0.649,2.0,up,7
2011-05-20,-1,mild_neg,-0.369,6,0.706,0.294,1,4.0,0.649,2.0,up,6
2011-05-23,-1,mild_neg,-0.876,7,0.406,0.594,-2,3.0,0.649,2.0,up,5
2011-05-24,-1,mild_neg,-0.891,8,0.398,0.602,-2,2.0,0.649,2.0,up,4
2011-05-25,-1,mild_neg,-0.688,9,0.521,0.479,1,1.0,0.649,2.0,up,3
2011-05-26,-1,mild_neg,-0.425,10,0.677,0.323,1,9.0,0.649,2.0,up,2
2011-05-27,-1,mild_neg,-0.192,11,0.789,0.211,1,8.0,0.649,2.0,up,1
2011-05-31,1,mild_pos,0.346,1,0.27,0.73,-1,3.0,0.365,3.0,down,1
2011-06-01,-1,mild_neg,-0.723,1,0.519,0.481,1,2.0,0.665,2.0,down,2
2011-06-02,-1,mild_neg,-0.722,2,0.52,0.48,1,2.0,0.665,2.0,down,1
2011-06-03,-2,negative,-1.183,1,0.786,0.214,-1,2.0,0.674,1.0,up,7
2011-06-06,-2,negative,-1.627,2,0.585,0.415,-1,2.0,0.674,1.0,up,6
2011-06-07,-2,negative,-1.538,3,0.631,0.369,-1,1.0,0.674,1.0,up,5
2011-06-08,-2,negative,-1.615,4,0.591,0.409,-1,1.5,0.674,1.0,up,4
2011-06-09,-2,negative,-1.138,5,0.801,0.199,-1,2.0,0.674,1.0,up,3
2011-06-10,-2,negative,-1.725,6,0.533,0.467,-1,1.0,0.674,1.0,up,2
2011-06-13,-2,negative,-1.561,7,0.619,0.381,-1,8.0,0.674,1.0,up,1
2011-06-14,-1,mild_neg,-0.823,1,0.457,0.543,-2,2.0,0.665,2.0,down,1
2011-06-15,-2,negative,-1.626,1,0.598,0.402,-1,2.0,0.682,1.0,up,3
2011-06-16,-2,negative,-1.363,2,0.721,0.279,-1,2.0,0.682,1.0,up,2
2011-06-17,-2,negative,-1.31,3,0.743,0.257,-1,1.5,0.682,1.0,up,1
2011-06-20,-1,mild_neg,-0.93,1,0.389,0.611,-2,2.0,0.665,2.0,up,6
2011-06-21,-1,mild_neg,-0.189,2,0.806,0.194,1,2.0,0.665,2.0,up,5
2011-06-22,-1,mild_neg,-0.431,3,0.692,0.308,1,2.0,0.665,2.0,up,4
2011-06-23,-1,mild_neg,-0.497,4,0.656,0.344,1,2.0,0.665,2.0,up,3
2011-06-24,-1,mild_neg,-0.969,5,0.366,0.634,-2,1.0,0.665,2.0,up,2
2011-06-27,-1,mild_neg,-0.408,6,0.705,0.295,1,4.0,0.665,2.0,up,1
2011-06-28,1,mild_pos,0.347,1,0.27,0.73,-1,3.0,0.365,3.0,up,2
2011-06-29,1,mild_pos,0.794,2,0.507,0.493,2,3.0,0.365,3.0,up,1
2011-06-30,2,positive,1.259,1,0.033,0.967,1,2.5,0.066,2.0,up,4
2011-07-01,2,positive,1.924,2,0.505,0.495,3,3.0,0.066,2.0,up,3
2011-07-05,2,positive,1.817,3,0.371,0.629,1,2.0,0.066,2.0,up,2
2011-07-06,2,positive,1.807,4,0.359,0.641,1,2.0,0.066,2.0,up,1
2011-07-08,2,positive,1.787,1,0.385,0.615,1,3.0,0.077,2.0,down,1
2011-07-11,1,mild_pos,0.744,1,0.482,0.518,-1,3.0,0.367,3.0,down,5
2011-07-12,1,mild_pos,0.438,2,0.313,0.687,-1,3.0,0.367,3.0,down,4
2011-07-13,1,mild_pos,0.565,3,0.38,0.62,-1,4.0,0.367,3.0,down,3
2011-07-14,1,mild_pos,0.113,4,0.176,0.824,-1,4.0,0.367,3.0,down,2
2011-07-15,1,mild_pos,0.334,5,0.264,0.736,-1,4.0,0.367,3.0,down,1
2011-07-18,-1,mild_neg,-0.183,1,0.815,0.185,1,2.0,0.673,2.0,up,1
2011-07-19,1,mild_pos,0.58,1,0.378,0.622,-1,3.0,0.357,3.0,up,2
2011-07-20,1,mild_pos,0.483,2,0.327,0.673,-1,3.0,0.357,3.0,up,1
2011-07-21,2,positive,1.099,1,0.02,0.98,1,3.0,0.077,2.0,down,2
2011-07-22,2,positive,1.008,2,0.02,0.98,1,3.0,0.077,2.0,down,1
2011-07-25,1,mild_pos,0.569,1,0.373,0.627,-1,3.0,0.357,3.0,down,2
2011-07-26,1,mild_pos,0.26,2,0.229,0.771,-1,3.0,0.357,3.0,down,1
2011-07-27,-1,mild_neg,-0.887,1,0.428,0.572,-2,2.0,0.675,2.0,down,1
2011-07-28,-2,negative,-1.04,1,0.839,0.161,-1,2.0,0.686,1.0,down,3
2011-07-29,-2,negative,-1.364,2,0.724,0.276,-1,2.0,0.686,1.0,down,2
2011-08-01,-2,negative,-1.487,3,0.669,0.331,-1,1.5,0.686,1.0,down,1
2011-08-02,-3,ext_neg,-2.715,1,0.98,0.02,-2,2.0,0.98,1.0,up,9
2011-08-03,-3,ext_neg,-2.223,2,0.98,0.02,-2,3.0,0.98,1.0,up,8
2011-08-04,-3,ext_neg,-4.395,3,0.98,0.02,-2,3.0,0.98,1.0,up,7
2011-08-05,-3,ext_neg,-4.03,4,0.98,0.02,-2,2.0,0.98,1.0,up,6
2011-08-08,-3,ext_neg,-6.588,5,0.98,0.02,-2,1.5,0.98,1.0,up,5
2011-08-09,-3,ext_neg,-3.946,6,0.98,0.02,-2,2.0,0.98,1.0,up,4
2011-08-10,-3,ext_neg,-5.375,7,0.98,0.02,-2,3.0,0.98,1.0,up,3
2011-08-11,-3,ext_neg,-3.131,8,0.98,0.02,-2,4.0,0.98,1.0,up,2
2011-08-12,-3,ext_neg,-2.587,9,0.98,0.02,-2,3.0,0.98,1.0,up,1
2011-08-15,-2,negative,-1.565,1,0.625,0.375,-1,2.0,0.678,1.0,down,3
2011-08-16,-2,negative,-1.69,2,0.564,0.436,-1,2.0,0.678,1.0,down,2
2011-08-17,-2,negative,-1.451,3,0.677,0.323,-1,1.5,0.678,1.0,down,1
2011-08-18,-3,ext_neg,-2.856,1,0.98,0.02,-2,2.0,0.98,1.5,up,3
2011-08-19,-3,ext_neg,-3.099,2,0.98,0.02,-2,3.0,0.98,1.5,up,2
2011-08-22,-3,ext_neg,-2.683,3,0.98,0.02,-2,3.0,0.98,1.5,up,1
2011-08-23,-2,negative,-1.179,1,0.781,0.219,-1,2.0,0.671,1.0,up,1
2011-08-24,-1,mild_neg,-0.468,1,0.683,0.317,1,2.0,0.675,2.0,up,3
2011-08-25,-1,mild_neg,-0.821,2,0.469,0.531,-2,2.0,0.675,2.0,up,2
2011-08-26,-1,mild_neg,-0.114,3,0.841,0.159,1,2.0,0.675,2.0,up,1
2011-08-29,2,positive,1.023,1,0.02,0.98,1,2.5,0.076,2.0,down,4
2011-08-30,2,positive,1.177,2,0.023,0.977,1,3.0,0.076,2.0,down,3
2011-08-31,2,positive,1.391,3,0.068,0.932,1,2.0,0.076,2.0,down,2
2011-09-01,2,positive,1.01,4,0.02,0.98,1,2.0,0.076,2.0,down,1
2011-09-02,1,mild_pos,0.108,1,0.171,0.829,-1,3.0,0.353,3.0,down,1
2011-09-06,-1,mild_neg,-0.236,1,0.795,0.205,1,2.0,0.675,2.0,up,1
2011-09-07,1,mild_pos,0.738,1,0.46,0.54,-1,3.0,0.351,3.0,down,2
2011-09-08,1,mild_pos,0.255,2,0.221,0.779,-1,3.0,0.351,3.0,down,1
2011-09-09,-1,mild_neg,-0.707,1,0.543,0.457,1,2.0,0.675,2.0,up,3
2011-09-12,-1,mild_neg,-0.444,2,0.697,0.303,1,2.0,0.675,2.0,up,2
2011-09-13,-1,mild_neg,-0.06,3,0.858,0.142,1,2.5,0.675,2.0,up,1
2011-09-14,1,mild_pos,0.449,1,0.303,0.697,-1,3.0,0.347,3.0,up,1
2011-09-15,2,positive,1.043,1,0.02,0.98,1,3.0,0.076,2.0,down,1
2011-09-16,1,mild_pos,0.965,1,0.581,0.419,2,3.0,0.347,3.0,down,3
2011-09-19,1,mild_pos,0.485,2,0.321,0.679,-1,3.0,0.347,3.0,down,2
2011-09-20,1,mild_pos,0.328,3,0.25,0.75,-1,4.0,0.347,3.0,down,1
2011-09-21,-1,mild_neg,-0.797,1,0.487,0.513,-2,2.0,0.677,2.0,down,1
2011-09-22,-2,negative,-1.976,1,0.407,0.593,-3,2.0,0.672,1.0,up,2
2011-09-23,-2,negative,-1.692,2,0.553,0.447,-1,2.0,0.672,1.0,up,1
2011-09-26,-1,mild_neg,-0.765,1,0.507,0.493,1,2.0,0.677,2.0,down,4
2011-09-27,-1,mild_neg,-0.286,2,0.779,0.221,1,2.0,0.677,2.0,down,3
2011-09-28,-1,mild_neg,-0.961,3,0.383,0.617,-2,2.5,0.677,2.0,down,2
2011-09-29,-1,mild_neg,-0.564,4,0.633,0.367,1,2.0,0.677,2.0,down,1
2011-09-30,-2,negative,-1.399,1,0.697,0.303,-1,2.0,0.675,1.0,down,1
2011-10-03,-3,ext_neg,-2.366,1,0.98,0.02,-2,2.0,0.98,2.0,up,1
2011-10-04,-2,negative,-1.448,1,0.673,0.327,-1,2.0,0.672,1.0,up,1
2011-10-05,-1,mild_neg,-0.664,1,0.57,0.43,1,2.0,0.677,2.0,up,1
2011-10-06,1,mild_pos,0.037,1,0.145,0.855,-1,3.0,0.341,3.0,down,1
2011-10-07,-1,mild_neg,-0.206,1,0.818,0.182,1,2.0,0.677,2.0,up,1
2011-10-10,1,mild_pos,0.939,1,0.559,0.441,2,3.0,0.339,3.0,up,2
2011-10-11,1,mild_pos,0.944,2,0.562,0.438,2,3.0,0.339,3.0,up,1
2011-10-12,2,positive,1.23,1,0.03,0.97,1,3.0,0.075,2.0,up,11
2011-10-13,2,positive,1.171,2,0.022,0.978,1,3.0,0.075,2.0,up,10
2011-10-14,2,positive,1.739,3,0.317,0.683,1,2.0,0.075,2.0,up,9
2011-10-17,2,positive,1.069,4,0.02,0.98,1,2.0,0.075,2.0,up,8
2011-10-18,2,positive,1.699,5,0.273,0.727,1,2.0,0.075,2.0,up,7
2011-10-19,2,positive,1.219,6,0.028,0.972,1,4.0,0.075,2.0,up,6
2011-10-20,2,positive,1.238,7,0.031,0.969,1,3.0,0.075,2.0,up,5
2011-10-21,2,positive,1.723,8,0.299,0.701,1,2.5,0.075,2.0,up,4
2011-10-24,2,positive,1.989,9,0.639,0.361,3,1.5,0.075,2.0,up,3
2011-10-25,2,positive,1.243,10,0.032,0.968,1,3.0,0.075,2.0,up,2
2011-10-26,2,positive,1.451,11,0.091,0.909,1,3.0,0.075,2.0,up,1
2011-10-31,2,positive,1.138,1,0.035,0.965,1,3.0,0.103,2.0,down,1
2011-11-01,1,mild_pos,0.044,1,0.142,0.858,-1,3.0,0.339,3.0,up,5
2011-11-02,1,mild_pos,0.464,2,0.302,0.698,-1,3.0,0.339,3.0,up,4
2011-11-03,1,mild_pos,0.939,3,0.561,0.439,2,3.5,0.339,3.0,up,3
2011-11-04,1,mild_pos,0.599,4,0.371,0.629,-1,3.5,0.339,3.0,up,2
2011-11-07,1,mild_pos,0.717,5,0.435,0.565,-1,4.5,0.339,3.0,up,1
2011-11-08,2,positive,1.034,1,0.022,0.978,1,3.0,0.103,2.0,down,1
2011-11-09,-1,mild_neg,-0.281,1,0.786,0.214,1,2.0,0.677,2.0,up,2
2011-11-10,-1,mild_neg,-0.009,2,0.884,0.116,1,2.0,0.677,2.0,up,1
2011-11-11,1,mild_pos,0.575,1,0.368,0.632,-1,3.0,0.349,3.0,down,3
2011-11-14,1,mild_pos,0.177,2,0.193,0.807,-1,3.0,0.349,3.0,down,2
2011-11-15,1,mild_pos,0.299,3,0.239,0.761,-1,3.0,0.349,3.0,down,1
2011-11-16,-1,mild_neg,-0.296,1,0.78,0.22,1,2.0,0.677,2.0,down,3
2011-11-17,-1,mild_neg,-0.865,2,0.435,0.565,-2,2.0,0.677,2.0,down,2
2011-11-18,-1,mild_neg,-0.874,3,0.43,0.57,-2,2.5,0.677,2.0,down,1
2011-11-21,-2,negative,-1.471,1,0.664,0.336,-1,2.0,0.673,1.0,down,2
2011-11-22,-2,negative,-1.549,2,0.629,0.371,-1,2.0,0.673,1.0,down,1
2011-11-23,-3,ext_neg,-2.222,1,0.98,0.02,-2,2.0,0.98,1.5,up,2
2011-11-25,-3,ext_neg,-2.092,2,0.98,0.02,-2,3.0,0.98,1.5,up,1
2011-11-28,-1,mild_neg,-0.961,1,0.37,0.63,-2,2.0,0.671,2.0,up,2
2011-11-29,-1,mild_neg,-0.785,2,0.484,0.516,-2,2.0,0.671,2.0,up,1
2011-11-30,1,mild_pos,0.531,1,0.346,0.654,-1,3.0,0.349,3.0,down,10
2011-12-01,1,mild_pos,0.512,2,0.337,0.663,-1,3.0,0.349,3.0,down,9
2011-12-02,1,mild_pos,0.502,3,0.331,0.669,-1,3.0,0.349,3.0,down,8
2011-12-05,1,mild_pos,0.847,4,0.519,0.481,2,3.0,0.349,3.0,down,7
2011-12-06,1,mild_pos,0.857,5,0.524,0.476,2,4.5,0.349,3.0,down,6
2011-12-07,1,mild_pos,0.992,6,0.599,0.401,2,6.0,0.349,3.0,down,5
2011-12-08,1,mild_pos,0.254,7,0.221,0.779,-1,6.5,0.349,3.0,down,4
2011-12-09,1,mild_pos,0.783,8,0.483,0.517,-1,6.0,0.349,3.0,down,3
2011-12-12,1,mild_pos,0.333,9,0.253,0.747,-1,5.0,0.349,3.0,down,2
2011-12-13,1,mild_pos,0.054,10,0.153,0.847,-1,4.5,0.349,3.0,down,1
2011-12-14,-1,mild_neg,-0.247,1,0.796,0.204,1,2.0,0.671,2.0,up,4
2011-12-15,-1,mild_neg,-0.099,2,0.851,0.149,1,2.0,0.671,2.0,up,3
2011-12-16,-1,mild_neg,-0.256,3,0.792,0.208,1,3.0,0.671,2.0,up,2
2011-12-19,-1,mild_neg,-0.599,4,0.609,0.391,1,2.0,0.671,2.0,up,1
2011-12-20,1,mild_pos,0.35,1,0.247,0.753,-1,3.0,0.339,3.0,up,13
2011-12-21,1,mild_pos,0.347,2,0.246,0.754,-1,3.0,0.339,3.0,up,12
2011-12-22,1,mild_pos,0.523,3,0.33,0.67,-1,4.0,0.339,3.0,up,11
2011-12-23,1,mild_pos,0.684,4,0.419,0.581,-1,3.5,0.339,3.0,up,10
2011-12-27,1,mild_pos,0.62,5,0.382,0.618,-1,5.0,0.339,3.0,up,9
2011-12-28,1,mild_pos,0.114,6,0.158,0.842,-1,5.0,0.339,3.0,up,8
2011-12-29,1,mild_pos,0.444,7,0.29,0.71,-1,6.0,0.339,3.0,up,7
2011-12-30,1,mild_pos,0.272,8,0.214,0.786,-1,6.0,0.339,3.0,up,6
2012-01-03,1,mild_pos,0.762,9,0.464,0.536,-1,5.0,0.339,3.0,up,5
2012-01-04,1,mild_pos,0.794,10,0.483,0.517,-1,4.5,0.339,3.0,up,4
2012-01-05,1,mild_pos,0.857,11,0.52,0.48,2,3.5,0.339,3.0,up,3
2012-01-06,1,mild_pos,0.758,12,0.462,0.538,-1,3.0,0.339,3.0,up,2
2012-01-09,1,mild_pos,0.784,13,0.477,0.523,-1,2.5,0.339,3.0,up,1
2012-01-10,2,positive,1.025,1,0.021,0.979,1,3.0,0.102,2.0,down,1
2012-01-11,1,mild_pos,0.977,1,0.591,0.409,2,3.0,0.347,3.0,up,5
2012-01-12,1,mild_pos,0.969,2,0.587,0.413,2,3.0,0.347,3.0,up,4
2012-01-13,1,mild_pos,0.707,3,0.439,0.561,-1,4.0,0.347,3.0,up,3
2012-01-17,1,mild_pos,0.741,4,0.457,0.543,-1,4.0,0.347,3.0,up,2
2012-01-18,1,mild_pos,0.98,5,0.592,0.408,2,5.0,0.347,3.0,up,1
2012-01-19,2,positive,1.007,1,0.02,0.98,1,3.0,0.102,2.0,down,2
2012-01-20,2,positive,1.024,2,0.021,0.979,1,3.0,0.102,2.0,down,1
2012-01-23,1,mild_pos,0.846,1,0.529,0.471,2,3.5,0.347,3.0,down,30
2012-01-24,1,mild_pos,0.73,2,0.457,0.543,-1,3.0,0.347,3.0,down,29
2012-01-25,1,mild_pos,0.921,3,0.575,0.425,2,4.0,0.347,3.0,down,28
2012-01-26,1,mild_pos,0.686,4,0.43,0.57,-1,3.5,0.347,3.0,down,27
2012-01-27,1,mild_pos,0.583,5,0.369,0.631,-1,5.0,0.347,3.0,down,26
2012-01-30,1,mild_pos,0.405,6,0.273,0.727,-1,6.0,0.347,3.0,down,25
2012-01-31,1,mild_pos,0.319,7,0.233,0.767,-1,6.0,0.347,3.0,down,24
2012-02-01,1,mild_pos,0.542,8,0.346,0.654,-1,6.0,0.347,3.0,down,23
2012-02-02,1,mild_pos,0.531,9,0.339,0.661,-1,5.0,0.347,3.0,down,22
2012-02-03,1,mild_pos,0.901,10,0.563,0.437,2,4.0,0.347,3.0,down,21
2012-02-06,1,mild_pos,0.796,11,0.498,0.502,-1,3.0,0.347,3.0,down,20
2012-02-07,1,mild_pos,0.794,12,0.497,0.503,-1,2.5,0.347,3.0,down,19
2012-02-08,1,mild_pos,0.815,13,0.51,0.49,2,2.5,0.347,3.0,down,18
2012-02-09,1,mild_pos,0.78,14,0.488,0.512,-1,3.0,0.347,3.0,down,17
2012-02-10,1,mild_pos,0.48,15,0.311,0.689,-1,4.0,0.347,3.0,down,16
2012-02-13,1,mild_pos,0.641,16,0.403,0.597,-1,4.0,0.347,3.0,down,15
2012-02-14,1,mild_pos,0.529,17,0.338,0.662,-1,3.0,0.347,3.0,down,14
2012-02-15,1,mild_pos,0.33,18,0.238,0.762,-1,2.0,0.347,3.0,down,13
2012-02-16,1,mild_pos,0.633,19,0.398,0.602,-1,1.0,0.347,3.0,down,12
2012-02-17,1,mild_pos,0.665,20,0.417,0.583,-1,10.0,0.347,3.0,down,11
2012-02-21,1,mild_pos,0.62,21,0.391,0.609,-1,9.0,0.347,3.0,down,10
2012-02-22,1,mild_pos,0.46,22,0.301,0.699,-1,8.0,0.347,3.0,down,9
2012-02-23,1,mild_pos,0.554,23,0.352,0.648,-1,7.0,0.347,3.0,down,8
2012-02-24,1,mild_pos,0.565,24,0.358,0.642,-1,6.0,0.347,3.0,down,7
2012-02-27,1,mild_pos,0.555,25,0.353,0.647,-1,5.0,0.347,3.0,down,6
2012-02-28,1,mild_pos,0.575,26,0.364,0.636,-1,4.0,0.347,3.0,down,5
2012-02-29,1,mild_pos,0.377,27,0.259,0.741,-1,3.0,0.347,3.0,down,4
2012-03-01,1,mild_pos,0.483,28,0.313,0.687,-1,2.0,0.347,3.0,down,3
2012-03-02,1,mild_pos,0.327,29,0.236,0.764,-1,1.0,0.347,3.0,down,2
2012-03-05,1,mild_pos,0.166,30,0.172,0.828,-1,1.0,0.347,3.0,down,1
2012-03-06,-1,mild_neg,-0.327,1,0.76,0.24,1,2.0,0.671,2.0,up,2
2012-03-07,-1,mild_neg,-0.106,2,0.849,0.151,1,2.0,0.671,2.0,up,1
2012-03-08,1,mild_pos,0.199,1,0.182,0.818,-1,4.0,0.343,3.0,down,19
2012-03-09,1,mild_pos,0.299,2,0.22,0.78,-1,3.0,0.343,3.0,down,18
2012-03-12,1,mild_pos,0.263,3,0.206,0.794,-1,4.0,0.343,3.0,down,17
2012-03-13,1,mild_pos,0.788,4,0.478,0.522,-1,4.0,0.343,3.0,down,16
2012-03-14,1,mild_pos,0.698,5,0.424,0.576,-1,5.0,0.343,3.0,down,15
2012-03-15,1,mild_pos,0.811,6,0.492,0.508,-1,6.5,0.343,3.0,down,14
2012-03-16,1,mild_pos,0.664,7,0.405,0.595,-1,6.0,0.343,3.0,down,13
2012-03-19,1,mild_pos,0.739,8,0.449,0.551,-1,6.0,0.343,3.0,down,12
2012-03-20,1,mild_pos,0.6,9,0.368,0.632,-1,5.0,0.343,3.0,down,11
2012-03-21,1,mild_pos,0.498,10,0.313,0.687,-1,4.5,0.343,3.0,down,10
2012-03-22,1,mild_pos,0.23,11,0.193,0.807,-1,3.5,0.343,3.0,down,9
2012-03-23,1,mild_pos,0.304,12,0.223,0.777,-1,3.0,0.343,3.0,down,8
2012-03-26,1,mild_pos,0.708,13,0.431,0.569,-1,3.0,0.343,3.0,down,7
2012-03-27,1,mild_pos,0.564,14,0.348,0.652,-1,4.0,0.343,3.0,down,6
2012-03-28,1,mild_pos,0.36,15,0.247,0.753,-1,5.0,0.343,3.0,down,5
2012-03-29,1,mild_pos,0.274,16,0.21,0.79,-1,4.0,0.343,3.0,down,4
2012-03-30,1,mild_pos,0.368,17,0.251,0.749,-1,3.0,0.343,3.0,down,3
2012-04-02,1,mild_pos,0.547,18,0.339,0.661,-1,7.0,0.343,3.0,down,2
2012-04-03,1,mild_pos,0.337,19,0.236,0.764,-1,6.0,0.343,3.0,down,1
2012-04-04,-1,mild_neg,-0.043,1,0.869,0.131,1,2.0,0.671,2.0,down,3
2012-04-05,-1,mild_neg,-0.092,2,0.853,0.147,1,2.0,0.671,2.0,down,2
2012-04-09,-1,mild_neg,-0.479,3,0.681,0.319,1,2.5,0.671,2.0,down,1
2012-04-10,-2,negative,-1.034,1,0.822,0.178,-1,2.0,0.669,1.0,up,1
2012-04-11,-1,mild_neg,-0.721,1,0.531,0.469,1,2.0,0.665,2.0,up,10
2012-04-12,-1,mild_neg,-0.27,2,0.775,0.225,1,2.0,0.665,2.0,up,9
2012-04-13,-1,mild_neg,-0.629,3,0.587,0.413,1,2.0,0.665,2.0,up,8
2012-04-16,-1,mild_neg,-0.612,4,0.597,0.403,1,2.0,0.665,2.0,up,7
2012-04-17,-1,mild_neg,-0.097,5,0.84,0.16,1,1.0,0.665,2.0,up,6
2012-04-18,-1,mild_neg,-0.188,6,0.808,0.192,1,4.0,0.665,2.0,up,5
2012-04-19,-1,mild_neg,-0.374,7,0.727,0.273,1,3.5,0.665,2.0,up,4
2012-04-20,-1,mild_neg,-0.303,8,0.76,0.24,1,2.5,0.665,2.0,up,3
2012-04-23,-1,mild_neg,-0.552,9,0.632,0.368,1,1.5,0.665,2.0,up,2
2012-04-24,-1,mild_neg,-0.372,10,0.728,0.272,1,5.0,0.665,2.0,up,1
2012-04-25,1,mild_pos,0.105,1,0.146,0.854,-1,4.0,0.323,3.0,down,7
2012-04-26,1,mild_pos,0.337,2,0.226,0.774,-1,3.0,0.323,3.0,down,6
2012-04-27,1,mild_pos,0.389,3,0.248,0.752,-1,4.0,0.323,3.0,down,5
2012-04-30,1,mild_pos,0.279,4,0.203,0.797,-1,4.0,0.323,3.0,down,4
2012-05-01,1,mild_pos,0.495,5,0.296,0.704,-1,6.0,0.323,3.0,down,3
2012-05-02,1,mild_pos,0.409,6,0.256,0.744,-1,7.0,0.323,3.0,down,2
2012-05-03,1,mild_pos,0.164,7,0.164,0.836,-1,6.5,0.323,3.0,down,1
2012-05-04,-1,mild_neg,-0.346,1,0.741,0.259,1,2.0,0.665,2.0,down,7
2012-05-07,-1,mild_neg,-0.308,2,0.759,0.241,1,2.0,0.665,2.0,down,6
2012-05-08,-1,mild_neg,-0.451,3,0.689,0.311,1,2.5,0.665,2.0,down,5
2012-05-09,-1,mild_neg,-0.636,4,0.584,0.416,1,2.0,0.665,2.0,down,4
2012-05-10,-1,mild_neg,-0.532,5,0.644,0.356,1,1.0,0.665,2.0,down,3
2012-05-11,-1,mild_neg,-0.615,6,0.597,0.403,1,4.0,0.665,2.0,down,2
2012-05-14,-1,mild_neg,-0.956,7,0.391,0.609,-2,3.0,0.665,2.0,down,1
2012-05-15,-2,negative,-1.079,1,0.81,0.19,-1,2.0,0.67,1.0,up,5
2012-05-16,-2,negative,-1.136,2,0.792,0.208,-1,2.0,0.67,1.0,up,4
2012-05-17,-2,negative,-1.556,3,0.621,0.379,-1,1.5,0.67,1.0,up,3
2012-05-18,-2,negative,-1.739,4,0.531,0.469,-1,2.0,0.67,1.0,up,2
2012-05-21,-2,negative,-1.096,5,0.805,0.195,-1,2.0,0.67,1.0,up,1
2012-05-22,-1,mild_neg,-0.972,1,0.363,0.637,-2,2.0,0.651,2.0,down,7
2012-05-23,-1,mild_neg,-0.868,2,0.425,0.575,-2,2.0,0.651,2.0,down,6
2012-05-24,-1,mild_neg,-0.709,3,0.523,0.477,1,3.0,0.651,2.0,down,5
2012-05-25,-1,mild_neg,-0.715,4,0.519,0.481,1,2.0,0.651,2.0,down,4
2012-05-29,-1,mild_neg,-0.243,5,0.776,0.224,1,1.0,0.651,2.0,down,3
2012-05-30,-1,mild_neg,-0.614,6,0.581,0.419,1,4.0,0.651,2.0,down,2
2012-05-31,-1,mild_neg,-0.577,7,0.603,0.397,1,3.0,0.651,2.0,down,1
2012-06-01,-2,negative,-1.286,1,0.743,0.257,-1,2.0,0.675,1.0,up,2
2012-06-04,-2,negative,-1.187,2,0.779,0.221,-1,2.0,0.675,1.0,up,1
2012-06-05,-1,mild_neg,-0.834,1,0.43,0.57,-2,2.0,0.637,2.0,up,2
2012-06-06,-1,mild_neg,-0.051,2,0.843,0.157,1,2.0,0.637,2.0,up,1
2012-06-07,1,mild_pos,0.014,1,0.119,0.881,-1,4.0,0.323,3.0,down,2
2012-06-08,1,mild_pos,0.305,2,0.212,0.788,-1,3.0,0.323,3.0,down,1
2012-06-11,-1,mild_neg,-0.056,1,0.84,0.16,1,2.0,0.637,2.0,up,1
2012-06-12,1,mild_pos,0.328,1,0.221,0.779,-1,4.0,0.321,3.0,down,9
2012-06-13,1,mild_pos,0.137,2,0.153,0.847,-1,3.0,0.321,3.0,down,8
2012-06-14,1,mild_pos,0.469,3,0.283,0.717,-1,4.0,0.321,3.0,down,7
2012-06-15,1,mild_pos,0.591,4,0.344,0.656,-1,3.5,0.321,3.0,down,6
2012-06-18,1,mild_pos,0.596,5,0.347,0.653,-1,6.0,0.321,3.0,down,5
2012-06-19,1,mild_pos,0.858,6,0.496,0.504,-1,7.0,0.321,3.0,down,4
2012-06-20,1,mild_pos,0.767,7,0.443,0.557,-1,7.0,0.321,3.0,down,3
2012-06-21,1,mild_pos,0.034,8,0.124,0.876,-1,6.0,0.321,3.0,down,2
2012-06-22,1,mild_pos,0.272,9,0.199,0.801,-1,5.0,0.321,3.0,down,1
2012-06-25,-1,mild_neg,-0.246,1,0.766,0.234,1,2.0,0.637,2.0,up,2
2012-06-26,-1,mild_neg,-0.06,2,0.839,0.161,1,2.0,0.637,2.0,up,1
2012-06-27,1,mild_pos,0.215,1,0.176,0.824,-1,4.0,0.317,3.0,down,8
2012-06-28,1,mild_pos,0.106,2,0.141,0.859,-1,3.0,0.317,3.0,down,7
2012-06-29,1,mild_pos,0.803,3,0.46,0.54,-1,4.0,0.317,3.0,down,6
2012-07-02,1,mild_pos,0.797,4,0.457,0.543,-1,4.0,0.317,3.0,down,5
2012-07-03,1,mild_pos,0.906,5,0.521,0.479,2,6.0,0.317,3.0,down,4
2012-07-05,1,mild_pos,0.705,6,0.403,0.597,-1,7.0,0.317,3.0,down,3
2012-07-06,1,mild_pos,0.358,7,0.23,0.77,-1,6.5,0.317,3.0,down,2
2012-07-09,1,mild_pos,0.291,8,0.203,0.797,-1,6.0,0.317,3.0,down,1
2012-07-10,-1,mild_neg,-0.028,1,0.849,0.151,1,2.0,0.637,2.0,up,3
2012-07-11,-1,mild_neg,-0.039,2,0.846,0.154,1,2.0,0.637,2.0,up,2
2012-07-12,-1,mild_neg,-0.218,3,0.778,0.222,1,3.0,0.637,2.0,up,1
2012-07-13,1,mild_pos,0.304,1,0.204,0.796,-1,4.0,0.311,3.0,down,6
2012-07-16,1,mild_pos,0.211,2,0.171,0.829,-1,3.0,0.311,3.0,down,5
2012-07-17,1,mild_pos,0.411,3,0.247,0.753,-1,4.0,0.311,3.0,down,4
2012-07-18,1,mild_pos,0.631,4,0.353,0.647,-1,4.0,0.311,3.0,down,3
2012-07-19,1,mild_pos,0.688,5,0.384,0.616,-1,6.0,0.311,3.0,down,2
2012-07-20,1,mild_pos,0.341,6,0.218,0.782,-1,7.0,0.311,3.0,down,1
2012-07-23,-1,mild_neg,-0.013,1,0.854,0.146,1,2.0,0.637,2.0,up,3
2012-07-24,-1,mild_neg,-0.332,2,0.726,0.274,1,2.0,0.637,2.0,up,2
2012-07-25,-1,mild_neg,-0.349,3,0.717,0.283,1,3.0,0.637,2.0,up,1
2012-07-26,1,mild_pos,0.157,1,0.148,0.852,-1,4.0,0.301,3.0,down,25
2012-07-27,1,mild_pos,0.682,2,0.37,0.63,-1,3.0,0.301,3.0,down,24
2012-07-30,1,mild_pos,0.651,3,0.353,0.647,-1,4.0,0.301,3.0,down,23
2012-07-31,1,mild_pos,0.408,4,0.238,0.762,-1,4.0,0.301,3.0,down,22
2012-08-01,1,mild_pos,0.378,5,0.225,0.775,-1,5.0,0.301,3.0,down,21
2012-08-02,1,mild_pos,0.153,6,0.147,0.853,-1,6.5,0.301,3.0,down,20
2012-08-03,1,mild_pos,0.748,7,0.406,0.594,-1,6.5,0.301,3.0,down,19
2012-08-06,1,mild_pos,0.764,8,0.415,0.585,-1,6.0,0.301,3.0,down,18
2012-08-07,1,mild_pos,0.855,9,0.467,0.533,-1,5.5,0.301,3.0,down,17
2012-08-08,1,mild_pos,0.833,10,0.454,0.546,-1,5.0,0.301,3.0,down,16
2012-08-09,1,mild_pos,0.787,11,0.428,0.572,-1,4.0,0.301,3.0,down,15
2012-08-10,1,mild_pos,0.825,12,0.45,0.55,-1,3.0,0.301,3.0,down,14
2012-08-13,1,mild_pos,0.756,13,0.411,0.589,-1,3.0,0.301,3.0,down,13
2012-08-14,1,mild_pos,0.742,14,0.403,0.597,-1,4.5,0.301,3.0,down,12
2012-08-15,1,mild_pos,0.752,15,0.408,0.592,-1,4.5,0.301,3.0,down,11
2012-08-16,1,mild_pos,0.996,16,0.549,0.451,2,4.0,0.301,3.0,down,10
2012-08-17,1,mild_pos,0.973,17,0.535,0.465,2,3.0,0.301,3.0,down,9
2012-08-20,1,mild_pos,0.879,18,0.481,0.519,-1,2.0,0.301,3.0,down,8
2012-08-21,1,mild_pos,0.646,19,0.351,0.649,-1,6.0,0.301,3.0,down,7
2012-08-22,1,mild_pos,0.56,20,0.307,0.693,-1,10.0,0.301,3.0,down,6
2012-08-23,1,mild_pos,0.149,21,0.146,0.854,-1,9.0,0.301,3.0,down,5
2012-08-24,1,mild_pos,0.378,22,0.225,0.775,-1,8.0,0.301,3.0,down,4
2012-08-27,1,mild_pos,0.344,23,0.212,0.788,-1,7.0,0.301,3.0,down,3
2012-08-28,1,mild_pos,0.241,24,0.174,0.826,-1,6.0,0.301,3.0,down,2
2012-08-29,1,mild_pos,0.213,25,0.166,0.834,-1,5.0,0.301,3.0,down,1
2012-08-30,-1,mild_neg,-0.178,1,0.801,0.199,1,2.0,0.641,2.0,up,1
2012-08-31,1,mild_pos,0.01,1,0.101,0.899,-1,4.0,0.277,3.0,down,1
2012-09-04,-1,mild_neg,-0.055,1,0.847,0.153,1,2.0,0.643,2.0,up,2
2012-09-05,-1,mild_neg,-0.104,2,0.83,0.17,1,2.0,0.643,2.0,up,1
2012-09-06,1,mild_pos,0.76,1,0.377,0.623,-1,4.0,0.275,3.0,up,5
2012-09-07,1,mild_pos,0.876,2,0.439,0.561,-1,3.0,0.275,3.0,up,4
2012-09-10,1,mild_pos,0.576,3,0.286,0.714,-1,4.0,0.275,3.0,up,3
2012-09-11,1,mild_pos,0.652,4,0.322,0.678,-1,4.0,0.275,3.0,up,2
2012-09-12,1,mild_pos,0.745,5,0.369,0.631,-1,5.0,0.275,3.0,up,1
2012-09-13,2,positive,1.337,1,0.082,0.918,1,3.0,0.102,2.0,down,5
2012-09-14,2,positive,1.45,2,0.131,0.869,1,3.0,0.102,2.0,down,4
2012-09-17,2,positive,1.226,3,0.051,0.949,1,2.0,0.102,2.0,down,3
2012-09-18,2,positive,1.118,4,0.032,0.968,1,2.0,0.102,2.0,down,2
2012-09-19,2,positive,1.066,5,0.025,0.975,1,2.0,0.102,2.0,down,1
2012-09-20,1,mild_pos,0.994,1,0.514,0.486,2,4.0,0.275,3.0,down,3
2012-09-21,1,mild_pos,0.653,2,0.323,0.677,-1,3.0,0.275,3.0,down,2
2012-09-24,1,mild_pos,0.519,3,0.259,0.741,-1,4.0,0.275,3.0,down,1
2012-09-25,-1,mild_neg,-0.01,1,0.865,0.135,1,2.0,0.645,2.0,up,2
2012-09-26,-1,mild_neg,-0.305,2,0.748,0.252,1,2.0,0.645,2.0,up,1
2012-09-27,1,mild_pos,0.084,1,0.105,0.895,-1,4.0,0.269,3.0,down,1
2012-09-28,-1,mild_neg,-0.193,1,0.799,0.201,1,2.0,0.645,2.0,up,4
2012-10-01,-1,mild_neg,-0.12,2,0.828,0.172,1,2.0,0.645,2.0,up,3
2012-10-02,-1,mild_neg,-0.129,3,0.825,0.175,1,2.5,0.645,2.0,up,2
2012-10-03,-1,mild_neg,-0.003,4,0.868,0.132,1,3.0,0.645,2.0,up,1
2012-10-04,1,mild_pos,0.301,1,0.163,0.837,-1,4.0,0.267,3.0,down,3
2012-10-05,1,mild_pos,0.282,2,0.157,0.843,-1,3.0,0.267,3.0,down,2
2012-10-08,1,mild_pos,0.078,3,0.102,0.898,-1,4.0,0.267,3.0,down,1
2012-10-09,-1,mild_neg,-0.426,1,0.688,0.312,1,2.0,0.651,2.0,up,5
2012-10-10,-1,mild_neg,-0.73,2,0.501,0.499,1,2.0,0.651,2.0,up,4
2012-10-11,-1,mild_neg,-0.644,3,0.556,0.444,1,2.0,0.651,2.0,up,3
2012-10-12,-1,mild_neg,-0.734,4,0.498,0.502,-2,3.0,0.651,2.0,up,2
2012-10-15,-1,mild_neg,-0.27,5,0.768,0.232,1,2.0,0.651,2.0,up,1
2012-10-16,1,mild_pos,0.252,1,0.138,0.862,-1,4.0,0.261,3.0,down,3
2012-10-17,1,mild_pos,0.487,2,0.226,0.774,-1,3.0,0.261,3.0,down,2
2012-10-18,1,mild_pos,0.376,3,0.181,0.819,-1,4.0,0.261,3.0,down,1
2012-10-19,-1,mild_neg,-0.432,1,0.69,0.31,1,2.0,0.655,2.0,down,2
2012-10-22,-1,mild_neg,-0.388,2,0.714,0.286,1,2.0,0.655,2.0,down,1
2012-10-23,-2,negative,-1.063,1,0.822,0.178,-1,2.0,0.678,1.0,up,2
2012-10-24,-2,negative,-1.169,2,0.788,0.212,-1,2.0,0.678,1.0,up,1
2012-10-25,-1,mild_neg,-0.965,1,0.356,0.644,-2,2.0,0.653,2.0,down,7
2012-10-26,-1,mild_neg,-0.957,2,0.361,0.639,-2,2.0,0.653,2.0,down,6
2012-10-31,-1,mild_neg,-0.903,3,0.393,0.607,-2,2.0,0.653,2.0,down,5
2012-11-01,-1,mild_neg,-0.328,4,0.742,0.258,1,2.5,0.653,2.0,down,4
2012-11-02,-1,mild_neg,-0.749,5,0.492,0.508,-2,2.0,0.653,2.0,down,3
2012-11-05,-1,mild_neg,-0.568,6,0.607,0.393,1,4.0,0.653,2.0,down,2
2012-11-06,-1,mild_neg,-0.083,7,0.844,0.156,1,3.0,0.653,2.0,down,1
2012-11-07,-2,negative,-1.225,1,0.771,0.229,-1,2.0,0.68,1.0,down,5
2012-11-08,-2,negative,-1.764,2,0.524,0.476,-1,2.0,0.68,1.0,down,4
2012-11-09,-2,negative,-1.61,3,0.602,0.398,-1,2.0,0.68,1.0,down,3
2012-11-12,-2,negative,-1.461,4,0.673,0.327,-1,1.5,0.68,1.0,down,2
2012-11-13,-2,negative,-1.546,5,0.634,0.366,-1,2.0,0.68,1.0,down,1
2012-11-14,-3,ext_neg,-2.118,1,0.98,0.02,-2,2.0,0.98,2.0,up,2
2012-11-15,-3,ext_neg,-2.002,2,0.98,0.02,-2,3.0,0.98,2.0,up,1
2012-11-16,-2,negative,-1.539,1,0.624,0.376,-1,2.0,0.669,1.5,up,1
2012-11-19,-1,mild_neg,-0.356,1,0.724,0.276,1,2.0,0.651,2.0,up,3
2012-11-20,-1,mild_neg,-0.255,2,0.772,0.228,1,2.0,0.651,2.0,up,2
2012-11-21,-1,mild_neg,-0.084,3,0.84,0.16,1,2.0,0.651,2.0,up,1
2012-11-23,1,mild_pos,0.616,1,0.283,0.717,-1,4.0,0.255,3.0,up,10
2012-11-26,1,mild_pos,0.508,2,0.23,0.77,-1,3.0,0.255,3.0,up,9
2012-11-27,1,mild_pos,0.265,3,0.138,0.862,-1,4.0,0.255,3.0,up,8
2012-11-28,1,mild_pos,0.687,4,0.322,0.678,-1,4.0,0.255,3.0,up,7
2012-11-29,1,mild_pos,0.926,5,0.468,0.532,-1,6.0,0.255,3.0,up,6
2012-11-30,1,mild_pos,0.977,6,0.501,0.499,2,7.0,0.255,3.0,up,5
2012-12-03,1,mild_pos,0.731,7,0.347,0.653,-1,7.0,0.255,3.0,up,4
2012-12-04,1,mild_pos,0.668,8,0.311,0.689,-1,6.0,0.255,3.0,up,3
2012-12-05,1,mild_pos,0.801,9,0.389,0.611,-1,6.0,0.255,3.0,up,2
2012-12-06,1,mild_pos,0.946,10,0.481,0.519,-1,5.0,0.255,3.0,up,1
2012-12-07,2,positive,1.028,1,0.021,0.979,1,3.0,0.1,2.0,down,1
2012-12-10,1,mild_pos,0.965,1,0.516,0.484,2,4.0,0.273,3.0,up,1
2012-12-11,2,positive,1.243,1,0.054,0.946,1,3.0,0.1,2.0,down,2
2012-12-12,2,positive,1.157,2,0.037,0.963,1,3.0,0.1,2.0,down,1
2012-12-13,1,mild_pos,0.679,1,0.338,0.662,-1,4.0,0.275,3.0,up,3
2012-12-14,1,mild_pos,0.337,2,0.172,0.828,-1,3.0,0.275,3.0,up,2
2012-12-17,1,mild_pos,0.855,3,0.448,0.552,-1,3.5,0.275,3.0,up,1
2012-12-18,2,positive,1.353,1,0.086,0.914,1,3.0,0.099,2.0,down,1
2012-12-19,1,mild_pos,0.831,1,0.44,0.56,-1,4.0,0.281,3.0,up,1
2012-12-20,2,positive,1.042,1,0.022,0.978,1,3.0,0.099,2.0,down,1
2012-12-21,1,mild_pos,0.093,1,0.101,0.899,-1,4.0,0.283,3.0,down,1
2012-12-24,-1,mild_neg,-0.111,1,0.831,0.169,1,2.0,0.651,2.0,down,3
2012-12-26,-1,mild_neg,-0.385,2,0.709,0.291,1,2.0,0.651,2.0,down,2
2012-12-27,-1,mild_neg,-0.464,3,0.665,0.335,1,2.5,0.651,2.0,down,1
2012-12-28,-2,negative,-1.052,1,0.822,0.178,-1,2.0,0.67,1.0,up,1
2012-12-31,-1,mild_neg,-0.08,1,0.84,0.16,1,2.0,0.651,2.0,up,1
2013-01-02,2,positive,1.266,1,0.059,0.941,1,3.0,0.099,2.0,down,3
2013-01-03,2,positive,1.051,2,0.023,0.977,1,3.0,0.099,2.0,down,2
2013-01-04,2,positive,1.2,3,0.044,0.956,1,2.0,0.099,2.0,down,1
2013-01-07,1,mild_pos,0.967,1,0.534,0.466,2,4.0,0.283,3.0,up,3
2013-01-08,1,mild_pos,0.743,2,0.387,0.613,-1,3.0,0.283,3.0,up,2
2013-01-09,1,mild_pos,0.819,3,0.436,0.564,-1,4.0,0.283,3.0,up,1
2013-01-10,2,positive,1.195,1,0.043,0.957,1,2.5,0.098,2.0,down,3
2013-01-11,2,positive,1.123,2,0.031,0.969,1,3.0,0.098,2.0,down,2
2013-01-14,2,positive,1.001,3,0.02,0.98,1,2.0,0.098,2.0,down,1
2013-01-15,1,mild_pos,0.943,1,0.53,0.47,2,4.0,0.289,3.0,up,2
2013-01-16,1,mild_pos,0.875,2,0.483,0.517,-1,3.0,0.289,3.0,up,1
2013-01-17,2,positive,1.191,1,0.042,0.958,1,2.0,0.097,2.0,down,8
2013-01-18,2,positive,1.241,2,0.052,0.948,1,3.0,0.097,2.0,down,7
2013-01-22,2,positive,1.466,3,0.136,0.864,1,2.0,0.097,2.0,down,6
2013-01-23,2,positive,1.429,4,0.117,0.883,1,2.0,0.097,2.0,down,5
2013-01-24,2,positive,1.309,5,0.07,0.93,1,2.0,0.097,2.0,down,4
2013-01-25,2,positive,1.465,6,0.135,0.865,1,4.0,0.097,2.0,down,3
2013-01-28,2,positive,1.235,7,0.051,0.949,1,3.5,0.097,2.0,down,2
2013-01-29,2,positive,1.254,8,0.055,0.945,1,3.0,0.097,2.0,down,1
2013-01-30,1,mild_pos,0.882,1,0.495,0.505,-1,4.0,0.293,3.0,up,2
2013-01-31,1,mild_pos,0.67,2,0.354,0.646,-1,3.0,0.293,3.0,up,1
2013-02-01,2,positive,1.154,1,0.034,0.966,1,2.5,0.095,2.0,down,1
2013-02-04,1,mild_pos,0.439,1,0.226,0.774,-1,3.0,0.297,3.0,down,12
2013-02-05,1,mild_pos,0.922,2,0.528,0.472,2,3.0,0.297,3.0,down,11
2013-02-06,1,mild_pos,0.855,3,0.481,0.519,-1,4.0,0.297,3.0,down,10
2013-02-07,1,mild_pos,0.681,4,0.364,0.636,-1,4.0,0.297,3.0,down,9
2013-02-08,1,mild_pos,0.911,5,0.52,0.48,2,6.0,0.297,3.0,down,8
2013-02-11,1,mild_pos,0.811,6,0.451,0.549,-1,7.0,0.297,3.0,down,7
2013-02-12,1,mild_pos,0.81,7,0.45,0.55,-1,6.0,0.297,3.0,down,6
2013-02-13,1,mild_pos,0.763,8,0.418,0.582,-1,6.0,0.297,3.0,down,5
2013-02-14,1,mild_pos,0.716,9,0.387,0.613,-1,6.0,0.297,3.0,down,4
2013-02-15,1,mild_pos,0.568,10,0.296,0.704,-1,5.5,0.297,3.0,down,3
2013-02-19,1,mild_pos,0.911,11,0.52,0.48,2,4.5,0.297,3.0,down,2
2013-02-20,1,mild_pos,0.13,12,0.111,0.889,-1,4.0,0.297,3.0,down,1
2013-02-21,-1,mild_neg,-0.254,1,0.772,0.228,1,2.0,0.653,2.0,up,1
2013-02-22,1,mild_pos,0.275,1,0.148,0.852,-1,3.0,0.273,3.0,down,1
2013-02-25,-1,mild_neg,-0.848,1,0.429,0.571,-2,2.0,0.653,2.0,up,2
2013-02-26,-1,mild_neg,-0.437,2,0.68,0.32,1,2.0,0.653,2.0,up,1
2013-02-27,1,mild_pos,0.285,1,0.151,0.849,-1,3.0,0.271,3.0,up,4
2013-02-28,1,mild_pos,0.137,2,0.109,0.891,-1,3.0,0.271,3.0,up,3
2013-03-01,1,mild_pos,0.286,3,0.151,0.849,-1,4.0,0.271,3.0,up,2
2013-03-04,1,mild_pos,0.568,4,0.269,0.731,-1,4.0,0.271,3.0,up,1
2013-03-05,2,positive,1.002,1,0.02,0.98,1,2.5,0.095,2.0,down,8
2013-03-06,2,positive,1.015,2,0.02,0.98,1,3.0,0.095,2.0,down,7
2013-03-07,2,positive,1.05,3,0.021,0.979,1,2.0,0.095,2.0,down,6
2013-03-08,2,positive,1.212,4,0.044,0.956,1,2.0,0.095,2.0,down,5
2013-03-11,2,positive,1.349,5,0.081,0.919,1,2.5,0.095,2.0,down,4
2013-03-12,2,positive,1.142,6,0.032,0.968,1,4.0,0.095,2.0,down,3
2013-03-13,2,positive,1.15,7,0.033,0.967,1,3.0,0.095,2.0,down,2
2013-03-14,2,positive,1.369,8,0.089,0.911,1,3.0,0.095,2.0,down,1
2013-03-15,1,mild_pos,0.966,1,0.507,0.493,2,3.0,0.279,3.0,down,12
2013-03-18,1,mild_pos,0.588,2,0.29,0.71,-1,3.0,0.279,3.0,down,11
2013-03-19,1,mild_pos,0.425,3,0.216,0.784,-1,4.0,0.279,3.0,down,10
2013-03-20,1,mild_pos,0.752,4,0.379,0.621,-1,4.0,0.279,3.0,down,9
2013-03-21,1,mild_pos,0.172,5,0.129,0.871,-1,7.0,0.279,3.0,down,8
2013-03-22,1,mild_pos,0.575,6,0.284,0.716,-1,6.5,0.279,3.0,down,7
2013-03-25,1,mild_pos,0.213,7,0.141,0.859,-1,6.0,0.279,3.0,down,6
2013-03-26,1,mild_pos,0.569,8,0.281,0.719,-1,6.0,0.279,3.0,down,5
2013-03-27,1,mild_pos,0.488,9,0.243,0.757,-1,5.5,0.279,3.0,down,4
2013-03-28,1,mild_pos,0.573,10,0.283,0.717,-1,5.0,0.279,3.0,down,3
2013-04-01,1,mild_pos,0.262,11,0.156,0.844,-1,4.0,0.279,3.0,down,2
2013-04-02,1,mild_pos,0.48,12,0.239,0.761,-1,4.0,0.279,3.0,down,1
2013-04-03,-1,mild_neg,-0.147,1,0.815,0.185,1,2.0,0.653,2.0,up,1
2013-04-04,1,mild_pos,0.07,1,0.107,0.893,-1,3.0,0.279,3.0,down,1
2013-04-05,-1,mild_neg,-0.209,1,0.791,0.209,1,2.0,0.653,2.0,up,1
2013-04-08,1,mild_pos,0.182,1,0.135,0.865,-1,3.0,0.279,3.0,up,2
2013-04-09,1,mild_pos,0.375,2,0.197,0.803,-1,3.0,0.279,3.0,up,1
2013-04-10,2,positive,1.042,1,0.02,0.98,1,3.0,0.093,2.0,down,2
2013-04-11,2,positive,1.171,2,0.036,0.964,1,3.0,0.093,2.0,down,1
2013-04-12,1,mild_pos,0.987,1,0.505,0.495,2,3.0,0.283,3.0,down,1
2013-04-15,-1,mild_neg,-0.4,1,0.7,0.3,1,2.0,0.653,2.0,up,1
2013-04-16,1,mild_pos,0.433,1,0.227,0.773,-1,3.0,0.283,3.0,down,1
2013-04-17,-1,mild_neg,-0.466,1,0.664,0.336,1,2.0,0.653,2.0,up,4
2013-04-18,-1,mild_neg,-0.822,2,0.442,0.558,-2,2.0,0.653,2.0,up,3
2013-04-19,-1,mild_neg,-0.313,3,0.745,0.255,1,3.0,0.653,2.0,up,2
2013-04-22,-1,mild_neg,-0.054,4,0.85,0.15,1,3.0,0.653,2.0,up,1
2013-04-23,1,mild_pos,0.516,1,0.261,0.739,-1,3.0,0.283,3.0,up,5
2013-04-24,1,mild_pos,0.522,2,0.264,0.736,-1,3.0,0.283,3.0,up,4
2013-04-25,1,mild_pos,0.723,3,0.358,0.642,-1,4.0,0.283,3.0,up,3
2013-04-26,1,mild_pos,0.586,4,0.292,0.708,-1,5.0,0.283,3.0,up,2
2013-04-29,1,mild_pos,0.928,5,0.467,0.533,-1,7.0,0.283,3.0,up,1
2013-04-30,2,positive,1.02,1,0.02,0.98,1,2.5,0.093,2.0,down,1
2013-05-01,1,mild_pos,0.426,1,0.233,0.767,-1,4.0,0.293,3.0,up,2
2013-05-02,1,mild_pos,0.913,2,0.472,0.528,-1,3.0,0.293,3.0,up,1
2013-05-03,2,positive,1.401,1,0.1,0.9,1,2.5,0.093,2.0,up,7
2013-05-06,2,positive,1.444,2,0.12,0.88,1,3.0,0.093,2.0,up,6
2013-05-07,2,positive,1.631,3,0.25,0.75,1,2.0,0.093,2.0,up,5
2013-05-08,2,positive,1.806,4,0.435,0.565,1,2.0,0.093,2.0,up,4
2013-05-09,2,positive,1.566,5,0.196,0.804,1,3.0,0.093,2.0,up,3
2013-05-10,2,positive,1.666,6,0.283,0.717,1,4.0,0.093,2.0,up,2
2013-05-13,2,positive,1.555,7,0.188,0.812,1,3.0,0.093,2.0,up,1
2013-05-16,2,positive,1.636,1,0.298,0.702,1,3.0,0.108,2.0,down,5
2013-05-17,2,positive,1.986,2,0.712,0.288,3,3.0,0.108,2.0,down,4
2013-05-20,2,positive,1.79,3,0.479,0.521,1,2.0,0.108,2.0,down,3
2013-05-21,2,positive,1.714,4,0.386,0.614,1,2.0,0.108,2.0,down,2
2013-05-22,2,positive,1.142,5,0.034,0.966,1,2.5,0.108,2.0,down,1
2013-05-23,1,mild_pos,0.851,1,0.442,0.558,-1,3.5,0.297,3.0,down,5
2013-05-24,1,mild_pos,0.683,2,0.353,0.647,-1,3.0,0.297,3.0,down,4
2013-05-28,1,mild_pos,0.949,3,0.496,0.504,-1,4.0,0.297,3.0,down,3
2013-05-29,1,mild_pos,0.428,4,0.237,0.763,-1,4.5,0.297,3.0,down,2
2013-05-30,1,mild_pos,0.525,5,0.278,0.722,-1,7.0,0.297,3.0,down,1
2013-05-31,-1,mild_neg,-0.516,1,0.635,0.365,1,2.0,0.653,2.0,down,3
2013-06-03,-1,mild_neg,-0.208,2,0.792,0.208,1,2.0,0.653,2.0,down,2
2013-06-04,-1,mild_neg,-0.576,3,0.599,0.401,1,2.5,0.653,2.0,down,1
2013-06-05,-2,negative,-1.511,1,0.64,0.36,-1,2.0,0.671,1.0,up,1
2013-06-06,-1,mild_neg,-0.881,1,0.406,0.594,-2,2.0,0.653,2.0,down,4
2013-06-07,-1,mild_neg,-0.059,2,0.848,0.152,1,2.0,0.653,2.0,down,3
2013-06-10,-1,mild_neg,-0.09,3,0.838,0.162,1,2.5,0.653,2.0,down,2
2013-06-11,-1,mild_neg,-0.818,4,0.445,0.555,-2,3.0,0.653,2.0,down,1
2013-06-12,-2,negative,-1.344,1,0.717,0.283,-1,2.0,0.672,1.0,up,1
2013-06-13,-1,mild_neg,-0.221,1,0.783,0.217,1,2.0,0.653,2.0,up,3
2013-06-14,-1,mild_neg,-0.621,2,0.572,0.428,1,2.0,0.653,2.0,up,2
2013-06-17,-1,mild_neg,-0.021,3,0.855,0.145,1,2.0,0.653,2.0,up,1
2013-06-18,1,mild_pos,0.559,1,0.292,0.708,-1,4.0,0.297,3.0,down,1
2013-06-19,-1,mild_neg,-0.343,1,0.729,0.271,1,2.0,0.655,2.0,down,1
2013-06-20,-2,negative,-1.975,1,0.404,0.596,-3,2.0,0.673,1.0,down,2
2013-06-21,-2,negative,-1.96,2,0.411,0.589,-3,2.0,0.673,1.0,down,1
2013-06-24,-3,ext_neg,-2.636,1,0.98,0.02,-2,2.0,0.98,2.0,up,1
2013-06-25,-2,negative,-1.786,1,0.493,0.507,-3,2.0,0.669,1.0,up,2
2013-06-26,-2,negative,-1.004,2,0.842,0.158,-1,2.0,0.669,1.0,up,1
2013-06-27,-1,mild_neg,-0.51,1,0.64,0.36,1,2.0,0.655,2.0,up,5
2013-06-28,-1,mild_neg,-0.722,2,0.514,0.486,1,2.0,0.655,2.0,up,4
2013-07-01,-1,mild_neg,-0.267,3,0.762,0.238,1,2.0,0.655,2.0,up,3
2013-07-02,-1,mild_neg,-0.281,4,0.756,0.244,1,3.0,0.655,2.0,up,2
2013-07-03,-1,mild_neg,-0.252,5,0.768,0.232,1,2.0,0.655,2.0,up,1
2013-07-05,1,mild_pos,0.457,1,0.249,0.751,-1,4.0,0.297,3.0,up,2
2013-07-08,1,mild_pos,0.85,2,0.433,0.567,-1,3.0,0.297,3.0,up,1
2013-07-09,2,positive,1.315,1,0.077,0.923,1,3.0,0.107,2.0,up,2
2013-07-10,2,positive,1.298,2,0.072,0.928,1,3.0,0.107,2.0,up,1
2013-07-16,2,positive,1.845,1,0.507,0.493,3,3.0,0.111,2.0,up,2
2013-07-17,2,positive,1.959,2,0.633,0.367,3,3.0,0.111,2.0,up,1
2013-07-23,2,positive,1.649,1,0.305,0.695,1,2.5,0.115,2.0,down,4
2013-07-24,2,positive,1.224,2,0.056,0.944,1,3.0,0.115,2.0,down,3
2013-07-25,2,positive,1.21,3,0.052,0.948,1,2.0,0.115,2.0,down,2
2013-07-26,2,positive,1.125,4,0.035,0.965,1,2.0,0.115,2.0,down,1
2013-07-29,1,mild_pos,0.772,1,0.397,0.603,-1,4.0,0.301,3.0,up,3
2013-07-30,1,mild_pos,0.634,2,0.329,0.671,-1,3.0,0.301,3.0,up,2
2013-07-31,1,mild_pos,0.537,3,0.286,0.714,-1,4.0,0.301,3.0,up,1
2013-08-01,2,positive,1.096,1,0.031,0.969,1,3.0,0.114,2.0,down,2
2013-08-02,2,positive,1.053,2,0.025,0.975,1,3.0,0.114,2.0,down,1
2013-08-05,1,mild_pos,0.832,1,0.432,0.568,-1,3.5,0.307,3.0,down,5
2013-08-06,1,mild_pos,0.377,2,0.228,0.772,-1,3.0,0.307,3.0,down,4
2013-08-07,1,mild_pos,0.09,3,0.139,0.861,-1,4.0,0.307,3.0,down,3
2013-08-08,1,mild_pos,0.282,4,0.195,0.805,-1,4.5,0.307,3.0,down,2
2013-08-09,1,mild_pos,0.06,5,0.132,0.868,-1,7.0,0.307,3.0,down,1
2013-08-12,-1,mild_neg,-0.035,1,0.85,0.15,1,2.0,0.665,2.0,up,1
2013-08-13,1,mild_pos,0.117,1,0.147,0.853,-1,3.5,0.307,3.0,down,1
2013-08-14,-1,mild_neg,-0.235,1,0.784,0.216,1,2.0,0.667,2.0,down,1
2013-08-15,-2,negative,-1.114,1,0.808,0.192,-1,2.0,0.671,1.0,up,5
2013-08-16,-2,negative,-1.263,2,0.753,0.247,-1,2.0,0.671,1.0,up,4
2013-08-19,-2,negative,-1.586,3,0.603,0.397,-1,2.0,0.671,1.0,up,3
2013-08-20,-2,negative,-1.189,4,0.782,0.218,-1,1.0,0.671,1.0,up,2
2013-08-21,-2,negative,-1.508,5,0.643,0.357,-1,2.0,0.671,1.0,up,1
2013-08-22,-1,mild_neg,-0.86,1,0.447,0.553,-2,2.0,0.667,2.0,down,3
2013-08-23,-1,mild_neg,-0.595,2,0.603,0.397,1,2.0,0.667,2.0,down,2
2013-08-26,-1,mild_neg,-0.786,3,0.491,0.509,-2,2.0,0.667,2.0,down,1
2013-08-27,-2,negative,-1.726,1,0.533,0.467,-1,2.0,0.676,1.0,up,4
2013-08-28,-2,negative,-1.396,2,0.701,0.299,-1,2.0,0.676,1.0,up,3
2013-08-29,-2,negative,-1.164,3,0.796,0.204,-1,2.0,0.676,1.0,up,2
2013-08-30,-2,negative,-1.221,4,0.775,0.225,-1,1.0,0.676,1.0,up,1
2013-09-03,-1,mild_neg,-0.813,1,0.467,0.533,-2,2.0,0.663,2.0,up,3
2013-09-04,-1,mild_neg,-0.221,2,0.786,0.214,1,2.0,0.663,2.0,up,2
2013-09-05,-1,mild_neg,-0.081,3,0.837,0.163,1,2.0,0.663,2.0,up,1
2013-09-06,1,mild_pos,0.019,1,0.123,0.877,-1,3.5,0.307,3.0,up,2
2013-09-09,1,mild_pos,0.64,2,0.338,0.662,-1,3.0,0.307,3.0,up,1
2013-09-10,2,positive,1.096,1,0.031,0.969,1,2.5,0.113,2.0,up,6
2013-09-11,2,positive,1.289,2,0.073,0.927,1,3.0,0.113,2.0,up,5
2013-09-12,2,positive,1.123,3,0.035,0.965,1,2.0,0.113,2.0,up,4
2013-09-13,2,positive,1.205,4,0.05,0.95,1,2.0,0.113,2.0,up,3
2013-09-16,2,positive,1.471,5,0.158,0.842,1,2.5,0.113,2.0,up,2
2013-09-17,2,positive,1.621,6,0.276,0.724,1,3.0,0.113,2.0,up,1
2013-09-19,2,positive,1.911,1,0.592,0.408,3,3.0,0.126,2.0,down,2
2013-09-20,2,positive,1.122,2,0.045,0.955,1,3.0,0.126,2.0,down,1
2013-09-23,1,mild_pos,0.786,1,0.41,0.59,-1,3.0,0.311,3.0,down,5
2013-09-24,1,mild_pos,0.581,2,0.315,0.685,-1,3.0,0.311,3.0,down,4
2013-09-25,1,mild_pos,0.299,3,0.208,0.792,-1,4.0,0.311,3.0,down,3
2013-09-26,1,mild_pos,0.431,4,0.255,0.745,-1,4.5,0.311,3.0,down,2
2013-09-27,1,mild_pos,0.059,5,0.14,0.86,-1,7.0,0.311,3.0,down,1
2013-09-30,-1,mild_neg,-0.354,1,0.726,0.274,1,2.0,0.663,2.0,up,1
2013-10-01,1,mild_pos,0.046,1,0.138,0.862,-1,4.0,0.311,3.0,down,1
2013-10-02,-1,mild_neg,-0.076,1,0.838,0.162,1,2.0,0.663,2.0,down,4
2013-10-03,-1,mild_neg,-0.685,2,0.546,0.454,1,2.0,0.663,2.0,down,3
2013-10-04,-1,mild_neg,-0.265,3,0.767,0.233,1,2.0,0.663,2.0,down,2
2013-10-07,-1,mild_neg,-0.804,4,0.475,0.525,-2,3.0,0.663,2.0,down,1
2013-10-08,-2,negative,-1.471,1,0.67,0.33,-1,2.0,0.68,1.5,up,2
2013-10-09,-2,negative,-1.348,2,0.727,0.273,-1,2.0,0.68,1.5,up,1
2013-10-10,-1,mild_neg,-0.03,1,0.847,0.153,1,2.0,0.661,2.0,up,1
2013-10-11,1,mild_pos,0.346,1,0.224,0.776,-1,3.5,0.311,3.0,up,3
2013-10-14,1,mild_pos,0.577,2,0.314,0.686,-1,3.0,0.311,3.0,up,2
2013-10-15,1,mild_pos,0.158,3,0.166,0.834,-1,4.0,0.311,3.0,up,1
2013-10-16,2,positive,1.018,1,0.03,0.97,1,2.5,0.125,2.0,down,14
2013-10-17,2,positive,1.411,2,0.141,0.859,1,3.0,0.125,2.0,down,13
2013-10-18,2,positive,1.746,3,0.405,0.595,1,2.0,0.125,2.0,down,12
2013-10-21,2,positive,1.671,4,0.33,0.67,1,2.0,0.125,2.0,down,11
2013-10-22,2,positive,1.904,5,0.571,0.429,3,2.0,0.125,2.0,down,10
2013-10-23,2,positive,1.519,6,0.206,0.794,1,3.0,0.125,2.0,down,9
2013-10-24,2,positive,1.616,7,0.281,0.719,1,3.0,0.125,2.0,down,8
2013-10-25,2,positive,1.756,8,0.415,0.585,1,3.0,0.125,2.0,down,7
2013-10-28,2,positive,1.705,9,0.364,0.636,1,2.0,0.125,2.0,down,6
2013-10-29,2,positive,1.878,10,0.543,0.457,3,2.0,0.125,2.0,down,5
2013-10-30,2,positive,1.47,11,0.174,0.826,1,3.0,0.125,2.0,down,4
2013-10-31,2,positive,1.168,12,0.055,0.945,1,2.0,0.125,2.0,down,3
2013-11-01,2,positive,1.189,13,0.06,0.94,1,2.0,0.125,2.0,down,2
2013-11-04,2,positive,1.24,14,0.074,0.926,1,1.0,0.125,2.0,down,1
2013-11-05,1,mild_pos,0.867,1,0.451,0.549,-1,3.0,0.317,3.0,up,7
2013-11-06,1,mild_pos,0.975,2,0.501,0.499,2,3.0,0.317,3.0,up,6
2013-11-07,1,mild_pos,0.1,3,0.16,0.84,-1,4.0,0.317,3.0,up,5
2013-11-08,1,mild_pos,0.798,4,0.419,0.581,-1,4.5,0.317,3.0,up,4
2013-11-11,1,mild_pos,0.698,5,0.373,0.627,-1,7.0,0.317,3.0,up,3
2013-11-12,1,mild_pos,0.45,6,0.271,0.729,-1,6.5,0.317,3.0,up,2
2013-11-13,1,mild_pos,0.842,7,0.439,0.561,-1,6.0,0.317,3.0,up,1
2013-11-14,2,positive,1.056,1,0.036,0.964,1,3.0,0.121,2.0,down,2
2013-11-15,2,positive,1.239,2,0.072,0.928,1,3.0,0.121,2.0,down,1
2013-11-18,1,mild_pos,0.938,1,0.502,0.498,2,4.0,0.331,3.0,up,4
2013-11-19,1,mild_pos,0.747,2,0.411,0.589,-1,3.0,0.331,3.0,up,3
2013-11-20,1,mild_pos,0.478,3,0.294,0.706,-1,4.0,0.331,3.0,up,2
2013-11-21,1,mild_pos,0.939,4,0.503,0.497,2,4.0,0.331,3.0,up,1
2013-11-22,2,positive,1.186,1,0.059,0.941,1,2.5,0.121,2.0,down,2
2013-11-25,2,positive,1.036,2,0.033,0.967,1,3.0,0.121,2.0,down,1
2013-11-26,1,mild_pos,0.989,1,0.536,0.464,2,4.0,0.339,3.0,up,1
2013-11-27,2,positive,1.062,1,0.036,0.964,1,2.0,0.12,2.0,down,1
2013-11-29,1,mild_pos,0.918,1,0.504,0.496,2,4.0,0.341,3.0,down,4
2013-12-02,1,mild_pos,0.659,2,0.38,0.62,-1,3.0,0.341,3.0,down,3
2013-12-03,1,mild_pos,0.307,3,0.236,0.764,-1,4.0,0.341,3.0,down,2
2013-12-04,1,mild_pos,0.233,4,0.211,0.789,-1,4.0,0.341,3.0,down,1
2013-12-05,-1,mild_neg,-0.104,1,0.825,0.175,1,2.0,0.661,2.0,up,1
2013-12-06,1,mild_pos,0.544,1,0.328,0.672,-1,4.0,0.341,3.0,down,3
2013-12-09,1,mild_pos,0.639,2,0.369,0.631,-1,3.0,0.341,3.0,down,2
2013-12-10,1,mild_pos,0.328,3,0.245,0.755,-1,4.0,0.341,3.0,down,1
2013-12-11,-1,mild_neg,-0.483,1,0.656,0.344,1,2.0,0.661,2.0,up,5
2013-12-12,-1,mild_neg,-0.706,2,0.526,0.474,1,2.0,0.661,2.0,up,4
2013-12-13,-1,mild_neg,-0.689,3,0.536,0.464,1,2.0,0.661,2.0,up,3
2013-12-16,-1,mild_neg,-0.246,4,0.772,0.228,1,3.0,0.661,2.0,up,2
2013-12-17,-1,mild_neg,-0.45,5,0.674,0.326,1,2.0,0.661,2.0,up,1
2013-12-18,1,mild_pos,0.654,1,0.375,0.625,-1,3.5,0.341,3.0,up,5
2013-12-19,1,mild_pos,0.519,2,0.318,0.682,-1,3.0,0.341,3.0,up,4
2013-12-20,1,mild_pos,0.515,3,0.316,0.684,-1,4.0,0.341,3.0,up,3
2013-12-23,1,mild_pos,0.845,4,0.461,0.539,-1,4.0,0.341,3.0,up,2
2013-12-24,1,mild_pos,0.95,5,0.51,0.49,2,7.0,0.341,3.0,up,1
2013-12-26,2,positive,1.232,1,0.069,0.931,1,2.0,0.12,2.0,down,4
2013-12-27,2,positive,1.177,2,0.056,0.944,1,3.0,0.12,2.0,down,3
2013-12-30,2,positive,1.114,3,0.044,0.956,1,2.0,0.12,2.0,down,2
2013-12-31,2,positive,1.356,4,0.108,0.892,1,2.0,0.12,2.0,down,1
2014-01-02,1,mild_pos,0.648,1,0.381,0.619,-1,4.0,0.351,3.0,down,7
2014-01-03,1,mild_pos,0.581,2,0.352,0.648,-1,3.0,0.351,3.0,down,6
2014-01-06,1,mild_pos,0.317,3,0.25,0.75,-1,4.0,0.351,3.0,down,5
2014-01-07,1,mild_pos,0.691,4,0.4,0.6,-1,4.0,0.351,3.0,down,4
2014-01-08,1,mild_pos,0.667,5,0.389,0.611,-1,7.0,0.351,3.0,down,3
2014-01-09,1,mild_pos,0.658,6,0.385,0.615,-1,6.0,0.351,3.0,down,2
2014-01-10,1,mild_pos,0.743,7,0.423,0.577,-1,6.0,0.351,3.0,down,1
2014-01-13,-1,mild_neg,-0.254,1,0.771,0.229,1,2.0,0.663,2.0,up,1
2014-01-14,1,mild_pos,0.394,1,0.279,0.721,-1,4.0,0.351,3.0,down,6
2014-01-15,1,mild_pos,0.663,2,0.384,0.616,-1,3.0,0.351,3.0,down,5
2014-01-16,1,mild_pos,0.465,3,0.305,0.695,-1,4.0,0.351,3.0,down,4
2014-01-17,1,mild_pos,0.134,4,0.196,0.804,-1,4.0,0.351,3.0,down,3
2014-01-21,1,mild_pos,0.287,5,0.243,0.757,-1,7.0,0.351,3.0,down,2
2014-01-22,1,mild_pos,0.28,6,0.24,0.76,-1,6.0,0.351,3.0,down,1
2014-01-23,-1,mild_neg,-0.299,1,0.752,0.248,1,2.0,0.665,2.0,down,1
2014-01-24,-2,negative,-1.732,1,0.536,0.464,-1,2.0,0.682,2.0,down,6
2014-01-27,-2,negative,-1.95,2,0.417,0.583,-3,2.0,0.682,2.0,down,5
2014-01-28,-2,negative,-1.434,3,0.69,0.31,-1,2.0,0.682,2.0,down,4
2014-01-29,-2,negative,-1.964,4,0.409,0.591,-3,1.0,0.682,2.0,down,3
2014-01-30,-2,negative,-1.131,5,0.812,0.188,-1,2.0,0.682,2.0,down,2
2014-01-31,-2,negative,-1.436,6,0.689,0.311,-1,1.0,0.682,2.0,down,1
2014-02-03,-3,ext_neg,-2.787,1,0.98,0.02,-2,2.0,0.98,2.0,up,3
2014-02-04,-3,ext_neg,-2.153,2,0.98,0.02,-2,3.0,0.98,2.0,up,2
2014-02-05,-3,ext_neg,-2.058,3,0.98,0.02,-2,3.0,0.98,2.0,up,1
2014-02-06,-2,negative,-1.087,1,0.821,0.179,-1,2.0,0.67,2.0,up,1
2014-02-07,-1,mild_neg,-0.222,1,0.783,0.217,1,2.0,0.665,2.0,up,2
2014-02-10,-1,mild_neg,-0.032,2,0.85,0.15,1,2.0,0.665,2.0,up,1
2014-02-11,1,mild_pos,0.654,1,0.381,0.619,-1,4.0,0.351,3.0,up,2
2014-02-12,1,mild_pos,0.714,2,0.406,0.594,-1,3.0,0.351,3.0,up,1
2014-02-13,2,positive,1.066,1,0.036,0.964,1,2.5,0.119,2.0,down,17
2014-02-14,2,positive,1.415,2,0.132,0.868,1,3.0,0.119,2.0,down,16
2014-02-18,2,positive,1.476,3,0.163,0.837,1,2.0,0.119,2.0,down,15
2014-02-19,2,positive,1.082,4,0.039,0.961,1,2.0,0.119,2.0,down,14
2014-02-20,2,positive,1.449,5,0.149,0.851,1,2.5,0.119,2.0,down,13
2014-02-21,2,positive,1.357,6,0.108,0.892,1,4.0,0.119,2.0,down,12
2014-02-24,2,positive,1.592,7,0.236,0.764,1,3.0,0.119,2.0,down,11
2014-02-25,2,positive,1.449,8,0.149,0.851,1,3.0,0.119,2.0,down,10
2014-02-26,2,positive,1.353,9,0.106,0.894,1,2.0,0.119,2.0,down,9
2014-02-27,2,positive,1.528,10,0.193,0.807,1,3.0,0.119,2.0,down,8
2014-02-28,2,positive,1.565,11,0.217,0.783,1,3.0,0.119,2.0,down,7
2014-03-03,2,positive,1.016,12,0.03,0.97,1,2.0,0.119,2.0,down,6
2014-03-04,2,positive,1.645,13,0.276,0.724,1,1.5,0.119,2.0,down,5
2014-03-05,2,positive,1.49,14,0.171,0.829,1,1.0,0.119,2.0,down,4
2014-03-06,2,positive,1.411,15,0.131,0.869,1,1.0,0.119,2.0,down,3
2014-03-07,2,positive,1.256,16,0.075,0.925,1,1.0,0.119,2.0,down,2
2014-03-10,2,positive,1.083,17,0.039,0.961,1,1.0,0.119,2.0,down,1
2014-03-11,1,mild_pos,0.658,1,0.386,0.614,-1,4.0,0.355,3.0,down,2
2014-03-12,1,mild_pos,0.587,2,0.357,0.643,-1,3.0,0.355,3.0,down,1
2014-03-13,-1,mild_neg,-0.169,1,0.808,0.192,1,2.0,0.669,2.0,up,2
2014-03-14,-1,mild_neg,-0.374,2,0.72,0.28,1,2.0,0.669,2.0,up,1
2014-03-17,1,mild_pos,0.152,1,0.195,0.805,-1,4.0,0.351,3.0,down,4
2014-03-18,1,mild_pos,0.539,2,0.332,0.668,-1,3.0,0.351,3.0,down,3
2014-03-19,1,mild_pos,0.145,3,0.193,0.807,-1,4.0,0.351,3.0,down,2
2014-03-20,1,mild_pos,0.448,4,0.295,0.705,-1,4.0,0.351,3.0,down,1
2014-03-21,-1,mild_neg,-0.111,1,0.83,0.17,1,2.0,0.673,2.0,up,6
2014-03-24,-1,mild_neg,-0.381,2,0.719,0.281,1,2.0,0.673,2.0,up,5
2014-03-25,-1,mild_neg,-0.107,3,0.831,0.169,1,2.0,0.673,2.0,up,4
2014-03-26,-1,mild_neg,-0.564,4,0.623,0.377,1,2.5,0.673,2.0,up,3
2014-03-27,-1,mild_neg,-0.675,5,0.559,0.441,1,2.0,0.673,2.0,up,2
2014-03-28,-1,mild_neg,-0.351,6,0.733,0.267,1,4.0,0.673,2.0,up,1
2014-03-31,1,mild_pos,0.126,1,0.175,0.825,-1,4.0,0.343,3.0,down,4
2014-04-01,1,mild_pos,0.525,2,0.317,0.683,-1,3.0,0.343,3.0,down,3
2014-04-02,1,mild_pos,0.713,3,0.401,0.599,-1,4.0,0.343,3.0,down,2
2014-04-03,1,mild_pos,0.624,4,0.36,0.64,-1,4.0,0.343,3.0,down,1
2014-04-04,-1,mild_neg,-0.085,1,0.84,0.16,1,2.0,0.673,2.0,up,3
2014-04-07,-1,mild_neg,-0.717,2,0.532,0.468,1,2.0,0.673,2.0,up,2
2014-04-08,-1,mild_neg,-0.422,3,0.699,0.301,1,2.0,0.673,2.0,up,1
2014-04-09,1,mild_pos,0.248,1,0.202,0.798,-1,4.0,0.335,3.0,down,1
2014-04-10,-2,negative,-1.045,1,0.835,0.165,-1,2.0,0.671,2.0,up,2
2014-04-11,-2,negative,-1.553,2,0.618,0.382,-1,2.0,0.671,2.0,up,1
2014-04-14,-1,mild_neg,-0.999,1,0.366,0.634,-2,2.0,0.673,2.0,up,2
2014-04-15,-1,mild_neg,-0.515,2,0.65,0.35,1,2.0,0.673,2.0,up,1
2014-04-16,1,mild_pos,0.136,1,0.167,0.833,-1,3.5,0.333,3.0,down,20
2014-04-17,1,mild_pos,0.244,2,0.2,0.8,-1,3.0,0.333,3.0,down,19
2014-04-21,1,mild_pos,0.443,3,0.272,0.728,-1,4.0,0.333,3.0,down,18
2014-04-22,1,mild_pos,0.68,4,0.376,0.624,-1,4.0,0.333,3.0,down,17
2014-04-23,1,mild_pos,0.52,5,0.303,0.697,-1,7.0,0.333,3.0,down,16
2014-04-24,1,mild_pos,0.597,6,0.337,0.663,-1,6.0,0.333,3.0,down,15
2014-04-25,1,mild_pos,0.063,7,0.147,0.853,-1,6.0,0.333,3.0,down,14
2014-04-28,1,mild_pos,0.235,8,0.197,0.803,-1,6.0,0.333,3.0,down,13
2014-04-29,1,mild_pos,0.508,9,0.298,0.702,-1,5.0,0.333,3.0,down,12
2014-04-30,1,mild_pos,0.689,10,0.38,0.62,-1,5.0,0.333,3.0,down,11
2014-05-01,1,mild_pos,0.705,11,0.387,0.613,-1,4.0,0.333,3.0,down,10
2014-05-02,1,mild_pos,0.627,12,0.351,0.649,-1,4.0,0.333,3.0,down,9
2014-05-05,1,mild_pos,0.711,13,0.39,0.61,-1,4.0,0.333,3.0,down,8
2014-05-06,1,mild_pos,0.133,14,0.166,0.834,-1,5.0,0.333,3.0,down,7
2014-05-07,1,mild_pos,0.449,15,0.274,0.726,-1,5.0,0.333,3.0,down,6
2014-05-08,1,mild_pos,0.375,16,0.245,0.755,-1,4.0,0.333,3.0,down,5
2014-05-09,1,mild_pos,0.388,17,0.25,0.75,-1,3.0,0.333,3.0,down,4
2014-05-12,1,mild_pos,0.851,18,0.46,0.54,-1,4.5,0.333,3.0,down,3
2014-05-13,1,mild_pos,0.794,19,0.431,0.569,-1,6.0,0.333,3.0,down,2
2014-05-14,1,mild_pos,0.42,20,0.263,0.737,-1,10.0,0.333,3.0,down,1
2014-05-15,-1,mild_neg,-0.154,1,0.814,0.186,1,2.0,0.673,2.0,up,1
2014-05-16,1,mild_pos,0.037,1,0.126,0.874,-1,4.0,0.295,3.0,down,2
2014-05-19,1,mild_pos,0.241,2,0.177,0.823,-1,3.0,0.295,3.0,down,1
2014-05-20,-1,mild_neg,-0.156,1,0.813,0.187,1,2.0,0.673,2.0,up,1
2014-05-21,1,mild_pos,0.352,1,0.21,0.79,-1,4.0,0.295,3.0,up,5
2014-05-22,1,mild_pos,0.481,2,0.255,0.745,-1,3.0,0.295,3.0,up,4
2014-05-23,1,mild_pos,0.671,3,0.333,0.667,-1,4.0,0.295,3.0,up,3
2014-05-27,1,mild_pos,0.989,4,0.483,0.517,-1,4.0,0.295,3.0,up,2
2014-05-28,1,mild_pos,0.881,5,0.43,0.57,-1,7.0,0.295,3.0,up,1
2014-05-29,2,positive,1.143,1,0.046,0.954,1,3.0,0.115,2.0,down,10
2014-05-30,2,positive,1.171,2,0.052,0.948,1,3.0,0.115,2.0,down,9
2014-06-02,2,positive,1.161,3,0.05,0.95,1,2.0,0.115,2.0,down,8
2014-06-03,2,positive,1.053,4,0.033,0.967,1,2.0,0.115,2.0,down,7
2014-06-04,2,positive,1.073,5,0.036,0.964,1,3.0,0.115,2.0,down,6
2014-06-05,2,positive,1.377,6,0.11,0.89,1,4.0,0.115,2.0,down,5
2014-06-06,2,positive,1.548,7,0.197,0.803,1,3.5,0.115,2.0,down,4
2014-06-09,2,positive,1.485,8,0.16,0.84,1,3.0,0.115,2.0,down,3
2014-06-10,2,positive,1.401,9,0.12,0.88,1,2.0,0.115,2.0,down,2
2014-06-11,2,positive,1.099,10,0.039,0.961,1,3.5,0.115,2.0,down,1
2014-06-12,1,mild_pos,0.567,1,0.299,0.701,-1,4.0,0.305,3.0,up,4
2014-06-13,1,mild_pos,0.65,2,0.335,0.665,-1,3.0,0.305,3.0,up,3
2014-06-16,1,mild_pos,0.6,3,0.313,0.687,-1,4.0,0.305,3.0,up,2
2014-06-17,1,mild_pos,0.681,4,0.349,0.651,-1,4.0,0.305,3.0,up,1
2014-06-18,2,positive,1.009,1,0.027,0.973,1,3.0,0.112,2.0,down,1
2014-06-19,1,mild_pos,0.96,1,0.5,0.5,-1,4.0,0.309,3.0,down,19
2014-06-20,1,mild_pos,0.675,2,0.352,0.648,-1,3.0,0.309,3.0,down,18
2014-06-23,1,mild_pos,0.562,3,0.299,0.701,-1,4.0,0.309,3.0,down,17
2014-06-24,1,mild_pos,0.113,4,0.14,0.86,-1,4.0,0.309,3.0,down,16
2014-06-25,1,mild_pos,0.342,5,0.21,0.79,-1,7.0,0.309,3.0,down,15
2014-06-26,1,mild_pos,0.245,6,0.177,0.823,-1,6.0,0.309,3.0,down,14
2014-06-27,1,mild_pos,0.327,7,0.204,0.796,-1,6.0,0.309,3.0,down,13
2014-06-30,1,mild_pos,0.245,8,0.177,0.823,-1,6.0,0.309,3.0,down,12
2014-07-01,1,mild_pos,0.632,9,0.331,0.669,-1,5.5,0.309,3.0,down,11
2014-07-02,1,mild_pos,0.632,10,0.331,0.669,-1,5.0,0.309,3.0,down,10
2014-07-03,1,mild_pos,0.906,11,0.471,0.529,-1,4.0,0.309,3.0,down,9
2014-07-07,1,mild_pos,0.629,12,0.329,0.671,-1,4.0,0.309,3.0,down,8
2014-07-08,1,mild_pos,0.169,13,0.155,0.845,-1,5.0,0.309,3.0,down,7
2014-07-09,1,mild_pos,0.454,14,0.252,0.748,-1,5.5,0.309,3.0,down,6
2014-07-10,1,mild_pos,0.152,15,0.15,0.85,-1,5.0,0.309,3.0,down,5
2014-07-11,1,mild_pos,0.193,16,0.162,0.838,-1,4.0,0.309,3.0,down,4
2014-07-14,1,mild_pos,0.482,17,0.264,0.736,-1,3.0,0.309,3.0,down,3
2014-07-15,1,mild_pos,0.3,18,0.195,0.805,-1,2.0,0.309,3.0,down,2
2014-07-16,1,mild_pos,0.505,19,0.274,0.726,-1,3.5,0.309,3.0,down,1
2014-07-17,-1,mild_neg,-0.293,1,0.759,0.241,1,2.0,0.673,2.0,up,1
2014-07-18,1,mild_pos,0.409,1,0.215,0.785,-1,4.0,0.293,3.0,down,7
2014-07-21,1,mild_pos,0.251,2,0.159,0.841,-1,3.0,0.293,3.0,down,6
2014-07-22,1,mild_pos,0.522,3,0.264,0.736,-1,4.0,0.293,3.0,down,5
2014-07-23,1,mild_pos,0.614,4,0.308,0.692,-1,4.5,0.293,3.0,down,4
2014-07-24,1,mild_pos,0.566,5,0.284,0.716,-1,7.0,0.293,3.0,down,3
2014-07-25,1,mild_pos,0.183,6,0.138,0.862,-1,6.5,0.293,3.0,down,2
2014-07-28,1,mild_pos,0.176,7,0.137,0.863,-1,6.5,0.293,3.0,down,1
2014-07-29,-1,mild_neg,-0.165,1,0.81,0.19,1,2.0,0.673,2.0,down,2
2014-07-30,-1,mild_neg,-0.153,2,0.814,0.186,1,2.0,0.673,2.0,down,1
2014-07-31,-2,negative,-1.56,1,0.616,0.384,-1,2.0,0.673,2.0,up,6
2014-08-01,-2,negative,-1.667,2,0.558,0.442,-1,2.0,0.673,2.0,up,5
2014-08-04,-2,negative,-1.059,3,0.832,0.168,-1,2.0,0.673,2.0,up,4
2014-08-05,-2,negative,-1.687,4,0.547,0.453,-1,1.5,0.673,2.0,up,3
2014-08-06,-2,negative,-1.56,5,0.616,0.384,-1,2.0,0.673,2.0,up,2
2014-08-07,-2,negative,-1.843,6,0.459,0.541,-3,1.0,0.673,2.0,up,1
2014-08-08,-1,mild_neg,-0.945,1,0.407,0.593,-2,2.0,0.669,2.0,up,4
2014-08-11,-1,mild_neg,-0.666,2,0.564,0.436,1,2.0,0.669,2.0,up,3
2014-08-12,-1,mild_neg,-0.697,3,0.547,0.453,1,2.0,0.669,2.0,up,2
2014-08-13,-1,mild_neg,-0.161,4,0.803,0.197,1,2.0,0.669,2.0,up,1
2014-08-14,1,mild_pos,0.17,1,0.132,0.868,-1,4.0,0.279,3.0,up,3
2014-08-15,1,mild_pos,0.192,2,0.138,0.862,-1,3.0,0.279,3.0,up,2
2014-08-18,1,mild_pos,0.776,3,0.377,0.623,-1,4.0,0.279,3.0,up,1
2014-08-19,2,positive,1.134,1,0.044,0.956,1,3.0,0.112,2.0,down,11
2014-08-20,2,positive,1.318,2,0.087,0.913,1,3.0,0.112,2.0,down,10
2014-08-21,2,positive,1.51,3,0.172,0.828,1,2.5,0.112,2.0,down,9
2014-08-22,2,positive,1.386,4,0.112,0.888,1,2.0,0.112,2.0,down,8
2014-08-25,2,positive,1.701,5,0.309,0.691,1,3.0,0.112,2.0,down,7
2014-08-26,2,positive,1.695,6,0.304,0.696,1,4.0,0.112,2.0,down,6
2014-08-27,2,positive,1.61,7,0.237,0.763,1,3.0,0.112,2.0,down,5
2014-08-28,2,positive,1.445,8,0.137,0.863,1,3.0,0.112,2.0,down,4
2014-08-29,2,positive,1.5,9,0.166,0.834,1,2.0,0.112,2.0,down,3
2014-09-02,2,positive,1.357,10,0.101,0.899,1,3.5,0.112,2.0,down,2
2014-09-03,2,positive,1.172,11,0.051,0.949,1,3.5,0.112,2.0,down,1
2014-09-04,1,mild_pos,0.924,1,0.456,0.544,-1,4.0,0.279,3.0,up,1
2014-09-05,2,positive,1.073,1,0.034,0.966,1,3.0,0.11,2.0,down,1
2014-09-08,1,mild_pos,0.749,1,0.362,0.638,-1,4.0,0.279,3.0,down,4
2014-09-09,1,mild_pos,0.173,2,0.134,0.866,-1,3.0,0.279,3.0,down,3
2014-09-10,1,mild_pos,0.331,3,0.181,0.819,-1,4.0,0.279,3.0,down,2
2014-09-11,1,mild_pos,0.315,4,0.176,0.824,-1,4.0,0.279,3.0,down,1
2014-09-12,-1,mild_neg,-0.187,1,0.795,0.205,1,2.0,0.677,2.0,up,2
2014-09-15,-1,mild_neg,-0.305,2,0.75,0.25,1,2.0,0.677,2.0,up,1
2014-09-16,1,mild_pos,0.2,1,0.139,0.861,-1,4.0,0.271,3.0,down,4
2014-09-17,1,mild_pos,0.257,2,0.155,0.845,-1,3.0,0.271,3.0,down,3
2014-09-18,1,mild_pos,0.601,3,0.282,0.718,-1,4.0,0.271,3.0,down,2
2014-09-19,1,mild_pos,0.162,4,0.129,0.871,-1,4.0,0.271,3.0,down,1
2014-09-22,-1,mild_neg,-0.425,1,0.702,0.298,1,2.0,0.681,2.0,down,3
2014-09-23,-1,mild_neg,-0.827,2,0.494,0.506,-2,2.0,0.681,2.0,down,2
2014-09-24,-1,mild_neg,-0.215,3,0.789,0.211,1,2.0,0.681,2.0,down,1
2014-09-25,-2,negative,-1.393,1,0.707,0.293,-1,2.0,0.678,2.0,up,1
2014-09-26,-1,mild_neg,-0.736,1,0.538,0.462,1,2.0,0.677,2.0,down,3
2014-09-29,-1,mild_neg,-0.812,2,0.496,0.504,-2,2.0,0.677,2.0,down,2
2014-09-30,-1,mild_neg,-0.942,3,0.426,0.574,-2,2.0,0.677,2.0,down,1
2014-10-01,-2,negative,-1.855,1,0.468,0.532,-3,2.0,0.679,2.0,up,2
2014-10-02,-2,negative,-1.716,2,0.544,0.456,-1,2.0,0.679,2.0,up,1
2014-10-03,-1,mild_neg,-0.801,1,0.493,0.507,-2,2.0,0.673,2.0,down,2
2014-10-06,-1,mild_neg,-0.806,2,0.49,0.51,-2,2.0,0.673,2.0,down,1
2014-10-07,-2,negative,-1.844,1,0.482,0.518,-3,2.0,0.681,2.0,up,1
2014-10-08,-1,mild_neg,-0.491,1,0.659,0.341,1,2.0,0.669,2.0,down,1
2014-10-09,-2,negative,-1.824,1,0.498,0.502,-3,2.0,0.682,2.0,down,1
2014-10-10,-3,ext_neg,-2.488,1,0.98,0.02,-2,2.0,0.98,2.0,up,5
2014-10-13,-3,ext_neg,-3.434,2,0.98,0.02,-2,3.0,0.98,2.0,up,4
2014-10-14,-3,ext_neg,-3.033,3,0.98,0.02,-2,3.0,0.98,2.0,up,3
2014-10-15,-3,ext_neg,-3.18,4,0.98,0.02,-2,2.0,0.98,2.0,up,2
2014-10-16,-3,ext_neg,-2.898,5,0.98,0.02,-2,2.0,0.98,2.0,up,1
2014-10-17,-2,negative,-1.861,1,0.474,0.526,-3,2.0,0.68,2.0,up,2
2014-10-20,-2,negative,-1.057,2,0.833,0.167,-1,2.0,0.68,2.0,up,1
2014-10-21,1,mild_pos,0.297,1,0.165,0.835,-1,4.0,0.263,3.0,down,1
2014-10-22,-1,mild_neg,-0.052,1,0.842,0.158,1,2.0,0.667,2.0,up,1
2014-10-23,1,mild_pos,0.729,1,0.331,0.669,-1,4.0,0.261,3.0,up,1
2014-10-24,2,positive,1.254,1,0.067,0.933,1,3.0,0.11,2.0,up,4
2014-10-27,2,positive,1.193,2,0.053,0.947,1,3.0,0.11,2.0,up,3
2014-10-28,2,positive,1.905,3,0.49,0.51,1,2.5,0.11,2.0,up,2
2014-10-29,2,positive,1.745,4,0.337,0.663,1,2.0,0.11,2.0,up,1
2014-11-12,2,positive,1.812,1,0.415,0.585,1,3.0,0.118,2.0,down,11
2014-11-13,2,positive,1.603,2,0.236,0.764,1,3.0,0.118,2.0,down,10
2014-11-14,2,positive,1.375,3,0.112,0.888,1,2.0,0.118,2.0,down,9
2014-11-17,2,positive,1.198,4,0.059,0.941,1,2.0,0.118,2.0,down,8
2014-11-18,2,positive,1.371,5,0.11,0.89,1,3.0,0.118,2.0,down,7
2014-11-19,2,positive,1.085,6,0.038,0.962,1,4.0,0.118,2.0,down,6
2014-11-20,2,positive,1.031,7,0.031,0.969,1,3.5,0.118,2.0,down,5
2014-11-21,2,positive,1.201,8,0.06,0.94,1,3.0,0.118,2.0,down,4
2014-11-24,2,positive,1.203,9,0.06,0.94,1,2.0,0.118,2.0,down,3
2014-11-25,2,positive,1.029,10,0.031,0.969,1,3.0,0.118,2.0,down,2
2014-11-26,2,positive,1.042,11,0.033,0.967,1,3.5,0.118,2.0,down,1
2014-11-28,1,mild_pos,0.797,1,0.365,0.635,-1,4.0,0.261,3.0,down,8
2014-12-01,1,mild_pos,0.309,2,0.165,0.835,-1,3.0,0.261,3.0,down,7
2014-12-02,1,mild_pos,0.625,3,0.283,0.717,-1,4.0,0.261,3.0,down,6
2014-12-03,1,mild_pos,0.759,4,0.346,0.654,-1,4.5,0.261,3.0,down,5
2014-12-04,1,mild_pos,0.613,5,0.277,0.723,-1,7.0,0.261,3.0,down,4
2014-12-05,1,mild_pos,0.641,6,0.29,0.71,-1,6.5,0.261,3.0,down,3
2014-12-08,1,mild_pos,0.18,7,0.129,0.871,-1,7.0,0.261,3.0,down,2
2014-12-09,1,mild_pos,0.101,8,0.111,0.889,-1,6.0,0.261,3.0,down,1
2014-12-10,-1,mild_neg,-0.887,1,0.428,0.572,-2,2.0,0.667,2.0,down,2
2014-12-11,-1,mild_neg,-0.574,2,0.61,0.39,1,2.0,0.667,2.0,down,1
2014-12-12,-2,negative,-1.535,1,0.646,0.354,-1,2.0,0.682,2.0,down,2
2014-12-15,-2,negative,-1.878,2,0.469,0.531,-3,2.0,0.682,2.0,down,1
2014-12-16,-3,ext_neg,-2.258,1,0.98,0.02,-2,2.0,0.98,2.0,up,1
2014-12-17,-2,negative,-1.005,1,0.849,0.151,-1,2.0,0.678,2.0,up,1
2014-12-18,1,mild_pos,0.441,1,0.191,0.809,-1,4.0,0.245,3.0,down,10
2014-12-19,1,mild_pos,0.352,2,0.161,0.839,-1,3.0,0.245,3.0,down,9
2014-12-22,1,mild_pos,0.614,3,0.26,0.74,-1,4.0,0.245,3.0,down,8
2014-12-23,1,mild_pos,0.687,4,0.294,0.706,-1,4.0,0.245,3.0,down,7
2014-12-24,1,mild_pos,0.683,5,0.292,0.708,-1,7.0,0.245,3.0,down,6
2014-12-26,1,mild_pos,0.861,6,0.384,0.616,-1,6.5,0.245,3.0,down,5
2014-12-29,1,mild_pos,0.918,7,0.416,0.584,-1,7.0,0.245,3.0,down,4
2014-12-30,1,mild_pos,0.574,8,0.243,0.757,-1,6.0,0.245,3.0,down,3
2014-12-31,1,mild_pos,0.002,9,0.079,0.921,-1,6.0,0.245,3.0,down,2
2015-01-02,1,mild_pos,0.006,10,0.079,0.921,-1,5.5,0.245,3.0,down,1
2015-01-05,-2,negative,-1.008,1,0.849,0.151,-1,2.0,0.679,2.0,up,2
2015-01-06,-2,negative,-1.458,2,0.679,0.321,-1,2.0,0.679,2.0,up,1
2015-01-07,-1,mild_neg,-0.642,1,0.568,0.432,1,2.0,0.665,2.0,up,1
2015-01-08,1,mild_pos,0.416,1,0.179,0.821,-1,4.0,0.241,3.0,down,1
2015-01-09,-1,mild_neg,-0.077,1,0.837,0.163,1,2.0,0.667,2.0,down,3
2015-01-12,-1,mild_neg,-0.525,2,0.638,0.362,1,2.0,0.667,2.0,down,2
2015-01-13,-1,mild_neg,-0.711,3,0.531,0.469,1,2.0,0.667,2.0,down,1
2015-01-14,-2,negative,-1.093,1,0.826,0.174,-1,2.0,0.681,2.0,up,2
2015-01-15,-2,negative,-1.656,2,0.581,0.419,-1,2.0,0.681,2.0,up,1
2015-01-16,-1,mild_neg,-0.869,1,0.432,0.568,-2,2.0,0.665,2.0,up,3
2015-01-20,-1,mild_neg,-0.672,2,0.549,0.451,1,2.0,0.665,2.0,up,2
2015-01-21,-1,mild_neg,-0.325,3,0.738,0.262,1,2.0,0.665,2.0,up,1
2015-01-22,1,mild_pos,0.558,1,0.231,0.769,-1,4.0,0.241,3.0,down,3
2015-01-23,1,mild_pos,0.278,2,0.137,0.863,-1,3.0,0.241,3.0,down,2
2015-01-26,1,mild_pos,0.447,3,0.189,0.811,-1,4.0,0.241,3.0,down,1
2015-01-27,-1,mild_neg,-0.247,1,0.771,0.229,1,2.0,0.665,2.0,up,5
2015-01-28,-1,mild_neg,-0.884,2,0.428,0.572,-2,2.0,0.665,2.0,up,4
2015-01-29,-1,mild_neg,-0.261,3,0.766,0.234,1,2.0,0.665,2.0,up,3
2015-01-30,-1,mild_neg,-0.927,4,0.403,0.597,-2,2.0,0.665,2.0,up,2
2015-02-02,-1,mild_neg,-0.143,5,0.812,0.188,1,2.0,0.665,2.0,up,1
2015-02-03,1,mild_pos,0.663,1,0.271,0.729,-1,4.0,0.235,3.0,up,5
2015-02-04,1,mild_pos,0.377,2,0.159,0.841,-1,3.0,0.235,3.0,up,4
2015-02-05,1,mild_pos,0.919,3,0.404,0.596,-1,4.0,0.235,3.0,up,3
2015-02-06,1,mild_pos,0.772,4,0.324,0.676,-1,4.0,0.235,3.0,up,2
2015-02-09,1,mild_pos,0.501,5,0.202,0.798,-1,7.0,0.235,3.0,up,1
2015-02-10,2,positive,1.093,1,0.04,0.96,1,3.0,0.118,2.0,down,12
2015-02-11,2,positive,1.058,2,0.035,0.965,1,3.0,0.118,2.0,down,11
2015-02-12,2,positive,1.518,3,0.179,0.821,1,2.0,0.118,2.0,down,10
2015-02-13,2,positive,1.602,4,0.232,0.768,1,2.0,0.118,2.0,down,9
2015-02-17,2,positive,1.567,5,0.209,0.791,1,4.0,0.118,2.0,down,8
2015-02-18,2,positive,1.451,6,0.144,0.856,1,4.0,0.118,2.0,down,7
2015-02-19,2,positive,1.305,7,0.087,0.913,1,4.0,0.118,2.0,down,6
2015-02-20,2,positive,1.589,8,0.223,0.777,1,3.0,0.118,2.0,down,5
2015-02-23,2,positive,1.489,9,0.163,0.837,1,2.0,0.118,2.0,down,4
2015-02-24,2,positive,1.563,10,0.206,0.794,1,2.0,0.118,2.0,down,3
2015-02-25,2,positive,1.383,11,0.115,0.885,1,3.5,0.118,2.0,down,2
2015-02-26,2,positive,1.15,12,0.05,0.95,1,2.5,0.118,2.0,down,1
2015-02-27,1,mild_pos,0.819,1,0.349,0.651,-1,4.0,0.237,3.0,up,1
2015-03-02,2,positive,1.02,1,0.03,0.97,1,3.0,0.118,2.0,down,1
2015-03-03,1,mild_pos,0.637,1,0.264,0.736,-1,4.0,0.239,3.0,down,3
2015-03-04,1,mild_pos,0.299,2,0.141,0.859,-1,3.0,0.239,3.0,down,2
2015-03-05,1,mild_pos,0.273,3,0.134,0.866,-1,4.0,0.239,3.0,down,1
2015-03-06,-1,mild_neg,-0.63,1,0.584,0.416,1,2.0,0.669,2.0,down,2
2015-03-09,-1,mild_neg,-0.414,2,0.699,0.301,1,2.0,0.669,2.0,down,1
2015-03-10,-2,negative,-1.448,1,0.687,0.313,-1,2.0,0.682,2.0,up,2
2015-03-11,-2,negative,-1.556,2,0.635,0.365,-1,2.0,0.682,2.0,up,1
2015-03-12,-1,mild_neg,-0.763,1,0.505,0.495,1,2.0,0.667,2.0,down,1
2015-03-13,-2,negative,-1.1,1,0.826,0.174,-1,2.0,0.684,2.0,up,1
2015-03-16,-1,mild_neg,-0.254,1,0.768,0.232,1,2.0,0.665,2.0,up,2
2015-03-17,-1,mild_neg,-0.407,2,0.698,0.302,1,2.0,0.665,2.0,up,1
2015-03-18,1,mild_pos,0.326,1,0.148,0.852,-1,4.0,0.239,3.0,down,4
2015-03-19,1,mild_pos,0.051,2,0.083,0.917,-1,3.0,0.239,3.0,down,3
2015-03-20,1,mild_pos,0.33,3,0.149,0.851,-1,4.0,0.239,3.0,down,2
2015-03-23,1,mild_pos,0.228,4,0.121,0.879,-1,4.0,0.239,3.0,down,1
2015-03-24,-1,mild_neg,-0.075,1,0.834,0.166,1,2.0,0.665,2.0,up,4
2015-03-25,-1,mild_neg,-0.903,2,0.419,0.581,-2,2.0,0.665,2.0,up,3
2015-03-26,-1,mild_neg,-0.958,3,0.388,0.612,-2,2.0,0.665,2.0,up,2
2015-03-27,-1,mild_neg,-0.742,4,0.513,0.487,1,2.0,0.665,2.0,up,1
2015-03-30,1,mild_pos,0.061,1,0.083,0.917,-1,4.0,0.239,3.0,down,1
2015-03-31,-1,mild_neg,-0.409,1,0.702,0.298,1,2.0,0.671,2.0,up,3
2015-04-01,-1,mild_neg,-0.561,2,0.626,0.374,1,2.0,0.671,2.0,up,2
2015-04-02,-1,mild_neg,-0.279,3,0.759,0.241,1,2.0,0.671,2.0,up,1
2015-04-06,1,mild_pos,0.128,1,0.096,0.904,-1,4.0,0.239,3.0,down,1
2015-04-07,-1,mild_neg,-0.018,1,0.849,0.151,1,2.0,0.671,2.0,up,1
2015-04-08,1,mild_pos,0.144,1,0.099,0.901,-1,4.0,0.239,3.0,down,7
2015-04-09,1,mild_pos,0.349,2,0.154,0.846,-1,3.0,0.239,3.0,down,6
2015-04-10,1,mild_pos,0.638,3,0.268,0.732,-1,4.0,0.239,3.0,down,5
2015-04-13,1,mild_pos,0.314,4,0.143,0.857,-1,4.0,0.239,3.0,down,4
2015-04-14,1,mild_pos,0.418,5,0.177,0.823,-1,7.0,0.239,3.0,down,3
2015-04-15,1,mild_pos,0.655,6,0.277,0.723,-1,6.0,0.239,3.0,down,2
2015-04-16,1,mild_pos,0.641,7,0.27,0.73,-1,6.5,0.239,3.0,down,1
2015-04-17,-1,mild_neg,-0.048,1,0.841,0.159,1,2.0,0.671,2.0,up,1
2015-04-20,1,mild_pos,0.525,1,0.218,0.782,-1,4.0,0.239,3.0,down,8
2015-04-21,1,mild_pos,0.458,2,0.192,0.808,-1,3.0,0.239,3.0,down,7
2015-04-22,1,mild_pos,0.734,3,0.317,0.683,-1,4.0,0.239,3.0,down,6
2015-04-23,1,mild_pos,0.808,4,0.358,0.642,-1,4.0,0.239,3.0,down,5
2015-04-24,1,mild_pos,0.856,5,0.385,0.615,-1,7.0,0.239,3.0,down,4
2015-04-27,1,mild_pos,0.525,6,0.218,0.782,-1,6.0,0.239,3.0,down,3
2015-04-28,1,mild_pos,0.674,7,0.287,0.713,-1,6.5,0.239,3.0,down,2
2015-04-29,1,mild_pos,0.358,8,0.157,0.843,-1,6.0,0.239,3.0,down,1
2015-04-30,-1,mild_neg,-0.309,1,0.746,0.254,1,2.0,0.671,2.0,up,1
2015-05-01,1,mild_pos,0.298,1,0.139,0.861,-1,4.0,0.239,3.0,down,2
2015-05-04,1,mild_pos,0.423,2,0.179,0.821,-1,3.0,0.239,3.0,down,1
2015-05-05,-1,mild_neg,-0.318,1,0.743,0.257,1,2.0,0.671,2.0,up,3
2015-05-06,-1,mild_neg,-0.577,2,0.618,0.382,1,2.0,0.671,2.0,up,2
2015-05-07,-1,mild_neg,-0.327,3,0.739,0.261,1,2.0,0.671,2.0,up,1
2015-05-08,1,mild_pos,0.462,1,0.193,0.807,-1,4.0,0.239,3.0,down,2
2015-05-11,1,mild_pos,0.144,2,0.1,0.9,-1,3.0,0.239,3.0,down,1
2015-05-12,-1,mild_neg,-0.049,1,0.84,0.16,1,2.0,0.671,2.0,up,2
2015-05-13,-1,mild_neg,-0.032,2,0.845,0.155,1,2.0,0.671,2.0,up,1
2015-05-14,1,mild_pos,0.583,1,0.244,0.756,-1,4.0,0.239,3.0,down,7
2015-05-15,1,mild_pos,0.585,2,0.244,0.756,-1,3.0,0.239,3.0,down,6
2015-05-18,1,mild_pos,0.728,3,0.314,0.686,-1,4.0,0.239,3.0,down,5
2015-05-19,1,mild_pos,0.657,4,0.278,0.722,-1,4.0,0.239,3.0,down,4
2015-05-20,1,mild_pos,0.581,5,0.243,0.757,-1,7.0,0.239,3.0,down,3
2015-05-21,1,mild_pos,0.726,6,0.313,0.687,-1,6.0,0.239,3.0,down,2
2015-05-22,1,mild_pos,0.559,7,0.233,0.767,-1,6.0,0.239,3.0,down,1
2015-05-26,-1,mild_neg,-0.109,1,0.823,0.177,1,2.0,0.671,2.0,up,1
2015-05-27,1,mild_pos,0.458,1,0.191,0.809,-1,4.0,0.239,3.0,down,2
2015-05-28,1,mild_pos,0.36,2,0.157,0.843,-1,3.0,0.239,3.0,down,1
2015-05-29,-1,mild_neg,-0.065,1,0.838,0.162,1,2.0,0.671,2.0,up,1
2015-06-01,1,mild_pos,0.049,1,0.078,0.922,-1,4.0,0.239,3.0,down,1
2015-06-02,-1,mild_neg,-0.013,1,0.854,0.146,1,2.0,0.671,2.0,up,1
2015-06-03,1,mild_pos,0.107,1,0.088,0.912,-1,4.0,0.239,3.0,down,1
2015-06-04,-1,mild_neg,-0.455,1,0.678,0.322,1,2.0,0.671,2.0,up,5
2015-06-05,-1,mild_neg,-0.576,2,0.613,0.387,1,2.0,0.671,2.0,up,4
2015-06-08,-1,mild_neg,-0.917,3,0.417,0.583,-2,2.0,0.671,2.0,up,3
2015-06-09,-1,mild_neg,-0.893,4,0.431,0.569,-2,2.0,0.671,2.0,up,2
2015-06-10,-1,mild_neg,-0.16,5,0.807,0.193,1,2.0,0.671,2.0,up,1
2015-06-11,1,mild_pos,0.018,1,0.07,0.93,-1,4.0,0.239,3.0,down,1
2015-06-12,-1,mild_neg,-0.433,1,0.696,0.304,1,2.0,0.677,2.0,up,4
2015-06-15,-1,mild_neg,-0.655,2,0.577,0.423,1,2.0,0.677,2.0,up,3
2015-06-16,-1,mild_neg,-0.269,3,0.77,0.23,1,2.0,0.677,2.0,up,2
2015-06-17,-1,mild_neg,-0.131,4,0.822,0.178,1,2.0,0.677,2.0,up,1
2015-06-18,1,mild_pos,0.518,1,0.216,0.784,-1,4.0,0.239,3.0,down,1
2015-06-19,-1,mild_neg,-0.024,1,0.859,0.141,1,2.0,0.683,2.0,up,1
2015-06-22,1,mild_pos,0.313,1,0.138,0.862,-1,4.0,0.239,3.0,down,2
2015-06-23,1,mild_pos,0.338,2,0.146,0.854,-1,3.0,0.239,3.0,down,1
2015-06-24,-1,mild_neg,-0.087,1,0.841,0.159,1,2.0,0.683,2.0,down,3
2015-06-25,-1,mild_neg,-0.241,2,0.787,0.213,1,2.0,0.683,2.0,down,2
2015-06-26,-1,mild_neg,-0.233,3,0.79,0.21,1,2.0,0.683,2.0,down,1
2015-06-29,-2,negative,-1.486,1,0.672,0.328,-1,2.0,0.685,2.0,up,2
2015-06-30,-2,negative,-1.263,2,0.77,0.23,-1,2.0,0.685,2.0,up,1
2015-07-01,-1,mild_neg,-0.689,1,0.556,0.444,1,2.0,0.677,2.0,down,4
2015-07-02,-1,mild_neg,-0.703,2,0.547,0.453,1,2.0,0.677,2.0,down,3
2015-07-06,-1,mild_neg,-0.835,3,0.472,0.528,-2,2.0,0.677,2.0,down,2
2015-07-07,-1,mild_neg,-0.435,4,0.691,0.309,1,2.0,0.677,2.0,down,1
2015-07-08,-2,negative,-1.436,1,0.698,0.302,-1,2.0,0.687,2.0,up,2
2015-07-09,-2,negative,-1.227,2,0.785,0.215,-1,2.0,0.687,2.0,up,1
2015-07-10,-1,mild_neg,-0.383,1,0.711,0.289,1,2.0,0.671,2.0,up,1
2015-07-13,1,mild_pos,0.298,1,0.132,0.868,-1,4.0,0.239,3.0,up,4
2015-07-14,1,mild_pos,0.54,2,0.226,0.774,-1,3.5,0.239,3.0,up,3
2015-07-15,1,mild_pos,0.514,3,0.214,0.786,-1,4.0,0.239,3.0,up,2
2015-07-16,1,mild_pos,0.974,4,0.487,0.513,-1,4.0,0.239,3.0,up,1
2015-07-17,2,positive,1.028,1,0.031,0.969,1,3.0,0.118,2.0,down,2
2015-07-20,2,positive,1.032,2,0.031,0.969,1,3.0,0.118,2.0,down,1
2015-07-21,1,mild_pos,0.794,1,0.374,0.626,-1,4.0,0.247,3.0,down,3
2015-07-22,1,mild_pos,0.695,2,0.315,0.685,-1,3.5,0.247,3.0,down,2
2015-07-23,1,mild_pos,0.357,3,0.159,0.841,-1,4.0,0.247,3.0,down,1
2015-07-24,-1,mild_neg,-0.255,1,0.77,0.23,1,2.0,0.671,2.0,up,2
2015-07-27,-1,mild_neg,-0.569,2,0.612,0.388,1,2.0,0.671,2.0,up,1
2015-07-28,1,mild_pos,0.123,1,0.094,0.906,-1,4.0,0.247,3.0,down,5
2015-07-29,1,mild_pos,0.47,2,0.202,0.798,-1,3.0,0.247,3.0,down,4
2015-07-30,1,mild_pos,0.436,3,0.188,0.812,-1,4.0,0.247,3.0,down,3
2015-07-31,1,mild_pos,0.297,4,0.139,0.861,-1,4.0,0.247,3.0,down,2
2015-08-03,1,mild_pos,0.046,5,0.078,0.922,-1,6.0,0.247,3.0,down,1
2015-08-04,-1,mild_neg,-0.094,1,0.83,0.17,1,2.0,0.671,2.0,up,1
2015-08-05,1,mild_pos,0.027,1,0.073,0.927,-1,4.0,0.247,3.0,down,1
2015-08-06,-1,mild_neg,-0.533,1,0.633,0.367,1,2.0,0.671,2.0,up,2
2015-08-07,-1,mild_neg,-0.661,2,0.561,0.439,1,2.0,0.671,2.0,up,1
2015-08-10,1,mild_pos,0.105,1,0.087,0.913,-1,4.0,0.247,3.0,down,1
2015-08-11,-1,mild_neg,-0.431,1,0.688,0.312,1,2.0,0.671,2.0,up,4
2015-08-12,-1,mild_neg,-0.333,2,0.735,0.265,1,2.0,0.671,2.0,up,3
2015-08-13,-1,mild_neg,-0.357,3,0.724,0.276,1,2.0,0.671,2.0,up,2
2015-08-14,-1,mild_neg,-0.082,4,0.833,0.167,1,2.0,0.671,2.0,up,1
2015-08-17,1,mild_pos,0.297,1,0.137,0.863,-1,4.0,0.247,3.0,down,2
2015-08-18,1,mild_pos,0.142,2,0.095,0.905,-1,3.0,0.247,3.0,down,1
2015-08-19,-1,mild_neg,-0.312,1,0.745,0.255,1,2.0,0.671,2.0,down,1
2015-08-20,-2,negative,-1.555,1,0.641,0.359,-1,2.0,0.689,2.0,down,1
2015-08-21,-3,ext_neg,-3.305,1,0.98,0.02,-2,2.0,0.98,2.0,up,4
2015-08-24,-3,ext_neg,-5.49,2,0.98,0.02,-2,3.0,0.98,2.0,up,3
2015-08-25,-3,ext_neg,-5.532,3,0.98,0.02,-2,3.0,0.98,2.0,up,2
2015-08-26,-3,ext_neg,-3.064,4,0.98,0.02,-2,2.0,0.98,2.0,up,1
2015-08-27,-2,negative,-1.558,1,0.637,0.363,-1,2.0,0.687,2.0,down,3
2015-08-28,-2,negative,-1.406,2,0.711,0.289,-1,2.0,0.687,2.0,down,2
2015-08-31,-2,negative,-1.679,3,0.574,0.426,-1,2.0,0.687,2.0,down,1
2015-09-01,-3,ext_neg,-3.052,1,0.98,0.02,-2,2.0,0.98,2.0,up,1
2015-09-02,-2,negative,-1.834,1,0.481,0.519,-3,2.0,0.681,2.0,down,2
2015-09-03,-2,negative,-1.623,2,0.597,0.403,-1,2.0,0.681,2.0,down,1
2015-09-04,-3,ext_neg,-2.213,1,0.98,0.02,-2,2.0,0.98,2.0,up,1
2015-09-08,-1,mild_neg,-0.746,1,0.51,0.49,1,2.0,0.669,2.0,down,1
2015-09-09,-2,negative,-1.261,1,0.768,0.232,-1,2.0,0.677,2.0,up,1
2015-09-10,-1,mild_neg,-0.81,1,0.47,0.53,-2,2.0,0.667,2.0,up,3
2015-09-11,-1,mild_neg,-0.424,2,0.687,0.313,1,2.0,0.667,2.0,up,2
2015-09-14,-1,mild_neg,-0.441,3,0.679,0.321,1,2.0,0.667,2.0,up,1
2015-09-15,1,mild_pos,0.345,1,0.153,0.847,-1,4.0,0.247,3.0,down,3
2015-09-16,1,mild_pos,0.901,2,0.454,0.546,-1,3.0,0.247,3.0,down,2
2015-09-17,1,mild_pos,0.896,3,0.451,0.549,-1,4.0,0.247,3.0,down,1
2015-09-18,-1,mild_neg,-0.081,1,0.83,0.17,1,2.0,0.667,2.0,up,1
2015-09-21,1,mild_pos,0.197,1,0.109,0.891,-1,4.0,0.247,3.0,down,1
2015-09-22,-1,mild_neg,-0.522,1,0.639,0.361,1,2.0,0.669,2.0,down,4
2015-09-23,-1,mild_neg,-0.686,2,0.549,0.451,1,2.0,0.669,2.0,down,3
2015-09-24,-1,mild_neg,-0.85,3,0.455,0.545,-2,2.0,0.669,2.0,down,2
2015-09-25,-1,mild_neg,-0.779,4,0.496,0.504,-2,2.0,0.669,2.0,down,1
2015-09-28,-2,negative,-1.932,1,0.418,0.582,-3,2.0,0.678,2.0,up,2
2015-09-29,-2,negative,-1.765,2,0.513,0.487,-1,2.0,0.678,2.0,up,1
2015-09-30,-1,mild_neg,-0.819,1,0.463,0.537,-2,2.0,0.667,2.0,up,2
2015-10-01,-1,mild_neg,-0.645,2,0.568,0.432,1,2.0,0.667,2.0,up,1
2015-10-02,1,mild_pos,0.104,1,0.086,0.914,-1,4.0,0.247,3.0,up,3
2015-10-05,1,mild_pos,0.898,2,0.447,0.553,-1,3.0,0.247,3.0,up,2
2015-10-06,1,mild_pos,0.727,3,0.337,0.663,-1,4.0,0.247,3.0,up,1
2015-10-07,2,positive,1.067,1,0.035,0.965,1,3.0,0.118,2.0,down,5
2015-10-08,2,positive,1.432,2,0.137,0.863,1,3.0,0.118,2.0,down,4
2015-10-09,2,positive,1.399,3,0.122,0.878,1,2.0,0.118,2.0,down,3
2015-10-12,2,positive,1.375,4,0.112,0.888,1,2.0,0.118,2.0,down,2
2015-10-13,2,positive,1.046,5,0.032,0.968,1,4.0,0.118,2.0,down,1
2015-10-14,1,mild_pos,0.827,1,0.403,0.597,-1,3.0,0.253,3.0,up,1
2015-10-15,2,positive,1.53,1,0.195,0.805,1,3.0,0.118,2.0,up,6
2015-10-16,2,positive,1.662,2,0.295,0.705,1,3.0,0.118,2.0,up,5
2015-10-19,2,positive,1.609,3,0.251,0.749,1,2.0,0.118,2.0,up,4
2015-10-20,2,positive,1.445,4,0.145,0.855,1,2.0,0.118,2.0,up,3
2015-10-21,2,positive,1.046,5,0.031,0.969,1,4.0,0.118,2.0,up,2
2015-10-22,2,positive,1.717,6,0.344,0.656,1,5.0,0.118,2.0,up,1
2015-10-26,2,positive,1.698,1,0.35,0.65,1,3.0,0.129,2.0,down,9
2015-10-27,2,positive,1.375,2,0.124,0.876,1,3.0,0.129,2.0,down,8
2015-10-28,2,positive,1.707,3,0.358,0.642,1,2.5,0.129,2.0,down,7
2015-10-29,2,positive,1.477,4,0.178,0.822,1,2.0,0.129,2.0,down,6
2015-10-30,2,positive,1.113,5,0.046,0.954,1,3.0,0.129,2.0,down,5
2015-11-02,2,positive,1.539,6,0.218,0.782,1,5.0,0.129,2.0,down,4
2015-11-03,2,positive,1.521,7,0.206,0.794,1,4.0,0.129,2.0,down,3
2015-11-04,2,positive,1.248,8,0.077,0.923,1,3.0,0.129,2.0,down,2
2015-11-05,2,positive,1.1,9,0.044,0.956,1,2.0,0.129,2.0,down,1
2015-11-06,1,mild_pos,0.976,1,0.506,0.494,2,3.0,0.255,3.0,down,4
2015-11-09,1,mild_pos,0.436,2,0.196,0.804,-1,3.0,0.255,3.0,down,3
2015-11-10,1,mild_pos,0.454,3,0.203,0.797,-1,4.0,0.255,3.0,down,2
2015-11-11,1,mild_pos,0.153,4,0.103,0.897,-1,4.0,0.255,3.0,down,1
2015-11-12,-1,mild_neg,-0.604,1,0.596,0.404,1,2.0,0.669,2.0,down,1
2015-11-13,-2,negative,-1.19,1,0.795,0.205,-1,1.0,0.68,2.0,up,1
2015-11-16,-1,mild_neg,-0.429,1,0.691,0.309,1,2.0,0.669,2.0,up,2
2015-11-17,-1,mild_neg,-0.499,2,0.654,0.346,1,2.0,0.669,2.0,up,1
2015-11-18,1,mild_pos,0.238,1,0.122,0.878,-1,3.0,0.255,3.0,down,10
2015-11-19,1,mild_pos,0.152,2,0.099,0.901,-1,3.0,0.255,3.0,down,9
2015-11-20,1,mild_pos,0.32,3,0.149,0.851,-1,4.0,0.255,3.0,down,8
2015-11-23,1,mild_pos,0.235,4,0.121,0.879,-1,4.0,0.255,3.0,down,7
2015-11-24,1,mild_pos,0.271,5,0.132,0.868,-1,7.0,0.255,3.0,down,6
2015-11-25,1,mild_pos,0.259,6,0.129,0.871,-1,6.0,0.255,3.0,down,5
2015-11-27,1,mild_pos,0.31,7,0.146,0.854,-1,7.0,0.255,3.0,down,4
2015-11-30,1,mild_pos,0.082,8,0.083,0.917,-1,6.5,0.255,3.0,down,3
2015-12-01,1,mild_pos,0.579,9,0.264,0.736,-1,6.0,0.255,3.0,down,2
2015-12-02,1,mild_pos,0.069,10,0.08,0.92,-1,6.0,0.255,3.0,down,1
2015-12-03,-1,mild_neg,-0.624,1,0.586,0.414,1,2.0,0.671,2.0,up,1
2015-12-04,1,mild_pos,0.412,1,0.181,0.819,-1,3.0,0.253,3.0,down,2
2015-12-07,1,mild_pos,0.112,2,0.086,0.914,-1,3.0,0.253,3.0,down,1
2015-12-08,-1,mild_neg,-0.233,1,0.783,0.217,1,2.0,0.671,2.0,down,3
2015-12-09,-1,mild_neg,-0.61,2,0.593,0.407,1,2.0,0.671,2.0,down,2
2015-12-10,-1,mild_neg,-0.447,3,0.683,0.317,1,1.5,0.671,2.0,down,1
2015-12-11,-2,negative,-1.462,1,0.68,0.32,-1,1.0,0.681,2.0,up,2
2015-12-14,-2,negative,-1.19,2,0.796,0.204,-1,2.0,0.681,2.0,up,1
2015-12-15,-1,mild_neg,-0.622,1,0.583,0.417,1,2.0,0.667,2.0,up,1
2015-12-16,1,mild_pos,0.117,1,0.087,0.913,-1,3.0,0.251,3.0,down,1
2015-12-17,-1,mild_neg,-0.651,1,0.569,0.431,1,2.0,0.669,2.0,down,1
2015-12-18,-2,negative,-1.834,1,0.483,0.517,-3,1.0,0.683,2.0,up,2
2015-12-21,-2,negative,-1.292,2,0.759,0.241,-1,2.0,0.683,2.0,up,1
2015-12-22,-1,mild_neg,-0.729,1,0.522,0.478,1,2.0,0.669,2.0,up,4
2015-12-23,-1,mild_neg,-0.026,2,0.853,0.147,1,2.0,0.669,2.0,up,3
2015-12-24,-1,mild_neg,-0.067,3,0.84,0.16,1,2.0,0.669,2.0,up,2
2015-12-28,-1,mild_neg,-0.133,4,0.818,0.182,1,2.0,0.669,2.0,up,1
2015-12-29,1,mild_pos,0.448,1,0.196,0.804,-1,3.0,0.251,3.0,down,2
2015-12-30,1,mild_pos,0.132,2,0.09,0.91,-1,3.0,0.251,3.0,down,1
2015-12-31,-1,mild_neg,-0.345,1,0.731,0.269,1,2.0,0.669,2.0,down,1
2016-01-04,-2,negative,-1.045,1,0.845,0.155,-1,1.0,0.684,2.0,up,1
2016-01-05,-1,mild_neg,-0.843,1,0.447,0.553,-2,2.0,0.667,2.0,down,1
2016-01-06,-2,negative,-1.402,1,0.713,0.287,-1,1.0,0.685,2.0,down,1
2016-01-07,-3,ext_neg,-2.534,1,0.98,0.02,-2,2.0,0.98,2.0,up,10
2016-01-08,-3,ext_neg,-2.917,2,0.98,0.02,-2,3.0,0.98,2.0,up,9
2016-01-11,-3,ext_neg,-2.65,3,0.98,0.02,-2,3.0,0.98,2.0,up,8
2016-01-12,-3,ext_neg,-2.095,4,0.98,0.02,-2,2.0,0.98,2.0,up,7
2016-01-13,-3,ext_neg,-3.195,5,0.98,0.02,-2,2.0,0.98,2.0,up,6
2016-01-14,-3,ext_neg,-2.151,6,0.98,0.02,-2,2.5,0.98,2.0,up,5
2016-01-15,-3,ext_neg,-2.966,7,0.98,0.02,-2,2.0,0.98,2.0,up,4
2016-01-19,-3,ext_neg,-2.648,8,0.98,0.02,-2,2.5,0.98,2.0,up,3
2016-01-20,-3,ext_neg,-3.068,9,0.98,0.02,-2,3.0,0.98,2.0,up,2
2016-01-21,-3,ext_neg,-2.575,10,0.98,0.02,-2,2.0,0.98,2.0,up,1
2016-01-22,-2,negative,-1.421,1,0.702,0.298,-1,1.0,0.683,2.0,up,4
2016-01-25,-2,negative,-1.918,2,0.439,0.561,-3,2.0,0.683,2.0,up,3
2016-01-26,-2,negative,-1.078,3,0.834,0.166,-1,1.5,0.683,2.0,up,2
2016-01-27,-2,negative,-1.385,4,0.718,0.282,-1,2.0,0.683,2.0,up,1
2016-01-28,-1,mild_neg,-0.915,1,0.4,0.6,-2,2.0,0.667,2.0,up,1
2016-01-29,1,mild_pos,0.349,1,0.155,0.845,-1,3.0,0.251,3.0,down,2
2016-02-01,1,mild_pos,0.453,2,0.198,0.802,-1,3.0,0.251,3.0,down,1
2016-02-02,-1,mild_neg,-0.252,1,0.774,0.226,1,2.0,0.667,2.0,up,1
2016-02-03,1,mild_pos,0.145,1,0.092,0.908,-1,3.0,0.249,3.0,down,2
2016-02-04,1,mild_pos,0.304,2,0.137,0.863,-1,3.0,0.249,3.0,down,1
2016-02-05,-1,mild_neg,-0.51,1,0.643,0.357,1,2.0,0.667,2.0,down,1
2016-02-08,-2,negative,-1.065,1,0.84,0.16,-1,1.0,0.687,2.0,up,1
2016-02-09,-1,mild_neg,-0.978,1,0.352,0.648,-2,2.0,0.665,2.0,down,2
2016-02-10,-1,mild_neg,-0.915,2,0.39,0.61,-2,2.0,0.665,2.0,down,1
2016-02-11,-2,negative,-1.454,1,0.69,0.31,-1,1.0,0.687,2.0,up,1
2016-02-12,-1,mild_neg,-0.433,1,0.682,0.318,1,2.0,0.661,2.0,up,1
2016-02-16,1,mild_pos,0.313,1,0.138,0.862,-1,3.0,0.247,3.0,up,4
2016-02-17,1,mild_pos,0.989,2,0.531,0.469,2,3.0,0.247,3.0,up,3
2016-02-18,1,mild_pos,0.728,3,0.347,0.653,-1,4.0,0.247,3.0,up,2
2016-02-19,1,mild_pos,0.644,4,0.295,0.705,-1,3.0,0.247,3.0,up,1
2016-02-22,2,positive,1.243,1,0.076,0.924,1,3.0,0.129,2.0,down,1
2016-02-23,1,mild_pos,0.614,1,0.285,0.715,-1,3.0,0.255,3.0,up,2
2016-02-24,1,mild_pos,0.786,2,0.396,0.604,-1,3.0,0.255,3.0,up,1
2016-02-25,2,positive,1.242,1,0.075,0.925,1,3.0,0.129,2.0,down,2
2016-02-26,2,positive,1.068,2,0.039,0.961,1,3.0,0.129,2.0,down,1
2016-02-29,1,mild_pos,0.714,1,0.352,0.648,-1,3.0,0.257,3.0,up,1
2016-03-01,2,positive,1.703,1,0.345,0.655,1,3.0,0.129,2.0,down,15
2016-03-02,2,positive,1.789,2,0.428,0.572,1,3.0,0.129,2.0,down,14
2016-03-03,2,positive,1.851,3,0.49,0.51,1,3.0,0.129,2.0,down,13
2016-03-04,2,positive,1.88,4,0.52,0.48,3,2.0,0.129,2.0,down,12
2016-03-07,2,positive,1.761,5,0.4,0.6,1,3.5,0.129,2.0,down,11
2016-03-08,2,positive,1.133,6,0.05,0.95,1,4.5,0.129,2.0,down,10
2016-03-09,2,positive,1.187,7,0.061,0.939,1,4.0,0.129,2.0,down,9
2016-03-10,2,positive,1.06,8,0.037,0.963,1,3.0,0.129,2.0,down,8
2016-03-11,2,positive,1.524,9,0.203,0.797,1,2.0,0.129,2.0,down,7
2016-03-14,2,positive,1.292,10,0.091,0.909,1,2.0,0.129,2.0,down,6
2016-03-15,2,positive,1.086,11,0.041,0.959,1,3.0,0.129,2.0,down,5
2016-03-16,2,positive,1.217,12,0.068,0.932,1,2.5,0.129,2.0,down,4
2016-03-17,2,positive,1.348,13,0.111,0.889,1,2.0,0.129,2.0,down,3
2016-03-18,2,positive,1.159,14,0.055,0.945,1,2.0,0.129,2.0,down,2
2016-03-21,2,positive,1.111,15,0.046,0.954,1,2.0,0.129,2.0,down,1
2016-03-22,1,mild_pos,0.955,1,0.53,0.47,2,3.0,0.259,3.0,down,11
2016-03-23,1,mild_pos,0.564,2,0.26,0.74,-1,3.0,0.259,3.0,down,10
2016-03-24,1,mild_pos,0.463,3,0.206,0.794,-1,3.0,0.259,3.0,down,9
2016-03-28,1,mild_pos,0.401,4,0.178,0.822,-1,3.0,0.259,3.0,down,8
2016-03-29,1,mild_pos,0.673,5,0.327,0.673,-1,5.0,0.259,3.0,down,7
2016-03-30,1,mild_pos,0.776,6,0.398,0.602,-1,4.0,0.259,3.0,down,6
2016-03-31,1,mild_pos,0.603,7,0.283,0.717,-1,5.5,0.259,3.0,down,5
2016-04-01,1,mild_pos,0.818,8,0.428,0.572,-1,6.0,0.259,3.0,down,4
2016-04-04,1,mild_pos,0.617,9,0.292,0.708,-1,5.5,0.259,3.0,down,3
2016-04-05,1,mild_pos,0.147,10,0.092,0.908,-1,6.0,0.259,3.0,down,2
2016-04-06,1,mild_pos,0.53,11,0.241,0.759,-1,5.0,0.259,3.0,down,1
2016-04-07,-1,mild_neg,-0.037,1,0.855,0.145,1,2.0,0.663,2.0,up,1
2016-04-08,1,mild_pos,0.027,1,0.063,0.937,-1,3.0,0.245,3.0,down,1
2016-04-11,-1,mild_neg,-0.089,1,0.84,0.16,1,2.0,0.665,2.0,up,1
2016-04-12,1,mild_pos,0.277,1,0.123,0.877,-1,3.0,0.245,3.0,down,13
2016-04-13,1,mild_pos,0.646,2,0.292,0.708,-1,3.0,0.245,3.0,down,12
2016-04-14,1,mild_pos,0.599,3,0.264,0.736,-1,3.0,0.245,3.0,down,11
2016-04-15,1,mild_pos,0.519,4,0.221,0.779,-1,3.5,0.245,3.0,down,10
2016-04-18,1,mild_pos,0.766,5,0.369,0.631,-1,5.0,0.245,3.0,down,9
2016-04-19,1,mild_pos,0.845,6,0.424,0.576,-1,4.5,0.245,3.0,down,8
2016-04-20,1,mild_pos,0.828,7,0.412,0.588,-1,5.0,0.245,3.0,down,7
2016-04-21,1,mild_pos,0.539,8,0.231,0.769,-1,5.5,0.245,3.0,down,6
2016-04-22,1,mild_pos,0.479,9,0.202,0.798,-1,5.0,0.245,3.0,down,5
2016-04-25,1,mild_pos,0.349,10,0.147,0.853,-1,6.0,0.245,3.0,down,4
2016-04-26,1,mild_pos,0.374,11,0.157,0.843,-1,5.0,0.245,3.0,down,3
2016-04-27,1,mild_pos,0.427,12,0.179,0.821,-1,7.0,0.245,3.0,down,2
2016-04-28,1,mild_pos,0.016,13,0.061,0.939,-1,6.0,0.245,3.0,down,1
2016-04-29,-1,mild_neg,-0.212,1,0.793,0.207,1,2.0,0.665,2.0,up,1
2016-05-02,1,mild_pos,0.112,1,0.071,0.929,-1,3.0,0.239,3.0,down,1
2016-05-03,-1,mild_neg,-0.287,1,0.76,0.24,1,2.0,0.665,2.0,up,5
2016-05-04,-1,mild_neg,-0.516,2,0.637,0.363,1,2.0,0.665,2.0,up,4
2016-05-05,-1,mild_neg,-0.535,3,0.625,0.375,1,1.0,0.665,2.0,up,3
2016-05-06,-1,mild_neg,-0.388,4,0.709,0.291,1,2.0,0.665,2.0,up,2
2016-05-09,-1,mild_neg,-0.372,5,0.718,0.282,1,2.0,0.665,2.0,up,1
2016-05-10,1,mild_pos,0.137,1,0.076,0.924,-1,3.0,0.237,3.0,down,1
2016-05-11,-1,mild_neg,-0.254,1,0.782,0.218,1,2.0,0.671,2.0,up,9
2016-05-12,-1,mild_neg,-0.226,2,0.794,0.206,1,2.0,0.671,2.0,up,8
2016-05-13,-1,mild_neg,-0.576,3,0.607,0.393,1,1.0,0.671,2.0,up,7
2016-05-16,-1,mild_neg,-0.123,4,0.835,0.165,1,2.0,0.671,2.0,up,6
2016-05-17,-1,mild_neg,-0.477,5,0.667,0.333,1,2.0,0.671,2.0,up,5
2016-05-18,-1,mild_neg,-0.41,6,0.705,0.295,1,1.0,0.671,2.0,up,4
2016-05-19,-1,mild_neg,-0.511,7,0.647,0.353,1,3.5,0.671,2.0,up,3
2016-05-20,-1,mild_neg,-0.201,8,0.805,0.195,1,2.5,0.671,2.0,up,2
2016-05-23,-1,mild_neg,-0.224,9,0.795,0.205,1,1.5,0.671,2.0,up,1
2016-05-24,1,mild_pos,0.343,1,0.133,0.867,-1,3.0,0.235,3.0,down,13
2016-05-25,1,mild_pos,0.632,2,0.273,0.727,-1,3.0,0.235,3.0,down,12
2016-05-26,1,mild_pos,0.625,3,0.269,0.731,-1,3.5,0.235,3.0,down,11
2016-05-27,1,mild_pos,0.765,4,0.363,0.637,-1,4.0,0.235,3.0,down,10
2016-05-31,1,mild_pos,0.665,5,0.294,0.706,-1,5.0,0.235,3.0,down,9
2016-06-01,1,mild_pos,0.709,6,0.323,0.677,-1,5.0,0.235,3.0,down,8
2016-06-02,1,mild_pos,0.776,7,0.37,0.63,-1,5.5,0.235,3.0,down,7
2016-06-03,1,mild_pos,0.595,8,0.251,0.749,-1,5.0,0.235,3.0,down,6
2016-06-06,1,mild_pos,0.751,9,0.353,0.647,-1,4.5,0.235,3.0,down,5
2016-06-07,1,mild_pos,0.757,10,0.357,0.643,-1,5.5,0.235,3.0,down,4
2016-06-08,1,mild_pos,0.853,11,0.428,0.572,-1,5.0,0.235,3.0,down,3
2016-06-09,1,mild_pos,0.739,12,0.344,0.656,-1,5.5,0.235,3.0,down,2
2016-06-10,1,mild_pos,0.302,13,0.119,0.881,-1,6.0,0.235,3.0,down,1
2016-06-13,-1,mild_neg,-0.066,1,0.86,0.14,1,2.0,0.677,2.0,up,8
2016-06-14,-1,mild_neg,-0.164,2,0.825,0.175,1,2.0,0.677,2.0,up,7
2016-06-15,-1,mild_neg,-0.254,3,0.788,0.212,1,1.5,0.677,2.0,up,6
2016-06-16,-1,mild_neg,-0.161,4,0.827,0.173,1,2.0,0.677,2.0,up,5
2016-06-17,-1,mild_neg,-0.57,5,0.613,0.387,1,2.0,0.677,2.0,up,4
2016-06-20,-1,mild_neg,-0.317,6,0.758,0.242,1,2.0,0.677,2.0,up,3
2016-06-21,-1,mild_neg,-0.228,7,0.799,0.201,1,3.0,0.677,2.0,up,2
2016-06-22,-1,mild_neg,-0.3,8,0.766,0.234,1,2.0,0.677,2.0,up,1
2016-06-23,1,mild_pos,0.238,1,0.091,0.909,-1,3.0,0.209,3.0,down,1
2016-06-24,-2,negative,-1.279,1,0.767,0.233,-1,1.0,0.688,2.0,up,3
2016-06-27,-2,negative,-1.952,2,0.427,0.573,-3,2.0,0.688,2.0,up,2
2016-06-28,-2,negative,-1.096,3,0.832,0.168,-1,1.0,0.688,2.0,up,1
2016-06-29,-1,mild_neg,-0.333,1,0.757,0.243,1,2.0,0.687,2.0,up,1
2016-06-30,1,mild_pos,0.255,1,0.095,0.905,-1,3.0,0.209,3.0,up,6
2016-07-01,1,mild_pos,0.347,2,0.121,0.879,-1,3.0,0.209,3.0,up,5
2016-07-05,1,mild_pos,0.073,3,0.057,0.943,-1,4.0,0.209,3.0,up,4
2016-07-06,1,mild_pos,0.345,4,0.12,0.88,-1,4.0,0.209,3.0,up,3
2016-07-07,1,mild_pos,0.348,5,0.121,0.879,-1,5.5,0.209,3.0,up,2
2016-07-08,1,mild_pos,0.958,6,0.459,0.541,-1,5.5,0.209,3.0,up,1
2016-07-11,2,positive,1.068,1,0.041,0.959,1,3.0,0.129,2.0,down,8
2016-07-12,2,positive,1.299,2,0.094,0.906,1,3.0,0.129,2.0,down,7
2016-07-13,2,positive,1.224,3,0.072,0.928,1,3.0,0.129,2.0,down,6
2016-07-14,2,positive,1.364,4,0.117,0.883,1,2.0,0.129,2.0,down,5
2016-07-15,2,positive,1.234,5,0.075,0.925,1,4.0,0.129,2.0,down,4
2016-07-18,2,positive,1.243,6,0.077,0.923,1,5.0,0.129,2.0,down,3
2016-07-19,2,positive,1.119,7,0.049,0.951,1,4.0,0.129,2.0,down,2
2016-07-20,2,positive,1.202,8,0.067,0.933,1,3.0,0.129,2.0,down,1
2016-07-21,1,mild_pos,0.97,1,0.464,0.536,-1,3.0,0.221,3.0,up,1
2016-07-22,2,positive,1.088,1,0.044,0.956,1,3.0,0.129,2.0,down,1
2016-07-25,1,mild_pos,0.849,1,0.389,0.611,-1,3.0,0.223,3.0,down,23
2016-07-26,1,mild_pos,0.703,2,0.299,0.701,-1,3.0,0.223,3.0,down,22
2016-07-27,1,mild_pos,0.533,3,0.211,0.789,-1,4.0,0.223,3.0,down,21
2016-07-28,1,mild_pos,0.483,4,0.189,0.811,-1,4.0,0.223,3.0,down,20
2016-07-29,1,mild_pos,0.476,5,0.186,0.814,-1,5.0,0.223,3.0,down,19
2016-08-01,1,mild_pos,0.375,6,0.148,0.852,-1,5.5,0.223,3.0,down,18
2016-08-02,1,mild_pos,0.043,7,0.065,0.935,-1,6.0,0.223,3.0,down,17
2016-08-03,1,mild_pos,0.101,8,0.075,0.925,-1,5.0,0.223,3.0,down,16
2016-08-04,1,mild_pos,0.079,9,0.071,0.929,-1,4.0,0.223,3.0,down,15
2016-08-05,1,mild_pos,0.361,10,0.143,0.857,-1,5.0,0.223,3.0,down,14
2016-08-08,1,mild_pos,0.293,11,0.121,0.879,-1,4.5,0.223,3.0,down,13
2016-08-09,1,mild_pos,0.286,12,0.12,0.88,-1,4.0,0.223,3.0,down,12
2016-08-10,1,mild_pos,0.159,13,0.087,0.913,-1,6.0,0.223,3.0,down,11
2016-08-11,1,mild_pos,0.325,14,0.131,0.869,-1,5.0,0.223,3.0,down,10
2016-08-12,1,mild_pos,0.265,15,0.113,0.887,-1,4.5,0.223,3.0,down,9
2016-08-15,1,mild_pos,0.357,16,0.142,0.858,-1,6.5,0.223,3.0,down,8
2016-08-16,1,mild_pos,0.128,17,0.081,0.919,-1,5.5,0.223,3.0,down,7
2016-08-17,1,mild_pos,0.193,18,0.095,0.905,-1,4.5,0.223,3.0,down,6
2016-08-18,1,mild_pos,0.261,19,0.112,0.888,-1,8.5,0.223,3.0,down,5
2016-08-19,1,mild_pos,0.189,20,0.094,0.906,-1,10.0,0.223,3.0,down,4
2016-08-22,1,mild_pos,0.169,21,0.09,0.91,-1,9.0,0.223,3.0,down,3
2016-08-23,1,mild_pos,0.231,22,0.104,0.896,-1,8.0,0.223,3.0,down,2
2016-08-24,1,mild_pos,0.007,23,0.059,0.941,-1,7.0,0.223,3.0,down,1
2016-08-25,-1,mild_neg,-0.031,1,0.875,0.125,1,2.0,0.687,2.0,up,2
2016-08-26,-1,mild_neg,-0.116,2,0.848,0.152,1,2.0,0.687,2.0,up,1
2016-08-29,1,mild_pos,0.087,1,0.069,0.931,-1,3.0,0.223,3.0,down,1
2016-08-30,-1,mild_neg,-0.013,1,0.881,0.119,1,2.0,0.687,2.0,up,3
2016-08-31,-1,mild_neg,-0.158,2,0.833,0.167,1,2.0,0.687,2.0,up,2
2016-09-01,-1,mild_neg,-0.167,3,0.83,0.17,1,2.0,0.687,2.0,up,1
2016-09-02,1,mild_pos,0.04,1,0.061,0.939,-1,3.0,0.223,3.0,down,4
2016-09-06,1,mild_pos,0.172,2,0.087,0.913,-1,3.0,0.223,3.0,down,3
2016-09-07,1,mild_pos,0.16,3,0.085,0.915,-1,4.0,0.223,3.0,down,2
2016-09-08,1,mild_pos,0.043,4,0.062,0.938,-1,4.0,0.223,3.0,down,1
2016-09-09,-2,negative,-1.077,1,0.838,0.162,-1,1.0,0.691,2.0,up,1
2016-09-12,-1,mild_neg,-0.357,1,0.744,0.256,1,2.0,0.687,2.0,down,1
2016-09-13,-2,negative,-1.0,1,0.86,0.14,-1,1.0,0.691,2.0,up,1
2016-09-14,-1,mild_neg,-0.964,1,0.353,0.647,-2,2.0,0.685,2.0,up,6
2016-09-15,-1,mild_neg,-0.442,2,0.695,0.305,1,2.0,0.685,2.0,up,5
2016-09-16,-1,mild_neg,-0.815,3,0.45,0.55,-2,2.0,0.685,2.0,up,4
2016-09-19,-1,mild_neg,-0.747,4,0.497,0.503,-2,2.0,0.685,2.0,up,3
2016-09-20,-1,mild_neg,-0.686,5,0.538,0.462,1,2.0,0.685,2.0,up,2
2016-09-21,-1,mild_neg,-0.109,6,0.85,0.15,1,2.0,0.685,2.0,up,1
2016-09-22,1,mild_pos,0.2,1,0.093,0.907,-1,3.0,0.223,3.0,down,1
2016-09-23,-1,mild_neg,-0.045,1,0.867,0.133,1,2.0,0.685,2.0,up,3
2016-09-26,-1,mild_neg,-0.404,2,0.717,0.283,1,2.0,0.685,2.0,up,2
2016-09-27,-1,mild_neg,-0.073,3,0.858,0.142,1,2.0,0.685,2.0,up,1
2016-09-28,1,mild_pos,0.18,1,0.088,0.912,-1,3.0,0.223,3.0,down,1
2016-09-29,-1,mild_neg,-0.229,1,0.803,0.197,1,2.0,0.691,2.0,up,1
2016-09-30,1,mild_pos,0.148,1,0.08,0.92,-1,3.0,0.223,3.0,down,2
2016-10-03,1,mild_pos,0.061,2,0.063,0.937,-1,3.0,0.223,3.0,down,1
2016-10-04,-1,mild_neg,-0.141,1,0.837,0.163,1,2.0,0.693,2.0,up,1
2016-10-05,1,mild_pos,0.115,1,0.073,0.927,-1,3.0,0.223,3.0,down,2
2016-10-06,1,mild_pos,0.181,2,0.087,0.913,-1,3.0,0.223,3.0,down,1
2016-10-07,-1,mild_neg,-0.008,1,0.879,0.121,1,2.0,0.693,2.0,up,1
2016-10-10,1,mild_pos,0.249,1,0.105,0.895,-1,3.0,0.223,2.5,down,1
2016-10-11,-1,mild_neg,-0.381,1,0.733,0.267,1,2.0,0.693,2.0,up,9
2016-10-12,-1,mild_neg,-0.323,2,0.762,0.238,1,2.0,0.693,2.0,up,8
2016-10-13,-1,mild_neg,-0.462,3,0.69,0.31,1,2.0,0.693,2.0,up,7
2016-10-14,-1,mild_neg,-0.434,4,0.705,0.295,1,2.0,0.693,2.0,up,6
2016-10-17,-1,mild_neg,-0.597,5,0.61,0.39,1,2.0,0.693,2.0,up,5
2016-10-18,-1,mild_neg,-0.287,6,0.778,0.222,1,2.0,0.693,2.0,up,4
2016-10-19,-1,mild_neg,-0.137,7,0.839,0.161,1,2.5,0.693,2.0,up,3
2016-10-20,-1,mild_neg,-0.193,8,0.818,0.182,1,2.0,0.693,2.0,up,2
2016-10-21,-1,mild_neg,-0.146,9,0.835,0.165,1,1.5,0.693,2.0,up,1
2016-10-24,1,mild_pos,0.061,1,0.062,0.938,-1,3.0,0.223,2.5,down,1
2016-10-25,-1,mild_neg,-0.093,1,0.853,0.147,1,2.0,0.693,2.0,down,7
2016-10-26,-1,mild_neg,-0.161,2,0.83,0.17,1,2.0,0.693,2.0,down,6
2016-10-27,-1,mild_neg,-0.282,3,0.781,0.219,1,2.0,0.693,2.0,down,5
2016-10-28,-1,mild_neg,-0.391,4,0.728,0.272,1,2.0,0.693,2.0,down,4
2016-10-31,-1,mild_neg,-0.351,5,0.749,0.251,1,2.0,0.693,2.0,down,3
2016-11-01,-1,mild_neg,-0.689,6,0.553,0.447,1,2.5,0.693,2.0,down,2
2016-11-02,-1,mild_neg,-0.937,7,0.394,0.606,-2,2.0,0.693,2.0,down,1
2016-11-03,-2,negative,-1.093,1,0.835,0.165,-1,1.0,0.692,2.0,up,2
2016-11-04,-2,negative,-1.073,2,0.841,0.159,-1,2.0,0.692,2.0,up,1
2016-11-07,1,mild_pos,0.113,1,0.072,0.928,-1,3.0,0.223,2.0,up,6
2016-11-08,1,mild_pos,0.341,2,0.134,0.866,-1,3.0,0.223,2.0,up,5
2016-11-09,1,mild_pos,0.857,3,0.426,0.574,-1,4.0,0.223,2.0,up,4
2016-11-10,1,mild_pos,0.939,4,0.487,0.513,-1,4.0,0.223,2.0,up,3
2016-11-11,1,mild_pos,0.779,5,0.369,0.631,-1,5.0,0.223,2.0,up,2
2016-11-14,1,mild_pos,0.768,6,0.361,0.639,-1,5.5,0.223,2.0,up,1
2016-11-15,2,positive,1.111,1,0.047,0.953,1,3.0,0.129,2.0,down,1
2016-11-16,1,mild_pos,0.971,1,0.521,0.479,2,3.0,0.235,2.0,up,1
2016-11-17,2,positive,1.173,1,0.059,0.941,1,3.0,0.129,2.0,down,8
2016-11-18,2,positive,1.003,2,0.031,0.969,1,3.0,0.129,2.0,down,7
2016-11-21,2,positive,1.322,3,0.101,0.899,1,3.0,0.129,2.0,down,6
2016-11-22,2,positive,1.341,4,0.108,0.892,1,2.5,0.129,2.0,down,5
2016-11-23,2,positive,1.283,5,0.088,0.912,1,3.5,0.129,2.0,down,4
2016-11-25,2,positive,1.368,6,0.119,0.881,1,4.5,0.129,2.0,down,3
2016-11-28,2,positive,1.035,7,0.035,0.965,1,4.0,0.129,2.0,down,2
2016-11-29,2,positive,1.034,8,0.035,0.965,1,3.0,0.129,2.0,down,1
2016-11-30,1,mild_pos,0.802,1,0.401,0.599,-1,3.0,0.237,2.0,up,5
2016-12-01,1,mild_pos,0.5,2,0.213,0.787,-1,3.0,0.237,2.0,up,4
2016-12-02,1,mild_pos,0.397,3,0.166,0.834,-1,3.0,0.237,2.0,up,3
2016-12-05,1,mild_pos,0.557,4,0.243,0.757,-1,3.5,0.237,2.0,up,2
2016-12-06,1,mild_pos,0.619,5,0.279,0.721,-1,5.0,0.237,2.0,up,1
2016-12-07,2,positive,1.154,1,0.054,0.946,1,3.0,0.129,2.0,down,5
2016-12-08,2,positive,1.174,2,0.059,0.941,1,3.0,0.129,2.0,down,4
2016-12-09,2,positive,1.362,3,0.116,0.884,1,3.0,0.129,2.0,down,3
2016-12-12,2,positive,1.191,4,0.063,0.937,1,3.0,0.129,2.0,down,2
2016-12-13,2,positive,1.394,5,0.13,0.87,1,3.0,0.129,2.0,down,1
2016-12-14,1,mild_pos,0.895,1,0.478,0.522,-1,3.0,0.247,2.0,up,1
2016-12-15,2,positive,1.003,1,0.03,0.97,1,3.0,0.129,2.0,down,1
2016-12-16,1,mild_pos,0.542,1,0.246,0.754,-1,3.0,0.249,2.0,down,7
2016-12-19,1,mild_pos,0.573,2,0.264,0.736,-1,3.0,0.249,2.0,down,6
2016-12-20,1,mild_pos,0.696,3,0.34,0.66,-1,3.0,0.249,2.0,down,5
2016-12-21,1,mild_pos,0.497,4,0.222,0.778,-1,3.0,0.249,2.0,down,4
2016-12-22,1,mild_pos,0.358,5,0.159,0.841,-1,5.0,0.249,2.0,down,3
2016-12-23,1,mild_pos,0.387,6,0.171,0.829,-1,4.5,0.249,2.0,down,2
2016-12-27,1,mild_pos,0.449,7,0.199,0.801,-1,5.5,0.249,2.0,down,1
2016-12-28,-1,mild_neg,-0.021,1,0.875,0.125,1,2.0,0.693,2.0,up,3
2016-12-29,-1,mild_neg,-0.078,2,0.857,0.143,1,2.0,0.693,2.0,up,2
2016-12-30,-1,mild_neg,-0.315,3,0.765,0.235,1,2.0,0.693,2.0,up,1
2017-01-03,1,mild_pos,0.018,1,0.064,0.936,-1,3.0,0.249,2.5,down,11
2017-01-04,1,mild_pos,0.261,2,0.124,0.876,-1,3.0,0.249,2.5,down,10
2017-01-05,1,mild_pos,0.166,3,0.096,0.904,-1,3.0,0.249,2.5,down,9
2017-01-06,1,mild_pos,0.321,4,0.145,0.855,-1,3.0,0.249,2.5,down,8
2017-01-09,1,mild_pos,0.135,5,0.089,0.911,-1,5.0,0.249,2.5,down,7
2017-01-10,1,mild_pos,0.136,6,0.089,0.911,-1,4.0,0.249,2.5,down,6
2017-01-11,1,mild_pos,0.278,7,0.13,0.87,-1,5.5,0.249,2.5,down,5
2017-01-12,1,mild_pos,0.163,8,0.095,0.905,-1,5.0,0.249,2.5,down,4
2017-01-13,1,mild_pos,0.278,9,0.129,0.871,-1,4.0,0.249,2.5,down,3
2017-01-17,1,mild_pos,0.091,10,0.079,0.921,-1,5.0,0.249,2.5,down,2
2017-01-18,1,mild_pos,0.199,11,0.105,0.895,-1,5.0,0.249,2.5,down,1
2017-01-19,-1,mild_neg,-0.02,1,0.877,0.123,1,2.0,0.695,2.0,up,1
2017-01-20,1,mild_pos,0.196,1,0.102,0.898,-1,3.0,0.249,2.5,up,15
2017-01-23,1,mild_pos,0.035,2,0.064,0.936,-1,3.0,0.249,2.5,up,14
2017-01-24,1,mild_pos,0.416,3,0.183,0.817,-1,3.0,0.249,2.5,up,13
2017-01-25,1,mild_pos,0.941,4,0.533,0.467,2,3.0,0.249,2.5,up,12
2017-01-26,1,mild_pos,0.837,5,0.453,0.547,-1,5.0,0.249,2.5,up,11
2017-01-27,1,mild_pos,0.679,6,0.336,0.664,-1,4.0,0.249,2.5,up,10
2017-01-30,1,mild_pos,0.208,7,0.105,0.895,-1,5.0,0.249,2.5,up,9
2017-01-31,1,mild_pos,0.142,8,0.087,0.913,-1,5.0,0.249,2.5,up,8
2017-02-01,1,mild_pos,0.134,9,0.085,0.915,-1,4.0,0.249,2.5,up,7
2017-02-02,1,mild_pos,0.162,10,0.092,0.908,-1,4.5,0.249,2.5,up,6
2017-02-03,1,mild_pos,0.6,11,0.283,0.717,-1,6.5,0.249,2.5,up,5
2017-02-06,1,mild_pos,0.448,12,0.198,0.802,-1,7.0,0.249,2.5,up,4
2017-02-07,1,mild_pos,0.413,13,0.181,0.819,-1,7.0,0.249,2.5,up,3
2017-02-08,1,mild_pos,0.462,14,0.205,0.795,-1,6.0,0.249,2.5,up,2
2017-02-09,1,mild_pos,0.826,15,0.444,0.556,-1,5.0,0.249,2.5,up,1
2017-02-10,2,positive,1.034,1,0.034,0.966,1,3.0,0.129,2.0,down,15
2017-02-13,2,positive,1.337,2,0.106,0.894,1,3.0,0.129,2.0,down,14
2017-02-14,2,positive,1.511,3,0.193,0.807,1,3.0,0.129,2.0,down,13
2017-02-15,2,positive,1.777,4,0.409,0.591,1,2.5,0.129,2.0,down,12
2017-02-16,2,positive,1.579,5,0.239,0.761,1,3.0,0.129,2.0,down,11
2017-02-17,2,positive,1.559,6,0.224,0.776,1,4.0,0.129,2.0,down,10
2017-02-21,2,positive,1.821,7,0.453,0.547,1,4.0,0.129,2.0,down,9
2017-02-22,2,positive,1.621,8,0.271,0.729,1,3.0,0.129,2.0,down,8
2017-02-23,2,positive,1.561,9,0.226,0.774,1,2.0,0.129,2.0,down,7
2017-02-24,2,positive,1.54,10,0.212,0.788,1,2.5,0.129,2.0,down,6
2017-02-27,2,positive,1.524,11,0.201,0.799,1,3.5,0.129,2.0,down,5
2017-02-28,2,positive,1.193,12,0.063,0.937,1,3.0,0.129,2.0,down,4
2017-03-01,2,positive,1.998,13,0.626,0.374,3,2.0,0.129,2.0,down,3
2017-03-02,2,positive,1.386,14,0.127,0.873,1,1.0,0.129,2.0,down,2
2017-03-03,2,positive,1.267,15,0.083,0.917,1,2.0,0.129,2.0,down,1
2017-03-06,1,mild_pos,0.932,1,0.535,0.465,2,3.0,0.279,3.0,down,9
2017-03-07,1,mild_pos,0.595,2,0.316,0.684,-1,3.0,0.279,3.0,down,8
2017-03-08,1,mild_pos,0.341,3,0.189,0.811,-1,3.5,0.279,3.0,down,7
2017-03-09,1,mild_pos,0.319,4,0.18,0.82,-1,3.0,0.279,3.0,down,6
2017-03-10,1,mild_pos,0.477,5,0.251,0.749,-1,5.0,0.279,3.0,down,5
2017-03-13,1,mild_pos,0.415,6,0.221,0.779,-1,4.5,0.279,3.0,down,4
2017-03-14,1,mild_pos,0.05,7,0.096,0.904,-1,5.0,0.279,3.0,down,3
2017-03-15,1,mild_pos,0.636,8,0.34,0.66,-1,5.0,0.279,3.0,down,2
2017-03-16,1,mild_pos,0.428,9,0.227,0.773,-1,4.0,0.279,3.0,down,1
2017-03-17,-1,mild_neg,-0.092,1,0.855,0.145,1,2.0,0.697,2.0,down,2
2017-03-20,-1,mild_neg,-0.208,2,0.813,0.187,1,2.0,0.697,2.0,down,1
2017-03-21,-2,negative,-1.201,1,0.801,0.199,-1,1.0,0.694,2.0,up,1
2017-03-22,-1,mild_neg,-0.98,1,0.369,0.631,-2,2.0,0.697,2.0,down,1
2017-03-23,-2,negative,-1.026,1,0.857,0.143,-1,1.0,0.694,2.0,up,3
2017-03-24,-2,negative,-1.036,2,0.854,0.146,-1,2.0,0.694,2.0,up,2
2017-03-27,-2,negative,-1.058,3,0.848,0.152,-1,1.0,0.694,2.0,up,1
2017-03-28,-1,mild_neg,-0.453,1,0.697,0.303,1,2.0,0.697,2.0,up,16
2017-03-29,-1,mild_neg,-0.306,2,0.772,0.228,1,2.0,0.697,2.0,up,15
2017-03-30,-1,mild_neg,-0.018,3,0.877,0.123,1,2.0,0.697,2.0,up,14
2017-03-31,-1,mild_neg,-0.159,4,0.832,0.168,1,2.5,0.697,2.0,up,13
2017-04-03,-1,mild_neg,-0.258,5,0.793,0.207,1,2.0,0.697,2.0,up,12
2017-04-04,-1,mild_neg,-0.181,6,0.824,0.176,1,2.0,0.697,2.0,up,11
2017-04-05,-1,mild_neg,-0.39,7,0.731,0.269,1,2.0,0.697,2.0,up,10
2017-04-06,-1,mild_neg,-0.141,8,0.838,0.162,1,1.5,0.697,2.0,up,9
2017-04-07,-1,mild_neg,-0.18,9,0.824,0.176,1,1.5,0.697,2.0,up,8
2017-04-10,-1,mild_neg,-0.09,10,0.855,0.145,1,1.0,0.697,2.0,up,7
2017-04-11,-1,mild_neg,-0.154,11,0.833,0.167,1,1.0,0.697,2.0,up,6
2017-04-12,-1,mild_neg,-0.423,12,0.714,0.286,1,1.0,0.697,2.0,up,5
2017-04-13,-1,mild_neg,-0.844,13,0.455,0.545,-2,1.0,0.697,2.0,up,4
2017-04-17,-1,mild_neg,-0.094,14,0.854,0.146,1,1.0,0.697,2.0,up,3
2017-04-18,-1,mild_neg,-0.283,15,0.782,0.218,1,1.0,0.697,2.0,up,2
2017-04-19,-1,mild_neg,-0.426,16,0.712,0.288,1,1.0,0.697,2.0,up,1
2017-04-20,1,mild_pos,0.204,1,0.132,0.868,-1,3.0,0.279,3.0,down,1
2017-04-21,-1,mild_neg,-0.06,1,0.875,0.125,1,2.0,0.709,2.0,up,1
2017-04-24,1,mild_pos,0.756,1,0.433,0.567,-1,3.0,0.279,3.0,up,1
2017-04-25,2,positive,1.134,1,0.052,0.948,1,3.0,0.127,2.0,down,3
2017-04-26,2,positive,1.032,2,0.036,0.964,1,3.0,0.127,2.0,down,2
2017-04-27,2,positive,1.047,3,0.038,0.962,1,3.0,0.127,2.0,down,1
2017-04-28,1,mild_pos,0.844,1,0.501,0.499,2,3.0,0.281,3.0,up,5
2017-05-01,1,mild_pos,0.993,2,0.609,0.391,2,3.0,0.281,3.0,up,4
2017-05-02,1,mild_pos,0.965,3,0.589,0.411,2,3.5,0.281,3.0,up,3
2017-05-03,1,mild_pos,0.818,4,0.482,0.518,-1,3.0,0.281,3.0,up,2
2017-05-04,1,mild_pos,0.845,5,0.502,0.498,2,5.0,0.281,3.0,up,1
2017-05-05,2,positive,1.084,1,0.043,0.957,1,3.0,0.127,2.0,down,1
2017-05-08,1,mild_pos,0.997,1,0.629,0.371,2,3.0,0.291,3.0,down,7
2017-05-09,1,mild_pos,0.858,2,0.526,0.474,2,3.0,0.291,3.0,down,6
2017-05-10,1,mild_pos,0.923,3,0.575,0.425,2,3.5,0.291,3.0,down,5
2017-05-11,1,mild_pos,0.672,4,0.387,0.613,-1,3.0,0.291,3.0,down,4
2017-05-12,1,mild_pos,0.429,5,0.232,0.768,-1,5.0,0.291,3.0,down,3
2017-05-15,1,mild_pos,0.775,6,0.463,0.537,-1,4.0,0.291,3.0,down,2
2017-05-16,1,mild_pos,0.598,7,0.335,0.665,-1,5.0,0.291,3.0,down,1
2017-05-17,-1,mild_neg,-0.898,1,0.42,0.58,-2,2.0,0.709,2.0,up,3
2017-05-18,-1,mild_neg,-0.595,2,0.622,0.378,1,2.0,0.709,2.0,up,2
2017-05-19,-1,mild_neg,-0.13,3,0.853,0.147,1,2.0,0.709,2.0,up,1
2017-05-22,1,mild_pos,0.243,1,0.146,0.854,-1,3.0,0.281,3.0,up,7
2017-05-23,1,mild_pos,0.398,2,0.21,0.79,-1,3.0,0.281,3.0,up,6
2017-05-24,1,mild_pos,0.552,3,0.293,0.707,-1,4.0,0.281,3.0,up,5
2017-05-25,1,mild_pos,0.887,4,0.521,0.479,2,3.0,0.281,3.0,up,4
2017-05-26,1,mild_pos,0.809,5,0.465,0.535,-1,5.0,0.281,3.0,up,3
2017-05-30,1,mild_pos,0.691,6,0.382,0.618,-1,4.0,0.281,3.0,up,2
2017-05-31,1,mild_pos,0.625,7,0.339,0.661,-1,5.0,0.281,3.0,up,1
2017-06-01,2,positive,1.188,1,0.063,0.937,1,3.0,0.127,2.0,down,3
2017-06-02,2,positive,1.366,2,0.116,0.884,1,3.0,0.127,2.0,down,2
2017-06-05,2,positive,1.234,3,0.074,0.926,1,3.0,0.127,2.0,down,1
2017-06-06,1,mild_pos,0.915,1,0.553,0.447,2,3.0,0.295,3.0,up,5
2017-06-07,1,mild_pos,0.996,2,0.609,0.391,2,3.0,0.295,3.0,up,4
2017-06-08,1,mild_pos,0.97,3,0.591,0.409,2,4.0,0.295,3.0,up,3
2017-06-09,1,mild_pos,0.779,4,0.457,0.543,-1,3.0,0.295,3.0,up,2
2017-06-12,1,mild_pos,0.689,5,0.395,0.605,-1,4.5,0.295,3.0,up,1
2017-06-13,2,positive,1.019,1,0.034,0.966,1,3.0,0.127,2.0,down,1
2017-06-14,1,mild_pos,0.846,1,0.516,0.484,2,3.0,0.299,3.0,down,5
2017-06-15,1,mild_pos,0.551,2,0.307,0.693,-1,3.0,0.299,3.0,down,4
2017-06-16,1,mild_pos,0.065,3,0.094,0.906,-1,4.0,0.299,3.0,down,3
2017-06-19,1,mild_pos,0.645,4,0.369,0.631,-1,3.0,0.299,3.0,down,2
2017-06-20,1,mild_pos,0.023,5,0.084,0.916,-1,4.5,0.299,3.0,down,1
2017-06-21,-1,mild_neg,-0.048,1,0.88,0.12,1,2.0,0.709,2.0,up,5
2017-06-22,-1,mild_neg,-0.125,2,0.856,0.144,1,2.0,0.709,2.0,up,4
2017-06-23,-1,mild_neg,-0.048,3,0.88,0.12,1,2.0,0.709,2.0,up,3
2017-06-26,-1,mild_neg,-0.02,4,0.888,0.112,1,3.0,0.709,2.0,up,2
2017-06-27,-1,mild_neg,-0.701,5,0.549,0.451,1,2.0,0.709,2.0,up,1
2017-06-28,1,mild_pos,0.017,1,0.084,0.916,-1,3.0,0.289,3.0,down,1
2017-06-29,-1,mild_neg,-0.705,1,0.548,0.452,1,2.0,0.713,2.0,up,8
2017-06-30,-1,mild_neg,-0.522,2,0.67,0.33,1,2.0,0.713,2.0,up,7
2017-07-03,-1,mild_neg,-0.343,3,0.771,0.229,1,2.0,0.713,2.0,up,6
2017-07-05,-1,mild_neg,-0.127,4,0.861,0.139,1,2.5,0.713,2.0,up,5
2017-07-06,-1,mild_neg,-0.899,5,0.412,0.588,-2,2.0,0.713,2.0,up,4
2017-07-07,-1,mild_neg,-0.283,6,0.799,0.201,1,2.5,0.713,2.0,up,3
2017-07-10,-1,mild_neg,-0.167,7,0.847,0.153,1,2.5,0.713,2.0,up,2
2017-07-11,-1,mild_neg,-0.212,8,0.83,0.17,1,2.0,0.713,2.0,up,1
2017-07-12,1,mild_pos,0.468,1,0.25,0.75,-1,3.0,0.287,3.0,up,2
2017-07-13,1,mild_pos,0.617,2,0.338,0.662,-1,3.0,0.287,3.0,up,1
2017-07-14,2,positive,1.005,1,0.032,0.968,1,3.0,0.127,2.0,down,1
2017-07-17,1,mild_pos,0.95,1,0.566,0.434,2,3.0,0.287,3.0,up,2
2017-07-18,1,mild_pos,0.988,2,0.592,0.408,2,3.0,0.287,3.0,up,1
2017-07-19,2,positive,1.42,1,0.138,0.862,1,3.0,0.127,2.0,down,7
2017-07-20,2,positive,1.395,2,0.127,0.873,1,3.0,0.127,2.0,down,6
2017-07-21,2,positive,1.247,3,0.077,0.923,1,3.0,0.127,2.0,down,5
2017-07-24,2,positive,1.162,4,0.057,0.943,1,3.0,0.127,2.0,down,4
2017-07-25,2,positive,1.323,5,0.1,0.9,1,4.0,0.127,2.0,down,3
2017-07-26,2,positive,1.214,6,0.069,0.931,1,4.5,0.127,2.0,down,2
2017-07-27,2,positive,1.061,7,0.04,0.96,1,4.0,0.127,2.0,down,1
2017-07-28,1,mild_pos,0.841,1,0.493,0.507,-1,3.0,0.287,3.0,down,9
2017-07-31,1,mild_pos,0.688,2,0.385,0.615,-1,3.0,0.287,3.0,down,8
2017-08-01,1,mild_pos,0.805,3,0.467,0.533,-1,3.5,0.287,3.0,down,7
2017-08-02,1,mild_pos,0.76,4,0.435,0.565,-1,3.0,0.287,3.0,down,6
2017-08-03,1,mild_pos,0.442,5,0.236,0.764,-1,4.5,0.287,3.0,down,5
2017-08-04,1,mild_pos,0.515,6,0.276,0.724,-1,4.0,0.287,3.0,down,4
2017-08-07,1,mild_pos,0.588,7,0.32,0.68,-1,5.0,0.287,3.0,down,3
2017-08-08,1,mild_pos,0.244,8,0.149,0.851,-1,4.5,0.287,3.0,down,2
2017-08-09,1,mild_pos,0.176,9,0.125,0.875,-1,4.0,0.287,3.0,down,1
2017-08-10,-2,negative,-1.216,1,0.799,0.201,-1,1.0,0.697,2.0,up,2
2017-08-11,-2,negative,-1.036,2,0.857,0.143,-1,2.0,0.697,2.0,up,1
2017-08-14,-1,mild_neg,-0.086,1,0.88,0.12,1,2.0,0.717,2.0,up,2
2017-08-15,-1,mild_neg,-0.114,2,0.871,0.129,1,2.0,0.717,2.0,up,1
2017-08-16,1,mild_pos,0.057,1,0.097,0.903,-1,3.5,0.271,3.0,down,1
2017-08-17,-2,negative,-1.399,1,0.725,0.275,-1,1.0,0.698,2.0,up,3
2017-08-18,-2,negative,-1.46,2,0.696,0.304,-1,2.0,0.698,2.0,up,2
2017-08-21,-2,negative,-1.298,3,0.769,0.231,-1,1.0,0.698,2.0,up,1
2017-08-22,-1,mild_neg,-0.254,1,0.819,0.181,1,2.0,0.717,2.0,up,6
2017-08-23,-1,mild_neg,-0.542,2,0.662,0.338,1,2.0,0.717,2.0,up,5
2017-08-24,-1,mild_neg,-0.703,3,0.552,0.448,1,2.0,0.717,2.0,up,4
2017-08-25,-1,mild_neg,-0.432,4,0.729,0.271,1,3.0,0.717,2.0,up,3
2017-08-28,-1,mild_neg,-0.385,5,0.755,0.245,1,2.5,0.717,2.0,up,2
2017-08-29,-1,mild_neg,-0.228,6,0.83,0.17,1,2.0,0.717,2.0,up,1
2017-08-30,1,mild_pos,0.249,1,0.15,0.85,-1,3.0,0.269,3.0,up,7
2017-08-31,1,mild_pos,0.807,2,0.434,0.566,-1,3.0,0.269,3.0,up,6
2017-09-01,1,mild_pos,0.931,3,0.515,0.485,2,4.0,0.269,3.0,up,5
2017-09-05,1,mild_pos,0.285,4,0.162,0.838,-1,3.0,0.269,3.0,up,4
2017-09-06,1,mild_pos,0.615,5,0.316,0.684,-1,4.0,0.269,3.0,up,3
2017-09-07,1,mild_pos,0.612,6,0.314,0.686,-1,4.0,0.269,3.0,up,2
2017-09-08,1,mild_pos,0.446,7,0.229,0.771,-1,4.5,0.269,3.0,up,1
2017-09-11,2,positive,1.348,1,0.109,0.891,1,3.0,0.127,2.0,down,8
2017-09-12,2,positive,1.592,2,0.234,0.766,1,3.0,0.127,2.0,down,7
2017-09-13,2,positive,1.564,3,0.216,0.784,1,3.0,0.127,2.0,down,6
2017-09-14,2,positive,1.49,4,0.172,0.828,1,3.0,0.127,2.0,down,5
2017-09-15,2,positive,1.035,5,0.036,0.964,1,3.5,0.127,2.0,down,4
2017-09-18,2,positive,1.114,6,0.048,0.952,1,4.0,0.127,2.0,down,3
2017-09-19,2,positive,1.085,7,0.043,0.957,1,4.0,0.127,2.0,down,2
2017-09-20,2,positive,1.032,8,0.036,0.964,1,3.0,0.127,2.0,down,1
2017-09-21,1,mild_pos,0.682,1,0.378,0.622,-1,4.0,0.283,3.0,up,7
2017-09-22,1,mild_pos,0.598,2,0.326,0.674,-1,3.0,0.283,3.0,up,6
2017-09-25,1,mild_pos,0.308,3,0.18,0.82,-1,4.0,0.283,3.0,up,5
2017-09-26,1,mild_pos,0.278,4,0.168,0.832,-1,3.0,0.283,3.0,up,4
2017-09-27,1,mild_pos,0.564,5,0.306,0.694,-1,4.0,0.283,3.0,up,3
2017-09-28,1,mild_pos,0.597,6,0.325,0.675,-1,4.0,0.283,3.0,up,2
2017-09-29,1,mild_pos,0.877,7,0.508,0.492,2,4.5,0.283,3.0,up,1
2017-10-02,2,positive,1.221,1,0.065,0.935,1,3.0,0.118,2.0,down,15
2017-10-03,2,positive,1.298,2,0.085,0.915,1,3.0,0.118,2.0,down,14
2017-10-04,2,positive,1.292,3,0.083,0.917,1,3.0,0.118,2.0,down,13
2017-10-05,2,positive,1.723,4,0.307,0.693,1,3.0,0.118,2.0,down,12
2017-10-06,2,positive,1.453,5,0.141,0.859,1,3.0,0.118,2.0,down,11
2017-10-09,2,positive,1.194,6,0.06,0.94,1,4.0,0.118,2.0,down,10
2017-10-10,2,positive,1.365,7,0.106,0.894,1,4.0,0.118,2.0,down,9
2017-10-11,2,positive,1.424,8,0.129,0.871,1,3.0,0.118,2.0,down,8
2017-10-12,2,positive,1.185,9,0.058,0.942,1,2.5,0.118,2.0,down,7
2017-10-13,2,positive,1.192,10,0.059,0.941,1,3.0,0.118,2.0,down,6
2017-10-16,2,positive,1.218,11,0.065,0.935,1,4.0,0.118,2.0,down,5
2017-10-17,2,positive,1.183,12,0.057,0.943,1,3.0,0.118,2.0,down,4
2017-10-18,2,positive,1.173,13,0.055,0.945,1,2.0,0.118,2.0,down,3
2017-10-19,2,positive,1.078,14,0.04,0.96,1,1.0,0.118,2.0,down,2
2017-10-20,2,positive,1.453,15,0.141,0.859,1,2.0,0.118,2.0,down,1
2017-10-23,1,mild_pos,0.916,1,0.555,0.445,2,4.0,0.295,3.0,up,4
2017-10-24,1,mild_pos,0.946,2,0.576,0.424,2,3.0,0.295,3.0,up,3
2017-10-25,1,mild_pos,0.331,3,0.198,0.802,-1,4.0,0.295,3.0,up,2
2017-10-26,1,mild_pos,0.358,4,0.21,0.79,-1,3.0,0.295,3.0,up,1
2017-10-27,2,positive,1.067,1,0.036,0.964,1,3.0,0.102,2.0,down,1
2017-10-30,1,mild_pos,0.594,1,0.341,0.659,-1,3.0,0.297,3.0,up,5
2017-10-31,1,mild_pos,0.669,2,0.392,0.608,-1,3.0,0.297,3.0,up,4
2017-11-01,1,mild_pos,0.721,3,0.428,0.572,-1,4.0,0.297,3.0,up,3
2017-11-02,1,mild_pos,0.705,4,0.416,0.584,-1,3.0,0.297,3.0,up,2
2017-11-03,1,mild_pos,0.972,5,0.609,0.391,2,4.0,0.297,3.0,up,1
2017-11-06,2,positive,1.043,1,0.033,0.967,1,3.0,0.102,2.0,down,1
2017-11-07,1,mild_pos,0.899,1,0.574,0.426,2,3.0,0.307,3.0,up,1
2017-11-08,2,positive,1.013,1,0.03,0.97,1,3.0,0.102,2.0,down,1
2017-11-09,1,mild_pos,0.553,1,0.326,0.674,-1,3.0,0.309,3.0,down,4
2017-11-10,1,mild_pos,0.451,2,0.262,0.738,-1,3.0,0.309,3.0,down,3
2017-11-13,1,mild_pos,0.488,3,0.285,0.715,-1,3.5,0.309,3.0,down,2
2017-11-14,1,mild_pos,0.18,4,0.136,0.864,-1,3.0,0.309,3.0,down,1
2017-11-15,-1,mild_neg,-0.397,1,0.749,0.251,1,2.0,0.717,2.0,up,1
2017-11-16,1,mild_pos,0.489,1,0.285,0.715,-1,3.0,0.309,3.0,up,7
2017-11-17,1,mild_pos,0.144,2,0.124,0.876,-1,3.0,0.309,3.0,up,6
2017-11-20,1,mild_pos,0.288,3,0.179,0.821,-1,3.0,0.309,3.0,up,5
2017-11-21,1,mild_pos,0.947,4,0.613,0.387,2,3.0,0.309,3.0,up,4
2017-11-22,1,mild_pos,0.756,5,0.471,0.529,-1,3.0,0.309,3.0,up,3
2017-11-24,1,mild_pos,0.916,6,0.59,0.41,2,3.0,0.309,3.0,up,2
2017-11-27,1,mild_pos,0.811,7,0.513,0.487,2,4.0,0.309,3.0,up,1
2017-11-28,2,positive,1.839,1,0.347,0.653,1,3.0,0.102,2.0,up,2
2017-11-29,2,positive,1.659,2,0.222,0.778,1,3.0,0.102,2.0,up,1
2017-12-04,2,positive,1.855,1,0.379,0.621,1,3.0,0.106,2.0,up,5
2017-12-05,2,positive,1.341,2,0.089,0.911,1,3.0,0.106,2.0,up,4
2017-12-06,2,positive,1.26,3,0.068,0.932,1,3.0,0.106,2.0,up,3
2017-12-07,2,positive,1.515,4,0.154,0.846,1,3.0,0.106,2.0,up,2
2017-12-08,2,positive,1.979,5,0.488,0.512,1,3.0,0.106,2.0,up,1
2017-12-13,2,positive,1.959,1,0.499,0.501,1,3.0,0.116,2.0,up,3
2017-12-14,2,positive,1.291,2,0.081,0.919,1,3.0,0.116,2.0,up,2
2017-12-15,2,positive,1.501,3,0.16,0.84,1,3.0,0.116,2.0,up,1
2017-12-19,2,positive,1.379,1,0.114,0.886,1,3.0,0.122,2.0,down,4
2017-12-20,2,positive,1.161,2,0.055,0.945,1,3.0,0.122,2.0,down,3
2017-12-21,2,positive,1.232,3,0.07,0.93,1,3.0,0.122,2.0,down,2
2017-12-22,2,positive,1.037,4,0.036,0.964,1,3.0,0.122,2.0,down,1
2017-12-26,1,mild_pos,0.733,1,0.466,0.534,-1,3.0,0.317,3.0,up,4
2017-12-27,1,mild_pos,0.69,2,0.434,0.566,-1,3.0,0.317,3.0,up,3
2017-12-28,1,mild_pos,0.823,3,0.536,0.464,2,3.0,0.317,3.0,up,2
2017-12-29,1,mild_pos,0.319,4,0.195,0.805,-1,3.0,0.317,3.0,up,1
2018-01-02,2,positive,1.09,1,0.043,0.957,1,3.0,0.122,2.0,up,2
2018-01-03,2,positive,1.71,2,0.301,0.699,1,3.0,0.122,2.0,up,1
2018-01-30,2,positive,1.357,1,0.11,0.89,1,3.0,0.125,2.0,down,2
2018-01-31,2,positive,1.164,2,0.059,0.941,1,3.0,0.125,2.0,down,1
2018-02-01,1,mild_pos,0.838,1,0.546,0.454,2,3.0,0.317,3.0,down,1
2018-02-02,-2,negative,-1.542,1,0.657,0.343,-1,1.0,0.7,2.0,down,1
2018-02-05,-3,ext_neg,-5.496,1,0.98,0.02,-2,2.0,0.98,2.0,up,7
2018-02-06,-3,ext_neg,-3.341,2,0.98,0.02,-2,3.0,0.98,2.0,up,6
2018-02-07,-3,ext_neg,-3.611,3,0.98,0.02,-2,3.0,0.98,2.0,up,5
2018-02-08,-3,ext_neg,-6.278,4,0.98,0.02,-2,2.0,0.98,2.0,up,4
2018-02-09,-3,ext_neg,-4.519,5,0.98,0.02,-2,2.5,0.98,2.0,up,3
2018-02-12,-3,ext_neg,-3.082,6,0.98,0.02,-2,3.0,0.98,2.0,up,2
2018-02-13,-3,ext_neg,-2.681,7,0.98,0.02,-2,2.5,0.98,2.0,up,1
2018-02-14,-2,negative,-1.523,1,0.665,0.335,-1,1.0,0.699,2.0,up,1
2018-02-15,-1,mild_neg,-0.506,1,0.685,0.315,1,2.0,0.717,2.0,up,5
2018-02-16,-1,mild_neg,-0.388,2,0.755,0.245,1,2.0,0.717,2.0,up,4
2018-02-20,-1,mild_neg,-0.696,3,0.556,0.444,1,2.0,0.717,2.0,up,3
2018-02-21,-1,mild_neg,-0.885,4,0.42,0.58,-2,2.0,0.717,2.0,up,2
2018-02-22,-1,mild_neg,-0.619,5,0.611,0.389,1,2.0,0.717,2.0,up,1
2018-02-23,1,mild_pos,0.647,1,0.397,0.603,-1,3.0,0.315,3.0,up,1
2018-02-26,2,positive,1.591,1,0.223,0.777,1,3.0,0.125,2.0,down,1
2018-02-27,1,mild_pos,0.827,1,0.534,0.466,2,3.0,0.315,3.0,down,2
2018-02-28,1,mild_pos,0.224,2,0.153,0.847,-1,3.0,0.315,3.0,down,1
2018-03-01,-1,mild_neg,-0.66,1,0.586,0.414,1,2.0,0.717,2.0,up,2
2018-03-02,-1,mild_neg,-0.111,2,0.872,0.128,1,2.0,0.717,2.0,up,1
2018-03-05,1,mild_pos,0.775,1,0.496,0.504,-1,3.0,0.315,3.0,up,3
2018-03-06,1,mild_pos,0.843,2,0.548,0.452,2,3.0,0.315,3.0,up,2
2018-03-07,1,mild_pos,0.768,3,0.49,0.51,-1,3.0,0.315,3.0,up,1
2018-03-08,2,positive,1.035,1,0.038,0.962,1,3.0,0.125,2.0,down,4
2018-03-09,2,positive,1.993,2,0.545,0.455,3,3.0,0.125,2.0,down,3
2018-03-12,2,positive,1.672,3,0.276,0.724,1,3.0,0.125,2.0,down,2
2018-03-13,2,positive,1.053,4,0.04,0.96,1,3.0,0.125,2.0,down,1
2018-03-14,1,mild_pos,0.555,1,0.339,0.661,-1,3.0,0.321,3.0,down,3
2018-03-15,1,mild_pos,0.403,2,0.241,0.759,-1,3.0,0.321,3.0,down,2
2018-03-16,1,mild_pos,0.174,3,0.133,0.867,-1,3.0,0.321,3.0,down,1
2018-03-19,-1,mild_neg,-0.793,1,0.49,0.51,-2,2.0,0.717,2.0,down,3
2018-03-20,-1,mild_neg,-0.66,2,0.585,0.415,1,2.0,0.717,2.0,down,2
2018-03-21,-1,mild_neg,-0.805,3,0.482,0.518,-2,2.0,0.717,2.0,down,1
2018-03-22,-3,ext_neg,-2.56,1,0.98,0.02,-2,2.0,0.98,2.0,up,2
2018-03-23,-3,ext_neg,-3.812,2,0.98,0.02,-2,3.0,0.98,2.0,up,1
2018-03-26,-2,negative,-1.691,1,0.576,0.424,-1,1.0,0.7,2.0,down,1
2018-03-27,-3,ext_neg,-2.689,1,0.98,0.02,-2,2.0,0.98,2.0,up,2
2018-03-28,-3,ext_neg,-2.702,2,0.98,0.02,-2,3.0,0.98,2.0,up,1
2018-03-29,-2,negative,-1.756,1,0.535,0.465,-1,1.0,0.698,2.0,down,1
2018-04-02,-3,ext_neg,-3.052,1,0.98,0.02,-2,2.0,0.98,2.0,up,2
2018-04-03,-3,ext_neg,-2.025,2,0.98,0.02,-2,3.0,0.98,2.0,up,1
2018-04-04,-2,negative,-1.201,1,0.807,0.193,-1,1.0,0.696,2.0,up,1
2018-04-05,-1,mild_neg,-0.6,1,0.619,0.381,1,2.0,0.711,2.0,down,1
2018-04-06,-2,negative,-1.885,1,0.457,0.543,-3,1.0,0.697,2.0,up,2
2018-04-09,-2,negative,-1.339,2,0.753,0.247,-1,2.0,0.697,2.0,up,1
2018-04-10,-1,mild_neg,-0.165,1,0.851,0.149,1,2.0,0.709,2.0,up,2
2018-04-11,-1,mild_neg,-0.344,2,0.772,0.228,1,2.0,0.709,2.0,up,1
2018-04-12,1,mild_pos,0.288,1,0.178,0.822,-1,3.0,0.317,3.0,up,3
2018-04-13,1,mild_pos,0.22,2,0.148,0.852,-1,3.0,0.317,3.0,up,2
2018-04-16,1,mild_pos,0.817,3,0.537,0.463,2,3.0,0.317,3.0,up,1
2018-04-17,2,positive,1.479,1,0.159,0.841,1,3.0,0.125,2.0,down,3
2018-04-18,2,positive,1.527,2,0.183,0.817,1,3.0,0.125,2.0,down,2
2018-04-19,2,positive,1.202,3,0.068,0.932,1,3.0,0.125,2.0,down,1
2018-04-20,1,mild_pos,0.638,1,0.396,0.604,-1,3.0,0.317,3.0,down,2
2018-04-23,1,mild_pos,0.528,2,0.318,0.682,-1,3.0,0.317,3.0,down,1
2018-04-24,-1,mild_neg,-0.301,1,0.794,0.206,1,2.0,0.709,2.0,up,2
2018-04-25,-1,mild_neg,-0.181,2,0.845,0.155,1,2.0,0.709,2.0,up,1
2018-04-26,1,mild_pos,0.379,1,0.227,0.773,-1,3.0,0.317,3.0,down,2
2018-04-27,1,mild_pos,0.398,2,0.238,0.762,-1,3.0,0.317,3.0,down,1
2018-04-30,-1,mild_neg,-0.172,1,0.849,0.151,1,2.0,0.709,2.0,up,4
2018-05-01,-1,mild_neg,-0.11,2,0.87,0.13,1,2.0,0.709,2.0,up,3
2018-05-02,-1,mild_neg,-0.534,3,0.662,0.338,1,2.0,0.709,2.0,up,2
2018-05-03,-1,mild_neg,-0.637,4,0.591,0.409,1,2.0,0.709,2.0,up,1
2018-05-04,1,mild_pos,0.102,1,0.111,0.889,-1,3.0,0.317,3.0,up,4
2018-05-07,1,mild_pos,0.245,2,0.162,0.838,-1,3.0,0.317,3.0,up,3
2018-05-08,1,mild_pos,0.224,3,0.154,0.846,-1,3.0,0.317,3.0,up,2
2018-05-09,1,mild_pos,0.759,4,0.487,0.513,-1,3.0,0.317,3.0,up,1
2018-05-10,2,positive,1.264,1,0.082,0.918,1,3.0,0.125,2.0,down,3
2018-05-11,2,positive,1.36,2,0.111,0.889,1,3.0,0.125,2.0,down,2
2018-05-14,2,positive,1.322,3,0.099,0.901,1,3.0,0.125,2.0,down,1
2018-05-15,1,mild_pos,0.885,1,0.582,0.418,2,3.0,0.321,3.0,up,1
2018-05-16,2,positive,1.121,1,0.052,0.948,1,3.0,0.125,2.0,down,2
2018-05-17,2,positive,1.032,2,0.039,0.961,1,3.0,0.125,2.0,down,1
2018-05-18,1,mild_pos,0.823,1,0.541,0.459,2,3.0,0.323,2.5,up,1
2018-05-21,2,positive,1.204,1,0.068,0.932,1,3.0,0.125,2.0,down,1
2018-05-22,1,mild_pos,0.924,1,0.62,0.38,2,3.0,0.325,2.0,down,4
2018-05-23,1,mild_pos,0.982,2,0.661,0.339,2,3.0,0.325,2.0,down,3
2018-05-24,1,mild_pos,0.781,3,0.513,0.487,2,2.5,0.325,2.0,down,2
2018-05-25,1,mild_pos,0.569,4,0.354,0.646,-1,3.0,0.325,2.0,down,1
2018-05-29,-1,mild_neg,-0.204,1,0.836,0.164,1,2.0,0.709,2.0,up,1
2018-05-30,1,mild_pos,0.534,1,0.327,0.673,-1,3.0,0.325,2.5,up,5
2018-05-31,1,mild_pos,0.063,2,0.109,0.891,-1,3.0,0.325,2.5,up,4
2018-06-01,1,mild_pos,0.544,3,0.334,0.666,-1,2.0,0.325,2.5,up,3
2018-06-04,1,mild_pos,0.736,4,0.469,0.531,-1,3.0,0.325,2.5,up,2
2018-06-05,1,mild_pos,0.688,5,0.434,0.566,-1,3.0,0.325,2.5,up,1
2018-06-06,2,positive,1.082,1,0.046,0.954,1,3.0,0.125,2.0,down,1
2018-06-07,1,mild_pos,0.987,1,0.648,0.352,2,3.0,0.325,2.5,up,1
2018-06-08,2,positive,1.098,1,0.048,0.952,1,3.0,0.125,2.0,down,3
2018-06-11,2,positive,1.115,2,0.051,0.949,1,3.0,0.125,2.0,down,2
2018-06-12,2,positive,1.126,3,0.053,0.947,1,3.0,0.125,2.0,down,1
2018-06-13,1,mild_pos,0.852,1,0.559,0.441,2,3.0,0.325,2.5,down,6
2018-06-14,1,mild_pos,0.934,2,0.618,0.382,2,3.0,0.325,2.5,down,5
2018-06-15,1,mild_pos,0.522,3,0.319,0.681,-1,2.0,0.325,2.5,down,4
2018-06-18,1,mild_pos,0.336,4,0.21,0.79,-1,3.0,0.325,2.5,down,3
2018-06-19,1,mild_pos,0.074,5,0.108,0.892,-1,3.0,0.325,2.5,down,2
2018-06-20,1,mild_pos,0.142,6,0.129,0.871,-1,3.0,0.325,2.5,down,1
2018-06-21,-1,mild_neg,-0.26,1,0.813,0.187,1,2.0,0.709,2.0,down,2
2018-06-22,-1,mild_neg,-0.168,2,0.85,0.15,1,2.0,0.709,2.0,down,1
2018-06-25,-2,negative,-1.013,1,0.867,0.133,-1,1.0,0.698,2.0,up,1
2018-06-26,-1,mild_neg,-0.901,1,0.402,0.598,-2,2.0,0.705,2.0,down,1
2018-06-27,-2,negative,-1.381,1,0.735,0.265,-1,1.0,0.699,2.0,up,2
2018-06-28,-2,negative,-1.02,2,0.866,0.134,-1,2.0,0.699,2.0,up,1
2018-06-29,-1,mild_neg,-0.901,1,0.397,0.603,-2,2.0,0.703,2.0,up,4
2018-07-02,-1,mild_neg,-0.734,2,0.516,0.484,1,2.0,0.703,2.0,up,3
2018-07-03,-1,mild_neg,-0.904,3,0.395,0.605,-2,2.0,0.703,2.0,up,2
2018-07-05,-1,mild_neg,-0.355,4,0.761,0.239,1,2.0,0.703,2.0,up,1
2018-07-06,1,mild_pos,0.182,1,0.142,0.858,-1,3.0,0.313,3.0,up,4
2018-07-09,1,mild_pos,0.729,2,0.448,0.552,-1,3.0,0.313,3.0,up,3
2018-07-10,1,mild_pos,0.941,3,0.601,0.399,2,2.0,0.313,3.0,up,2
2018-07-11,1,mild_pos,0.521,4,0.308,0.692,-1,3.0,0.313,3.0,up,1
2018-07-12,2,positive,1.051,1,0.041,0.959,1,3.0,0.125,2.0,down,5
2018-07-13,2,positive,1.087,2,0.046,0.954,1,3.0,0.125,2.0,down,4
2018-07-16,2,positive,1.009,3,0.036,0.964,1,3.0,0.125,2.0,down,3
2018-07-17,2,positive,1.206,4,0.069,0.931,1,3.0,0.125,2.0,down,2
2018-07-18,2,positive,1.269,5,0.084,0.916,1,3.0,0.125,2.0,down,1
2018-07-19,1,mild_pos,0.999,1,0.642,0.358,2,3.0,0.315,3.0,up,3
2018-07-20,1,mild_pos,0.871,2,0.553,0.447,2,3.0,0.315,3.0,up,2
2018-07-23,1,mild_pos,0.923,3,0.59,0.41,2,2.0,0.315,3.0,up,1
2018-07-24,2,positive,1.107,1,0.05,0.95,1,3.0,0.125,2.0,down,3
2018-07-25,2,positive,1.474,2,0.158,0.842,1,3.0,0.125,2.0,down,2
2018-07-26,2,positive,1.184,3,0.064,0.936,1,3.0,0.125,2.0,down,1
2018-07-27,1,mild_pos,0.667,1,0.414,0.586,-1,3.0,0.321,3.0,down,11
2018-07-30,1,mild_pos,0.259,2,0.176,0.824,-1,3.0,0.321,3.0,down,10
2018-07-31,1,mild_pos,0.453,3,0.274,0.726,-1,2.0,0.321,3.0,down,9
2018-08-01,1,mild_pos,0.245,4,0.17,0.83,-1,3.0,0.321,3.0,down,8
2018-08-02,1,mild_pos,0.473,5,0.285,0.715,-1,3.0,0.321,3.0,down,7
2018-08-03,1,mild_pos,0.641,6,0.396,0.604,-1,3.0,0.321,3.0,down,6
2018-08-06,1,mild_pos,0.788,7,0.502,0.498,2,4.5,0.321,3.0,down,5
2018-08-07,1,mild_pos,0.913,8,0.593,0.407,2,4.0,0.321,3.0,down,4
2018-08-08,1,mild_pos,0.797,9,0.509,0.491,2,3.5,0.321,3.0,down,3
2018-08-09,1,mild_pos,0.655,10,0.405,0.595,-1,3.0,0.321,3.0,down,2
2018-08-10,1,mild_pos,0.214,11,0.157,0.843,-1,3.0,0.321,3.0,down,1
2018-08-13,-1,mild_neg,-0.042,1,0.883,0.117,1,2.0,0.703,2.0,up,1
2018-08-14,1,mild_pos,0.305,1,0.192,0.808,-1,3.0,0.311,3.0,down,1
2018-08-15,-1,mild_neg,-0.155,1,0.847,0.153,1,2.0,0.703,2.0,up,1
2018-08-16,1,mild_pos,0.289,1,0.185,0.815,-1,3.0,0.311,3.0,up,7
2018-08-17,1,mild_pos,0.443,2,0.261,0.739,-1,3.0,0.311,3.0,up,6
2018-08-20,1,mild_pos,0.514,3,0.301,0.699,-1,2.0,0.311,3.0,up,5
2018-08-21,1,mild_pos,0.604,4,0.358,0.642,-1,3.0,0.311,3.0,up,4
2018-08-22,1,mild_pos,0.547,5,0.322,0.678,-1,3.0,0.311,3.0,up,3
2018-08-23,1,mild_pos,0.442,6,0.26,0.74,-1,3.0,0.311,3.0,up,2
2018-08-24,1,mild_pos,0.742,7,0.452,0.548,-1,4.0,0.311,3.0,up,1
2018-08-27,2,positive,1.11,1,0.05,0.95,1,3.0,0.125,2.0,down,3
2018-08-28,2,positive,1.048,2,0.041,0.959,1,3.0,0.125,2.0,down,2
2018-08-29,2,positive,1.258,3,0.081,0.919,1,3.0,0.125,2.0,down,1
2018-08-30,1,mild_pos,0.932,1,0.602,0.398,2,3.0,0.325,3.0,down,18
2018-08-31,1,mild_pos,0.863,2,0.555,0.445,2,3.0,0.325,3.0,down,17
2018-09-04,1,mild_pos,0.705,3,0.444,0.556,-1,2.0,0.325,3.0,down,16
2018-09-05,1,mild_pos,0.506,4,0.313,0.687,-1,3.0,0.325,3.0,down,15
2018-09-06,1,mild_pos,0.295,5,0.2,0.8,-1,2.5,0.325,3.0,down,14
2018-09-07,1,mild_pos,0.149,6,0.143,0.857,-1,2.5,0.325,3.0,down,13
2018-09-10,1,mild_pos,0.203,7,0.162,0.838,-1,4.0,0.325,3.0,down,12
2018-09-11,1,mild_pos,0.329,8,0.217,0.783,-1,3.5,0.325,3.0,down,11
2018-09-12,1,mild_pos,0.289,9,0.198,0.802,-1,3.5,0.325,3.0,down,10
2018-09-13,1,mild_pos,0.551,10,0.341,0.659,-1,3.0,0.325,3.0,down,9
2018-09-14,1,mild_pos,0.49,11,0.303,0.697,-1,4.0,0.325,3.0,down,8
2018-09-17,1,mild_pos,0.123,12,0.134,0.866,-1,5.0,0.325,3.0,down,7
2018-09-18,1,mild_pos,0.397,13,0.251,0.749,-1,6.5,0.325,3.0,down,6
2018-09-19,1,mild_pos,0.411,14,0.258,0.742,-1,5.5,0.325,3.0,down,5
2018-09-20,1,mild_pos,0.823,15,0.526,0.474,2,5.0,0.325,3.0,down,4
2018-09-21,1,mild_pos,0.429,16,0.268,0.732,-1,4.0,0.325,3.0,down,3
2018-09-24,1,mild_pos,0.189,17,0.157,0.843,-1,3.0,0.325,3.0,down,2
2018-09-25,1,mild_pos,0.122,18,0.134,0.866,-1,2.0,0.325,3.0,down,1
2018-09-26,-1,mild_neg,-0.061,1,0.878,0.122,1,2.0,0.703,2.0,up,1
2018-09-27,1,mild_pos,0.118,1,0.134,0.866,-1,3.0,0.321,3.0,down,5
2018-09-28,1,mild_pos,0.12,2,0.134,0.866,-1,3.0,0.321,3.0,down,4
2018-10-01,1,mild_pos,0.317,3,0.21,0.79,-1,3.0,0.321,3.0,down,3
2018-10-02,1,mild_pos,0.263,4,0.187,0.813,-1,3.0,0.321,3.0,down,2
2018-10-03,1,mild_pos,0.268,5,0.189,0.811,-1,3.0,0.321,3.0,down,1
2018-10-04,-1,mild_neg,-0.226,1,0.819,0.181,1,2.0,0.703,2.0,down,4
2018-10-05,-1,mild_neg,-0.573,2,0.633,0.367,1,2.0,0.703,2.0,down,3
2018-10-08,-1,mild_neg,-0.569,3,0.636,0.364,1,2.0,0.703,2.0,down,2
2018-10-09,-1,mild_neg,-0.641,4,0.588,0.412,1,2.0,0.703,2.0,down,1
2018-10-10,-3,ext_neg,-2.499,1,0.98,0.02,-2,2.0,0.98,2.0,up,4
2018-10-11,-3,ext_neg,-3.594,2,0.98,0.02,-2,3.0,0.98,2.0,up,3
2018-10-12,-3,ext_neg,-2.549,3,0.98,0.02,-2,3.0,0.98,2.0,up,2
2018-10-15,-3,ext_neg,-2.686,4,0.98,0.02,-2,2.0,0.98,2.0,up,1
2018-10-16,-2,negative,-1.309,1,0.768,0.232,-1,1.0,0.7,2.0,down,6
2018-10-17,-2,negative,-1.187,2,0.815,0.185,-1,2.0,0.7,2.0,down,5
2018-10-18,-2,negative,-1.836,3,0.49,0.51,-3,1.0,0.7,2.0,down,4
2018-10-19,-2,negative,-1.698,4,0.571,0.429,-1,1.5,0.7,2.0,down,3
2018-10-22,-2,negative,-1.78,5,0.522,0.478,-1,1.0,0.7,2.0,down,2
2018-10-23,-2,negative,-1.883,6,0.462,0.538,-3,1.0,0.7,2.0,down,1
2018-10-24,-3,ext_neg,-3.309,1,0.98,0.02,-2,2.0,0.98,2.0,up,4
2018-10-25,-3,ext_neg,-2.093,2,0.98,0.02,-2,3.0,0.98,2.0,up,3
2018-10-26,-3,ext_neg,-2.773,3,0.98,0.02,-2,3.0,0.98,2.0,up,2
2018-10-29,-3,ext_neg,-2.758,4,0.98,0.02,-2,2.0,0.98,2.0,up,1
2018-10-30,-2,negative,-1.737,1,0.534,0.466,-1,1.0,0.69,2.0,up,1
2018-10-31,-1,mild_neg,-0.986,1,0.356,0.644,-2,2.0,0.701,2.0,up,4
2018-11-01,-1,mild_neg,-0.297,2,0.784,0.216,1,2.0,0.701,2.0,up,3
2018-11-02,-1,mild_neg,-0.452,3,0.704,0.296,1,2.0,0.701,2.0,up,2
2018-11-05,-1,mild_neg,-0.04,4,0.88,0.12,1,2.0,0.701,2.0,up,1
2018-11-06,1,mild_pos,0.39,1,0.245,0.755,-1,3.0,0.321,3.0,up,1
2018-11-07,2,positive,1.409,1,0.13,0.87,1,3.0,0.125,2.0,down,2
2018-11-08,2,positive,1.243,2,0.077,0.923,1,3.0,0.125,2.0,down,1
2018-11-09,1,mild_pos,0.744,1,0.466,0.534,-1,3.0,0.323,3.0,down,1
2018-11-12,-1,mild_neg,-0.179,1,0.834,0.166,1,2.0,0.709,2.0,up,3
2018-11-13,-1,mild_neg,-0.196,2,0.827,0.173,1,2.0,0.709,2.0,up,2
2018-11-14,-1,mild_neg,-0.447,3,0.713,0.287,1,2.0,0.709,2.0,up,1
2018-11-15,1,mild_pos,0.105,1,0.131,0.869,-1,3.0,0.323,3.0,down,2
2018-11-16,1,mild_pos,0.258,2,0.187,0.813,-1,3.0,0.323,3.0,down,1
2018-11-19,-1,mild_neg,-0.543,1,0.662,0.338,1,2.0,0.713,2.0,down,1
2018-11-20,-2,negative,-1.401,1,0.72,0.28,-1,1.0,0.691,2.0,up,3
2018-11-21,-2,negative,-1.22,2,0.798,0.202,-1,2.0,0.691,2.0,up,2
2018-11-23,-2,negative,-1.491,3,0.675,0.325,-1,1.0,0.691,2.0,up,1
2018-11-26,-1,mild_neg,-0.701,1,0.559,0.441,1,2.0,0.711,2.0,up,2
2018-11-27,-1,mild_neg,-0.575,2,0.64,0.36,1,2.0,0.711,2.0,up,1
2018-11-28,1,mild_pos,0.487,1,0.302,0.698,-1,3.0,0.323,3.0,up,3
2018-11-29,1,mild_pos,0.35,2,0.228,0.772,-1,3.0,0.323,3.0,up,2
2018-11-30,1,mild_pos,0.627,3,0.389,0.611,-1,2.0,0.323,3.0,up,1
2018-12-03,2,positive,1.196,1,0.066,0.934,1,3.0,0.125,2.0,down,1
2018-12-04,-1,mild_neg,-0.384,1,0.748,0.252,1,2.0,0.711,2.0,down,2
2018-12-06,-1,mild_neg,-0.411,2,0.734,0.266,1,2.0,0.711,2.0,down,1
2018-12-07,-2,negative,-1.427,1,0.71,0.29,-1,1.0,0.693,2.0,up,3
2018-12-10,-2,negative,-1.176,2,0.816,0.184,-1,2.0,0.693,2.0,up,2
2018-12-11,-2,negative,-1.036,3,0.861,0.139,-1,1.0,0.693,2.0,up,1
2018-12-12,-1,mild_neg,-0.72,1,0.546,0.454,1,2.0,0.707,2.0,down,2
2018-12-13,-1,mild_neg,-0.674,2,0.575,0.425,1,2.0,0.707,2.0,down,1
2018-12-14,-2,negative,-1.511,1,0.668,0.332,-1,1.0,0.696,2.0,down,1
2018-12-17,-3,ext_neg,-2.327,1,0.98,0.02,-2,2.0,0.98,2.0,up,8
2018-12-18,-3,ext_neg,-2.189,2,0.98,0.02,-2,3.0,0.98,2.0,up,7
2018-12-19,-3,ext_neg,-2.743,3,0.98,0.02,-2,3.0,0.98,2.0,up,6
2018-12-20,-3,ext_neg,-3.337,4,0.98,0.02,-2,2.0,0.98,2.0,up,5
2018-12-21,-3,ext_neg,-4.28,5,0.98,0.02,-2,2.0,0.98,2.0,up,4
2018-12-24,-3,ext_neg,-5.07,6,0.98,0.02,-2,2.5,0.98,2.0,up,3
2018-12-26,-3,ext_neg,-2.57,7,0.98,0.02,-2,2.5,0.98,2.0,up,2
2018-12-27,-3,ext_neg,-2.044,8,0.98,0.02,-2,2.0,0.98,2.0,up,1
2018-12-28,-2,negative,-1.864,1,0.46,0.54,-3,1.0,0.694,2.0,up,4
2018-12-31,-2,negative,-1.286,2,0.774,0.226,-1,2.0,0.694,2.0,up,3
2019-01-02,-2,negative,-1.03,3,0.864,0.136,-1,1.0,0.694,2.0,up,2
2019-01-03,-2,negative,-1.758,4,0.524,0.476,-1,1.5,0.694,2.0,up,1
2019-01-04,-1,mild_neg,-0.226,1,0.813,0.187,1,2.0,0.705,2.0,up,1
2019-01-07,1,mild_pos,0.222,1,0.177,0.823,-1,3.0,0.329,3.0,up,3
2019-01-08,1,mild_pos,0.656,2,0.416,0.584,-1,3.0,0.329,3.0,up,2
2019-01-09,1,mild_pos,0.892,3,0.576,0.424,2,2.0,0.329,3.0,up,1
2019-01-10,2,positive,1.073,1,0.044,0.956,1,3.0,0.125,2.0,down,2
2019-01-11,2,positive,1.138,2,0.055,0.945,1,3.0,0.125,2.0,down,1
2019-01-14,1,mild_pos,0.957,1,0.626,0.374,2,3.0,0.335,3.0,up,1
2019-01-15,2,positive,1.406,1,0.129,0.871,1,3.0,0.125,2.0,up,3
2019-01-16,2,positive,1.453,2,0.148,0.852,1,3.0,0.125,2.0,up,2
2019-01-17,2,positive,1.68,3,0.278,0.722,1,3.0,0.125,2.0,up,1
2019-01-18,3,ext_pos,2.061,1,0.02,0.98,2,2.0,0.02,2.0,down,1
2019-01-22,2,positive,1.415,1,0.139,0.861,1,3.0,0.131,2.0,down,4
2019-01-23,2,positive,1.322,2,0.104,0.896,1,3.0,0.131,2.0,down,3
2019-01-24,2,positive,1.12,3,0.054,0.946,1,3.0,0.131,2.0,down,2
2019-01-25,2,positive,1.298,4,0.097,0.903,1,3.0,0.131,2.0,down,1
2019-01-28,1,mild_pos,0.884,1,0.584,0.416,2,3.0,0.337,3.0,up,2
2019-01-29,1,mild_pos,0.715,2,0.466,0.534,-1,3.0,0.337,3.0,up,1
2019-01-30,2,positive,1.198,1,0.07,0.93,1,3.0,0.131,2.0,down,6
2019-01-31,2,positive,1.389,2,0.128,0.872,1,3.0,0.131,2.0,down,5
2019-02-01,2,positive,1.216,3,0.074,0.926,1,3.0,0.131,2.0,down,4
2019-02-04,2,positive,1.342,4,0.111,0.889,1,3.0,0.131,2.0,down,3
2019-02-05,2,positive,1.362,5,0.118,0.882,1,3.0,0.131,2.0,down,2
2019-02-06,2,positive,1.19,6,0.068,0.932,1,4.5,0.131,2.0,down,1
2019-02-07,1,mild_pos,0.727,1,0.479,0.521,-1,3.0,0.341,3.0,up,3
2019-02-08,1,mild_pos,0.689,2,0.452,0.548,-1,3.0,0.341,3.0,up,2
2019-02-11,1,mild_pos,0.63,3,0.412,0.588,-1,3.0,0.341,3.0,up,1
2019-02-12,2,positive,1.012,1,0.038,0.962,1,3.0,0.131,2.0,down,2
2019-02-13,2,positive,1.034,2,0.041,0.959,1,3.0,0.131,2.0,down,1
2019-02-14,1,mild_pos,0.863,1,0.579,0.421,2,3.0,0.343,3.0,up,1
2019-02-15,2,positive,1.199,1,0.07,0.93,1,3.0,0.131,2.0,down,3
2019-02-19,2,positive,1.187,2,0.068,0.932,1,3.0,0.131,2.0,down,2
2019-02-20,2,positive,1.154,3,0.061,0.939,1,3.0,0.131,2.0,down,1
2019-02-21,1,mild_pos,0.905,1,0.609,0.391,2,3.0,0.343,3.0,up,1
2019-02-22,2,positive,1.038,1,0.041,0.959,1,3.0,0.131,2.0,down,1
2019-02-25,1,mild_pos,0.989,1,0.664,0.336,2,3.0,0.343,3.0,down,8
2019-02-26,1,mild_pos,0.844,2,0.566,0.434,2,3.0,0.343,3.0,down,7
2019-02-27,1,mild_pos,0.709,3,0.47,0.53,-1,3.0,0.343,3.0,down,6
2019-02-28,1,mild_pos,0.55,4,0.36,0.64,-1,3.0,0.343,3.0,down,5
2019-03-01,1,mild_pos,0.726,5,0.482,0.518,-1,2.5,0.343,3.0,down,4
2019-03-04,1,mild_pos,0.509,6,0.333,0.667,-1,2.5,0.343,3.0,down,3
2019-03-05,1,mild_pos,0.401,7,0.267,0.733,-1,4.0,0.343,3.0,down,2
2019-03-06,1,mild_pos,0.12,8,0.14,0.86,-1,4.0,0.343,3.0,down,1
2019-03-07,-1,mild_neg,-0.245,1,0.807,0.193,1,2.0,0.707,2.0,up,2
2019-03-08,-1,mild_neg,-0.361,2,0.755,0.245,1,2.0,0.707,2.0,up,1
2019-03-11,1,mild_pos,0.176,1,0.158,0.842,-1,3.0,0.333,3.0,down,9
2019-03-12,1,mild_pos,0.265,2,0.194,0.806,-1,3.0,0.333,3.0,down,8
2019-03-13,1,mild_pos,0.482,3,0.307,0.693,-1,3.0,0.333,3.0,down,7
2019-03-14,1,mild_pos,0.411,4,0.266,0.734,-1,3.0,0.333,3.0,down,6
2019-03-15,1,mild_pos,0.383,5,0.251,0.749,-1,3.0,0.333,3.0,down,5
2019-03-18,1,mild_pos,0.495,6,0.315,0.685,-1,2.0,0.333,3.0,down,4
2019-03-19,1,mild_pos,0.472,7,0.301,0.699,-1,4.0,0.333,3.0,down,3
2019-03-20,1,mild_pos,0.325,8,0.222,0.778,-1,4.0,0.333,3.0,down,2
2019-03-21,1,mild_pos,0.731,9,0.471,0.529,-1,4.0,0.333,3.0,down,1
2019-03-22,-1,mild_neg,-0.07,1,0.869,0.131,1,2.0,0.711,2.0,up,2
2019-03-25,-1,mild_neg,-0.097,2,0.861,0.139,1,2.0,0.711,2.0,up,1
2019-03-26,1,mild_pos,0.197,1,0.164,0.836,-1,3.0,0.333,3.0,down,1
2019-03-27,-1,mild_neg,-0.023,1,0.886,0.114,1,2.0,0.715,2.0,up,1
2019-03-28,1,mild_pos,0.119,1,0.136,0.864,-1,3.0,0.333,3.0,down,27
2019-03-29,1,mild_pos,0.369,2,0.243,0.757,-1,3.0,0.333,3.0,down,26
2019-04-01,1,mild_pos,0.812,3,0.531,0.469,2,3.0,0.333,3.0,down,25
2019-04-02,1,mild_pos,0.785,4,0.511,0.489,2,3.0,0.333,3.0,down,24
2019-04-03,1,mild_pos,0.787,5,0.513,0.487,2,3.0,0.333,3.0,down,23
2019-04-04,1,mild_pos,0.809,6,0.528,0.472,2,2.5,0.333,3.0,down,22
2019-04-05,1,mild_pos,0.913,7,0.601,0.399,2,4.0,0.333,3.0,down,21
2019-04-08,1,mild_pos,0.87,8,0.572,0.428,2,3.0,0.333,3.0,down,20
2019-04-09,1,mild_pos,0.595,9,0.378,0.622,-1,4.0,0.333,3.0,down,19
2019-04-10,1,mild_pos,0.687,10,0.442,0.558,-1,4.0,0.333,3.0,down,18
2019-04-11,1,mild_pos,0.625,11,0.399,0.601,-1,7.0,0.333,3.0,down,17
2019-04-12,1,mild_pos,0.846,12,0.555,0.445,2,6.0,0.333,3.0,down,16
2019-04-15,1,mild_pos,0.761,13,0.494,0.506,-1,6.0,0.333,3.0,down,15
2019-04-16,1,mild_pos,0.73,14,0.473,0.527,-1,5.0,0.333,3.0,down,14
2019-04-17,1,mild_pos,0.567,15,0.36,0.64,-1,4.5,0.333,3.0,down,13
2019-04-18,1,mild_pos,0.611,16,0.389,0.611,-1,3.5,0.333,3.0,down,12
2019-04-22,1,mild_pos,0.565,17,0.359,0.641,-1,2.5,0.333,3.0,down,11
2019-04-23,1,mild_pos,0.844,18,0.553,0.447,2,2.0,0.333,3.0,down,10
2019-04-24,1,mild_pos,0.668,19,0.429,0.571,-1,2.5,0.333,3.0,down,9
2019-04-25,1,mild_pos,0.55,20,0.349,0.651,-1,3.0,0.333,3.0,down,8
2019-04-26,1,mild_pos,0.655,21,0.419,0.581,-1,2.0,0.333,3.0,down,7
2019-04-29,1,mild_pos,0.637,22,0.407,0.593,-1,1.0,0.333,3.0,down,6
2019-04-30,1,mild_pos,0.598,23,0.381,0.619,-1,1.0,0.333,3.0,down,5
2019-05-01,1,mild_pos,0.231,24,0.178,0.822,-1,1.0,0.333,3.0,down,4
2019-05-02,1,mild_pos,0.102,25,0.131,0.869,-1,1.0,0.333,3.0,down,3
2019-05-03,1,mild_pos,0.471,26,0.3,0.7,-1,1.0,0.333,3.0,down,2
2019-05-06,1,mild_pos,0.263,27,0.191,0.809,-1,1.0,0.333,3.0,down,1
2019-05-07,-1,mild_neg,-0.463,1,0.709,0.291,1,2.0,0.715,2.0,down,4
2019-05-08,-1,mild_neg,-0.525,2,0.674,0.326,1,2.0,0.715,2.0,down,3
2019-05-09,-1,mild_neg,-0.645,3,0.6,0.4,1,2.0,0.715,2.0,down,2
2019-05-10,-1,mild_neg,-0.425,4,0.729,0.271,1,2.0,0.715,2.0,down,1
2019-05-13,-2,negative,-1.472,1,0.69,0.31,-1,1.0,0.697,2.0,up,2
2019-05-14,-2,negative,-1.02,2,0.867,0.133,-1,2.0,0.697,2.0,up,1
2019-05-15,-1,mild_neg,-0.725,1,0.546,0.454,1,2.0,0.715,2.0,down,8
2019-05-16,-1,mild_neg,-0.312,2,0.785,0.215,1,2.0,0.715,2.0,down,7
2019-05-17,-1,mild_neg,-0.562,3,0.651,0.349,1,2.0,0.715,2.0,down,6
2019-05-20,-1,mild_neg,-0.804,4,0.494,0.506,-2,2.0,0.715,2.0,down,5
2019-05-21,-1,mild_neg,-0.365,5,0.76,0.24,1,2.5,0.715,2.0,down,4
2019-05-22,-1,mild_neg,-0.449,6,0.717,0.283,1,2.0,0.715,2.0,down,3
2019-05-23,-1,mild_neg,-0.91,7,0.423,0.577,-2,2.0,0.715,2.0,down,2
2019-05-24,-1,mild_neg,-0.729,8,0.544,0.456,1,1.0,0.715,2.0,down,1
2019-05-28,-2,negative,-1.032,1,0.865,0.135,-1,1.0,0.698,2.0,up,2
2019-05-29,-2,negative,-1.204,2,0.809,0.191,-1,2.0,0.698,2.0,up,1
2019-05-30,-1,mild_neg,-0.985,1,0.368,0.632,-2,2.0,0.709,2.0,down,1
2019-05-31,-2,negative,-1.452,1,0.702,0.298,-1,1.0,0.7,2.0,up,2
2019-06-03,-2,negative,-1.408,2,0.724,0.276,-1,2.0,0.7,2.0,up,1
2019-06-04,-1,mild_neg,-0.387,1,0.745,0.255,1,2.0,0.709,2.0,up,1
2019-06-05,1,mild_pos,0.017,1,0.111,0.889,-1,3.0,0.323,3.0,up,9
2019-06-06,1,mild_pos,0.31,2,0.21,0.79,-1,3.0,0.323,3.0,up,8
2019-06-07,1,mild_pos,0.719,3,0.433,0.567,-1,3.0,0.323,3.0,up,7
2019-06-10,1,mild_pos,0.901,4,0.55,0.45,2,3.0,0.323,3.0,up,6
2019-06-11,1,mild_pos,0.831,5,0.506,0.494,2,3.0,0.323,3.0,up,5
2019-06-12,1,mild_pos,0.722,6,0.435,0.565,-1,3.0,0.323,3.0,up,4
2019-06-13,1,mild_pos,0.859,7,0.523,0.477,2,4.0,0.323,3.0,up,3
2019-06-14,1,mild_pos,0.802,8,0.486,0.514,-1,4.0,0.323,3.0,up,2
2019-06-17,1,mild_pos,0.792,9,0.48,0.52,-1,4.0,0.323,3.0,up,1
2019-06-18,2,positive,1.157,1,0.061,0.939,1,3.0,0.131,2.0,down,5
2019-06-19,2,positive,1.2,2,0.071,0.929,1,3.0,0.131,2.0,down,4
2019-06-20,2,positive,1.508,3,0.183,0.817,1,3.0,0.131,2.0,down,3
2019-06-21,2,positive,1.166,4,0.063,0.937,1,3.0,0.131,2.0,down,2
2019-06-24,2,positive,1.037,5,0.041,0.959,1,3.0,0.131,2.0,down,1
2019-06-25,1,mild_pos,0.558,1,0.354,0.646,-1,3.0,0.341,3.0,down,25
2019-06-26,1,mild_pos,0.43,2,0.281,0.719,-1,3.0,0.341,3.0,down,24
2019-06-27,1,mild_pos,0.486,3,0.312,0.688,-1,3.0,0.341,3.0,down,23
2019-06-28,1,mild_pos,0.571,4,0.361,0.639,-1,3.0,0.341,3.0,down,22
2019-07-01,1,mild_pos,0.791,5,0.502,0.498,2,3.0,0.341,3.0,down,21
2019-07-02,1,mild_pos,0.786,6,0.498,0.502,-1,3.0,0.341,3.0,down,20
2019-07-03,1,mild_pos,1.0,7,0.634,0.366,2,4.0,0.341,3.0,down,19
2019-07-05,1,mild_pos,0.858,8,0.545,0.455,2,3.0,0.341,3.0,down,18
2019-07-08,1,mild_pos,0.569,9,0.36,0.64,-1,4.0,0.341,3.0,down,17
2019-07-09,1,mild_pos,0.562,10,0.356,0.644,-1,5.0,0.341,3.0,down,16
2019-07-10,1,mild_pos,0.691,11,0.436,0.564,-1,7.5,0.341,3.0,down,15
2019-07-11,1,mild_pos,0.71,12,0.449,0.551,-1,6.5,0.341,3.0,down,14
2019-07-12,1,mild_pos,0.815,13,0.517,0.483,2,6.5,0.341,3.0,down,13
2019-07-15,1,mild_pos,0.749,14,0.474,0.526,-1,5.5,0.341,3.0,down,12
2019-07-16,1,mild_pos,0.544,15,0.346,0.654,-1,5.0,0.341,3.0,down,11
2019-07-17,1,mild_pos,0.226,16,0.187,0.813,-1,4.0,0.341,3.0,down,10
2019-07-18,1,mild_pos,0.337,17,0.235,0.765,-1,3.0,0.341,3.0,down,9
2019-07-19,1,mild_pos,0.097,18,0.141,0.859,-1,3.5,0.341,3.0,down,8
2019-07-22,1,mild_pos,0.172,19,0.166,0.834,-1,4.0,0.341,3.0,down,7
2019-07-23,1,mild_pos,0.422,20,0.277,0.723,-1,5.0,0.341,3.0,down,6
2019-07-24,1,mild_pos,0.542,21,0.344,0.656,-1,4.0,0.341,3.0,down,5
2019-07-25,1,mild_pos,0.278,22,0.209,0.791,-1,3.0,0.341,3.0,down,4
2019-07-26,1,mild_pos,0.482,23,0.31,0.69,-1,4.0,0.341,3.0,down,3
2019-07-29,1,mild_pos,0.348,24,0.24,0.76,-1,3.0,0.341,3.0,down,2
2019-07-30,1,mild_pos,0.211,25,0.181,0.819,-1,2.0,0.341,3.0,down,1
2019-07-31,-1,mild_neg,-0.257,1,0.807,0.193,1,2.0,0.711,2.0,down,3
2019-08-01,-1,mild_neg,-0.6,2,0.623,0.377,1,2.0,0.711,2.0,down,2
2019-08-02,-1,mild_neg,-0.879,3,0.438,0.562,-2,2.0,0.711,2.0,down,1
2019-08-05,-3,ext_neg,-2.088,1,0.98,0.02,-2,2.0,0.98,2.0,up,1
2019-08-06,-2,negative,-1.413,1,0.723,0.277,-1,1.0,0.701,2.0,up,2
2019-08-07,-2,negative,-1.306,2,0.772,0.228,-1,2.0,0.701,2.0,up,1
2019-08-08,-1,mild_neg,-0.45,1,0.707,0.293,1,2.0,0.705,2.0,down,2
2019-08-09,-1,mild_neg,-0.67,2,0.57,0.43,1,2.0,0.705,2.0,down,1
2019-08-12,-2,negative,-1.092,1,0.851,0.149,-1,1.0,0.702,2.0,up,1
2019-08-13,-1,mild_neg,-0.397,1,0.732,0.268,1,2.0,0.701,2.0,down,1
2019-08-14,-2,negative,-1.552,1,0.653,0.347,-1,1.0,0.703,2.0,up,2
2019-08-15,-2,negative,-1.334,2,0.761,0.239,-1,2.0,0.703,2.0,up,1
2019-08-16,-1,mild_neg,-0.664,1,0.567,0.433,1,2.0,0.699,2.0,up,3
2019-08-19,-1,mild_neg,-0.133,2,0.846,0.154,1,2.0,0.699,2.0,up,2
2019-08-20,-1,mild_neg,-0.378,3,0.739,0.261,1,2.0,0.699,2.0,up,1
2019-08-21,1,mild_pos,0.015,1,0.117,0.883,-1,3.0,0.329,3.0,down,2
2019-08-22,1,mild_pos,0.056,2,0.128,0.872,-1,3.0,0.329,3.0,down,1
2019-08-23,-1,mild_neg,-0.891,1,0.416,0.584,-2,2.0,0.699,2.0,up,4
2019-08-26,-1,mild_neg,-0.342,2,0.758,0.242,1,2.0,0.699,2.0,up,3
2019-08-27,-1,mild_neg,-0.405,3,0.725,0.275,1,2.0,0.699,2.0,up,2
2019-08-28,-1,mild_neg,-0.059,4,0.87,0.13,1,2.0,0.699,2.0,up,1
2019-08-29,1,mild_pos,0.47,1,0.292,0.708,-1,3.0,0.329,3.0,up,4
2019-08-30,1,mild_pos,0.453,2,0.284,0.716,-1,3.0,0.329,3.0,up,3
2019-09-03,1,mild_pos,0.169,3,0.163,0.837,-1,3.0,0.329,3.0,up,2
2019-09-04,1,mild_pos,0.58,4,0.352,0.648,-1,3.0,0.329,3.0,up,1
2019-09-05,2,positive,1.021,1,0.034,0.966,1,3.0,0.127,2.0,down,2
2019-09-06,2,positive,1.02,2,0.034,0.966,1,3.0,0.127,2.0,down,1
2019-09-09,1,mild_pos,0.994,1,0.604,0.396,2,3.0,0.337,3.0,up,2
2019-09-10,1,mild_pos,0.915,2,0.558,0.442,2,3.0,0.337,3.0,up,1
2019-09-11,2,positive,1.14,1,0.052,0.948,1,3.0,0.124,2.0,down,3
2019-09-12,2,positive,1.156,2,0.055,0.945,1,3.0,0.124,2.0,down,2
2019-09-13,2,positive,1.018,3,0.034,0.966,1,3.0,0.124,2.0,down,1
2019-09-16,1,mild_pos,0.82,1,0.506,0.494,2,3.0,0.341,3.0,down,6
2019-09-17,1,mild_pos,0.861,2,0.531,0.469,2,3.0,0.341,3.0,down,5
2019-09-18,1,mild_pos,0.81,3,0.5,0.5,2,3.0,0.341,3.0,down,4
2019-09-19,1,mild_pos,0.749,4,0.463,0.537,-1,3.0,0.341,3.0,down,3
2019-09-20,1,mild_pos,0.341,5,0.242,0.758,-1,3.5,0.341,3.0,down,2
2019-09-23,1,mild_pos,0.242,6,0.2,0.8,-1,3.0,0.341,3.0,down,1
2019-09-24,-1,mild_neg,-0.126,1,0.847,0.153,1,2.0,0.699,2.0,up,1
2019-09-25,1,mild_pos,0.038,1,0.133,0.867,-1,3.0,0.341,3.0,down,1
2019-09-26,-1,mild_neg,-0.1,1,0.856,0.144,1,2.0,0.699,2.0,down,4
2019-09-27,-1,mild_neg,-0.337,2,0.76,0.24,1,2.0,0.699,2.0,down,3
2019-09-30,-1,mild_neg,-0.179,3,0.828,0.172,1,2.0,0.699,2.0,down,2
2019-10-01,-1,mild_neg,-0.68,4,0.56,0.44,1,2.0,0.699,2.0,down,1
2019-10-02,-2,negative,-1.365,1,0.749,0.251,-1,1.0,0.704,2.0,up,1
2019-10-03,-1,mild_neg,-0.977,1,0.373,0.627,-2,2.0,0.699,2.0,down,3
2019-10-04,-1,mild_neg,-0.408,2,0.722,0.278,1,2.0,0.699,2.0,down,2
2019-10-07,-1,mild_neg,-0.547,3,0.644,0.356,1,1.5,0.699,2.0,down,1
2019-10-08,-2,negative,-1.114,1,0.847,0.153,-1,1.0,0.705,2.0,up,1
2019-10-09,-1,mild_neg,-0.669,1,0.562,0.438,1,2.0,0.693,2.0,up,2
2019-10-10,-1,mild_neg,-0.344,2,0.75,0.25,1,2.0,0.693,2.0,up,1
2019-10-11,1,mild_pos,0.098,1,0.15,0.85,-1,3.0,0.341,3.0,up,15
2019-10-14,1,mild_pos,0.083,2,0.145,0.855,-1,3.0,0.341,3.0,up,14
2019-10-15,1,mild_pos,0.484,3,0.312,0.688,-1,3.0,0.341,3.0,up,13
2019-10-16,1,mild_pos,0.441,4,0.29,0.71,-1,3.0,0.341,3.0,up,12
2019-10-17,1,mild_pos,0.575,5,0.362,0.638,-1,3.0,0.341,3.0,up,11
2019-10-18,1,mild_pos,0.405,6,0.272,0.728,-1,3.0,0.341,3.0,up,10
2019-10-21,1,mild_pos,0.668,7,0.416,0.584,-1,4.0,0.341,3.0,up,9
2019-10-22,1,mild_pos,0.516,8,0.329,0.671,-1,4.0,0.341,3.0,up,8
2019-10-23,1,mild_pos,0.618,9,0.386,0.614,-1,5.0,0.341,3.0,up,7
2019-10-24,1,mild_pos,0.663,10,0.413,0.587,-1,6.5,0.341,3.0,up,6
2019-10-25,1,mild_pos,0.787,11,0.488,0.512,-1,8.0,0.341,3.0,up,5
2019-10-28,1,mild_pos,0.972,12,0.6,0.4,2,7.0,0.341,3.0,up,4
2019-10-29,1,mild_pos,0.895,13,0.554,0.446,2,7.0,0.341,3.0,up,3
2019-10-30,1,mild_pos,0.921,14,0.569,0.431,2,6.0,0.341,3.0,up,2
2019-10-31,1,mild_pos,0.726,15,0.451,0.549,-1,6.5,0.341,3.0,up,1
2019-11-01,2,positive,1.035,1,0.036,0.964,1,3.0,0.118,2.0,down,2
2019-11-04,2,positive,1.113,2,0.047,0.953,1,3.0,0.118,2.0,down,1
2019-11-05,1,mild_pos,0.941,1,0.611,0.389,2,3.0,0.371,3.0,down,19
2019-11-06,1,mild_pos,0.841,2,0.552,0.448,2,3.0,0.371,3.0,down,18
2019-11-07,1,mild_pos,0.884,3,0.578,0.422,2,4.0,0.371,3.0,down,17
2019-11-08,1,mild_pos,0.899,4,0.587,0.413,2,3.0,0.371,3.0,down,16
2019-11-11,1,mild_pos,0.731,5,0.486,0.514,-1,3.5,0.371,3.0,down,15
2019-11-12,1,mild_pos,0.749,6,0.497,0.503,-1,3.0,0.371,3.0,down,14
2019-11-13,1,mild_pos,0.689,7,0.461,0.539,-1,4.0,0.371,3.0,down,13
2019-11-14,1,mild_pos,0.68,8,0.456,0.544,-1,5.0,0.371,3.0,down,12
2019-11-15,1,mild_pos,0.889,9,0.581,0.419,2,6.0,0.371,3.0,down,11
2019-11-18,1,mild_pos,0.837,10,0.55,0.45,2,5.0,0.371,3.0,down,10
2019-11-19,1,mild_pos,0.735,11,0.489,0.511,-1,7.5,0.371,3.0,down,9
2019-11-20,1,mild_pos,0.501,12,0.352,0.648,-1,6.5,0.371,3.0,down,8
2019-11-21,1,mild_pos,0.363,13,0.281,0.719,-1,6.5,0.371,3.0,down,7
2019-11-22,1,mild_pos,0.394,14,0.296,0.704,-1,5.5,0.371,3.0,down,6
2019-11-25,1,mild_pos,0.653,15,0.44,0.56,-1,6.5,0.371,3.0,down,5
2019-11-26,1,mild_pos,0.677,16,0.454,0.546,-1,5.5,0.371,3.0,down,4
2019-11-27,1,mild_pos,0.79,17,0.522,0.478,2,4.5,0.371,3.0,down,3
2019-11-29,1,mild_pos,0.558,18,0.384,0.616,-1,5.0,0.371,3.0,down,2
2019-12-02,1,mild_pos,0.151,19,0.189,0.811,-1,5.0,0.371,3.0,down,1
2019-12-03,-1,mild_neg,-0.158,1,0.829,0.171,1,2.0,0.693,2.0,up,1
2019-12-04,1,mild_pos,0.08,1,0.173,0.827,-1,3.0,0.363,3.0,up,19
2019-12-05,1,mild_pos,0.123,2,0.187,0.813,-1,3.0,0.363,3.0,up,18
2019-12-06,1,mild_pos,0.471,3,0.327,0.673,-1,4.0,0.363,3.0,up,17
2019-12-09,1,mild_pos,0.301,4,0.252,0.748,-1,3.0,0.363,3.0,up,16
2019-12-10,1,mild_pos,0.217,5,0.219,0.781,-1,4.0,0.363,3.0,up,15
2019-12-11,1,mild_pos,0.302,6,0.253,0.747,-1,3.0,0.363,3.0,up,14
2019-12-12,1,mild_pos,0.621,7,0.402,0.598,-1,4.0,0.363,3.0,up,13
2019-12-13,1,mild_pos,0.595,8,0.388,0.612,-1,5.0,0.363,3.0,up,12
2019-12-16,1,mild_pos,0.841,9,0.518,0.482,2,6.0,0.363,3.0,up,11
2019-12-17,1,mild_pos,0.799,10,0.496,0.504,-1,6.5,0.363,3.0,up,10
2019-12-18,1,mild_pos,0.749,11,0.469,0.531,-1,8.0,0.363,3.0,up,9
2019-12-19,1,mild_pos,0.861,12,0.529,0.471,2,7.0,0.363,3.0,up,8
2019-12-20,1,mild_pos,0.774,13,0.482,0.518,-1,6.0,0.363,3.0,up,7
2019-12-23,1,mild_pos,0.777,14,0.484,0.516,-1,5.0,0.363,3.0,up,6
2019-12-24,1,mild_pos,0.735,15,0.462,0.538,-1,5.0,0.363,3.0,up,5
2019-12-26,1,mild_pos,0.937,16,0.57,0.43,2,4.0,0.363,3.0,up,4
2019-12-27,1,mild_pos,0.915,17,0.558,0.442,2,3.0,0.363,3.0,up,3
2019-12-30,1,mild_pos,0.644,18,0.413,0.587,-1,3.5,0.363,3.0,up,2
2019-12-31,1,mild_pos,0.708,19,0.447,0.553,-1,5.0,0.363,3.0,up,1
2020-01-02,2,positive,1.109,1,0.045,0.955,1,3.0,0.116,2.0,down,1
2020-01-03,1,mild_pos,0.597,1,0.419,0.581,-1,3.0,0.392,3.0,up,6
2020-01-06,1,mild_pos,0.719,2,0.482,0.518,-1,3.0,0.392,3.0,up,5
2020-01-07,1,mild_pos,0.488,3,0.364,0.636,-1,4.0,0.392,3.0,up,4
2020-01-08,1,mild_pos,0.716,4,0.48,0.52,-1,3.5,0.392,3.0,up,3
2020-01-09,1,mild_pos,0.997,5,0.625,0.375,2,4.0,0.392,3.0,up,2
2020-01-10,1,mild_pos,0.721,6,0.483,0.517,-1,3.5,0.392,3.0,up,1
2020-01-13,2,positive,1.029,1,0.034,0.966,1,3.0,0.116,2.0,down,1
2020-01-14,1,mild_pos,0.846,1,0.558,0.442,2,3.0,0.404,3.0,up,2
2020-01-15,1,mild_pos,0.902,2,0.587,0.413,2,3.0,0.404,3.0,up,1
2020-01-16,2,positive,1.292,1,0.083,0.917,1,3.0,0.116,2.0,down,5
2020-01-17,2,positive,1.364,2,0.105,0.895,1,3.0,0.116,2.0,down,4
2020-01-21,2,positive,1.157,3,0.052,0.948,1,3.0,0.116,2.0,down,3
2020-01-22,2,positive,1.071,4,0.039,0.961,1,3.0,0.116,2.0,down,2
2020-01-23,2,positive,1.051,5,0.036,0.964,1,3.0,0.116,2.0,down,1
2020-01-24,1,mild_pos,0.443,1,0.355,0.645,-1,3.0,0.408,3.0,down,1
2020-01-27,-1,mild_neg,-0.575,1,0.622,0.378,1,2.0,0.693,2.0,up,1
2020-01-28,1,mild_pos,0.043,1,0.192,0.808,-1,3.0,0.408,3.0,down,1
2020-01-29,-1,mild_neg,-0.063,1,0.86,0.14,1,2.0,0.693,2.0,up,1
2020-01-30,1,mild_pos,0.086,1,0.206,0.794,-1,3.0,0.408,3.0,down,1
2020-01-31,-2,negative,-1.049,1,0.867,0.133,-1,1.0,0.706,2.0,up,1
2020-02-03,-1,mild_neg,-0.592,1,0.613,0.387,1,2.0,0.693,2.0,up,1
2020-02-04,1,mild_pos,0.312,1,0.295,0.705,-1,3.0,0.408,3.0,up,2
2020-02-05,1,mild_pos,0.939,2,0.61,0.39,2,4.0,0.408,3.0,up,1
2020-02-06,2,positive,1.062,1,0.038,0.962,1,3.0,0.116,2.0,down,1
2020-02-07,1,mild_pos,0.676,1,0.476,0.524,-1,3.0,0.412,3.0,up,1
2020-02-10,2,positive,1.065,1,0.038,0.962,1,3.0,0.116,2.0,down,8
2020-02-11,2,positive,1.108,2,0.045,0.955,1,3.0,0.116,2.0,down,7
2020-02-12,2,positive,1.419,3,0.125,0.875,1,3.0,0.116,2.0,down,6
2020-02-13,2,positive,1.266,4,0.076,0.924,1,3.0,0.116,2.0,down,5
2020-02-14,2,positive,1.302,5,0.086,0.914,1,3.0,0.116,2.0,down,4
2020-02-18,2,positive,1.095,6,0.042,0.958,1,4.5,0.116,2.0,down,3
2020-02-19,2,positive,1.332,7,0.095,0.905,1,4.0,0.116,2.0,down,2
2020-02-20,2,positive,1.017,8,0.032,0.968,1,4.0,0.116,2.0,down,1
2020-02-21,1,mild_pos,0.338,1,0.312,0.688,-1,3.0,0.414,3.0,down,1
2020-02-24,-2,negative,-1.805,1,0.506,0.494,-1,1.0,0.706,2.0,down,1
2020-02-25,-3,ext_neg,-3.654,1,0.98,0.02,-2,2.0,0.98,2.0,up,6
2020-02-26,-3,ext_neg,-3.628,2,0.98,0.02,-2,3.0,0.98,2.0,up,5
2020-02-27,-3,ext_neg,-5.866,3,0.98,0.02,-2,3.0,0.98,2.0,up,4
2020-02-28,-3,ext_neg,-5.447,4,0.98,0.02,-2,2.5,0.98,2.0,up,3
2020-03-02,-3,ext_neg,-2.886,5,0.98,0.02,-2,2.5,0.98,2.0,up,2
2020-03-03,-3,ext_neg,-4.12,6,0.98,0.02,-2,2.0,0.98,2.0,up,1
2020-03-04,-2,negative,-1.817,1,0.495,0.505,-3,1.0,0.705,2.0,down,1
2020-03-05,-3,ext_neg,-3.243,1,0.98,0.02,-2,2.0,0.98,2.0,up,14
2020-03-06,-3,ext_neg,-3.694,2,0.98,0.02,-2,3.0,0.98,2.0,up,13
2020-03-09,-3,ext_neg,-6.724,3,0.98,0.02,-2,3.0,0.98,2.0,up,12
2020-03-10,-3,ext_neg,-3.866,4,0.98,0.02,-2,2.0,0.98,2.0,up,11
2020-03-11,-3,ext_neg,-5.351,5,0.98,0.02,-2,2.0,0.98,2.0,up,10
2020-03-12,-3,ext_neg,-7.996,6,0.98,0.02,-2,2.0,0.98,2.0,up,9
2020-03-13,-3,ext_neg,-4.203,7,0.98,0.02,-2,2.0,0.98,2.0,up,8
2020-03-16,-3,ext_neg,-7.127,8,0.98,0.02,-2,2.0,0.98,2.0,up,7
2020-03-17,-3,ext_neg,-4.631,9,0.98,0.02,-2,2.0,0.98,2.0,up,6
2020-03-18,-3,ext_neg,-5.43,10,0.98,0.02,-2,2.0,0.98,2.0,up,5
2020-03-19,-3,ext_neg,-4.646,11,0.98,0.02,-2,1.0,0.98,2.0,up,4
2020-03-20,-3,ext_neg,-5.272,12,0.98,0.02,-2,1.0,0.98,2.0,up,3
2020-03-23,-3,ext_neg,-5.21,13,0.98,0.02,-2,1.0,0.98,2.0,up,2
2020-03-24,-3,ext_neg,-2.611,14,0.98,0.02,-2,1.0,0.98,2.0,up,1
2020-03-25,-2,negative,-1.958,1,0.405,0.595,-3,1.0,0.703,2.0,up,1
2020-03-26,-1,mild_neg,-0.514,1,0.659,0.341,1,2.0,0.693,2.0,down,1
2020-03-27,-2,negative,-1.006,1,0.879,0.121,-1,1.0,0.704,2.0,up,1
2020-03-30,-1,mild_neg,-0.105,1,0.845,0.155,1,2.0,0.691,2.0,up,5
2020-03-31,-1,mild_neg,-0.254,2,0.788,0.212,1,2.0,0.691,2.0,up,4
2020-04-01,-1,mild_neg,-0.986,3,0.364,0.636,-2,2.0,0.691,2.0,up,3
2020-04-02,-1,mild_neg,-0.265,4,0.784,0.216,1,2.0,0.691,2.0,up,2
2020-04-03,-1,mild_neg,-0.37,5,0.735,0.265,1,3.0,0.691,2.0,up,1
2020-04-06,2,positive,1.039,1,0.035,0.965,1,3.0,0.116,2.0,up,5
2020-04-07,2,positive,1.15,2,0.051,0.949,1,3.0,0.116,2.0,up,4
2020-04-08,2,positive,1.795,3,0.365,0.635,1,3.0,0.116,2.0,up,3
2020-04-09,2,positive,1.956,4,0.508,0.492,3,3.0,0.116,2.0,up,2
2020-04-13,2,positive,1.745,5,0.323,0.677,1,3.0,0.116,2.0,up,1
2020-04-14,3,ext_pos,2.112,1,0.02,0.98,2,2.0,0.02,2.0,down,1
2020-04-15,2,positive,1.607,1,0.239,0.761,1,3.0,0.125,2.0,down,4
2020-04-16,2,positive,1.546,2,0.201,0.799,1,3.0,0.125,2.0,down,3
2020-04-17,2,positive,1.866,3,0.445,0.555,1,3.0,0.125,2.0,down,2
2020-04-20,2,positive,1.339,4,0.106,0.894,1,3.0,0.125,2.0,down,1
2020-04-21,1,mild_pos,0.56,1,0.419,0.581,-1,3.0,0.414,2.5,up,4
2020-04-22,1,mild_pos,0.856,2,0.571,0.429,2,4.0,0.414,2.5,up,3
2020-04-23,1,mild_pos,0.737,3,0.51,0.49,2,4.0,0.414,2.5,up,2
2020-04-24,1,mild_pos,0.925,4,0.606,0.394,2,3.0,0.414,2.5,up,1
2020-04-27,2,positive,1.079,1,0.045,0.955,1,3.0,0.125,2.0,down,1
2020-04-28,1,mild_pos,0.904,1,0.599,0.401,2,3.0,0.416,2.5,up,1
2020-04-29,2,positive,1.268,1,0.084,0.916,1,3.0,0.125,2.0,down,1
2020-04-30,1,mild_pos,0.937,1,0.616,0.384,2,3.0,0.416,2.0,down,9
2020-05-01,1,mild_pos,0.309,2,0.298,0.702,-1,3.5,0.416,2.0,down,8
2020-05-04,1,mild_pos,0.239,3,0.268,0.732,-1,4.0,0.416,2.0,down,7
2020-05-05,1,mild_pos,0.345,4,0.314,0.686,-1,3.0,0.416,2.0,down,6
2020-05-06,1,mild_pos,0.143,5,0.23,0.77,-1,4.0,0.416,2.0,down,5
2020-05-07,1,mild_pos,0.333,6,0.309,0.691,-1,3.0,0.416,2.0,down,4
2020-05-08,1,mild_pos,0.604,7,0.442,0.558,-1,4.0,0.416,2.0,down,3
2020-05-11,1,mild_pos,0.55,8,0.414,0.586,-1,5.0,0.416,2.0,down,2
2020-05-12,1,mild_pos,0.145,9,0.231,0.769,-1,6.0,0.416,2.0,down,1
2020-05-13,-1,mild_neg,-0.226,1,0.801,0.199,1,2.0,0.691,2.0,up,2
2020-05-14,-1,mild_neg,-0.007,2,0.876,0.124,1,2.0,0.691,2.0,up,1
2020-05-15,1,mild_pos,0.085,1,0.203,0.797,-1,3.0,0.41,2.0,up,12
2020-05-18,1,mild_pos,0.628,2,0.451,0.549,-1,3.5,0.41,2.0,up,11
2020-05-19,1,mild_pos,0.362,3,0.317,0.683,-1,4.0,0.41,2.0,up,10
2020-05-20,1,mild_pos,0.629,4,0.452,0.548,-1,3.5,0.41,2.0,up,9
2020-05-21,1,mild_pos,0.441,5,0.355,0.645,-1,4.0,0.41,2.0,up,8
2020-05-22,1,mild_pos,0.436,6,0.352,0.648,-1,3.0,0.41,2.0,up,7
2020-05-26,1,mild_pos,0.633,7,0.454,0.546,-1,4.0,0.41,2.0,up,6
2020-05-27,1,mild_pos,0.856,8,0.574,0.426,2,4.0,0.41,2.0,up,5
2020-05-28,1,mild_pos,0.788,9,0.538,0.462,2,6.0,0.41,2.0,up,4
2020-05-29,1,mild_pos,0.827,10,0.559,0.441,2,5.0,0.41,2.0,up,3
2020-06-01,1,mild_pos,0.829,11,0.56,0.44,2,7.5,0.41,2.0,up,2
2020-06-02,1,mild_pos,0.905,12,0.6,0.4,2,6.5,0.41,2.0,up,1
2020-06-03,2,positive,1.069,1,0.043,0.957,1,3.0,0.125,2.0,down,1
2020-06-04,1,mild_pos,0.933,1,0.64,0.36,2,3.0,0.434,2.0,up,1
2020-06-05,2,positive,1.302,1,0.094,0.906,1,3.0,0.125,2.0,down,3
2020-06-08,2,positive,1.423,2,0.138,0.862,1,3.0,0.125,2.0,down,2
2020-06-09,2,positive,1.196,3,0.066,0.934,1,3.0,0.125,2.0,down,1
2020-06-10,1,mild_pos,0.992,1,0.675,0.325,2,3.0,0.436,2.0,down,1
2020-06-11,-1,mild_neg,-0.206,1,0.81,0.19,1,2.0,0.691,2.0,up,2
2020-06-12,-1,mild_neg,-0.034,2,0.87,0.13,1,2.0,0.691,2.0,up,1
2020-06-15,1,mild_pos,0.081,1,0.217,0.783,-1,3.0,0.436,2.0,down,4
2020-06-16,1,mild_pos,0.393,2,0.355,0.645,-1,4.0,0.436,2.0,down,3
2020-06-17,1,mild_pos,0.251,3,0.287,0.713,-1,4.0,0.436,2.0,down,2
2020-06-18,1,mild_pos,0.212,4,0.27,0.73,-1,4.0,0.436,2.0,down,1
2020-06-19,-1,mild_neg,-0.028,1,0.871,0.129,1,2.0,0.693,2.0,up,1
2020-06-22,1,mild_pos,0.049,1,0.205,0.795,-1,3.0,0.436,2.0,down,2
2020-06-23,1,mild_pos,0.098,2,0.223,0.777,-1,4.0,0.436,2.0,down,1
2020-06-24,-1,mild_neg,-0.415,1,0.714,0.286,1,2.0,0.695,2.0,up,5
2020-06-25,-1,mild_neg,-0.217,2,0.807,0.193,1,2.0,0.695,2.0,up,4
2020-06-26,-1,mild_neg,-0.685,3,0.553,0.447,1,2.0,0.695,2.0,up,3
2020-06-29,-1,mild_neg,-0.387,4,0.728,0.272,1,2.0,0.695,2.0,up,2
2020-06-30,-1,mild_neg,-0.135,5,0.837,0.163,1,3.0,0.695,2.0,up,1
2020-07-01,1,mild_pos,0.007,1,0.19,0.81,-1,3.0,0.436,2.0,down,46
2020-07-02,1,mild_pos,0.112,2,0.228,0.772,-1,4.0,0.436,2.0,down,45
2020-07-06,1,mild_pos,0.415,3,0.366,0.634,-1,4.0,0.436,2.0,down,44
2020-07-07,1,mild_pos,0.245,4,0.284,0.716,-1,4.0,0.436,2.0,down,43
2020-07-08,1,mild_pos,0.406,5,0.361,0.639,-1,4.0,0.436,2.0,down,42
2020-07-09,1,mild_pos,0.311,6,0.314,0.686,-1,3.0,0.436,2.0,down,41
2020-07-10,1,mild_pos,0.453,7,0.386,0.614,-1,4.0,0.436,2.0,down,40
2020-07-13,1,mild_pos,0.253,8,0.287,0.713,-1,4.0,0.436,2.0,down,39
2020-07-14,1,mild_pos,0.464,9,0.391,0.609,-1,5.0,0.436,2.0,down,38
2020-07-15,1,mild_pos,0.611,10,0.471,0.529,-1,5.0,0.436,2.0,down,37
2020-07-16,1,mild_pos,0.52,11,0.421,0.579,-1,7.0,0.436,2.0,down,36
2020-07-17,1,mild_pos,0.545,12,0.434,0.566,-1,6.5,0.436,2.0,down,35
2020-07-20,1,mild_pos,0.65,13,0.492,0.508,-1,6.0,0.436,2.0,down,34
2020-07-21,1,mild_pos,0.646,14,0.49,0.51,-1,5.0,0.436,2.0,down,33
2020-07-22,1,mild_pos,0.708,15,0.524,0.476,2,6.0,0.436,2.0,down,32
2020-07-23,1,mild_pos,0.423,16,0.37,0.63,-1,5.0,0.436,2.0,down,31
2020-07-24,1,mild_pos,0.258,17,0.29,0.71,-1,4.0,0.436,2.0,down,30
2020-07-27,1,mild_pos,0.328,18,0.322,0.678,-1,5.0,0.436,2.0,down,29
2020-07-28,1,mild_pos,0.154,19,0.245,0.755,-1,6.0,0.436,2.0,down,28
2020-07-29,1,mild_pos,0.34,20,0.328,0.672,-1,5.0,0.436,2.0,down,27
2020-07-30,1,mild_pos,0.23,21,0.277,0.723,-1,4.0,0.436,2.0,down,26
2020-07-31,1,mild_pos,0.339,22,0.328,0.672,-1,3.0,0.436,2.0,down,25
2020-08-03,1,mild_pos,0.436,23,0.377,0.623,-1,3.0,0.436,2.0,down,24
2020-08-04,1,mild_pos,0.461,24,0.39,0.61,-1,2.0,0.436,2.0,down,23
2020-08-05,1,mild_pos,0.532,25,0.428,0.572,-1,2.0,0.436,2.0,down,22
2020-08-06,1,mild_pos,0.6,26,0.464,0.536,-1,1.0,0.436,2.0,down,21
2020-08-07,1,mild_pos,0.565,27,0.445,0.555,-1,1.0,0.436,2.0,down,20
2020-08-10,1,mild_pos,0.561,28,0.443,0.557,-1,1.0,0.436,2.0,down,19
2020-08-11,1,mild_pos,0.362,29,0.339,0.661,-1,1.0,0.436,2.0,down,18
2020-08-12,1,mild_pos,0.581,30,0.454,0.546,-1,1.0,0.436,2.0,down,17
2020-08-13,1,mild_pos,0.5,31,0.41,0.59,-1,1.0,0.436,2.0,down,16
2020-08-14,1,mild_pos,0.457,32,0.388,0.612,-1,1.0,0.436,2.0,down,15
2020-08-17,1,mild_pos,0.478,33,0.399,0.601,-1,1.0,0.436,2.0,down,14
2020-08-18,1,mild_pos,0.48,34,0.4,0.6,-1,1.0,0.436,2.0,down,13
2020-08-19,1,mild_pos,0.371,35,0.343,0.657,-1,1.0,0.436,2.0,down,12
2020-08-20,1,mild_pos,0.386,36,0.351,0.649,-1,1.0,0.436,2.0,down,11
2020-08-21,1,mild_pos,0.4,37,0.358,0.642,-1,1.0,0.436,2.0,down,10
2020-08-24,1,mild_pos,0.536,38,0.43,0.57,-1,1.0,0.436,2.0,down,9
2020-08-25,1,mild_pos,0.537,39,0.43,0.57,-1,1.0,0.436,2.0,down,8
2020-08-26,1,mild_pos,0.662,40,0.499,0.501,-1,1.0,0.436,2.0,down,7
2020-08-27,1,mild_pos,0.635,41,0.484,0.516,-1,1.0,0.436,2.0,down,6
2020-08-28,1,mild_pos,0.689,42,0.513,0.487,2,1.0,0.436,2.0,down,5
2020-08-31,1,mild_pos,0.563,43,0.444,0.556,-1,1.0,0.436,2.0,down,4
2020-09-01,1,mild_pos,0.677,44,0.507,0.493,2,1.0,0.436,2.0,down,3
2020-09-02,1,mild_pos,0.875,45,0.614,0.386,2,1.0,0.436,2.0,down,2
2020-09-03,1,mild_pos,0.18,46,0.256,0.744,-1,1.0,0.436,2.0,down,1
2020-09-04,-1,mild_neg,-0.002,1,0.88,0.12,1,2.0,0.697,2.0,down,12
2020-09-08,-1,mild_neg,-0.542,2,0.642,0.358,1,2.0,0.697,2.0,down,11
2020-09-09,-1,mild_neg,-0.175,3,0.824,0.176,1,2.0,0.697,2.0,down,10
2020-09-10,-1,mild_neg,-0.512,4,0.661,0.339,1,2.0,0.697,2.0,down,9
2020-09-11,-1,mild_neg,-0.493,5,0.671,0.329,1,3.0,0.697,2.0,down,8
2020-09-14,-1,mild_neg,-0.238,6,0.799,0.201,1,2.0,0.697,2.0,down,7
2020-09-15,-1,mild_neg,-0.146,7,0.835,0.165,1,1.5,0.697,2.0,down,6
2020-09-16,-1,mild_neg,-0.225,8,0.805,0.195,1,1.0,0.697,2.0,down,5
2020-09-17,-1,mild_neg,-0.395,9,0.725,0.275,1,7.0,0.697,2.0,down,4
2020-09-18,-1,mild_neg,-0.684,10,0.554,0.446,1,6.0,0.697,2.0,down,3
2020-09-21,-1,mild_neg,-0.873,11,0.432,0.568,-2,5.0,0.697,2.0,down,2
2020-09-22,-1,mild_neg,-0.63,12,0.588,0.412,1,4.0,0.697,2.0,down,1
2020-09-23,-2,negative,-1.039,1,0.87,0.13,-1,1.0,0.704,2.0,up,1
2020-09-24,-1,mild_neg,-0.911,1,0.393,0.607,-2,2.0,0.677,2.0,up,5
2020-09-25,-1,mild_neg,-0.531,2,0.625,0.375,1,2.0,0.677,2.0,up,4
2020-09-28,-1,mild_neg,-0.159,3,0.808,0.192,1,2.0,0.677,2.0,up,3
2020-09-29,-1,mild_neg,-0.216,4,0.785,0.215,1,2.0,0.677,2.0,up,2
2020-09-30,-1,mild_neg,-0.018,5,0.857,0.143,1,3.0,0.677,2.0,up,1
2020-10-01,1,mild_pos,0.164,1,0.227,0.773,-1,3.0,0.422,2.0,down,17
2020-10-02,1,mild_pos,0.014,2,0.171,0.829,-1,4.0,0.422,2.0,down,16
2020-10-05,1,mild_pos,0.359,3,0.316,0.684,-1,4.0,0.422,2.0,down,15
2020-10-06,1,mild_pos,0.08,4,0.194,0.806,-1,4.0,0.422,2.0,down,14
2020-10-07,1,mild_pos,0.407,5,0.341,0.659,-1,4.0,0.422,2.0,down,13
2020-10-08,1,mild_pos,0.546,6,0.418,0.582,-1,3.5,0.422,2.0,down,12
2020-10-09,1,mild_pos,0.676,7,0.493,0.507,-1,4.0,0.422,2.0,down,11
2020-10-12,1,mild_pos,0.933,8,0.64,0.36,2,4.5,0.422,2.0,down,10
2020-10-13,1,mild_pos,0.784,9,0.556,0.444,2,6.0,0.422,2.0,down,9
2020-10-14,1,mild_pos,0.641,10,0.473,0.527,-1,5.0,0.422,2.0,down,8
2020-10-15,1,mild_pos,0.585,11,0.44,0.56,-1,7.5,0.422,2.0,down,7
2020-10-16,1,mild_pos,0.527,12,0.407,0.593,-1,7.0,0.422,2.0,down,6
2020-10-19,1,mild_pos,0.196,13,0.24,0.76,-1,6.0,0.422,2.0,down,5
2020-10-20,1,mild_pos,0.235,14,0.257,0.743,-1,5.0,0.422,2.0,down,4
2020-10-21,1,mild_pos,0.142,15,0.218,0.782,-1,8.0,0.422,2.0,down,3
2020-10-22,1,mild_pos,0.188,16,0.236,0.764,-1,7.0,0.422,2.0,down,2
2020-10-23,1,mild_pos,0.205,17,0.244,0.756,-1,6.0,0.422,2.0,down,1
2020-10-26,-1,mild_neg,-0.169,1,0.808,0.192,1,2.0,0.685,2.0,up,7
2020-10-27,-1,mild_neg,-0.253,2,0.774,0.226,1,2.0,0.685,2.0,up,6
2020-10-28,-1,mild_neg,-0.919,3,0.401,0.599,-2,2.0,0.685,2.0,up,5
2020-10-29,-1,mild_neg,-0.695,4,0.537,0.463,1,2.0,0.685,2.0,up,4
2020-10-30,-1,mild_neg,-0.882,5,0.423,0.577,-2,3.0,0.685,2.0,up,3
2020-11-02,-1,mild_neg,-0.631,6,0.575,0.425,1,2.5,0.685,2.0,up,2
2020-11-03,-1,mild_neg,-0.29,7,0.758,0.242,1,2.0,0.685,2.0,up,1
2020-11-04,1,mild_pos,0.128,1,0.208,0.792,-1,3.0,0.412,2.0,down,40
2020-11-05,1,mild_pos,0.475,2,0.367,0.633,-1,4.0,0.412,2.0,down,39
2020-11-06,1,mild_pos,0.462,3,0.36,0.64,-1,4.0,0.412,2.0,down,38
2020-11-09,1,mild_pos,0.688,4,0.485,0.515,-1,4.0,0.412,2.0,down,37
2020-11-10,1,mild_pos,0.65,5,0.463,0.537,-1,4.0,0.412,2.0,down,36
2020-11-11,1,mild_pos,0.762,6,0.527,0.473,2,4.0,0.412,2.0,down,35
2020-11-12,1,mild_pos,0.567,7,0.416,0.584,-1,5.0,0.412,2.0,down,34
2020-11-13,1,mild_pos,0.791,8,0.543,0.457,2,5.0,0.412,2.0,down,33
2020-11-16,1,mild_pos,0.961,9,0.637,0.363,2,6.0,0.412,2.0,down,32
2020-11-17,1,mild_pos,0.817,10,0.558,0.442,2,6.0,0.412,2.0,down,31
2020-11-18,1,mild_pos,0.558,11,0.412,0.588,-1,7.0,0.412,2.0,down,30
2020-11-19,1,mild_pos,0.6,12,0.435,0.565,-1,6.5,0.412,2.0,down,29
2020-11-20,1,mild_pos,0.447,13,0.352,0.648,-1,6.0,0.412,2.0,down,28
2020-11-23,1,mild_pos,0.509,14,0.385,0.615,-1,5.0,0.412,2.0,down,27
2020-11-24,1,mild_pos,0.738,15,0.513,0.487,2,6.0,0.412,2.0,down,26
2020-11-25,1,mild_pos,0.614,16,0.443,0.557,-1,5.0,0.412,2.0,down,25
2020-11-27,1,mild_pos,0.577,17,0.422,0.578,-1,6.0,0.412,2.0,down,24
2020-11-30,1,mild_pos,0.402,18,0.329,0.671,-1,6.0,0.412,2.0,down,23
2020-12-01,1,mild_pos,0.51,19,0.385,0.615,-1,7.0,0.412,2.0,down,22
2020-12-02,1,mild_pos,0.469,20,0.364,0.636,-1,6.0,0.412,2.0,down,21
2020-12-03,1,mild_pos,0.404,21,0.33,0.67,-1,5.0,0.412,2.0,down,20
2020-12-04,1,mild_pos,0.512,22,0.387,0.613,-1,4.0,0.412,2.0,down,19
2020-12-07,1,mild_pos,0.425,23,0.341,0.659,-1,4.0,0.412,2.0,down,18
2020-12-08,1,mild_pos,0.439,24,0.348,0.652,-1,3.0,0.412,2.0,down,17
2020-12-09,1,mild_pos,0.238,25,0.252,0.748,-1,11.5,0.412,2.0,down,16
2020-12-10,1,mild_pos,0.206,26,0.239,0.761,-1,10.5,0.412,2.0,down,15
2020-12-11,1,mild_pos,0.15,27,0.216,0.784,-1,19.0,0.412,2.0,down,14
2020-12-14,1,mild_pos,0.048,28,0.18,0.82,-1,18.0,0.412,2.0,down,13
2020-12-15,1,mild_pos,0.283,29,0.272,0.728,-1,17.0,0.412,2.0,down,12
2020-12-16,1,mild_pos,0.287,30,0.274,0.726,-1,16.0,0.412,2.0,down,11
2020-12-17,1,mild_pos,0.351,31,0.304,0.696,-1,15.0,0.412,2.0,down,10
2020-12-18,1,mild_pos,0.167,32,0.223,0.777,-1,14.0,0.412,2.0,down,9
2020-12-21,1,mild_pos,0.067,33,0.186,0.814,-1,13.0,0.412,2.0,down,8
2020-12-22,1,mild_pos,0.01,34,0.167,0.833,-1,12.0,0.412,2.0,down,7
2020-12-23,1,mild_pos,0.015,35,0.169,0.831,-1,11.0,0.412,2.0,down,6
2020-12-24,1,mild_pos,0.073,36,0.188,0.812,-1,10.0,0.412,2.0,down,5
2020-12-28,1,mild_pos,0.212,37,0.242,0.758,-1,9.0,0.412,2.0,down,4
2020-12-29,1,mild_pos,0.152,38,0.217,0.783,-1,8.0,0.412,2.0,down,3
2020-12-30,1,mild_pos,0.164,39,0.222,0.778,-1,7.0,0.412,2.0,down,2
2020-12-31,1,mild_pos,0.241,40,0.254,0.746,-1,6.0,0.412,2.0,down,1
2021-01-04,-1,mild_neg,-0.023,1,0.857,0.143,1,2.0,0.691,2.0,up,1
2021-01-05,1,mild_pos,0.103,1,0.151,0.849,-1,3.0,0.369,2.0,down,15
2021-01-06,1,mild_pos,0.204,2,0.187,0.813,-1,4.0,0.369,2.0,down,14
2021-01-07,1,mild_pos,0.457,3,0.305,0.695,-1,4.0,0.369,2.0,down,13
2021-01-08,1,mild_pos,0.526,4,0.344,0.656,-1,4.0,0.369,2.0,down,12
2021-01-11,1,mild_pos,0.371,5,0.26,0.74,-1,4.0,0.369,2.0,down,11
2021-01-12,1,mild_pos,0.344,6,0.247,0.753,-1,4.5,0.369,2.0,down,10
2021-01-13,1,mild_pos,0.356,7,0.253,0.747,-1,6.0,0.369,2.0,down,9
2021-01-14,1,mild_pos,0.268,8,0.213,0.787,-1,5.0,0.369,2.0,down,8
2021-01-15,1,mild_pos,0.116,9,0.155,0.845,-1,7.0,0.369,2.0,down,7
2021-01-19,1,mild_pos,0.247,10,0.204,0.796,-1,7.0,0.369,2.0,down,6
2021-01-20,1,mild_pos,0.467,11,0.311,0.689,-1,7.5,0.369,2.0,down,5
2021-01-21,1,mild_pos,0.443,12,0.298,0.702,-1,7.0,0.369,2.0,down,4
2021-01-22,1,mild_pos,0.339,13,0.245,0.755,-1,6.0,0.369,2.0,down,3
2021-01-25,1,mild_pos,0.37,14,0.26,0.74,-1,5.0,0.369,2.0,down,2
2021-01-26,1,mild_pos,0.305,15,0.229,0.771,-1,8.0,0.369,2.0,down,1
2021-01-27,-1,mild_neg,-0.17,1,0.81,0.19,1,2.0,0.691,2.0,up,4
2021-01-28,-1,mild_neg,-0.022,2,0.858,0.142,1,2.0,0.691,2.0,up,3
2021-01-29,-1,mild_neg,-0.405,3,0.707,0.293,1,2.0,0.691,2.0,up,2
2021-02-01,-1,mild_neg,-0.093,4,0.836,0.164,1,2.0,0.691,2.0,up,1
2021-02-02,1,mild_pos,0.141,1,0.159,0.841,-1,3.0,0.359,2.5,down,16
2021-02-03,1,mild_pos,0.13,2,0.155,0.845,-1,4.0,0.359,2.5,down,15
2021-02-04,1,mild_pos,0.311,3,0.227,0.773,-1,4.0,0.359,2.5,down,14
2021-02-05,1,mild_pos,0.363,4,0.251,0.749,-1,4.0,0.359,2.5,down,13
2021-02-08,1,mild_pos,0.474,5,0.309,0.691,-1,4.0,0.359,2.5,down,12
2021-02-09,1,mild_pos,0.433,6,0.287,0.713,-1,5.0,0.359,2.5,down,11
2021-02-10,1,mild_pos,0.398,7,0.268,0.732,-1,6.0,0.359,2.5,down,10
2021-02-11,1,mild_pos,0.401,8,0.27,0.73,-1,6.0,0.359,2.5,down,9
2021-02-12,1,mild_pos,0.458,9,0.3,0.7,-1,6.0,0.359,2.5,down,8
2021-02-16,1,mild_pos,0.402,10,0.27,0.73,-1,6.0,0.359,2.5,down,7
2021-02-17,1,mild_pos,0.373,11,0.256,0.744,-1,7.0,0.359,2.5,down,6
2021-02-18,1,mild_pos,0.277,12,0.212,0.788,-1,6.5,0.359,2.5,down,5
2021-02-19,1,mild_pos,0.23,13,0.192,0.808,-1,6.0,0.359,2.5,down,4
2021-02-22,1,mild_pos,0.074,14,0.137,0.863,-1,5.0,0.359,2.5,down,3
2021-02-23,1,mild_pos,0.089,15,0.142,0.858,-1,8.0,0.359,2.5,down,2
2021-02-24,1,mild_pos,0.276,16,0.211,0.789,-1,7.0,0.359,2.5,down,1
2021-02-25,-1,mild_neg,-0.206,1,0.796,0.204,1,2.0,0.691,2.0,up,2
2021-02-26,-1,mild_neg,-0.312,2,0.751,0.249,1,2.0,0.691,2.0,up,1
2021-03-01,1,mild_pos,0.098,1,0.125,0.875,-1,4.0,0.341,2.5,down,1
2021-03-02,-1,mild_neg,-0.077,1,0.842,0.158,1,2.0,0.691,2.0,up,6
2021-03-03,-1,mild_neg,-0.337,2,0.74,0.26,1,2.0,0.691,2.0,up,5
2021-03-04,-1,mild_neg,-0.574,3,0.616,0.384,1,2.0,0.691,2.0,up,4
2021-03-05,-1,mild_neg,-0.207,4,0.796,0.204,1,2.0,0.691,2.0,up,3
2021-03-08,-1,mild_neg,-0.292,5,0.76,0.24,1,3.0,0.691,2.0,up,2
2021-03-09,-1,mild_neg,-0.004,6,0.864,0.136,1,2.0,0.691,2.0,up,1
2021-03-10,1,mild_pos,0.12,1,0.132,0.868,-1,3.5,0.339,2.0,down,10
2021-03-11,1,mild_pos,0.309,2,0.206,0.794,-1,4.0,0.339,2.0,down,9
2021-03-12,1,mild_pos,0.334,3,0.218,0.782,-1,4.0,0.339,2.0,down,8
2021-03-15,1,mild_pos,0.446,4,0.276,0.724,-1,5.0,0.339,2.0,down,7
2021-03-16,1,mild_pos,0.419,5,0.261,0.739,-1,4.0,0.339,2.0,down,6
2021-03-17,1,mild_pos,0.503,6,0.309,0.691,-1,5.0,0.339,2.0,down,5
2021-03-18,1,mild_pos,0.188,7,0.156,0.844,-1,6.0,0.339,2.0,down,4
2021-03-19,1,mild_pos,0.081,8,0.12,0.88,-1,7.0,0.339,2.0,down,3
2021-03-22,1,mild_pos,0.264,9,0.186,0.814,-1,6.5,0.339,2.0,down,2
2021-03-23,1,mild_pos,0.065,10,0.116,0.884,-1,6.0,0.339,2.0,down,1
2021-03-24,-1,mild_neg,-0.06,1,0.858,0.142,1,2.0,0.697,2.0,up,1
2021-03-25,1,mild_pos,0.08,1,0.118,0.882,-1,4.0,0.331,2.5,up,6
2021-03-26,1,mild_pos,0.596,2,0.361,0.639,-1,4.0,0.331,2.5,up,5
2021-03-29,1,mild_pos,0.578,3,0.35,0.65,-1,4.0,0.331,2.5,up,4
2021-03-30,1,mild_pos,0.453,4,0.275,0.725,-1,5.0,0.331,2.5,up,3
2021-03-31,1,mild_pos,0.539,5,0.325,0.675,-1,4.5,0.331,2.5,up,2
2021-04-01,1,mild_pos,0.85,6,0.535,0.465,2,5.0,0.331,2.5,up,1
2021-04-05,2,positive,1.295,1,0.092,0.908,1,3.0,0.125,2.0,down,11
2021-04-06,2,positive,1.153,2,0.057,0.943,1,3.0,0.125,2.0,down,10
2021-04-07,2,positive,1.116,3,0.05,0.95,1,3.0,0.125,2.0,down,9
2021-04-08,2,positive,1.211,4,0.07,0.93,1,4.0,0.125,2.0,down,8
2021-04-09,2,positive,1.413,5,0.134,0.866,1,3.0,0.125,2.0,down,7
2021-04-12,2,positive,1.343,6,0.108,0.892,1,4.0,0.125,2.0,down,6
2021-04-13,2,positive,1.383,7,0.123,0.877,1,4.0,0.125,2.0,down,5
2021-04-14,2,positive,1.187,8,0.064,0.936,1,4.0,0.125,2.0,down,4
2021-04-15,2,positive,1.556,9,0.206,0.794,1,4.0,0.125,2.0,down,3
2021-04-16,2,positive,1.584,10,0.224,0.776,1,4.5,0.125,2.0,down,2
2021-04-19,2,positive,1.278,11,0.087,0.913,1,4.0,0.125,2.0,down,1
2021-04-20,1,mild_pos,0.866,1,0.548,0.452,2,4.0,0.335,2.5,up,1
2021-04-21,2,positive,1.154,1,0.056,0.944,1,3.0,0.125,2.0,down,1
2021-04-22,1,mild_pos,0.619,1,0.385,0.615,-1,4.0,0.337,2.0,down,13
2021-04-23,1,mild_pos,0.975,2,0.626,0.374,2,4.5,0.337,2.0,down,12
2021-04-26,1,mild_pos,0.95,3,0.61,0.39,2,4.0,0.337,2.0,down,11
2021-04-27,1,mild_pos,0.819,4,0.521,0.479,2,5.0,0.337,2.0,down,10
2021-04-28,1,mild_pos,0.677,5,0.423,0.577,-1,4.0,0.337,2.0,down,9
2021-04-29,1,mild_pos,0.844,6,0.538,0.462,2,5.0,0.337,2.0,down,8
2021-04-30,1,mild_pos,0.438,7,0.275,0.725,-1,6.0,0.337,2.0,down,7
2021-05-03,1,mild_pos,0.475,8,0.296,0.704,-1,6.0,0.337,2.0,down,6
2021-05-04,1,mild_pos,0.121,9,0.137,0.863,-1,6.0,0.337,2.0,down,5
2021-05-05,1,mild_pos,0.083,10,0.124,0.876,-1,6.0,0.337,2.0,down,4
2021-05-06,1,mild_pos,0.411,11,0.261,0.739,-1,6.5,0.337,2.0,down,3
2021-05-07,1,mild_pos,0.703,12,0.441,0.559,-1,6.0,0.337,2.0,down,2
2021-05-10,1,mild_pos,0.179,13,0.156,0.844,-1,6.0,0.337,2.0,down,1
2021-05-11,-1,mild_neg,-0.272,1,0.779,0.221,1,2.0,0.697,2.0,down,1
2021-05-12,-2,negative,-1.3,1,0.78,0.22,-1,1.0,0.705,2.0,up,1
2021-05-13,-1,mild_neg,-0.67,1,0.558,0.442,1,2.0,0.695,2.0,up,1
2021-05-14,1,mild_pos,0.082,1,0.122,0.878,-1,4.0,0.325,2.5,down,1
2021-05-17,-1,mild_neg,-0.044,1,0.86,0.14,1,2.0,0.695,2.0,up,5
2021-05-18,-1,mild_neg,-0.467,2,0.679,0.321,1,2.0,0.695,2.0,up,4
2021-05-19,-1,mild_neg,-0.564,3,0.623,0.377,1,2.0,0.695,2.0,up,3
2021-05-20,-1,mild_neg,-0.058,4,0.856,0.144,1,2.0,0.695,2.0,up,2
2021-05-21,-1,mild_neg,-0.087,5,0.846,0.154,1,3.0,0.695,2.0,up,1
2021-05-24,1,mild_pos,0.396,1,0.241,0.759,-1,4.0,0.323,2.5,down,18
2021-05-25,1,mild_pos,0.285,2,0.19,0.81,-1,5.0,0.323,2.5,down,17
2021-05-26,1,mild_pos,0.371,3,0.229,0.771,-1,4.0,0.323,2.5,down,16
2021-05-27,1,mild_pos,0.401,4,0.243,0.757,-1,5.0,0.323,2.5,down,15
2021-05-28,1,mild_pos,0.473,5,0.28,0.72,-1,4.5,0.323,2.5,down,14
2021-06-01,1,mild_pos,0.423,6,0.254,0.746,-1,5.0,0.323,2.5,down,13
2021-06-02,1,mild_pos,0.474,7,0.281,0.719,-1,6.0,0.323,2.5,down,12
2021-06-03,1,mild_pos,0.275,8,0.186,0.814,-1,5.0,0.323,2.5,down,11
2021-06-04,1,mild_pos,0.703,9,0.421,0.579,-1,6.0,0.323,2.5,down,10
2021-06-07,1,mild_pos,0.659,10,0.392,0.608,-1,5.5,0.323,2.5,down,9
2021-06-08,1,mild_pos,0.649,11,0.386,0.614,-1,6.0,0.323,2.5,down,8
2021-06-09,1,mild_pos,0.534,12,0.315,0.685,-1,5.5,0.323,2.5,down,7
2021-06-10,1,mild_pos,0.667,13,0.397,0.603,-1,6.0,0.323,2.5,down,6
2021-06-11,1,mild_pos,0.679,14,0.405,0.595,-1,5.0,0.323,2.5,down,5
2021-06-14,1,mild_pos,0.751,15,0.453,0.547,-1,6.0,0.323,2.5,down,4
2021-06-15,1,mild_pos,0.604,16,0.357,0.643,-1,7.0,0.323,2.5,down,3
2021-06-16,1,mild_pos,0.242,17,0.173,0.827,-1,7.0,0.323,2.5,down,2
2021-06-17,1,mild_pos,0.154,18,0.141,0.859,-1,7.0,0.323,2.5,down,1
2021-06-18,-1,mild_neg,-0.752,1,0.508,0.492,1,2.0,0.697,2.0,up,2
2021-06-21,-1,mild_neg,-0.023,2,0.868,0.132,1,2.0,0.697,2.0,up,1
2021-06-22,1,mild_pos,0.237,1,0.15,0.85,-1,4.0,0.289,2.5,up,8
2021-06-23,1,mild_pos,0.145,2,0.121,0.879,-1,5.0,0.289,2.5,up,7
2021-06-24,1,mild_pos,0.421,3,0.225,0.775,-1,4.0,0.289,2.5,up,6
2021-06-25,1,mild_pos,0.564,4,0.298,0.702,-1,5.0,0.289,2.5,up,5
2021-06-28,1,mild_pos,0.624,5,0.333,0.667,-1,5.0,0.289,2.5,up,4
2021-06-29,1,mild_pos,0.606,6,0.322,0.678,-1,5.0,0.289,2.5,up,3
2021-06-30,1,mild_pos,0.604,7,0.321,0.679,-1,6.0,0.289,2.5,up,2
2021-07-01,1,mild_pos,0.835,8,0.469,0.531,-1,6.0,0.289,2.5,up,1
2021-07-02,2,positive,1.18,1,0.061,0.939,1,3.0,0.125,2.0,down,3
2021-07-06,2,positive,1.016,2,0.034,0.966,1,3.0,0.125,2.0,down,2
2021-07-07,2,positive,1.129,3,0.051,0.949,1,3.0,0.125,2.0,down,1
2021-07-08,1,mild_pos,0.626,1,0.341,0.659,-1,4.0,0.295,2.5,up,1
2021-07-09,2,positive,1.127,1,0.051,0.949,1,3.0,0.125,2.0,down,2
2021-07-12,2,positive,1.238,2,0.075,0.925,1,3.0,0.125,2.0,down,1
2021-07-13,1,mild_pos,0.989,1,0.572,0.428,2,4.0,0.295,2.5,down,4
2021-07-14,1,mild_pos,0.995,2,0.576,0.424,2,5.0,0.295,2.5,down,3
2021-07-15,1,mild_pos,0.73,3,0.404,0.596,-1,4.0,0.295,2.5,down,2
2021-07-16,1,mild_pos,0.239,4,0.158,0.842,-1,5.0,0.295,2.5,down,1
2021-07-19,-1,mild_neg,-0.648,1,0.578,0.422,1,2.0,0.701,2.0,up,1
2021-07-20,1,mild_pos,0.074,1,0.112,0.888,-1,4.0,0.287,3.0,down,21
2021-07-21,1,mild_pos,0.444,2,0.239,0.761,-1,4.5,0.287,3.0,down,20
2021-07-22,1,mild_pos,0.478,3,0.255,0.745,-1,4.0,0.287,3.0,down,19
2021-07-23,1,mild_pos,0.945,4,0.519,0.481,2,5.0,0.287,3.0,down,18
2021-07-26,1,mild_pos,0.991,5,0.547,0.453,2,5.0,0.287,3.0,down,17
2021-07-27,1,mild_pos,0.67,6,0.354,0.646,-1,5.0,0.287,3.0,down,16
2021-07-28,1,mild_pos,0.577,7,0.304,0.696,-1,6.0,0.287,3.0,down,15
2021-07-29,1,mild_pos,0.726,8,0.386,0.614,-1,6.0,0.287,3.0,down,14
2021-07-30,1,mild_pos,0.405,9,0.222,0.778,-1,6.0,0.287,3.0,down,13
2021-08-02,1,mild_pos,0.264,10,0.168,0.832,-1,6.0,0.287,3.0,down,12
2021-08-03,1,mild_pos,0.661,11,0.349,0.651,-1,6.5,0.287,3.0,down,11
2021-08-04,1,mild_pos,0.359,12,0.203,0.797,-1,6.0,0.287,3.0,down,10
2021-08-05,1,mild_pos,0.64,13,0.337,0.663,-1,5.5,0.287,3.0,down,9
2021-08-06,1,mild_pos,0.687,14,0.364,0.636,-1,4.5,0.287,3.0,down,8
2021-08-09,1,mild_pos,0.611,15,0.322,0.678,-1,4.0,0.287,3.0,down,7
2021-08-10,1,mild_pos,0.636,16,0.335,0.665,-1,5.0,0.287,3.0,down,6
2021-08-11,1,mild_pos,0.728,17,0.387,0.613,-1,6.0,0.287,3.0,down,5
2021-08-12,1,mild_pos,0.83,18,0.448,0.552,-1,7.0,0.287,3.0,down,4
2021-08-13,1,mild_pos,0.84,19,0.454,0.546,-1,8.0,0.287,3.0,down,3
2021-08-16,1,mild_pos,0.832,20,0.45,0.55,-1,7.0,0.287,3.0,down,2
2021-08-17,1,mild_pos,0.384,21,0.213,0.787,-1,6.0,0.287,3.0,down,1
2021-08-18,-1,mild_neg,-0.268,1,0.785,0.215,1,2.0,0.703,2.0,up,2
2021-08-19,-1,mild_neg,-0.208,2,0.809,0.191,1,2.0,0.703,2.0,up,1
2021-08-20,1,mild_pos,0.218,1,0.132,0.868,-1,4.0,0.265,3.0,down,14
2021-08-23,1,mild_pos,0.671,2,0.327,0.673,-1,4.5,0.265,3.0,down,13
2021-08-24,1,mild_pos,0.703,3,0.345,0.655,-1,4.0,0.265,3.0,down,12
2021-08-25,1,mild_pos,0.757,4,0.377,0.623,-1,5.0,0.265,3.0,down,11
2021-08-26,1,mild_pos,0.39,5,0.191,0.809,-1,5.5,0.265,3.0,down,10
2021-08-27,1,mild_pos,0.817,6,0.413,0.587,-1,5.5,0.265,3.0,down,9
2021-08-30,1,mild_pos,0.971,7,0.512,0.488,2,6.0,0.265,3.0,down,8
2021-08-31,1,mild_pos,0.826,8,0.419,0.581,-1,7.0,0.265,3.0,down,7
2021-09-01,1,mild_pos,0.777,9,0.389,0.611,-1,6.5,0.265,3.0,down,6
2021-09-02,1,mild_pos,0.882,10,0.454,0.546,-1,6.5,0.265,3.0,down,5
2021-09-03,1,mild_pos,0.802,11,0.405,0.595,-1,7.0,0.265,3.0,down,4
2021-09-07,1,mild_pos,0.541,12,0.258,0.742,-1,6.0,0.265,3.0,down,3
2021-09-08,1,mild_pos,0.422,13,0.204,0.796,-1,6.0,0.265,3.0,down,2
2021-09-09,1,mild_pos,0.139,14,0.111,0.889,-1,5.0,0.265,3.0,down,1
2021-09-10,-1,mild_neg,-0.326,1,0.762,0.238,1,2.0,0.707,2.0,down,6
2021-09-13,-1,mild_neg,-0.182,2,0.821,0.179,1,2.0,0.707,2.0,down,5
2021-09-14,-1,mild_neg,-0.484,3,0.682,0.318,1,2.0,0.707,2.0,down,4
2021-09-15,-1,mild_neg,-0.018,4,0.874,0.126,1,2.0,0.707,2.0,down,3
2021-09-16,-1,mild_neg,-0.167,5,0.827,0.173,1,3.0,0.707,2.0,down,2
2021-09-17,-1,mild_neg,-0.959,6,0.393,0.607,-2,2.0,0.707,2.0,down,1
2021-09-20,-2,negative,-1.904,1,0.443,0.557,-3,1.0,0.706,2.0,up,3
2021-09-21,-2,negative,-1.853,2,0.474,0.526,-3,2.0,0.706,2.0,up,2
2021-09-22,-2,negative,-1.201,3,0.82,0.18,-1,1.0,0.706,2.0,up,1
2021-09-23,-1,mild_neg,-0.451,1,0.697,0.303,1,2.0,0.707,2.0,down,3
2021-09-24,-1,mild_neg,-0.344,2,0.747,0.253,1,2.0,0.707,2.0,down,2
2021-09-27,-1,mild_neg,-0.471,3,0.687,0.313,1,2.0,0.707,2.0,down,1
2021-09-28,-2,negative,-1.64,1,0.61,0.39,-1,1.0,0.708,2.0,down,2
2021-09-29,-2,negative,-1.434,2,0.721,0.279,-1,2.0,0.708,2.0,down,1
2021-09-30,-3,ext_neg,-2.062,1,0.98,0.02,-2,2.0,0.98,2.0,up,1
2021-10-01,-2,negative,-1.153,1,0.834,0.166,-1,1.0,0.705,2.0,up,2
2021-10-04,-2,negative,-1.797,2,0.513,0.487,-1,2.0,0.705,2.0,up,1
2021-10-05,-1,mild_neg,-0.998,1,0.39,0.61,-2,2.0,0.705,2.0,up,7
2021-10-06,-1,mild_neg,-0.621,2,0.605,0.395,1,2.0,0.705,2.0,up,6
2021-10-07,-1,mild_neg,-0.011,3,0.862,0.138,1,2.0,0.705,2.0,up,5
2021-10-08,-1,mild_neg,-0.071,4,0.845,0.155,1,2.0,0.705,2.0,up,4
2021-10-11,-1,mild_neg,-0.437,5,0.7,0.3,1,3.0,0.705,2.0,up,3
2021-10-12,-1,mild_neg,-0.515,6,0.661,0.339,1,2.0,0.705,2.0,up,2
2021-10-13,-1,mild_neg,-0.202,7,0.801,0.199,1,2.0,0.705,2.0,up,1
2021-10-14,1,mild_pos,0.861,1,0.415,0.585,-1,4.0,0.247,3.0,up,1
2021-10-15,2,positive,1.307,1,0.096,0.904,1,3.0,0.125,2.0,up,6
2021-10-18,2,positive,1.405,2,0.133,0.867,1,3.0,0.125,2.0,up,5
2021-10-19,2,positive,1.762,3,0.374,0.626,1,3.0,0.125,2.0,up,4
2021-10-20,2,positive,1.901,4,0.504,0.496,3,4.0,0.125,2.0,up,3
2021-10-21,2,positive,1.986,5,0.583,0.417,3,4.0,0.125,2.0,up,2
2021-10-22,2,positive,1.852,6,0.457,0.543,1,4.5,0.125,2.0,up,1
2021-10-25,3,ext_pos,2.08,1,0.02,0.98,2,2.0,0.02,2.0,down,1
2021-10-26,2,positive,1.974,1,0.612,0.388,3,3.0,0.137,2.0,up,6
2021-10-27,2,positive,1.567,2,0.24,0.76,1,3.0,0.137,2.0,up,5
2021-10-28,2,positive,1.943,3,0.582,0.418,3,3.0,0.137,2.0,up,4
2021-10-29,2,positive,1.895,4,0.535,0.465,3,4.0,0.137,2.0,up,3
2021-11-01,2,positive,1.788,5,0.43,0.57,1,3.5,0.137,2.0,up,2
2021-11-02,2,positive,1.881,6,0.521,0.479,3,4.5,0.137,2.0,up,1
2021-11-03,3,ext_pos,2.08,1,0.02,0.98,2,2.0,0.02,2.0,down,4
2021-11-04,3,ext_pos,2.227,2,0.02,0.98,2,4.0,0.02,2.0,down,3
2021-11-05,3,ext_pos,2.259,3,0.02,0.98,2,5.5,0.02,2.0,down,2
2021-11-08,3,ext_pos,2.075,4,0.02,0.98,2,5.0,0.02,2.0,down,1
2021-11-09,2,positive,1.616,1,0.3,0.7,1,3.0,0.149,2.0,down,1
2021-11-10,1,mild_pos,0.882,1,0.435,0.565,-1,4.0,0.249,3.0,up,2
2021-11-11,1,mild_pos,0.751,2,0.354,0.646,-1,5.0,0.249,3.0,up,1
2021-11-12,2,positive,1.1,1,0.046,0.954,1,3.0,0.149,2.0,down,1
2021-11-15,1,mild_pos,0.981,1,0.506,0.494,2,4.0,0.253,3.0,up,1
2021-11-16,2,positive,1.118,1,0.05,0.95,1,3.0,0.149,2.0,down,1
2021-11-17,1,mild_pos,0.842,1,0.42,0.58,-1,4.0,0.255,3.0,down,6
2021-11-18,1,mild_pos,0.962,2,0.498,0.502,-1,5.0,0.255,3.0,down,5
2021-11-19,1,mild_pos,0.735,3,0.353,0.647,-1,4.0,0.255,3.0,down,4
2021-11-22,1,mild_pos,0.453,4,0.206,0.794,-1,5.0,0.255,3.0,down,3
2021-11-23,1,mild_pos,0.455,5,0.207,0.793,-1,6.0,0.255,3.0,down,2
2021-11-24,1,mild_pos,0.528,6,0.24,0.76,-1,6.0,0.255,3.0,down,1
2021-11-26,-2,negative,-1.088,1,0.855,0.145,-1,1.0,0.706,2.0,up,1
2021-11-29,-1,mild_neg,-0.255,1,0.78,0.22,1,2.0,0.705,2.0,down,1
2021-11-30,-2,negative,-1.631,1,0.613,0.387,-1,1.0,0.707,2.0,down,1
2021-12-01,-3,ext_neg,-2.326,1,0.98,0.02,-2,2.0,0.98,2.0,up,1
2021-12-02,-2,negative,-1.176,1,0.827,0.173,-1,1.0,0.705,2.0,up,2
2021-12-03,-2,negative,-1.68,2,0.583,0.417,-1,2.0,0.705,2.0,up,1
2021-12-06,-1,mild_neg,-0.776,1,0.526,0.474,1,2.0,0.703,2.0,up,1
2021-12-07,1,mild_pos,0.646,1,0.289,0.711,-1,4.0,0.245,3.0,down,5
2021-12-08,1,mild_pos,0.813,2,0.384,0.616,-1,4.5,0.245,3.0,down,4
2021-12-09,1,mild_pos,0.327,3,0.152,0.848,-1,4.0,0.245,3.0,down,3
2021-12-10,1,mild_pos,0.923,4,0.452,0.548,-1,5.0,0.245,3.0,down,2
2021-12-13,1,mild_pos,0.314,5,0.147,0.853,-1,5.5,0.245,3.0,down,1
2021-12-14,-1,mild_neg,-0.136,1,0.818,0.182,1,2.0,0.703,2.0,up,1
2021-12-15,1,mild_pos,0.929,1,0.441,0.559,-1,4.0,0.241,3.0,down,2
2021-12-16,1,mild_pos,0.329,2,0.153,0.847,-1,4.0,0.241,3.0,down,1
2021-12-17,-1,mild_neg,-0.587,1,0.628,0.372,1,2.0,0.703,2.0,down,1
2021-12-20,-2,negative,-1.227,1,0.81,0.19,-1,1.0,0.706,2.0,up,1
2021-12-21,1,mild_pos,0.034,1,0.082,0.918,-1,4.0,0.241,3.0,up,2
2021-12-22,1,mild_pos,0.722,2,0.321,0.679,-1,4.5,0.241,3.0,up,1
2021-12-23,2,positive,1.136,1,0.053,0.947,1,3.0,0.149,2.0,down,8
2021-12-27,2,positive,1.945,2,0.636,0.364,3,3.0,0.149,2.0,down,7
2021-12-28,2,positive,1.798,3,0.483,0.517,1,3.0,0.149,2.0,down,6
2021-12-29,2,positive,1.722,4,0.404,0.596,1,3.5,0.149,2.0,down,5
2021-12-30,2,positive,1.351,5,0.123,0.877,1,3.0,0.149,2.0,down,4
2021-12-31,2,positive,1.054,6,0.038,0.962,1,4.0,0.149,2.0,down,3
2022-01-03,2,positive,1.267,7,0.089,0.911,1,4.0,0.149,2.0,down,2
2022-01-04,2,positive,1.11,8,0.048,0.952,1,3.0,0.149,2.0,down,1
2022-01-05,-1,mild_neg,-0.208,1,0.792,0.208,1,2.0,0.701,2.0,up,4
2022-01-06,-1,mild_neg,-0.261,2,0.773,0.227,1,2.0,0.701,2.0,up,3
2022-01-07,-1,mild_neg,-0.53,3,0.654,0.346,1,2.0,0.701,2.0,up,2
2022-01-10,-1,mild_neg,-0.576,4,0.632,0.368,1,2.0,0.701,2.0,up,1
2022-01-11,1,mild_pos,0.02,1,0.084,0.916,-1,4.0,0.245,3.0,down,2
2022-01-12,1,mild_pos,0.148,2,0.11,0.89,-1,5.0,0.245,3.0,down,1
2022-01-13,-1,mild_neg,-0.757,1,0.539,0.461,1,2.0,0.701,2.0,down,2
2022-01-14,-1,mild_neg,-0.714,2,0.562,0.438,1,2.0,0.701,2.0,down,1
2022-01-18,-2,negative,-1.906,1,0.448,0.552,-3,1.0,0.707,2.0,down,1
2022-01-19,-3,ext_neg,-2.558,1,0.98,0.02,-2,2.0,0.98,2.0,up,7
2022-01-20,-3,ext_neg,-3.121,2,0.98,0.02,-2,3.0,0.98,2.0,up,6
2022-01-21,-3,ext_neg,-4.076,3,0.98,0.02,-2,3.0,0.98,2.0,up,5
2022-01-24,-3,ext_neg,-3.482,4,0.98,0.02,-2,2.5,0.98,2.0,up,4
2022-01-25,-3,ext_neg,-3.834,5,0.98,0.02,-2,2.5,0.98,2.0,up,3
2022-01-26,-3,ext_neg,-3.587,6,0.98,0.02,-2,2.5,0.98,2.0,up,2
2022-01-27,-3,ext_neg,-3.482,7,0.98,0.02,-2,2.5,0.98,2.0,up,1
2022-01-28,-2,negative,-1.851,1,0.478,0.522,-3,1.0,0.705,2.0,up,1
2022-01-31,-1,mild_neg,-0.712,1,0.558,0.442,1,2.0,0.697,2.0,up,2
2022-02-01,-1,mild_neg,-0.198,2,0.794,0.206,1,2.0,0.697,2.0,up,1
2022-02-02,1,mild_pos,0.444,1,0.199,0.801,-1,4.0,0.245,3.0,down,1
2022-02-03,-1,mild_neg,-0.716,1,0.558,0.442,1,2.0,0.697,2.0,up,3
2022-02-04,-1,mild_neg,-0.343,2,0.738,0.262,1,2.0,0.697,2.0,up,2
2022-02-07,-1,mild_neg,-0.404,3,0.712,0.288,1,2.0,0.697,2.0,up,1
2022-02-08,1,mild_pos,0.127,1,0.103,0.897,-1,4.0,0.245,3.0,down,3
2022-02-09,1,mild_pos,0.977,2,0.475,0.525,-1,5.0,0.245,3.0,down,2
2022-02-10,1,mild_pos,0.137,3,0.106,0.894,-1,4.0,0.245,3.0,down,1
2022-02-11,-1,mild_neg,-0.801,1,0.511,0.489,1,2.0,0.697,2.0,up,2
2022-02-14,-1,mild_neg,-0.822,2,0.5,0.5,-2,2.0,0.697,2.0,up,1
2022-02-15,1,mild_pos,0.112,1,0.098,0.902,-1,4.0,0.243,3.0,down,2
2022-02-16,1,mild_pos,0.204,2,0.12,0.88,-1,5.0,0.243,3.0,down,1
2022-02-17,-1,mild_neg,-0.913,1,0.455,0.545,-2,2.0,0.697,2.0,down,1
2022-02-18,-2,negative,-1.245,1,0.803,0.197,-1,1.0,0.706,2.0,down,2
2022-02-22,-2,negative,-1.766,2,0.533,0.467,-1,2.0,0.706,2.0,down,1
2022-02-23,-3,ext_neg,-2.642,1,0.98,0.02,-2,2.5,0.98,2.0,up,1
2022-02-24,-2,negative,-1.776,1,0.524,0.476,-1,1.0,0.703,2.0,up,1
2022-02-25,-1,mild_neg,-0.647,1,0.595,0.405,1,2.0,0.697,2.0,down,2
2022-02-28,-1,mild_neg,-0.75,2,0.54,0.46,1,2.0,0.697,2.0,down,1
2022-03-01,-2,negative,-1.441,1,0.714,0.286,-1,1.0,0.704,2.0,up,1
2022-03-02,-1,mild_neg,-0.389,1,0.72,0.28,1,2.0,0.697,2.0,down,3
2022-03-03,-1,mild_neg,-0.521,2,0.658,0.342,1,2.0,0.697,2.0,down,2
2022-03-04,-1,mild_neg,-0.862,3,0.478,0.522,-2,2.0,0.697,2.0,down,1
2022-03-07,-3,ext_neg,-2.26,1,0.98,0.02,-2,2.5,0.98,2.0,up,2
2022-03-08,-3,ext_neg,-2.458,2,0.98,0.02,-2,3.0,0.98,2.0,up,1
2022-03-09,-1,mild_neg,-0.923,1,0.447,0.553,-2,2.0,0.697,2.0,down,2
2022-03-10,-1,mild_neg,-0.966,2,0.425,0.575,-2,2.0,0.697,2.0,down,1
2022-03-11,-2,negative,-1.448,1,0.712,0.288,-1,1.0,0.704,2.0,up,2
2022-03-14,-2,negative,-1.677,2,0.586,0.414,-1,2.0,0.704,2.0,up,1
2022-03-15,-1,mild_neg,-0.485,1,0.676,0.324,1,2.0,0.697,2.0,up,1
2022-03-16,1,mild_pos,0.675,1,0.297,0.703,-1,4.0,0.239,3.0,up,1
2022-03-17,2,positive,1.317,1,0.108,0.892,1,3.0,0.149,2.0,up,3
2022-03-18,2,positive,1.65,2,0.321,0.679,1,3.0,0.149,2.0,up,2
2022-03-21,2,positive,1.575,3,0.258,0.742,1,3.0,0.149,2.0,up,1
2022-03-22,3,ext_pos,2.01,1,0.02,0.98,2,2.0,0.02,2.0,down,1
2022-03-23,2,positive,1.264,1,0.093,0.907,1,3.0,0.155,2.0,up,3
2022-03-24,2,positive,1.849,2,0.527,0.473,3,3.0,0.155,2.0,up,2
2022-03-25,2,positive,1.985,3,0.66,0.34,3,3.0,0.155,2.0,up,1
2022-03-28,3,ext_pos,2.196,1,0.02,0.98,2,2.0,0.02,2.0,down,3
2022-03-29,3,ext_pos,2.567,2,0.02,0.98,2,2.0,0.02,2.0,down,2
2022-03-30,3,ext_pos,2.161,3,0.02,0.98,2,5.0,0.02,2.0,down,1
2022-03-31,2,positive,1.363,1,0.136,0.864,1,2.5,0.161,2.0,down,3
2022-04-01,2,positive,1.381,2,0.145,0.855,1,3.0,0.161,2.0,down,2
2022-04-04,2,positive,1.573,3,0.272,0.728,1,3.0,0.161,2.0,down,1
2022-04-05,1,mild_pos,0.806,1,0.37,0.63,-1,4.0,0.239,3.0,down,4
2022-04-06,1,mild_pos,0.236,2,0.123,0.877,-1,5.0,0.239,3.0,down,3
2022-04-07,1,mild_pos,0.351,3,0.158,0.842,-1,4.0,0.239,3.0,down,2
2022-04-08,1,mild_pos,0.078,4,0.087,0.913,-1,5.0,0.239,3.0,down,1
2022-04-11,-1,mild_neg,-0.875,1,0.469,0.531,-2,2.0,0.699,2.0,down,1
2022-04-12,-2,negative,-1.123,1,0.845,0.155,-1,1.0,0.706,2.0,up,1
2022-04-13,-1,mild_neg,-0.612,1,0.611,0.389,1,2.0,0.697,2.0,down,1
2022-04-14,-2,negative,-1.206,1,0.817,0.183,-1,1.0,0.706,2.0,up,2
2022-04-18,-2,negative,-1.149,2,0.837,0.163,-1,2.0,0.706,2.0,up,1
2022-04-19,-1,mild_neg,-0.376,1,0.726,0.274,1,2.0,0.695,2.0,down,2
2022-04-20,-1,mild_neg,-0.387,2,0.721,0.279,1,2.0,0.695,2.0,down,1
2022-04-21,-2,negative,-1.094,1,0.856,0.144,-1,1.0,0.707,2.0,down,1
2022-04-22,-3,ext_neg,-2.325,1,0.98,0.02,-2,2.0,0.98,2.0,up,1
2022-04-25,-2,negative,-1.89,1,0.463,0.537,-3,1.0,0.706,2.0,down,1
2022-04-26,-3,ext_neg,-3.075,1,0.98,0.02,-2,2.0,0.98,2.0,up,2
2022-04-27,-3,ext_neg,-2.653,2,0.98,0.02,-2,3.0,0.98,2.0,up,1
2022-04-28,-2,negative,-1.286,1,0.785,0.215,-1,1.0,0.704,2.0,down,1
2022-04-29,-3,ext_neg,-2.83,1,0.98,0.02,-2,2.0,0.98,2.0,up,2
2022-05-02,-3,ext_neg,-2.31,2,0.98,0.02,-2,3.0,0.98,2.0,up,1
2022-05-03,-2,negative,-1.867,1,0.473,0.527,-3,1.0,0.703,2.0,up,1
2022-05-04,-1,mild_neg,-0.385,1,0.72,0.28,1,2.0,0.693,2.0,down,1
2022-05-05,-2,negative,-1.849,1,0.487,0.513,-3,1.0,0.704,2.0,down,2
2022-05-06,-2,negative,-1.91,2,0.451,0.549,-3,2.0,0.704,2.0,down,1
2022-05-09,-3,ext_neg,-3.091,1,0.98,0.02,-2,2.0,0.98,2.0,up,4
2022-05-10,-3,ext_neg,-2.725,2,0.98,0.02,-2,3.0,0.98,2.0,up,3
2022-05-11,-3,ext_neg,-3.147,3,0.98,0.02,-2,3.0,0.98,2.0,up,2
2022-05-12,-3,ext_neg,-2.878,4,0.98,0.02,-2,3.0,0.98,2.0,up,1
2022-05-13,-2,negative,-1.663,1,0.592,0.408,-1,1.0,0.701,2.0,up,2
2022-05-16,-2,negative,-1.638,2,0.606,0.394,-1,2.0,0.701,2.0,up,1
2022-05-17,-1,mild_neg,-0.605,1,0.61,0.39,1,2.0,0.693,2.0,down,1
2022-05-18,-3,ext_neg,-2.045,1,0.98,0.02,-2,2.0,0.98,2.0,up,2
2022-05-19,-3,ext_neg,-2.038,2,0.98,0.02,-2,3.0,0.98,2.0,up,1
2022-05-20,-2,negative,-1.823,1,0.5,0.5,-3,1.0,0.702,2.0,up,1
2022-05-23,-1,mild_neg,-0.901,1,0.444,0.556,-2,2.0,0.693,2.0,down,1
2022-05-24,-2,negative,-1.099,1,0.849,0.151,-1,1.0,0.702,2.0,up,1
2022-05-25,-1,mild_neg,-0.643,1,0.587,0.413,1,2.0,0.691,2.0,up,1
2022-05-26,1,mild_pos,0.255,1,0.123,0.877,-1,4.0,0.233,3.0,up,1
2022-05-27,2,positive,1.178,1,0.069,0.931,1,2.5,0.161,2.0,down,1
2022-05-31,1,mild_pos,0.968,1,0.466,0.534,-1,4.0,0.235,3.0,up,2
2022-06-01,1,mild_pos,0.686,2,0.3,0.7,-1,5.0,0.235,3.0,up,1
2022-06-02,2,positive,1.458,1,0.188,0.812,1,2.5,0.161,2.0,down,1
2022-06-03,1,mild_pos,0.843,1,0.397,0.603,-1,4.0,0.239,3.0,up,2
2022-06-06,1,mild_pos,0.955,2,0.468,0.532,-1,5.0,0.239,3.0,up,1
2022-06-07,2,positive,1.231,1,0.084,0.916,1,3.0,0.161,2.0,down,1
2022-06-08,1,mild_pos,0.759,1,0.352,0.648,-1,4.0,0.243,2.5,down,1
2022-06-09,-1,mild_neg,-0.213,1,0.792,0.208,1,2.0,0.691,2.0,down,1
2022-06-10,-2,negative,-1.367,1,0.75,0.25,-1,1.0,0.703,2.0,down,1
2022-06-13,-3,ext_neg,-2.776,1,0.98,0.02,-2,2.0,0.98,2.0,up,6
2022-06-14,-3,ext_neg,-2.729,2,0.98,0.02,-2,3.0,0.98,2.0,up,5
2022-06-15,-3,ext_neg,-2.001,3,0.98,0.02,-2,3.0,0.98,2.0,up,4
2022-06-16,-3,ext_neg,-3.168,4,0.98,0.02,-2,3.0,0.98,2.0,up,3
2022-06-17,-3,ext_neg,-3.082,5,0.98,0.02,-2,2.0,0.98,2.0,up,2
2022-06-21,-3,ext_neg,-2.032,6,0.98,0.02,-2,2.0,0.98,2.0,up,1
2022-06-22,-2,negative,-1.98,1,0.41,0.59,-3,1.0,0.702,2.0,up,2
2022-06-23,-2,negative,-1.533,2,0.667,0.333,-1,2.0,0.702,2.0,up,1
2022-06-24,-1,mild_neg,-0.354,1,0.731,0.269,1,2.0,0.689,2.0,down,2
2022-06-27,-1,mild_neg,-0.416,2,0.703,0.297,1,2.0,0.689,2.0,down,1
2022-06-28,-2,negative,-1.004,1,0.874,0.126,-1,1.0,0.703,2.0,up,1
2022-06-29,-1,mild_neg,-0.881,1,0.448,0.552,-2,2.0,0.685,2.0,down,1
2022-06-30,-2,negative,-1.026,1,0.869,0.131,-1,1.0,0.703,2.0,up,1
2022-07-01,-1,mild_neg,-0.475,1,0.668,0.332,1,2.0,0.683,2.0,up,3
2022-07-05,-1,mild_neg,-0.275,2,0.76,0.24,1,2.0,0.683,2.0,up,2
2022-07-06,-1,mild_neg,-0.022,3,0.849,0.151,1,2.0,0.683,2.0,up,1
2022-07-07,1,mild_pos,0.626,1,0.277,0.723,-1,4.0,0.243,2.0,down,4
2022-07-08,1,mild_pos,0.701,2,0.317,0.683,-1,5.0,0.243,2.0,down,3
2022-07-11,1,mild_pos,0.377,3,0.167,0.833,-1,4.0,0.243,2.0,down,2
2022-07-12,1,mild_pos,0.105,4,0.09,0.91,-1,5.0,0.243,2.0,down,1
2022-07-13,-1,mild_neg,-0.101,1,0.826,0.174,1,2.0,0.683,2.0,up,2
2022-07-14,-1,mild_neg,-0.207,2,0.788,0.212,1,2.0,0.683,2.0,up,1
2022-07-15,1,mild_pos,0.44,1,0.191,0.809,-1,4.0,0.243,2.5,up,3
2022-07-18,1,mild_pos,0.074,2,0.084,0.916,-1,5.0,0.243,2.5,up,2
2022-07-19,1,mild_pos,0.893,3,0.433,0.567,-1,4.0,0.243,2.5,up,1
2022-07-20,2,positive,1.022,1,0.037,0.963,1,3.0,0.161,2.0,down,2
2022-07-21,2,positive,1.258,2,0.093,0.907,1,3.0,0.161,2.0,down,1
2022-07-22,1,mild_pos,0.858,1,0.412,0.588,-1,4.0,0.249,3.0,up,3
2022-07-25,1,mild_pos,0.874,2,0.421,0.579,-1,4.5,0.249,3.0,up,2
2022-07-26,1,mild_pos,0.45,3,0.202,0.798,-1,4.0,0.249,3.0,up,1
2022-07-27,2,positive,1.24,1,0.087,0.913,1,2.5,0.161,2.0,down,9
2022-07-28,2,positive,1.544,2,0.247,0.753,1,3.0,0.161,2.0,down,8
2022-07-29,2,positive,1.865,3,0.55,0.45,3,3.0,0.161,2.0,down,7
2022-08-01,2,positive,1.633,4,0.321,0.679,1,4.0,0.161,2.0,down,6
2022-08-02,2,positive,1.297,5,0.107,0.893,1,3.0,0.161,2.0,down,5
2022-08-03,2,positive,1.671,6,0.355,0.645,1,4.0,0.161,2.0,down,4
2022-08-04,2,positive,1.536,7,0.241,0.759,1,3.5,0.161,2.0,down,3
2022-08-05,2,positive,1.372,8,0.14,0.86,1,3.0,0.161,2.0,down,2
2022-08-08,2,positive,1.212,9,0.078,0.922,1,2.5,0.161,2.0,down,1
2022-08-09,1,mild_pos,0.953,1,0.481,0.519,-1,4.0,0.255,3.0,up,1
2022-08-10,2,positive,1.458,1,0.185,0.815,1,3.0,0.161,2.0,down,7
2022-08-11,2,positive,1.285,2,0.102,0.898,1,3.0,0.161,2.0,down,6
2022-08-12,2,positive,1.649,3,0.327,0.673,1,3.0,0.161,2.0,down,5
2022-08-15,2,positive,1.588,4,0.276,0.724,1,4.0,0.161,2.0,down,4
2022-08-16,2,positive,1.499,5,0.21,0.79,1,3.0,0.161,2.0,down,3
2022-08-17,2,positive,1.146,6,0.061,0.939,1,4.0,0.161,2.0,down,2
2022-08-18,2,positive,1.124,7,0.056,0.944,1,3.0,0.161,2.0,down,1
2022-08-19,1,mild_pos,0.584,1,0.269,0.731,-1,4.0,0.257,3.0,down,1
2022-08-22,-1,mild_neg,-0.175,1,0.8,0.2,1,2.0,0.683,2.0,up,3
2022-08-23,-1,mild_neg,-0.341,2,0.732,0.268,1,2.0,0.683,2.0,up,2
2022-08-24,-1,mild_neg,-0.285,3,0.756,0.244,1,2.0,0.683,2.0,up,1
2022-08-25,1,mild_pos,0.125,1,0.103,0.897,-1,4.0,0.257,3.0,down,1
2022-08-26,-1,mild_neg,-0.997,1,0.377,0.623,-2,2.0,0.689,2.0,down,1
2022-08-29,-2,negative,-1.188,1,0.82,0.18,-1,1.0,0.704,2.0,up,7
2022-08-30,-2,negative,-1.52,2,0.676,0.324,-1,2.0,0.704,2.0,up,6
2022-08-31,-2,negative,-1.695,3,0.581,0.419,-1,1.0,0.704,2.0,up,5
2022-09-01,-2,negative,-1.51,4,0.682,0.318,-1,2.0,0.704,2.0,up,4
2022-09-02,-2,negative,-1.776,5,0.534,0.466,-1,1.0,0.704,2.0,up,3
2022-09-06,-2,negative,-1.805,6,0.517,0.483,-1,1.0,0.704,2.0,up,2
2022-09-07,-2,negative,-1.148,7,0.833,0.167,-1,1.0,0.704,2.0,up,1
2022-09-08,-1,mild_neg,-0.853,1,0.459,0.541,-2,2.0,0.689,2.0,up,2
2022-09-09,-1,mild_neg,-0.296,2,0.758,0.242,1,2.0,0.689,2.0,up,1
2022-09-12,1,mild_pos,0.113,1,0.1,0.9,-1,4.0,0.257,3.0,down,1
2022-09-13,-2,negative,-1.196,1,0.819,0.181,-1,1.0,0.708,2.0,up,1
2022-09-14,-1,mild_neg,-0.926,1,0.416,0.584,-2,2.0,0.693,2.0,down,1
2022-09-15,-2,negative,-1.152,1,0.834,0.166,-1,1.0,0.709,2.0,up,2
2022-09-16,-2,negative,-1.365,2,0.755,0.245,-1,2.0,0.709,2.0,up,1
2022-09-19,-1,mild_neg,-0.97,1,0.39,0.61,-2,2.0,0.693,2.0,down,1
2022-09-20,-2,negative,-1.227,1,0.81,0.19,-1,1.0,0.71,2.0,down,3
2022-09-21,-2,negative,-1.659,2,0.609,0.391,-1,2.0,0.71,2.0,down,2
2022-09-22,-2,negative,-1.766,3,0.549,0.451,-1,2.0,0.71,2.0,down,1
2022-09-23,-3,ext_neg,-2.1,1,0.98,0.02,-2,2.0,0.98,2.0,up,3
2022-09-26,-3,ext_neg,-2.242,2,0.98,0.02,-2,3.0,0.98,2.0,up,2
2022-09-27,-3,ext_neg,-2.144,3,0.98,0.02,-2,3.0,0.98,2.0,up,1
2022-09-28,-2,negative,-1.387,1,0.742,0.258,-1,1.0,0.705,2.0,down,2
2022-09-29,-2,negative,-1.925,2,0.451,0.549,-3,2.0,0.705,2.0,down,1
2022-09-30,-3,ext_neg,-2.25,1,0.98,0.02,-2,2.0,0.98,2.0,up,1
2022-10-03,-2,negative,-1.302,1,0.781,0.219,-1,1.0,0.705,2.0,up,1
2022-10-04,-1,mild_neg,-0.3,1,0.763,0.237,1,2.0,0.691,2.0,down,3
2022-10-05,-1,mild_neg,-0.288,2,0.768,0.232,1,2.0,0.691,2.0,down,2
2022-10-06,-1,mild_neg,-0.498,3,0.665,0.335,1,2.0,0.691,2.0,down,1
2022-10-07,-2,negative,-1.199,1,0.823,0.177,-1,1.0,0.707,2.0,up,4
2022-10-10,-2,negative,-1.225,2,0.814,0.186,-1,2.0,0.707,2.0,up,3
2022-10-11,-2,negative,-1.273,3,0.796,0.204,-1,2.0,0.707,2.0,up,2
2022-10-12,-2,negative,-1.214,4,0.818,0.182,-1,2.0,0.707,2.0,up,1
2022-10-13,-1,mild_neg,-0.307,1,0.755,0.245,1,2.0,0.687,2.0,up,3
2022-10-14,-1,mild_neg,-0.899,2,0.425,0.575,-2,2.0,0.687,2.0,up,2
2022-10-17,-1,mild_neg,-0.032,3,0.857,0.143,1,2.0,0.687,2.0,up,1
2022-10-18,1,mild_pos,0.371,1,0.176,0.824,-1,4.0,0.257,3.0,down,2
2022-10-19,1,mild_pos,0.195,2,0.12,0.88,-1,4.5,0.257,3.0,down,1
2022-10-20,-1,mild_neg,-0.022,1,0.86,0.14,1,2.0,0.687,2.0,up,1
2022-10-21,1,mild_pos,0.669,1,0.313,0.687,-1,4.0,0.257,3.0,up,2
2022-10-24,1,mild_pos,0.967,2,0.493,0.507,-1,4.5,0.257,3.0,up,1
2022-10-25,2,positive,1.339,1,0.123,0.877,1,3.0,0.161,2.0,down,2
2022-10-26,2,positive,1.074,2,0.047,0.953,1,3.0,0.161,2.0,down,1
2022-10-27,1,mild_pos,0.851,1,0.427,0.573,-1,4.0,0.259,2.5,up,1
2022-10-28,2,positive,1.404,1,0.154,0.846,1,3.0,0.161,2.0,down,2
2022-10-31,2,positive,1.118,2,0.055,0.945,1,3.0,0.161,2.0,down,1
2022-11-01,1,mild_pos,0.965,1,0.505,0.495,2,4.0,0.261,2.5,down,2
2022-11-02,1,mild_pos,0.228,2,0.127,0.873,-1,4.0,0.261,2.5,down,1
2022-11-03,-1,mild_neg,-0.073,1,0.844,0.156,1,2.0,0.687,2.0,up,1
2022-11-04,1,mild_pos,0.301,1,0.149,0.851,-1,4.0,0.259,2.0,down,3
2022-11-07,1,mild_pos,0.506,2,0.23,0.77,-1,4.0,0.259,2.0,down,2
2022-11-08,1,mild_pos,0.57,3,0.261,0.739,-1,4.0,0.259,2.0,down,1
2022-11-09,-1,mild_neg,-0.126,1,0.827,0.173,1,2.0,0.687,2.0,up,1
2022-11-10,2,positive,1.349,1,0.127,0.873,1,3.0,0.161,2.0,down,4
2022-11-11,2,positive,1.466,2,0.189,0.811,1,3.0,0.161,2.0,down,3
2022-11-14,2,positive,1.11,3,0.054,0.946,1,3.0,0.161,2.0,down,2
2022-11-15,2,positive,1.247,4,0.089,0.911,1,4.0,0.161,2.0,down,1
2022-11-16,1,mild_pos,0.922,1,0.472,0.528,-1,4.0,0.253,2.5,up,5
2022-11-17,1,mild_pos,0.723,2,0.341,0.659,-1,4.0,0.253,2.5,up,4
2022-11-18,1,mild_pos,0.771,3,0.371,0.629,-1,4.0,0.253,2.5,up,3
2022-11-21,1,mild_pos,0.605,4,0.273,0.727,-1,5.0,0.253,2.5,up,2
2022-11-22,1,mild_pos,0.937,5,0.482,0.518,-1,5.0,0.253,2.5,up,1
2022-11-23,2,positive,1.04,1,0.041,0.959,1,3.0,0.161,2.0,down,1
2022-11-25,1,mild_pos,0.948,1,0.489,0.511,-1,4.0,0.253,3.0,up,3
2022-11-28,1,mild_pos,0.456,2,0.2,0.8,-1,4.0,0.253,3.0,up,2
2022-11-29,1,mild_pos,0.371,3,0.165,0.835,-1,4.0,0.253,3.0,up,1
2022-11-30,2,positive,1.178,1,0.069,0.931,1,3.0,0.161,2.0,down,2
2022-12-01,2,positive,1.036,2,0.041,0.959,1,3.0,0.161,2.0,down,1
2022-12-02,1,mild_pos,0.871,1,0.433,0.567,-1,4.0,0.253,3.0,down,2
2022-12-05,1,mild_pos,0.263,2,0.131,0.869,-1,4.0,0.253,3.0,down,1
2022-12-06,-1,mild_neg,-0.216,1,0.793,0.207,1,2.0,0.687,2.0,up,4
2022-12-07,-1,mild_neg,-0.309,2,0.754,0.246,1,2.0,0.687,2.0,up,3
2022-12-08,-1,mild_neg,-0.16,3,0.815,0.185,1,2.0,0.687,2.0,up,2
2022-12-09,-1,mild_neg,-0.378,4,0.722,0.278,1,2.0,0.687,2.0,up,1
2022-12-12,1,mild_pos,0.045,1,0.079,0.921,-1,4.0,0.249,3.0,down,3
2022-12-13,1,mild_pos,0.242,2,0.125,0.875,-1,4.0,0.249,3.0,down,2
2022-12-14,1,mild_pos,0.05,3,0.08,0.92,-1,4.0,0.249,3.0,down,1
2022-12-15,-1,mild_neg,-0.667,1,0.572,0.428,1,2.0,0.695,2.0,down,1
2022-12-16,-2,negative,-1.124,1,0.854,0.146,-1,1.0,0.713,2.0,up,3
2022-12-19,-2,negative,-1.321,2,0.782,0.218,-1,2.0,0.713,2.0,up,2
2022-12-20,-2,negative,-1.223,3,0.821,0.179,-1,1.5,0.713,2.0,up,1
2022-12-21,-1,mild_neg,-0.72,1,0.536,0.464,1,2.0,0.693,2.0,down,1
2022-12-22,-2,negative,-1.07,1,0.87,0.13,-1,1.0,0.713,2.0,up,1
2022-12-23,-1,mild_neg,-0.821,1,0.471,0.529,-2,2.0,0.691,2.0,down,2
2022-12-27,-1,mild_neg,-0.884,2,0.433,0.567,-2,2.0,0.691,2.0,down,1
2022-12-28,-2,negative,-1.19,1,0.833,0.167,-1,1.0,0.713,2.0,up,1
2022-12-29,-1,mild_neg,-0.56,1,0.625,0.375,1,2.0,0.687,2.0,up,5
2022-12-30,-1,mild_neg,-0.544,2,0.634,0.366,1,2.0,0.687,2.0,up,4
2023-01-03,-1,mild_neg,-0.571,3,0.618,0.382,1,2.0,0.687,2.0,up,3
2023-01-04,-1,mild_neg,-0.282,4,0.769,0.231,1,2.0,0.687,2.0,up,2
2023-01-05,-1,mild_neg,-0.569,5,0.619,0.381,1,2.5,0.687,2.0,up,1
2023-01-06,1,mild_pos,0.123,1,0.093,0.907,-1,3.0,0.249,3.0,up,17
2023-01-09,1,mild_pos,0.139,2,0.096,0.904,-1,4.0,0.249,3.0,up,16
2023-01-10,1,mild_pos,0.354,3,0.159,0.841,-1,4.0,0.249,3.0,up,15
2023-01-11,1,mild_pos,0.729,4,0.342,0.658,-1,5.0,0.249,3.0,up,14
2023-01-12,1,mild_pos,0.85,5,0.418,0.582,-1,5.0,0.249,3.0,up,13
2023-01-13,1,mild_pos,0.961,6,0.492,0.508,-1,6.0,0.249,3.0,up,12
2023-01-17,1,mild_pos,0.877,7,0.436,0.564,-1,8.0,0.249,3.0,up,11
2023-01-18,1,mild_pos,0.391,8,0.173,0.827,-1,7.0,0.249,3.0,up,10
2023-01-19,1,mild_pos,0.147,9,0.098,0.902,-1,8.0,0.249,3.0,up,9
2023-01-20,1,mild_pos,0.621,10,0.28,0.72,-1,7.5,0.249,3.0,up,8
2023-01-23,1,mild_pos,0.905,11,0.455,0.545,-1,7.0,0.249,3.0,up,7
2023-01-24,1,mild_pos,0.803,12,0.388,0.612,-1,6.0,0.249,3.0,up,6
2023-01-25,1,mild_pos,0.75,13,0.355,0.645,-1,5.5,0.249,3.0,up,5
2023-01-26,1,mild_pos,0.974,14,0.501,0.499,2,5.0,0.249,3.0,up,4
2023-01-27,1,mild_pos,0.938,15,0.476,0.524,-1,5.0,0.249,3.0,up,3
2023-01-30,1,mild_pos,0.518,16,0.228,0.772,-1,5.0,0.249,3.0,up,2
2023-01-31,1,mild_pos,0.852,17,0.419,0.581,-1,5.0,0.249,3.0,up,1
2023-02-01,2,positive,1.048,1,0.041,0.959,1,3.0,0.159,2.0,down,2
2023-02-02,2,positive,1.341,2,0.121,0.879,1,3.0,0.159,2.0,down,1
2023-02-03,1,mild_pos,0.919,1,0.495,0.505,-1,3.5,0.283,3.0,down,10
2023-02-06,1,mild_pos,0.665,2,0.338,0.662,-1,4.0,0.283,3.0,down,9
2023-02-07,1,mild_pos,0.937,3,0.506,0.494,2,4.0,0.283,3.0,down,8
2023-02-08,1,mild_pos,0.551,4,0.276,0.724,-1,5.0,0.283,3.0,down,7
2023-02-09,1,mild_pos,0.257,5,0.153,0.847,-1,5.5,0.283,3.0,down,6
2023-02-10,1,mild_pos,0.285,6,0.162,0.838,-1,6.5,0.283,3.0,down,5
2023-02-13,1,mild_pos,0.571,7,0.287,0.713,-1,8.0,0.283,3.0,down,4
2023-02-14,1,mild_pos,0.504,8,0.253,0.747,-1,7.0,0.283,3.0,down,3
2023-02-15,1,mild_pos,0.518,9,0.26,0.74,-1,8.0,0.283,3.0,down,2
2023-02-16,1,mild_pos,0.045,10,0.095,0.905,-1,7.0,0.283,3.0,down,1
2023-02-17,-1,mild_neg,-0.069,1,0.856,0.144,1,2.0,0.695,2.0,down,14
2023-02-21,-1,mild_neg,-0.665,2,0.572,0.428,1,2.0,0.695,2.0,down,13
2023-02-22,-1,mild_neg,-0.7,3,0.55,0.45,1,2.0,0.695,2.0,down,12
2023-02-23,-1,mild_neg,-0.542,4,0.645,0.355,1,2.0,0.695,2.0,down,11
2023-02-24,-1,mild_neg,-0.833,5,0.467,0.533,-2,2.5,0.695,2.0,down,10
2023-02-27,-1,mild_neg,-0.701,6,0.549,0.451,1,2.0,0.695,2.0,down,9
2023-02-28,-1,mild_neg,-0.797,7,0.49,0.51,-2,2.0,0.695,2.0,down,8
2023-03-01,-1,mild_neg,-0.871,8,0.443,0.557,-2,2.5,0.695,2.0,down,7
2023-03-02,-1,mild_neg,-0.591,9,0.617,0.383,1,5.0,0.695,2.0,down,6
2023-03-03,-1,mild_neg,-0.072,10,0.855,0.145,1,4.0,0.695,2.0,down,5
2023-03-06,-1,mild_neg,-0.023,11,0.87,0.13,1,3.0,0.695,2.0,down,4
2023-03-07,-1,mild_neg,-0.438,12,0.702,0.298,1,4.0,0.695,2.0,down,3
2023-03-08,-1,mild_neg,-0.33,13,0.756,0.244,1,3.0,0.695,2.0,down,2
2023-03-09,-1,mild_neg,-0.816,14,0.478,0.522,-2,2.0,0.695,2.0,down,1
2023-03-10,-2,negative,-1.175,1,0.838,0.162,-1,1.0,0.713,2.0,up,2
2023-03-13,-2,negative,-1.133,2,0.852,0.148,-1,2.0,0.713,2.0,up,1
2023-03-14,-1,mild_neg,-0.56,1,0.608,0.392,1,2.0,0.669,2.0,up,5
2023-03-15,-1,mild_neg,-0.661,2,0.547,0.453,1,2.0,0.669,2.0,up,4
2023-03-16,-1,mild_neg,-0.076,3,0.837,0.163,1,2.0,0.669,2.0,up,3
2023-03-17,-1,mild_neg,-0.47,4,0.659,0.341,1,2.0,0.669,2.0,up,2
2023-03-20,-1,mild_neg,-0.135,5,0.816,0.184,1,3.0,0.669,2.0,up,1
2023-03-21,1,mild_pos,0.25,1,0.147,0.853,-1,3.5,0.283,3.0,down,1
2023-03-22,-1,mild_neg,-0.233,1,0.777,0.223,1,2.0,0.669,2.0,up,2
2023-03-23,-1,mild_neg,-0.125,2,0.819,0.181,1,2.0,0.669,2.0,up,1
2023-03-24,1,mild_pos,0.071,1,0.096,0.904,-1,3.5,0.283,3.0,up,5
2023-03-27,1,mild_pos,0.131,2,0.111,0.889,-1,4.0,0.283,3.0,up,4
2023-03-28,1,mild_pos,0.067,3,0.095,0.905,-1,4.0,0.283,3.0,up,3
2023-03-29,1,mild_pos,0.469,4,0.237,0.763,-1,5.0,0.283,3.0,up,2
2023-03-30,1,mild_pos,0.619,5,0.317,0.683,-1,5.0,0.283,3.0,up,1
2023-03-31,2,positive,1.008,1,0.036,0.964,1,2.5,0.155,2.0,down,2
2023-04-03,2,positive,1.096,2,0.049,0.951,1,3.0,0.155,2.0,down,1
2023-04-04,1,mild_pos,0.9,1,0.496,0.504,-1,4.0,0.293,3.0,down,14
2023-04-05,1,mild_pos,0.794,2,0.431,0.569,-1,4.0,0.293,3.0,down,13
2023-04-06,1,mild_pos,0.843,3,0.461,0.539,-1,4.0,0.293,3.0,down,12
2023-04-10,1,mild_pos,0.786,4,0.426,0.574,-1,5.0,0.293,3.0,down,11
2023-04-11,1,mild_pos,0.705,5,0.378,0.622,-1,5.0,0.293,3.0,down,10
2023-04-12,1,mild_pos,0.524,6,0.279,0.721,-1,5.5,0.293,3.0,down,9
2023-04-13,1,mild_pos,0.823,7,0.449,0.551,-1,8.0,0.293,3.0,down,8
2023-04-14,1,mild_pos,0.691,8,0.37,0.63,-1,7.0,0.293,3.0,down,7
2023-04-17,1,mild_pos,0.708,9,0.38,0.62,-1,7.5,0.293,3.0,down,6
2023-04-18,1,mild_pos,0.652,10,0.348,0.652,-1,7.0,0.293,3.0,down,5
2023-04-19,1,mild_pos,0.592,11,0.314,0.686,-1,6.5,0.293,3.0,down,4
2023-04-20,1,mild_pos,0.358,12,0.205,0.795,-1,6.0,0.293,3.0,down,3
2023-04-21,1,mild_pos,0.312,13,0.187,0.813,-1,5.0,0.293,3.0,down,2
2023-04-24,1,mild_pos,0.282,14,0.175,0.825,-1,4.0,0.293,3.0,down,1
2023-04-25,-1,mild_neg,-0.234,1,0.777,0.223,1,2.0,0.669,2.0,up,2
2023-04-26,-1,mild_neg,-0.395,2,0.699,0.301,1,2.0,0.669,2.0,up,1
2023-04-27,1,mild_pos,0.159,1,0.131,0.869,-1,4.0,0.283,3.0,down,3
2023-04-28,1,mild_pos,0.369,2,0.2,0.8,-1,4.0,0.283,3.0,down,2
2023-05-01,1,mild_pos,0.317,3,0.181,0.819,-1,4.0,0.283,3.0,down,1
2023-05-02,-1,mild_neg,-0.023,1,0.858,0.142,1,2.0,0.669,2.0,up,3
2023-05-03,-1,mild_neg,-0.232,2,0.779,0.221,1,2.0,0.669,2.0,up,2
2023-05-04,-1,mild_neg,-0.443,3,0.673,0.327,1,2.0,0.669,2.0,up,1
2023-05-05,1,mild_pos,0.11,1,0.117,0.883,-1,4.0,0.277,3.0,down,2
2023-05-08,1,mild_pos,0.107,2,0.116,0.884,-1,4.0,0.277,3.0,down,1
2023-05-09,-1,mild_neg,-0.034,1,0.854,0.146,1,2.0,0.669,2.0,up,1
2023-05-10,1,mild_pos,0.093,1,0.113,0.887,-1,4.0,0.275,3.0,down,4
2023-05-11,1,mild_pos,0.044,2,0.101,0.899,-1,4.0,0.275,3.0,down,3
2023-05-12,1,mild_pos,0.006,3,0.094,0.906,-1,4.0,0.275,3.0,down,2
2023-05-15,1,mild_pos,0.118,4,0.119,0.881,-1,5.0,0.275,3.0,down,1
2023-05-16,-1,mild_neg,-0.079,1,0.843,0.157,1,2.0,0.671,2.0,up,1
2023-05-17,1,mild_pos,0.303,1,0.173,0.827,-1,4.0,0.275,3.0,down,5
2023-05-18,1,mild_pos,0.584,2,0.292,0.708,-1,4.0,0.275,3.0,down,4
2023-05-19,1,mild_pos,0.514,3,0.259,0.741,-1,4.0,0.275,3.0,down,3
2023-05-22,1,mild_pos,0.505,4,0.254,0.746,-1,5.0,0.275,3.0,down,2
2023-05-23,1,mild_pos,0.108,5,0.115,0.885,-1,5.0,0.275,3.0,down,1
2023-05-24,-1,mild_neg,-0.157,1,0.818,0.182,1,2.0,0.673,2.0,up,1
2023-05-25,1,mild_pos,0.118,1,0.114,0.886,-1,4.0,0.275,3.0,up,12
2023-05-26,1,mild_pos,0.525,2,0.264,0.736,-1,4.0,0.275,3.0,up,11
2023-05-30,1,mild_pos,0.519,3,0.262,0.738,-1,4.0,0.275,3.0,up,10
2023-05-31,1,mild_pos,0.31,4,0.173,0.827,-1,5.0,0.275,3.0,up,9
2023-06-01,1,mild_pos,0.565,5,0.285,0.715,-1,5.0,0.275,3.0,up,8
2023-06-02,1,mild_pos,0.941,6,0.506,0.494,2,6.0,0.275,3.0,up,7
2023-06-05,1,mild_pos,0.823,7,0.433,0.567,-1,7.5,0.275,3.0,up,6
2023-06-06,1,mild_pos,0.834,8,0.44,0.56,-1,7.0,0.275,3.0,up,5
2023-06-07,1,mild_pos,0.661,9,0.336,0.664,-1,7.0,0.275,3.0,up,4
2023-06-08,1,mild_pos,0.795,10,0.415,0.585,-1,7.0,0.275,3.0,up,3
2023-06-09,1,mild_pos,0.784,11,0.409,0.591,-1,6.0,0.275,3.0,up,2
2023-06-12,1,mild_pos,0.99,12,0.538,0.462,2,5.5,0.275,3.0,up,1
2023-06-13,2,positive,1.111,1,0.052,0.948,1,2.0,0.153,2.0,down,4
2023-06-14,2,positive,1.046,2,0.041,0.959,1,3.0,0.153,2.0,down,3
2023-06-15,2,positive,1.332,3,0.116,0.884,1,3.0,0.153,2.0,down,2
2023-06-16,2,positive,1.03,4,0.039,0.961,1,4.0,0.153,2.0,down,1
2023-06-20,1,mild_pos,0.802,1,0.449,0.551,-1,4.0,0.299,3.0,up,19
2023-06-21,1,mild_pos,0.578,2,0.316,0.684,-1,4.0,0.299,3.0,up,18
2023-06-22,1,mild_pos,0.615,3,0.337,0.663,-1,4.0,0.299,3.0,up,17
2023-06-23,1,mild_pos,0.278,4,0.177,0.823,-1,5.0,0.299,3.0,up,16
2023-06-26,1,mild_pos,0.071,5,0.113,0.887,-1,5.5,0.299,3.0,up,15
2023-06-27,1,mild_pos,0.392,6,0.223,0.777,-1,6.0,0.299,3.0,up,14
2023-06-28,1,mild_pos,0.346,7,0.204,0.796,-1,7.0,0.299,3.0,up,13
2023-06-29,1,mild_pos,0.405,8,0.229,0.771,-1,7.0,0.299,3.0,up,12
2023-06-30,1,mild_pos,0.734,9,0.407,0.593,-1,6.5,0.299,3.0,up,11
2023-07-03,1,mild_pos,0.71,10,0.393,0.607,-1,6.5,0.299,3.0,up,10
2023-07-05,1,mild_pos,0.594,11,0.324,0.676,-1,6.0,0.299,3.0,up,9
2023-07-06,1,mild_pos,0.265,12,0.172,0.828,-1,5.5,0.299,3.0,up,8
2023-07-07,1,mild_pos,0.124,13,0.127,0.873,-1,5.0,0.299,3.0,up,7
2023-07-10,1,mild_pos,0.172,14,0.141,0.859,-1,4.0,0.299,3.0,up,6
2023-07-11,1,mild_pos,0.35,15,0.206,0.794,-1,4.0,0.299,3.0,up,5
2023-07-12,1,mild_pos,0.589,16,0.322,0.678,-1,3.0,0.299,3.0,up,4
2023-07-13,1,mild_pos,0.819,17,0.46,0.54,-1,4.0,0.299,3.0,up,3
2023-07-14,1,mild_pos,0.747,18,0.415,0.585,-1,7.0,0.299,3.0,up,2
2023-07-17,1,mild_pos,0.837,19,0.471,0.529,-1,8.0,0.299,3.0,up,1
2023-07-18,2,positive,1.039,1,0.04,0.96,1,2.5,0.153,2.0,down,2
2023-07-19,2,positive,1.044,2,0.041,0.959,1,3.0,0.153,2.0,down,1
2023-07-20,1,mild_pos,0.739,1,0.433,0.567,-1,4.0,0.323,3.0,down,9
2023-07-21,1,mild_pos,0.675,2,0.397,0.603,-1,4.0,0.323,3.0,down,8
2023-07-24,1,mild_pos,0.75,3,0.44,0.56,-1,4.0,0.323,3.0,down,7
2023-07-25,1,mild_pos,0.751,4,0.44,0.56,-1,5.0,0.323,3.0,down,6
2023-07-26,1,mild_pos,0.68,5,0.399,0.601,-1,6.0,0.323,3.0,down,5
2023-07-27,1,mild_pos,0.379,6,0.244,0.756,-1,6.0,0.323,3.0,down,4
2023-07-28,1,mild_pos,0.653,7,0.384,0.616,-1,7.5,0.323,3.0,down,3
2023-07-31,1,mild_pos,0.664,8,0.39,0.61,-1,7.0,0.323,3.0,down,2
2023-08-01,1,mild_pos,0.51,9,0.307,0.693,-1,7.0,0.323,3.0,down,1
2023-08-02,-1,mild_neg,-0.025,1,0.866,0.134,1,2.0,0.673,2.0,down,11
2023-08-03,-1,mild_neg,-0.168,2,0.815,0.185,1,2.0,0.673,2.0,down,10
2023-08-04,-1,mild_neg,-0.371,3,0.718,0.282,1,2.0,0.673,2.0,down,9
2023-08-07,-1,mild_neg,-0.095,4,0.843,0.157,1,2.0,0.673,2.0,down,8
2023-08-08,-1,mild_neg,-0.284,5,0.763,0.237,1,3.0,0.673,2.0,down,7
2023-08-09,-1,mild_neg,-0.537,6,0.62,0.38,1,2.0,0.673,2.0,down,6
2023-08-10,-1,mild_neg,-0.51,7,0.637,0.363,1,2.0,0.673,2.0,down,5
2023-08-11,-1,mild_neg,-0.518,8,0.632,0.368,1,4.0,0.673,2.0,down,4
2023-08-14,-1,mild_neg,-0.299,9,0.756,0.244,1,5.0,0.673,2.0,down,3
2023-08-15,-1,mild_neg,-0.698,10,0.514,0.486,1,4.0,0.673,2.0,down,2
2023-08-16,-1,mild_neg,-0.917,11,0.369,0.631,-2,3.0,0.673,2.0,down,1
2023-08-17,-2,negative,-1.146,1,0.847,0.153,-1,1.0,0.713,2.0,up,2
2023-08-18,-2,negative,-1.063,2,0.872,0.128,-1,2.0,0.713,2.0,up,1
2023-08-21,-1,mild_neg,-0.751,1,0.475,0.525,-2,2.0,0.663,2.0,up,6
2023-08-22,-1,mild_neg,-0.784,2,0.454,0.546,-2,2.0,0.663,2.0,up,5
2023-08-23,-1,mild_neg,-0.301,3,0.738,0.262,1,2.0,0.663,2.0,up,4
2023-08-24,-1,mild_neg,-0.777,4,0.459,0.541,-2,2.0,0.663,2.0,up,3
2023-08-25,-1,mild_neg,-0.429,5,0.671,0.329,1,3.0,0.663,2.0,up,2
2023-08-28,-1,mild_neg,-0.119,6,0.817,0.183,1,2.5,0.663,2.0,up,1
2023-08-29,1,mild_pos,0.462,1,0.262,0.738,-1,4.0,0.305,3.0,down,12
2023-08-30,1,mild_pos,0.614,2,0.34,0.66,-1,4.0,0.305,3.0,down,11
2023-08-31,1,mild_pos,0.551,3,0.307,0.693,-1,4.0,0.305,3.0,down,10
2023-09-01,1,mild_pos,0.605,4,0.335,0.665,-1,5.0,0.305,3.0,down,9
2023-09-05,1,mild_pos,0.448,5,0.256,0.744,-1,6.0,0.305,3.0,down,8
2023-09-06,1,mild_pos,0.202,6,0.159,0.841,-1,6.0,0.305,3.0,down,7
2023-09-07,1,mild_pos,0.088,7,0.125,0.875,-1,7.0,0.305,3.0,down,6
2023-09-08,1,mild_pos,0.149,8,0.142,0.858,-1,7.0,0.305,3.0,down,5
2023-09-11,1,mild_pos,0.399,9,0.234,0.766,-1,7.0,0.305,3.0,down,4
2023-09-12,1,mild_pos,0.192,10,0.155,0.845,-1,7.0,0.305,3.0,down,3
2023-09-13,1,mild_pos,0.223,11,0.166,0.834,-1,6.0,0.305,3.0,down,2
2023-09-14,1,mild_pos,0.522,12,0.291,0.709,-1,6.0,0.305,3.0,down,1
2023-09-15,-1,mild_neg,-0.144,1,0.807,0.193,1,2.0,0.673,2.0,down,4
2023-09-18,-1,mild_neg,-0.153,2,0.804,0.196,1,2.0,0.673,2.0,down,3
2023-09-19,-1,mild_neg,-0.255,3,0.763,0.237,1,2.0,0.673,2.0,down,2
2023-09-20,-1,mild_neg,-0.641,4,0.562,0.438,1,2.0,0.673,2.0,down,1
2023-09-21,-2,negative,-1.287,1,0.796,0.204,-1,1.0,0.713,2.0,up,11
2023-09-22,-2,negative,-1.355,2,0.767,0.233,-1,2.0,0.713,2.0,up,10
2023-09-25,-2,negative,-1.141,3,0.849,0.151,-1,1.5,0.713,2.0,up,9
2023-09-26,-2,negative,-1.689,4,0.588,0.412,-1,2.0,0.713,2.0,up,8
2023-09-27,-2,negative,-1.568,5,0.659,0.341,-1,1.0,0.713,2.0,up,7
2023-09-28,-2,negative,-1.222,6,0.821,0.179,-1,1.0,0.713,2.0,up,6
2023-09-29,-2,negative,-1.232,7,0.818,0.182,-1,1.0,0.713,2.0,up,5
2023-10-02,-2,negative,-1.151,8,0.846,0.154,-1,1.0,0.713,2.0,up,4
2023-10-03,-2,negative,-1.631,9,0.623,0.377,-1,1.0,0.713,2.0,up,3
2023-10-04,-2,negative,-1.199,10,0.83,0.17,-1,1.0,0.713,2.0,up,2
2023-10-05,-2,negative,-1.127,11,0.854,0.146,-1,1.0,0.713,2.0,up,1
2023-10-06,-1,mild_neg,-0.521,1,0.628,0.372,1,2.0,0.671,2.0,up,2
2023-10-09,-1,mild_neg,-0.145,2,0.803,0.197,1,2.0,0.671,2.0,up,1
2023-10-10,1,mild_pos,0.154,1,0.137,0.863,-1,4.0,0.295,3.0,down,7
2023-10-11,1,mild_pos,0.395,2,0.226,0.774,-1,4.0,0.295,3.0,down,6
2023-10-12,1,mild_pos,0.204,3,0.153,0.847,-1,4.0,0.295,3.0,down,5
2023-10-13,1,mild_pos,0.038,4,0.106,0.894,-1,5.0,0.295,3.0,down,4
2023-10-16,1,mild_pos,0.567,5,0.31,0.69,-1,6.0,0.295,3.0,down,3
2023-10-17,1,mild_pos,0.607,6,0.332,0.668,-1,6.0,0.295,3.0,down,2
2023-10-18,1,mild_pos,0.022,7,0.102,0.898,-1,7.0,0.295,3.0,down,1
2023-10-19,-1,mild_neg,-0.373,1,0.705,0.295,1,2.0,0.671,2.0,down,4
2023-10-20,-1,mild_neg,-0.923,2,0.391,0.609,-2,2.0,0.671,2.0,down,3
2023-10-23,-1,mild_neg,-0.938,3,0.382,0.618,-2,2.0,0.671,2.0,down,2
2023-10-24,-1,mild_neg,-0.56,4,0.604,0.396,1,2.0,0.671,2.0,down,1
2023-10-25,-2,negative,-1.21,1,0.826,0.174,-1,1.0,0.713,2.0,up,4
2023-10-26,-2,negative,-1.696,2,0.583,0.417,-1,2.0,0.713,2.0,up,3
2023-10-27,-2,negative,-1.809,3,0.512,0.488,-1,2.0,0.713,2.0,up,2
2023-10-30,-2,negative,-1.167,4,0.841,0.159,-1,2.0,0.713,2.0,up,1
2023-10-31,-1,mild_neg,-0.853,1,0.417,0.583,-2,2.0,0.663,2.0,up,2
2023-11-01,-1,mild_neg,-0.337,2,0.717,0.283,1,2.0,0.663,2.0,up,1
2023-11-02,1,mild_pos,0.524,1,0.289,0.711,-1,4.0,0.295,3.0,up,2
2023-11-03,1,mild_pos,0.925,2,0.537,0.463,2,4.5,0.295,3.0,up,1
2023-11-06,2,positive,1.018,1,0.037,0.963,1,2.0,0.153,2.0,down,3
2023-11-07,2,positive,1.14,2,0.058,0.942,1,3.0,0.153,2.0,down,2
2023-11-08,2,positive,1.167,3,0.064,0.936,1,3.0,0.153,2.0,down,1
2023-11-09,1,mild_pos,0.798,1,0.461,0.539,-1,4.0,0.299,3.0,up,1
2023-11-10,2,positive,1.467,1,0.177,0.823,1,2.0,0.149,2.0,up,2
2023-11-13,2,positive,1.397,2,0.139,0.861,1,3.0,0.149,2.0,up,1
2023-11-14,3,ext_pos,2.194,1,0.02,0.98,2,2.0,0.02,2.0,down,5
2023-11-15,3,ext_pos,2.171,2,0.02,0.98,2,2.0,0.02,2.0,down,4
2023-11-16,3,ext_pos,2.101,3,0.02,0.98,2,5.0,0.02,2.0,down,3
2023-11-17,3,ext_pos,2.007,4,0.02,0.98,2,5.0,0.02,2.0,down,2
2023-11-20,3,ext_pos,2.169,5,0.02,0.98,2,4.0,0.02,2.0,down,1
2023-11-21,2,positive,1.919,1,0.583,0.417,3,2.0,0.149,2.0,down,8
2023-11-22,2,positive,1.894,2,0.558,0.442,3,3.0,0.149,2.0,down,7
2023-11-24,2,positive,1.698,3,0.359,0.641,1,3.0,0.149,2.0,down,6
2023-11-27,2,positive,1.391,4,0.136,0.864,1,4.0,0.149,2.0,down,5
2023-11-28,2,positive,1.233,5,0.076,0.924,1,3.0,0.149,2.0,down,4
2023-11-29,2,positive,1.016,6,0.032,0.968,1,3.5,0.149,2.0,down,3
2023-11-30,2,positive,1.026,7,0.034,0.966,1,3.0,0.149,2.0,down,2
2023-12-01,2,positive,1.152,8,0.055,0.945,1,3.0,0.149,2.0,down,1
2023-12-04,1,mild_pos,0.798,1,0.465,0.535,-1,4.0,0.301,3.0,up,7
2023-12-05,1,mild_pos,0.682,2,0.389,0.611,-1,4.0,0.301,3.0,up,6
2023-12-06,1,mild_pos,0.406,3,0.233,0.767,-1,4.0,0.301,3.0,up,5
2023-12-07,1,mild_pos,0.654,4,0.371,0.629,-1,5.0,0.301,3.0,up,4
2023-12-08,1,mild_pos,0.719,5,0.413,0.587,-1,6.0,0.301,3.0,up,3
2023-12-11,1,mild_pos,0.79,6,0.46,0.54,-1,6.0,0.301,3.0,up,2
2023-12-12,1,mild_pos,0.879,7,0.52,0.48,2,7.0,0.301,3.0,up,1
2023-12-13,2,positive,1.399,1,0.124,0.876,1,2.0,0.135,2.0,down,5
2023-12-14,2,positive,1.43,2,0.139,0.861,1,3.0,0.135,2.0,down,4
2023-12-15,2,positive,1.074,3,0.036,0.964,1,3.0,0.135,2.0,down,3
2023-12-18,2,positive,1.223,4,0.065,0.935,1,4.0,0.135,2.0,down,2
2023-12-19,2,positive,1.394,5,0.122,0.878,1,3.0,0.135,2.0,down,1
2023-12-20,1,mild_pos,0.68,1,0.397,0.603,-1,4.0,0.305,3.0,up,1
2023-12-21,2,positive,1.028,1,0.03,0.97,1,3.0,0.135,2.0,down,5
2023-12-22,2,positive,1.037,2,0.031,0.969,1,3.0,0.135,2.0,down,4
2023-12-26,2,positive,1.138,3,0.046,0.954,1,3.0,0.135,2.0,down,3
2023-12-27,2,positive,1.124,4,0.044,0.956,1,4.0,0.135,2.0,down,2
2023-12-28,2,positive,1.033,5,0.031,0.969,1,3.0,0.135,2.0,down,1
2023-12-29,1,mild_pos,0.806,1,0.492,0.508,-1,4.0,0.305,3.0,down,3
2024-01-02,1,mild_pos,0.469,2,0.258,0.742,-1,4.0,0.305,3.0,down,2
2024-01-03,1,mild_pos,0.006,3,0.078,0.922,-1,4.0,0.305,3.0,down,1
2024-01-04,-1,mild_neg,-0.212,1,0.775,0.225,1,2.0,0.663,2.0,up,2
2024-01-05,-1,mild_neg,-0.215,2,0.774,0.226,1,2.0,0.663,2.0,up,1
2024-01-08,1,mild_pos,0.407,1,0.22,0.78,-1,4.0,0.299,3.0,down,6
2024-01-09,1,mild_pos,0.26,2,0.153,0.847,-1,4.0,0.299,3.0,down,5
2024-01-10,1,mild_pos,0.466,3,0.251,0.749,-1,4.0,0.299,3.0,down,4
2024-01-11,1,mild_pos,0.38,4,0.206,0.794,-1,5.0,0.299,3.0,down,3
2024-01-12,1,mild_pos,0.382,5,0.207,0.793,-1,5.5,0.299,3.0,down,2
2024-01-16,1,mild_pos,0.181,6,0.125,0.875,-1,6.0,0.299,3.0,down,1
2024-01-17,-1,mild_neg,-0.116,1,0.817,0.183,1,2.0,0.667,2.0,up,1
2024-01-18,1,mild_pos,0.307,1,0.169,0.831,-1,4.0,0.287,3.0,up,3
2024-01-19,1,mild_pos,0.889,2,0.528,0.472,2,4.0,0.287,3.0,up,2
2024-01-22,1,mild_pos,0.917,3,0.548,0.452,2,4.0,0.287,3.0,up,1
2024-01-23,2,positive,1.0,1,0.027,0.973,1,3.0,0.135,2.0,down,1
2024-01-24,1,mild_pos,0.993,1,0.598,0.402,2,3.5,0.287,3.0,up,1
2024-01-25,2,positive,1.197,1,0.058,0.942,1,3.0,0.135,2.0,down,4
2024-01-26,2,positive,1.077,2,0.037,0.963,1,3.0,0.135,2.0,down,3
2024-01-29,2,positive,1.394,3,0.122,0.878,1,3.0,0.135,2.0,down,2
2024-01-30,2,positive,1.275,4,0.079,0.921,1,4.0,0.135,2.0,down,1
2024-01-31,1,mild_pos,0.398,1,0.21,0.79,-1,3.0,0.287,3.0,up,2
2024-02-01,1,mild_pos,0.949,2,0.568,0.432,2,4.0,0.287,3.0,up,1
2024-02-02,2,positive,1.334,1,0.098,0.902,1,3.0,0.135,2.0,down,7
2024-02-05,2,positive,1.023,2,0.029,0.971,1,3.0,0.135,2.0,down,6
2024-02-06,2,positive,1.069,3,0.035,0.965,1,3.0,0.135,2.0,down,5
2024-02-07,2,positive,1.363,4,0.109,0.891,1,4.0,0.135,2.0,down,4
2024-02-08,2,positive,1.281,5,0.08,0.92,1,3.0,0.135,2.0,down,3
2024-02-09,2,positive,1.444,6,0.146,0.854,1,3.0,0.135,2.0,down,2
2024-02-12,2,positive,1.295,7,0.085,0.915,1,3.0,0.135,2.0,down,1
2024-02-13,1,mild_pos,0.491,1,0.259,0.741,-1,3.0,0.287,3.0,up,2
2024-02-14,1,mild_pos,0.818,2,0.473,0.527,-1,4.0,0.287,3.0,up,1
2024-02-15,2,positive,1.036,1,0.031,0.969,1,3.0,0.135,2.0,down,1
2024-02-16,1,mild_pos,0.692,1,0.384,0.616,-1,3.0,0.287,3.0,up,3
2024-02-20,1,mild_pos,0.339,2,0.183,0.817,-1,4.0,0.287,3.0,up,2
2024-02-21,1,mild_pos,0.322,3,0.176,0.824,-1,4.0,0.287,3.0,up,1
2024-02-22,2,positive,1.255,1,0.073,0.927,1,3.0,0.135,2.0,down,2
2024-02-23,2,positive,1.187,2,0.056,0.944,1,3.0,0.135,2.0,down,1
2024-02-26,1,mild_pos,0.905,1,0.528,0.472,2,3.0,0.287,3.0,up,4
2024-02-27,1,mild_pos,0.923,2,0.54,0.46,2,4.0,0.287,3.0,up,3
2024-02-28,1,mild_pos,0.781,3,0.442,0.558,-1,4.0,0.287,3.0,up,2
2024-02-29,1,mild_pos,0.838,4,0.481,0.519,-1,5.0,0.287,3.0,up,1
2024-03-01,2,positive,1.205,1,0.06,0.94,1,3.0,0.135,2.0,down,2
2024-03-04,2,positive,1.062,2,0.034,0.966,1,3.0,0.135,2.0,down,1
2024-03-05,1,mild_pos,0.463,1,0.25,0.75,-1,3.0,0.293,3.0,up,2
2024-03-06,1,mild_pos,0.653,2,0.363,0.637,-1,4.0,0.293,3.0,up,1
2024-03-07,2,positive,1.093,1,0.039,0.961,1,3.0,0.135,2.0,down,1
2024-03-08,1,mild_pos,0.703,1,0.396,0.604,-1,3.0,0.293,3.0,up,2
2024-03-11,1,mild_pos,0.603,2,0.332,0.668,-1,4.0,0.293,3.0,up,1
2024-03-12,2,positive,1.093,1,0.039,0.961,1,3.0,0.135,2.0,down,1
2024-03-13,1,mild_pos,0.896,1,0.533,0.467,2,3.0,0.295,3.0,up,6
2024-03-14,1,mild_pos,0.709,2,0.403,0.597,-1,4.0,0.295,3.0,up,5
2024-03-15,1,mild_pos,0.126,3,0.115,0.885,-1,4.0,0.295,3.0,up,4
2024-03-18,1,mild_pos,0.387,4,0.214,0.786,-1,5.0,0.295,3.0,up,3
2024-03-19,1,mild_pos,0.595,5,0.329,0.671,-1,6.0,0.295,3.0,up,2
2024-03-20,1,mild_pos,0.988,6,0.597,0.403,2,6.0,0.295,3.0,up,1
2024-03-21,2,positive,1.093,1,0.039,0.961,1,3.0,0.135,2.0,down,1
2024-03-22,1,mild_pos,0.917,1,0.546,0.454,2,3.0,0.297,3.0,down,8
2024-03-25,1,mild_pos,0.686,2,0.39,0.61,-1,4.0,0.297,3.0,down,7
2024-03-26,1,mild_pos,0.516,3,0.286,0.714,-1,4.0,0.297,3.0,down,6
2024-03-27,1,mild_pos,0.898,4,0.533,0.467,2,5.0,0.297,3.0,down,5
2024-03-28,1,mild_pos,0.806,5,0.47,0.53,-1,6.0,0.297,3.0,down,4
2024-04-01,1,mild_pos,0.656,6,0.37,0.63,-1,6.5,0.297,3.0,down,3
2024-04-02,1,mild_pos,0.256,7,0.164,0.836,-1,7.5,0.297,3.0,down,2
2024-04-03,1,mild_pos,0.252,8,0.162,0.838,-1,7.0,0.297,3.0,down,1
2024-04-04,-1,mild_neg,-0.474,1,0.65,0.35,1,2.0,0.669,2.0,up,1
2024-04-05,1,mild_pos,0.105,1,0.119,0.881,-1,3.0,0.297,3.0,down,3
2024-04-08,1,mild_pos,0.098,2,0.117,0.883,-1,4.0,0.297,3.0,down,2
2024-04-09,1,mild_pos,0.121,3,0.124,0.876,-1,4.0,0.297,3.0,down,1
2024-04-10,-1,mild_neg,-0.449,1,0.664,0.336,1,2.0,0.669,2.0,down,3
2024-04-11,-1,mild_neg,-0.023,2,0.848,0.152,1,2.0,0.669,2.0,down,2
2024-04-12,-1,mild_neg,-0.811,3,0.449,0.551,-2,2.0,0.669,2.0,down,1
2024-04-15,-2,negative,-1.515,1,0.686,0.314,-1,1.0,0.713,2.0,down,4
2024-04-16,-2,negative,-1.559,2,0.662,0.338,-1,2.0,0.713,2.0,down,3
2024-04-17,-2,negative,-1.804,3,0.512,0.488,-1,1.5,0.713,2.0,down,2
2024-04-18,-2,negative,-1.791,4,0.52,0.48,-1,2.0,0.713,2.0,down,1
2024-04-19,-3,ext_neg,-2.123,1,0.98,0.02,-2,2.0,0.98,2.0,up,1
2024-04-22,-2,negative,-1.469,1,0.711,0.289,-1,1.0,0.711,2.0,up,1
2024-04-23,-1,mild_neg,-0.727,1,0.493,0.507,-2,2.0,0.663,2.0,up,4
2024-04-24,-1,mild_neg,-0.68,2,0.522,0.478,1,2.0,0.663,2.0,up,3
2024-04-25,-1,mild_neg,-0.782,3,0.459,0.541,-2,2.0,0.663,2.0,up,2
2024-04-26,-1,mild_neg,-0.18,4,0.787,0.213,1,2.0,0.663,2.0,up,1
2024-04-29,1,mild_pos,0.079,1,0.104,0.896,-1,3.0,0.291,3.0,down,1
2024-04-30,-1,mild_neg,-0.709,1,0.502,0.498,1,2.0,0.663,2.0,up,3
2024-05-01,-1,mild_neg,-0.785,2,0.455,0.545,-2,2.0,0.663,2.0,up,2
2024-05-02,-1,mild_neg,-0.227,3,0.768,0.232,1,2.0,0.663,2.0,up,1
2024-05-03,1,mild_pos,0.483,1,0.258,0.742,-1,3.0,0.289,3.0,up,1
2024-05-06,2,positive,1.048,1,0.033,0.967,1,3.0,0.135,2.0,down,13
2024-05-07,2,positive,1.117,2,0.043,0.957,1,3.0,0.135,2.0,down,12
2024-05-08,2,positive,1.107,3,0.041,0.959,1,3.0,0.135,2.0,down,11
2024-05-09,2,positive,1.403,4,0.127,0.873,1,4.0,0.135,2.0,down,10
2024-05-10,2,positive,1.417,5,0.133,0.867,1,3.0,0.135,2.0,down,9
2024-05-13,2,positive,1.336,6,0.099,0.901,1,3.0,0.135,2.0,down,8
2024-05-14,2,positive,1.473,7,0.162,0.838,1,3.0,0.135,2.0,down,7
2024-05-15,2,positive,1.962,8,0.589,0.411,3,3.0,0.135,2.0,down,6
2024-05-16,2,positive,1.7,9,0.328,0.672,1,3.0,0.135,2.0,down,5
2024-05-17,2,positive,1.597,10,0.242,0.758,1,3.0,0.135,2.0,down,4
2024-05-20,2,positive,1.5,11,0.177,0.823,1,4.0,0.135,2.0,down,3
2024-05-21,2,positive,1.495,12,0.174,0.826,1,3.0,0.135,2.0,down,2
2024-05-22,2,positive,1.219,13,0.064,0.936,1,2.0,0.135,2.0,down,1
2024-05-23,1,mild_pos,0.719,1,0.399,0.601,-1,3.0,0.289,3.0,down,4
2024-05-24,1,mild_pos,0.96,2,0.563,0.437,2,4.0,0.289,3.0,down,3
2024-05-28,1,mild_pos,0.896,3,0.52,0.48,2,4.5,0.289,3.0,down,2
2024-05-29,1,mild_pos,0.402,4,0.217,0.783,-1,5.0,0.289,3.0,down,1
2024-05-30,-1,mild_neg,-0.069,1,0.828,0.172,1,2.0,0.663,2.0,up,1
2024-05-31,1,mild_pos,0.303,1,0.172,0.828,-1,3.0,0.281,3.0,up,8
2024-06-03,1,mild_pos,0.263,2,0.157,0.843,-1,4.0,0.281,3.0,up,7
2024-06-04,1,mild_pos,0.262,3,0.157,0.843,-1,4.5,0.281,3.0,up,6
2024-06-05,1,mild_pos,0.802,4,0.438,0.562,-1,5.5,0.281,3.0,up,5
2024-06-06,1,mild_pos,0.713,5,0.381,0.619,-1,6.5,0.281,3.0,up,4
2024-06-07,1,mild_pos,0.58,6,0.302,0.698,-1,7.0,0.281,3.0,up,3
2024-06-10,1,mild_pos,0.671,7,0.355,0.645,-1,7.0,0.281,3.0,up,2
2024-06-11,1,mild_pos,0.719,8,0.385,0.615,-1,7.0,0.281,3.0,up,1
2024-06-12,2,positive,1.063,1,0.033,0.967,1,3.0,0.129,2.0,down,6
2024-06-13,2,positive,1.107,2,0.039,0.961,1,3.0,0.129,2.0,down,5
2024-06-14,2,positive,1.07,3,0.034,0.966,1,3.0,0.129,2.0,down,4
2024-06-17,2,positive,1.402,4,0.118,0.882,1,4.0,0.129,2.0,down,3
2024-06-18,2,positive,1.447,5,0.138,0.862,1,3.0,0.129,2.0,down,2
2024-06-20,2,positive,1.228,6,0.062,0.938,1,3.0,0.129,2.0,down,1
2024-06-21,1,mild_pos,0.918,1,0.514,0.486,2,3.0,0.289,3.0,up,9
2024-06-24,1,mild_pos,0.66,2,0.357,0.643,-1,4.0,0.289,3.0,up,8
2024-06-25,1,mild_pos,0.791,3,0.436,0.564,-1,5.0,0.289,3.0,up,7
2024-06-26,1,mild_pos,0.78,4,0.429,0.571,-1,5.0,0.289,3.0,up,6
2024-06-27,1,mild_pos,0.764,5,0.419,0.581,-1,6.0,0.289,3.0,up,5
2024-06-28,1,mild_pos,0.441,6,0.243,0.757,-1,6.5,0.289,3.0,up,4
2024-07-01,1,mild_pos,0.463,7,0.253,0.747,-1,7.0,0.289,3.0,up,3
2024-07-02,1,mild_pos,0.72,8,0.392,0.608,-1,7.0,0.289,3.0,up,2
2024-07-03,1,mild_pos,0.846,9,0.469,0.531,-1,7.5,0.289,3.0,up,1
2024-07-05,2,positive,1.056,1,0.031,0.969,1,3.0,0.122,2.0,down,2
2024-07-08,2,positive,1.016,2,0.026,0.974,1,3.0,0.122,2.0,down,1
2024-07-09,1,mild_pos,0.961,1,0.562,0.438,2,3.0,0.307,3.0,up,1
2024-07-10,2,positive,1.362,1,0.098,0.902,1,3.0,0.122,2.0,down,1
2024-07-11,1,mild_pos,0.801,1,0.464,0.536,-1,3.0,0.309,3.0,up,1
2024-07-12,2,positive,1.048,1,0.029,0.971,1,3.0,0.122,2.0,down,3
2024-07-15,2,positive,1.101,2,0.036,0.964,1,3.0,0.122,2.0,down,2
2024-07-16,2,positive,1.309,3,0.08,0.92,1,3.0,0.122,2.0,down,1
2024-07-17,1,mild_pos,0.502,1,0.289,0.711,-1,3.0,0.311,3.0,down,2
2024-07-18,1,mild_pos,0.063,2,0.116,0.884,-1,4.0,0.311,3.0,down,1
2024-07-19,-1,mild_neg,-0.312,1,0.728,0.272,1,2.0,0.663,2.0,up,1
2024-07-22,1,mild_pos,0.199,1,0.157,0.843,-1,3.0,0.311,3.0,down,2
2024-07-23,1,mild_pos,0.059,2,0.115,0.885,-1,4.0,0.311,3.0,down,1
2024-07-24,-2,negative,-1.19,1,0.839,0.161,-1,1.0,0.713,2.0,up,2
2024-07-25,-2,negative,-1.438,2,0.729,0.271,-1,2.0,0.713,2.0,up,1
2024-07-26,-1,mild_neg,-0.808,1,0.447,0.553,-2,2.0,0.663,2.0,down,2
2024-07-29,-1,mild_neg,-0.777,2,0.466,0.534,-2,2.0,0.663,2.0,down,1
2024-07-30,-2,negative,-1.038,1,0.887,0.113,-1,1.0,0.715,2.0,up,1
2024-07-31,-1,mild_neg,-0.166,1,0.791,0.209,1,2.0,0.659,2.0,down,2
2024-08-01,-1,mild_neg,-0.899,2,0.386,0.614,-2,2.0,0.659,2.0,down,1
2024-08-02,-2,negative,-1.812,1,0.499,0.501,-3,1.0,0.715,2.0,down,1
2024-08-05,-3,ext_neg,-3.193,1,0.98,0.02,-2,2.0,0.98,2.0,up,3
2024-08-06,-3,ext_neg,-2.481,2,0.98,0.02,-2,3.0,0.98,2.0,up,2
2024-08-07,-3,ext_neg,-2.589,3,0.98,0.02,-2,3.0,0.98,2.0,up,1
2024-08-08,-2,negative,-1.263,1,0.811,0.189,-1,1.0,0.713,2.0,up,1
2024-08-09,-1,mild_neg,-0.908,1,0.38,0.62,-2,2.0,0.655,2.0,up,2
2024-08-12,-1,mild_neg,-0.747,2,0.476,0.524,-2,2.0,0.655,2.0,up,1
2024-08-13,1,mild_pos,0.181,1,0.151,0.849,-1,3.0,0.311,3.0,up,2
2024-08-14,1,mild_pos,0.399,2,0.238,0.762,-1,4.0,0.311,3.0,up,1
2024-08-15,2,positive,1.237,1,0.057,0.943,1,2.5,0.116,2.0,down,12
2024-08-16,2,positive,1.322,2,0.079,0.921,1,3.0,0.116,2.0,down,11
2024-08-19,2,positive,1.758,3,0.342,0.658,1,3.0,0.116,2.0,down,10
2024-08-20,2,positive,1.656,4,0.254,0.746,1,3.5,0.116,2.0,down,9
2024-08-21,2,positive,1.737,5,0.323,0.677,1,3.0,0.116,2.0,down,8
2024-08-22,2,positive,1.281,6,0.067,0.933,1,3.0,0.116,2.0,down,7
2024-08-23,2,positive,1.722,7,0.31,0.69,1,3.0,0.116,2.0,down,6
2024-08-26,2,positive,1.535,8,0.171,0.829,1,4.0,0.116,2.0,down,5
2024-08-27,2,positive,1.517,9,0.161,0.839,1,4.0,0.116,2.0,down,4
2024-08-28,2,positive,1.196,10,0.048,0.952,1,3.5,0.116,2.0,down,3
2024-08-29,2,positive,1.134,11,0.038,0.962,1,4.0,0.116,2.0,down,2
2024-08-30,2,positive,1.465,12,0.134,0.866,1,3.0,0.116,2.0,down,1
2024-09-03,1,mild_pos,0.27,1,0.189,0.811,-1,3.0,0.315,3.0,down,2
2024-09-04,1,mild_pos,0.034,2,0.114,0.886,-1,4.0,0.315,3.0,down,1
2024-09-05,-1,mild_neg,-0.233,1,0.757,0.243,1,2.0,0.655,2.0,down,1
2024-09-06,-2,negative,-1.146,1,0.854,0.146,-1,1.0,0.713,2.0,up,1
2024-09-09,-1,mild_neg,-0.635,1,0.547,0.453,1,2.0,0.653,2.0,up,3
2024-09-10,-1,mild_neg,-0.484,2,0.632,0.368,1,2.0,0.653,2.0,up,2
2024-09-11,-1,mild_neg,-0.024,3,0.833,0.167,1,2.0,0.653,2.0,up,1
2024-09-12,1,mild_pos,0.328,1,0.212,0.788,-1,3.0,0.315,3.0,up,5
2024-09-13,1,mild_pos,0.547,2,0.321,0.679,-1,4.0,0.315,3.0,up,4
2024-09-16,1,mild_pos,0.583,3,0.34,0.66,-1,5.0,0.315,3.0,up,3
2024-09-17,1,mild_pos,0.587,4,0.343,0.657,-1,5.0,0.315,3.0,up,2
2024-09-18,1,mild_pos,0.427,5,0.258,0.742,-1,6.0,0.315,3.0,up,1
2024-09-19,2,positive,1.218,1,0.041,0.959,1,3.0,0.104,2.0,down,1
2024-09-20,1,mild_pos,0.929,1,0.558,0.442,2,3.0,0.325,3.0,up,1
2024-09-23,2,positive,1.018,1,0.02,0.98,1,3.0,0.102,2.0,down,2
2024-09-24,2,positive,1.113,2,0.025,0.975,1,3.0,0.102,2.0,down,1
2024-09-25,1,mild_pos,0.969,1,0.586,0.414,2,3.0,0.327,3.0,up,1
2024-09-26,2,positive,1.11,1,0.025,0.975,1,3.0,0.102,2.0,down,1
2024-09-27,1,mild_pos,0.988,1,0.601,0.399,2,3.0,0.329,3.0,up,1
2024-09-30,2,positive,1.15,1,0.029,0.971,1,2.5,0.102,2.0,down,1
2024-10-01,1,mild_pos,0.629,1,0.382,0.618,-1,3.0,0.331,3.0,up,9
2024-10-02,1,mild_pos,0.575,2,0.351,0.649,-1,4.0,0.331,3.0,up,8
2024-10-03,1,mild_pos,0.398,3,0.257,0.743,-1,5.0,0.331,3.0,up,7
2024-10-04,1,mild_pos,0.729,4,0.443,0.557,-1,5.0,0.331,3.0,up,6
2024-10-07,1,mild_pos,0.145,5,0.155,0.845,-1,6.0,0.331,3.0,up,5
2024-10-08,1,mild_pos,0.543,6,0.332,0.668,-1,6.5,0.331,3.0,up,4
2024-10-09,1,mild_pos,0.815,7,0.497,0.503,-1,7.0,0.331,3.0,up,3
2024-10-10,1,mild_pos,0.642,8,0.39,0.61,-1,7.0,0.331,3.0,up,2
2024-10-11,1,mild_pos,0.888,9,0.543,0.457,2,7.5,0.331,3.0,up,1
2024-10-14,2,positive,1.231,1,0.042,0.958,1,2.5,0.102,2.0,down,1
2024-10-15,1,mild_pos,0.724,1,0.46,0.54,-1,3.0,0.349,3.0,down,12
2024-10-16,1,mild_pos,0.862,2,0.546,0.454,2,4.0,0.349,3.0,down,11
2024-10-17,1,mild_pos,0.812,3,0.515,0.485,2,5.0,0.349,3.0,down,10
2024-10-18,1,mild_pos,0.945,4,0.597,0.403,2,5.0,0.349,3.0,down,9
2024-10-21,1,mild_pos,0.788,5,0.5,0.5,-1,5.5,0.349,3.0,down,8
2024-10-22,1,mild_pos,0.701,6,0.446,0.554,-1,6.0,0.349,3.0,down,7
2024-10-23,1,mild_pos,0.154,7,0.17,0.83,-1,6.5,0.349,3.0,down,6
2024-10-24,1,mild_pos,0.241,8,0.204,0.796,-1,6.5,0.349,3.0,down,5
2024-10-25,1,mild_pos,0.186,9,0.182,0.818,-1,7.5,0.349,3.0,down,4
2024-10-28,1,mild_pos,0.327,10,0.24,0.76,-1,7.0,0.349,3.0,down,3
2024-10-29,1,mild_pos,0.355,11,0.253,0.747,-1,6.0,0.349,3.0,down,2
2024-10-30,1,mild_pos,0.13,12,0.162,0.838,-1,6.0,0.349,3.0,down,1
2024-10-31,-2,negative,-1.025,1,0.894,0.106,-1,1.0,0.715,2.0,up,1
2024-11-01,-1,mild_neg,-0.777,1,0.461,0.539,-2,2.0,0.653,2.0,up,3
2024-11-04,-1,mild_neg,-0.919,2,0.38,0.62,-2,2.0,0.653,2.0,up,2
2024-11-05,-1,mild_neg,-0.226,3,0.758,0.242,1,2.0,0.653,2.0,up,1
2024-11-06,2,positive,1.143,1,0.028,0.972,1,3.0,0.102,2.0,down,6
2024-11-07,2,positive,1.489,2,0.124,0.876,1,3.0,0.102,2.0,down,5
2024-11-08,2,positive,1.643,3,0.223,0.777,1,3.5,0.102,2.0,down,4
2024-11-11,2,positive,1.624,4,0.209,0.791,1,4.0,0.102,2.0,down,3
2024-11-12,2,positive,1.362,5,0.074,0.926,1,3.0,0.102,2.0,down,2
2024-11-13,2,positive,1.317,6,0.061,0.939,1,3.0,0.102,2.0,down,1
2024-11-14,1,mild_pos,0.89,1,0.561,0.439,2,3.0,0.349,3.0,up,8
2024-11-15,1,mild_pos,0.132,2,0.165,0.835,-1,4.0,0.349,3.0,up,7
2024-11-18,1,mild_pos,0.35,3,0.253,0.747,-1,5.0,0.349,3.0,up,6
2024-11-19,1,mild_pos,0.534,4,0.347,0.653,-1,5.0,0.349,3.0,up,5
2024-11-20,1,mild_pos,0.495,5,0.326,0.674,-1,6.0,0.349,3.0,up,4
2024-11-21,1,mild_pos,0.746,6,0.473,0.527,-1,6.0,0.349,3.0,up,3
2024-11-22,1,mild_pos,0.854,7,0.539,0.461,2,6.0,0.349,3.0,up,2
2024-11-25,1,mild_pos,0.981,8,0.615,0.385,2,6.0,0.349,3.0,up,1
2024-11-26,2,positive,1.207,1,0.037,0.963,1,3.0,0.102,2.0,down,1
2024-11-27,1,mild_pos,0.931,1,0.596,0.404,2,3.0,0.365,3.0,up,1
2024-11-29,2,positive,1.14,1,0.027,0.973,1,3.0,0.102,2.0,down,2
2024-12-02,2,positive,1.084,2,0.021,0.979,1,3.0,0.102,2.0,down,1
2024-12-03,1,mild_pos,0.936,1,0.606,0.394,2,3.5,0.367,3.0,up,1
2024-12-04,2,positive,1.16,1,0.029,0.971,1,3.0,0.102,2.0,down,1
2024-12-05,1,mild_pos,0.977,1,0.635,0.365,2,3.0,0.369,3.0,up,1
2024-12-06,2,positive,1.033,1,0.02,0.98,1,3.0,0.102,2.0,down,1
2024-12-09,1,mild_pos,0.677,1,0.455,0.545,-1,3.0,0.371,3.0,down,7
2024-12-10,1,mild_pos,0.461,2,0.326,0.674,-1,5.0,0.371,3.0,down,6
2024-12-11,1,mild_pos,0.888,3,0.586,0.414,2,5.5,0.371,3.0,down,5
2024-12-12,1,mild_pos,0.528,4,0.364,0.636,-1,5.0,0.371,3.0,down,4
2024-12-13,1,mild_pos,0.458,5,0.324,0.676,-1,5.5,0.371,3.0,down,3
2024-12-16,1,mild_pos,0.616,6,0.416,0.584,-1,6.0,0.371,3.0,down,2
2024-12-17,1,mild_pos,0.272,7,0.231,0.769,-1,5.5,0.371,3.0,down,1
2024-12-18,-2,negative,-1.63,1,0.619,0.381,-1,1.0,0.717,2.0,up,3
2024-12-19,-2,negative,-1.615,2,0.628,0.372,-1,2.0,0.717,2.0,up,2
2024-12-20,-2,negative,-1.051,3,0.889,0.111,-1,2.0,0.717,2.0,up,1
2024-12-23,-1,mild_neg,-0.669,1,0.527,0.473,1,2.0,0.653,2.0,up,1
2024-12-24,1,mild_pos,0.001,1,0.135,0.865,-1,3.0,0.371,3.0,down,2
2024-12-26,1,mild_pos,0.002,2,0.135,0.865,-1,5.0,0.371,3.0,down,1
2024-12-27,-1,mild_neg,-0.639,1,0.544,0.456,1,2.0,0.653,2.0,down,1
2024-12-30,-2,negative,-1.281,1,0.811,0.189,-1,1.0,0.723,2.0,up,3
2024-12-31,-2,negative,-1.411,2,0.751,0.249,-1,2.0,0.723,2.0,up,2
2025-01-02,-2,negative,-1.455,3,0.728,0.272,-1,2.0,0.723,2.0,up,1
2025-01-03,-1,mild_neg,-0.602,1,0.564,0.436,1,2.0,0.651,2.0,down,4
2025-01-06,-1,mild_neg,-0.191,2,0.771,0.229,1,2.0,0.651,2.0,down,3
2025-01-07,-1,mild_neg,-0.788,3,0.455,0.545,-2,2.0,0.651,2.0,down,2
2025-01-08,-1,mild_neg,-0.619,4,0.554,0.446,1,2.0,0.651,2.0,down,1
2025-01-10,-2,negative,-1.443,1,0.735,0.265,-1,1.0,0.723,2.0,up,3
2025-01-13,-2,negative,-1.207,2,0.84,0.16,-1,2.0,0.723,2.0,up,2
2025-01-14,-2,negative,-1.004,3,0.902,0.098,-1,2.0,0.723,2.0,up,1
2025-01-15,1,mild_pos,0.138,1,0.179,0.821,-1,3.0,0.371,3.0,up,3
2025-01-16,1,mild_pos,0.1,2,0.166,0.834,-1,5.0,0.371,3.0,up,2
2025-01-17,1,mild_pos,0.726,3,0.481,0.519,-1,6.0,0.371,3.0,up,1
2025-01-21,2,positive,1.176,1,0.032,0.968,1,3.0,0.102,2.0,down,4
2025-01-22,2,positive,1.401,2,0.088,0.912,1,3.0,0.102,2.0,down,3
2025-01-23,2,positive,1.623,3,0.218,0.782,1,3.0,0.102,2.0,down,2
2025-01-24,2,positive,1.386,4,0.083,0.917,1,3.5,0.102,2.0,down,1
2025-01-27,1,mild_pos,0.565,1,0.391,0.609,-1,3.0,0.376,3.0,up,1
2025-01-28,2,positive,1.05,1,0.02,0.98,1,3.0,0.102,2.0,down,1
2025-01-29,1,mild_pos,0.755,1,0.506,0.494,2,3.0,0.378,2.5,down,16
2025-01-30,1,mild_pos,0.986,2,0.64,0.36,2,5.0,0.378,2.5,down,15
2025-01-31,1,mild_pos,0.596,3,0.412,0.588,-1,5.5,0.378,2.5,down,14
2025-02-03,1,mild_pos,0.131,4,0.187,0.813,-1,5.0,0.378,2.5,down,13
2025-02-04,1,mild_pos,0.48,5,0.347,0.653,-1,5.0,0.378,2.5,down,12
2025-02-05,1,mild_pos,0.677,6,0.46,0.54,-1,6.0,0.378,2.5,down,11
2025-02-06,1,mild_pos,0.795,7,0.53,0.47,2,6.0,0.378,2.5,down,10
2025-02-07,1,mild_pos,0.193,8,0.211,0.789,-1,6.5,0.378,2.5,down,9
2025-02-10,1,mild_pos,0.476,9,0.345,0.655,-1,7.5,0.378,2.5,down,8
2025-02-11,1,mild_pos,0.403,10,0.306,0.694,-1,7.0,0.378,2.5,down,7
2025-02-12,1,mild_pos,0.105,11,0.178,0.822,-1,6.0,0.378,2.5,down,6
2025-02-13,1,mild_pos,0.65,12,0.444,0.556,-1,6.0,0.378,2.5,down,5
2025-02-14,1,mild_pos,0.559,13,0.391,0.609,-1,5.0,0.378,2.5,down,4
2025-02-18,1,mild_pos,0.668,14,0.454,0.546,-1,5.0,0.378,2.5,down,3
2025-02-19,1,mild_pos,0.761,15,0.51,0.49,2,4.0,0.378,2.5,down,2
2025-02-20,1,mild_pos,0.491,16,0.353,0.647,-1,3.0,0.378,2.5,down,1
2025-02-21,-1,mild_neg,-0.507,1,0.614,0.386,1,2.0,0.647,2.0,down,2
2025-02-24,-1,mild_neg,-0.731,2,0.482,0.518,-2,2.0,0.647,2.0,down,1
2025-02-25,-2,negative,-1.007,1,0.905,0.095,-1,1.0,0.729,2.0,up,1
2025-02-26,-1,mild_neg,-0.922,1,0.368,0.632,-2,2.0,0.647,2.0,down,1
2025-02-27,-2,negative,-1.808,1,0.512,0.488,-1,1.0,0.731,2.0,up,1
2025-02-28,-1,mild_neg,-0.811,1,0.432,0.568,-2,2.0,0.647,2.0,down,1
2025-03-03,-2,negative,-1.781,1,0.534,0.466,-1,1.0,0.731,2.0,down,1
2025-03-04,-3,ext_neg,-2.368,1,0.98,0.02,-2,2.0,0.98,2.0,up,1
2025-03-05,-2,negative,-1.62,1,0.638,0.362,-1,1.0,0.729,2.0,down,1
2025-03-06,-3,ext_neg,-2.495,1,0.98,0.02,-2,2.0,0.98,2.0,up,1
2025-03-07,-2,negative,-1.994,1,0.384,0.616,-3,1.0,0.727,2.0,down,1
2025-03-10,-3,ext_neg,-3.307,1,0.98,0.02,-2,2.0,0.98,2.0,up,4
2025-03-11,-3,ext_neg,-3.459,2,0.98,0.02,-2,3.0,0.98,2.0,up,3
2025-03-12,-3,ext_neg,-2.878,3,0.98,0.02,-2,3.0,0.98,2.0,up,2
2025-03-13,-3,ext_neg,-3.296,4,0.98,0.02,-2,2.5,0.98,2.0,up,1
2025-03-14,-2,negative,-1.964,1,0.398,0.602,-3,1.0,0.725,2.0,up,3
2025-03-17,-2,negative,-1.364,2,0.779,0.221,-1,2.0,0.725,2.0,up,2
2025-03-18,-2,negative,-1.692,3,0.585,0.415,-1,2.0,0.725,2.0,up,1
2025-03-19,-1,mild_neg,-0.929,1,0.364,0.636,-2,2.0,0.647,2.0,up,3
2025-03-20,-1,mild_neg,-0.877,2,0.393,0.607,-2,2.0,0.647,2.0,up,2
2025-03-21,-1,mild_neg,-0.852,3,0.408,0.592,-2,2.0,0.647,2.0,up,1
2025-03-24,1,mild_pos,0.143,1,0.191,0.809,-1,3.0,0.378,3.0,down,2
2025-03-25,1,mild_pos,0.344,2,0.277,0.723,-1,5.0,0.378,3.0,down,1
2025-03-26,-1,mild_neg,-0.142,1,0.791,0.209,1,2.0,0.649,2.0,down,2
2025-03-27,-1,mild_neg,-0.196,2,0.77,0.23,1,2.0,0.649,2.0,down,1
2025-03-28,-2,negative,-1.053,1,0.892,0.108,-1,1.0,0.725,2.0,up,1
2025-03-31,-1,mild_neg,-0.604,1,0.562,0.438,1,2.0,0.645,2.0,up,2
2025-04-01,-1,mild_neg,-0.391,2,0.675,0.325,1,2.0,0.645,2.0,up,1
2025-04-02,1,mild_pos,0.007,1,0.146,0.854,-1,3.0,0.378,2.5,down,1
2025-04-03,-3,ext_neg,-2.384,1,0.98,0.02,-2,2.0,0.98,2.0,up,4
2025-04-04,-3,ext_neg,-4.982,2,0.98,0.02,-2,3.0,0.98,2.0,up,3
2025-04-07,-3,ext_neg,-4.602,3,0.98,0.02,-2,3.0,0.98,2.0,up,2
2025-04-08,-3,ext_neg,-4.868,4,0.98,0.02,-2,2.5,0.98,2.0,up,1
2025-04-09,-1,mild_neg,-0.325,1,0.707,0.293,1,2.0,0.645,2.0,down,1
2025-04-10,-3,ext_neg,-2.159,1,0.98,0.02,-2,2.0,0.98,2.0,up,1
2025-04-11,-2,negative,-1.264,1,0.822,0.178,-1,1.0,0.725,1.5,up,1
2025-04-14,-1,mild_neg,-0.739,1,0.484,0.516,-2,2.0,0.643,2.0,down,2
2025-04-15,-1,mild_neg,-0.766,2,0.468,0.532,-2,2.0,0.643,2.0,down,1
2025-04-16,-2,negative,-1.563,1,0.671,0.329,-1,1.0,0.725,1.0,down,2
2025-04-17,-2,negative,-1.342,2,0.789,0.211,-1,1.0,0.725,1.0,down,1
2025-04-21,-3,ext_neg,-2.165,1,0.98,0.02,-2,2.0,0.98,2.0,up,1
2025-04-22,-1,mild_neg,-0.885,1,0.397,0.603,-2,2.0,0.639,2.0,up,2
2025-04-23,-1,mild_neg,-0.089,2,0.801,0.199,1,2.0,0.639,2.0,up,1
2025-04-24,1,mild_pos,0.848,1,0.564,0.436,2,3.0,0.378,2.0,up,1
2025-04-25,2,positive,1.202,1,0.036,0.964,1,3.0,0.102,2.0,up,5
2025-04-28,2,positive,1.238,2,0.042,0.958,1,3.0,0.102,2.0,up,4
2025-04-29,2,positive,1.507,3,0.137,0.863,1,3.0,0.102,2.0,up,3
2025-04-30,2,positive,1.542,4,0.158,0.842,1,3.0,0.102,2.0,up,2
2025-05-01,2,positive,1.834,5,0.43,0.57,1,3.0,0.102,2.0,up,1
2025-05-02,3,ext_pos,2.279,1,0.02,0.98,2,2.0,0.02,2.0,down,1
2025-05-05,2,positive,1.836,1,0.447,0.553,1,3.0,0.112,2.0,up,5
2025-05-06,2,positive,1.31,2,0.067,0.933,1,3.0,0.112,2.0,up,4
2025-05-07,2,positive,1.238,3,0.049,0.951,1,3.0,0.112,2.0,up,3
2025-05-08,2,positive,1.446,4,0.119,0.881,1,3.0,0.112,2.0,up,2
2025-05-09,2,positive,1.252,5,0.053,0.947,1,3.0,0.112,2.0,up,1
2025-05-12,3,ext_pos,2.305,1,0.02,0.98,2,2.0,0.02,2.0,down,5
2025-05-13,3,ext_pos,2.367,2,0.02,0.98,2,2.0,0.02,2.0,down,4
2025-05-14,3,ext_pos,2.229,3,0.02,0.98,2,3.5,0.02,2.0,down,3
2025-05-15,3,ext_pos,2.178,4,0.02,0.98,2,4.5,0.02,2.0,down,2
2025-05-16,3,ext_pos,2.172,5,0.02,0.98,2,4.0,0.02,2.0,down,1
2025-05-19,2,positive,1.94,1,0.57,0.43,3,3.0,0.122,2.0,down,2
2025-05-20,2,positive,1.601,2,0.231,0.769,1,3.0,0.122,2.0,down,1
2025-05-21,1,mild_pos,0.818,1,0.548,0.452,2,3.0,0.38,2.0,up,3
2025-05-22,1,mild_pos,0.715,2,0.486,0.514,-1,5.0,0.38,2.0,up,2
2025-05-23,1,mild_pos,0.363,3,0.288,0.712,-1,6.0,0.38,2.0,up,1
2025-05-27,2,positive,1.008,1,0.023,0.977,1,3.0,0.122,2.0,down,1
2025-05-28,1,mild_pos,0.682,1,0.471,0.529,-1,3.0,0.386,2.0,down,16
2025-05-29,1,mild_pos,0.715,2,0.491,0.509,-1,5.0,0.386,2.0,down,15
2025-05-30,1,mild_pos,0.572,3,0.406,0.594,-1,6.0,0.386,2.0,down,14
2025-06-02,1,mild_pos,0.7,4,0.482,0.518,-1,5.0,0.386,2.0,down,13
2025-06-03,1,mild_pos,0.809,5,0.547,0.453,2,6.0,0.386,2.0,down,12
2025-06-04,1,mild_pos,0.679,6,0.469,0.531,-1,6.0,0.386,2.0,down,11
2025-06-05,1,mild_pos,0.392,7,0.307,0.693,-1,6.0,0.386,2.0,down,10
2025-06-06,1,mild_pos,0.669,8,0.463,0.537,-1,6.5,0.386,2.0,down,9
2025-06-09,1,mild_pos,0.59,9,0.416,0.584,-1,7.0,0.386,2.0,down,8
2025-06-10,1,mild_pos,0.739,10,0.505,0.495,2,6.5,0.386,2.0,down,7
2025-06-11,1,mild_pos,0.584,11,0.413,0.587,-1,5.5,0.386,2.0,down,6
2025-06-12,1,mild_pos,0.683,12,0.471,0.529,-1,5.5,0.386,2.0,down,5
2025-06-13,1,mild_pos,0.235,13,0.234,0.766,-1,5.0,0.386,2.0,down,4
2025-06-16,1,mild_pos,0.568,14,0.404,0.596,-1,5.0,0.386,2.0,down,3
2025-06-17,1,mild_pos,0.233,15,0.233,0.767,-1,4.0,0.386,2.0,down,2
2025-06-18,1,mild_pos,0.212,16,0.224,0.776,-1,3.0,0.386,2.0,down,1
2025-06-20,-1,mild_neg,-0.028,1,0.823,0.177,1,2.0,0.641,2.0,up,1
2025-06-23,1,mild_pos,0.294,1,0.265,0.735,-1,3.0,0.386,2.5,up,5
2025-06-24,1,mild_pos,0.624,2,0.427,0.573,-1,5.0,0.386,2.5,up,4
2025-06-25,1,mild_pos,0.595,3,0.412,0.588,-1,6.0,0.386,2.5,up,3
2025-06-26,1,mild_pos,0.814,4,0.531,0.469,2,5.5,0.386,2.5,up,2
2025-06-27,1,mild_pos,0.923,5,0.59,0.41,2,7.0,0.386,2.5,up,1
2025-06-30,2,positive,1.012,1,0.023,0.977,1,3.0,0.122,2.0,down,1
2025-07-01,1,mild_pos,0.921,1,0.595,0.405,2,3.0,0.396,3.0,up,1
2025-07-02,2,positive,1.014,1,0.024,0.976,1,3.0,0.122,2.0,down,2
2025-07-03,2,positive,1.214,2,0.054,0.946,1,3.0,0.122,2.0,down,1
2025-07-07,1,mild_pos,0.849,1,0.56,0.44,2,3.0,0.398,2.5,down,19
2025-07-08,1,mild_pos,0.763,2,0.513,0.487,2,5.0,0.398,2.5,down,18
2025-07-09,1,mild_pos,0.911,3,0.593,0.407,2,6.0,0.398,2.5,down,17
2025-07-10,1,mild_pos,0.945,4,0.611,0.389,2,5.0,0.398,2.5,down,16
2025-07-11,1,mild_pos,0.745,5,0.503,0.497,2,7.0,0.398,2.5,down,15
2025-07-14,1,mild_pos,0.752,6,0.507,0.493,2,6.0,0.398,2.5,down,14
2025-07-15,1,mild_pos,0.514,7,0.38,0.62,-1,6.5,0.398,2.5,down,13
2025-07-16,1,mild_pos,0.574,8,0.411,0.589,-1,7.0,0.398,2.5,down,12
2025-07-17,1,mild_pos,0.711,9,0.485,0.515,-1,7.0,0.398,2.5,down,11
2025-07-18,1,mild_pos,0.591,10,0.42,0.58,-1,6.0,0.398,2.5,down,10
2025-07-21,1,mild_pos,0.558,11,0.402,0.598,-1,5.0,0.398,2.5,down,9
2025-07-22,1,mild_pos,0.476,12,0.36,0.64,-1,5.0,0.398,2.5,down,8
2025-07-23,1,mild_pos,0.713,13,0.486,0.514,-1,4.5,0.398,2.5,down,7
2025-07-24,1,mild_pos,0.642,14,0.448,0.552,-1,4.5,0.398,2.5,down,6
2025-07-25,1,mild_pos,0.725,15,0.492,0.508,-1,4.0,0.398,2.5,down,5
2025-07-28,1,mild_pos,0.649,16,0.451,0.549,-1,3.0,0.398,2.5,down,4
2025-07-29,1,mild_pos,0.497,17,0.371,0.629,-1,4.0,0.398,2.5,down,3
2025-07-30,1,mild_pos,0.398,18,0.322,0.678,-1,5.0,0.398,2.5,down,2
2025-07-31,1,mild_pos,0.221,19,0.244,0.756,-1,8.0,0.398,2.5,down,1
2025-08-01,-1,mild_neg,-0.404,1,0.667,0.333,1,2.0,0.643,2.0,up,1
2025-08-04,1,mild_pos,0.146,1,0.232,0.768,-1,3.5,0.398,2.5,down,1
2025-08-05,-1,mild_neg,-0.073,1,0.809,0.191,1,2.0,0.643,2.0,up,1
2025-08-06,1,mild_pos,0.194,1,0.248,0.752,-1,3.5,0.398,2.5,down,11
2025-08-07,1,mild_pos,0.142,2,0.23,0.77,-1,5.0,0.398,2.5,down,10
2025-08-08,1,mild_pos,0.399,3,0.328,0.672,-1,6.0,0.398,2.5,down,9
2025-08-11,1,mild_pos,0.291,4,0.284,0.716,-1,5.5,0.398,2.5,down,8
2025-08-12,1,mild_pos,0.643,5,0.436,0.564,-1,7.0,0.398,2.5,down,7
2025-08-13,1,mild_pos,0.717,6,0.472,0.528,-1,6.5,0.398,2.5,down,6
2025-08-14,1,mild_pos,0.676,7,0.452,0.548,-1,7.0,0.398,2.5,down,5
2025-08-15,1,mild_pos,0.535,8,0.387,0.613,-1,7.0,0.398,2.5,down,4
2025-08-18,1,mild_pos,0.482,9,0.364,0.636,-1,7.0,0.398,2.5,down,3
2025-08-19,1,mild_pos,0.232,10,0.262,0.738,-1,6.5,0.398,2.5,down,2
2025-08-20,1,mild_pos,0.113,11,0.221,0.779,-1,5.5,0.398,2.5,down,1
2025-08-21,-1,mild_neg,-0.052,1,0.817,0.183,1,2.0,0.643,2.0,up,1
2025-08-22,1,mild_pos,0.532,1,0.385,0.615,-1,4.0,0.398,3.0,down,6
2025-08-25,1,mild_pos,0.339,2,0.305,0.695,-1,5.5,0.398,3.0,down,5
2025-08-26,1,mild_pos,0.476,3,0.361,0.639,-1,6.0,0.398,3.0,down,4
2025-08-27,1,mild_pos,0.53,4,0.384,0.616,-1,6.0,0.398,3.0,down,3
2025-08-28,1,mild_pos,0.621,5,0.424,0.576,-1,7.0,0.398,3.0,down,2
2025-08-29,1,mild_pos,0.307,6,0.292,0.708,-1,6.0,0.398,3.0,down,1
2025-09-02,-1,mild_neg,-0.023,1,0.827,0.173,1,2.0,0.643,2.0,up,1
2025-09-03,1,mild_pos,0.147,1,0.22,0.78,-1,4.0,0.386,3.0,down,27
2025-09-04,1,mild_pos,0.434,2,0.329,0.671,-1,5.5,0.386,3.0,down,26
2025-09-05,1,mild_pos,0.269,3,0.263,0.737,-1,6.0,0.386,3.0,down,25
2025-09-08,1,mild_pos,0.333,4,0.288,0.712,-1,5.5,0.386,3.0,down,24
2025-09-09,1,mild_pos,0.382,5,0.307,0.693,-1,6.5,0.386,3.0,down,23
2025-09-10,1,mild_pos,0.469,6,0.344,0.656,-1,6.0,0.386,3.0,down,22
2025-09-11,1,mild_pos,0.764,7,0.48,0.52,-1,6.5,0.386,3.0,down,21
2025-09-12,1,mild_pos,0.711,8,0.455,0.545,-1,7.0,0.386,3.0,down,20
2025-09-15,1,mild_pos,0.872,9,0.532,0.468,2,7.0,0.386,3.0,down,19
2025-09-16,1,mild_pos,0.765,10,0.481,0.519,-1,6.0,0.386,3.0,down,18
2025-09-17,1,mild_pos,0.655,11,0.428,0.572,-1,5.5,0.386,3.0,down,17
2025-09-18,1,mild_pos,0.768,12,0.482,0.518,-1,5.5,0.386,3.0,down,16
2025-09-19,1,mild_pos,0.768,13,0.482,0.518,-1,5.0,0.386,3.0,down,15
2025-09-22,1,mild_pos,0.891,14,0.541,0.459,2,5.0,0.386,3.0,down,14
2025-09-23,1,mild_pos,0.606,15,0.406,0.594,-1,4.0,0.386,3.0,down,13
2025-09-24,1,mild_pos,0.427,16,0.326,0.674,-1,3.0,0.386,3.0,down,12
2025-09-25,1,mild_pos,0.203,17,0.239,0.761,-1,3.0,0.386,3.0,down,11
2025-09-26,1,mild_pos,0.396,18,0.313,0.687,-1,3.0,0.386,3.0,down,10
2025-09-29,1,mild_pos,0.453,19,0.337,0.663,-1,8.0,0.386,3.0,down,9
2025-09-30,1,mild_pos,0.526,20,0.369,0.631,-1,7.0,0.386,3.0,down,8
2025-10-01,1,mild_pos,0.589,21,0.397,0.603,-1,12.5,0.386,3.0,down,7
2025-10-02,1,mild_pos,0.574,22,0.391,0.609,-1,11.5,0.386,3.0,down,6
2025-10-03,1,mild_pos,0.506,23,0.36,0.64,-1,10.5,0.386,3.0,down,5
2025-10-06,1,mild_pos,0.582,24,0.394,0.606,-1,9.5,0.386,3.0,down,4
2025-10-07,1,mild_pos,0.372,25,0.303,0.697,-1,15.0,0.386,3.0,down,3
2025-10-08,1,mild_pos,0.551,26,0.38,0.62,-1,14.0,0.386,3.0,down,2
2025-10-09,1,mild_pos,0.391,27,0.311,0.689,-1,16.0,0.386,3.0,down,1
2025-10-10,-1,mild_neg,-0.731,1,0.485,0.515,-2,2.0,0.643,2.0,up,3
2025-10-13,-1,mild_neg,-0.103,2,0.799,0.201,1,2.0,0.643,2.0,up,2
2025-10-14,-1,mild_neg,-0.161,3,0.777,0.223,1,2.0,0.643,2.0,up,1
2025-10-15,1,mild_pos,0.004,1,0.177,0.823,-1,4.0,0.384,3.0,down,1
2025-10-16,-1,mild_neg,-0.274,1,0.732,0.268,1,2.0,0.649,2.0,up,2
2025-10-17,-1,mild_neg,-0.042,2,0.822,0.178,1,2.0,0.649,2.0,up,1
2025-10-20,1,mild_pos,0.369,1,0.301,0.699,-1,4.0,0.384,3.0,up,5
2025-10-21,1,mild_pos,0.344,2,0.291,0.709,-1,6.0,0.384,3.0,up,4
2025-10-22,1,mild_pos,0.11,3,0.207,0.793,-1,6.0,0.384,3.0,up,3
2025-10-23,1,mild_pos,0.31,4,0.278,0.722,-1,6.0,0.384,3.0,up,2
2025-10-24,1,mild_pos,0.596,5,0.399,0.601,-1,7.0,0.384,3.0,up,1
2025-10-27,2,positive,1.005,1,0.023,0.977,1,3.0,0.122,2.0,down,3
2025-10-28,2,positive,1.047,2,0.027,0.973,1,3.0,0.122,2.0,down,2
2025-10-29,2,positive,1.009,3,0.023,0.977,1,3.0,0.122,2.0,down,1
2025-10-30,1,mild_pos,0.53,1,0.381,0.619,-1,4.0,0.394,3.0,down,5
2025-10-31,1,mild_pos,0.624,2,0.422,0.578,-1,5.0,0.394,3.0,down,4
2025-11-03,1,mild_pos,0.664,3,0.44,0.56,-1,6.0,0.394,3.0,down,3
2025-11-04,1,mild_pos,0.16,4,0.241,0.759,-1,6.0,0.394,3.0,down,2
2025-11-05,1,mild_pos,0.288,5,0.285,0.715,-1,7.0,0.394,3.0,down,1
2025-11-06,-1,mild_neg,-0.153,1,0.784,0.216,1,2.0,0.651,2.0,up,2
2025-11-07,-1,mild_neg,-0.167,2,0.778,0.222,1,2.0,0.651,2.0,up,1
2025-11-10,1,mild_pos,0.413,1,0.319,0.681,-1,4.0,0.384,3.0,down,3
2025-11-11,1,mild_pos,0.444,2,0.332,0.668,-1,5.0,0.384,3.0,down,2
2025-11-12,1,mild_pos,0.412,3,0.319,0.681,-1,6.0,0.384,3.0,down,1
2025-11-13,-1,mild_neg,-0.313,1,0.717,0.283,1,2.0,0.653,2.0,down,3
2025-11-14,-1,mild_neg,-0.343,2,0.703,0.297,1,2.0,0.653,2.0,down,2
2025-11-17,-1,mild_neg,-0.718,3,0.501,0.499,1,2.0,0.653,2.0,down,1
2025-11-18,-2,negative,-1.038,1,0.893,0.107,-1,1.0,0.721,1.0,up,1
2025-11-19,-1,mild_neg,-0.858,1,0.414,0.586,-2,2.0,0.647,2.0,down,1
2025-11-20,-2,negative,-1.442,1,0.735,0.265,-1,1.0,0.721,1.0,up,1
2025-11-21,-1,mild_neg,-0.964,1,0.352,0.648,-2,2.0,0.647,2.0,up,2
2025-11-24,-1,mild_neg,-0.305,2,0.717,0.283,1,2.0,0.647,2.0,up,1
2025-11-25,1,mild_pos,0.116,1,0.207,0.793,-1,4.0,0.378,3.0,down,15
2025-11-26,1,mild_pos,0.419,2,0.317,0.683,-1,5.0,0.378,3.0,down,14
2025-11-28,1,mild_pos,0.628,3,0.408,0.592,-1,6.0,0.378,3.0,down,13
2025-12-01,1,mild_pos,0.449,4,0.329,0.671,-1,6.0,0.378,3.0,down,12
2025-12-02,1,mild_pos,0.529,5,0.364,0.636,-1,7.0,0.378,3.0,down,11
2025-12-03,1,mild_pos,0.643,6,0.415,0.585,-1,7.5,0.378,3.0,down,10
2025-12-04,1,mild_pos,0.652,7,0.419,0.581,-1,7.0,0.378,3.0,down,9
2025-12-05,1,mild_pos,0.682,8,0.433,0.567,-1,7.0,0.378,3.0,down,8
2025-12-08,1,mild_pos,0.523,9,0.361,0.639,-1,7.0,0.378,3.0,down,7
2025-12-09,1,mild_pos,0.484,10,0.344,0.656,-1,6.5,0.378,3.0,down,6
2025-12-10,1,mild_pos,0.737,11,0.459,0.541,-1,6.0,0.378,3.0,down,5
2025-12-11,1,mild_pos,0.813,12,0.495,0.505,-1,6.0,0.378,3.0,down,4
2025-12-12,1,mild_pos,0.347,13,0.288,0.712,-1,5.5,0.378,3.0,down,3
2025-12-15,1,mild_pos,0.26,14,0.255,0.745,-1,5.0,0.378,3.0,down,2
2025-12-16,1,mild_pos,0.108,15,0.204,0.796,-1,4.0,0.378,3.0,down,1
2025-12-17,-1,mild_neg,-0.381,1,0.683,0.317,1,2.0,0.651,2.0,up,2
2025-12-18,-1,mild_neg,-0.113,2,0.8,0.2,1,2.0,0.651,2.0,up,1
2025-12-19,1,mild_pos,0.051,1,0.178,0.822,-1,4.0,0.376,3.0,down,7
2025-12-22,1,mild_pos,0.227,2,0.236,0.764,-1,5.0,0.376,3.0,down,6
2025-12-23,1,mild_pos,0.355,3,0.285,0.715,-1,6.0,0.376,3.0,down,5
2025-12-24,1,mild_pos,0.452,4,0.327,0.673,-1,6.0,0.376,3.0,down,4
2025-12-26,1,mild_pos,0.418,5,0.312,0.688,-1,7.0,0.376,3.0,down,3
2025-12-29,1,mild_pos,0.26,6,0.248,0.752,-1,7.5,0.376,3.0,down,2
2025-12-30,1,mild_pos,0.19,7,0.222,0.778,-1,7.0,0.376,3.0,down,1
2025-12-31,-1,mild_neg,-0.118,1,0.799,0.201,1,2.0,0.653,2.0,up,2
2026-01-02,-1,mild_neg,-0.04,2,0.826,0.174,1,2.0,0.653,2.0,up,1
2026-01-05,1,mild_pos,0.223,1,0.23,0.77,-1,4.0,0.376,3.0,down,10
2026-01-06,1,mild_pos,0.448,2,0.325,0.675,-1,5.0,0.376,3.0,down,9
2026-01-07,1,mild_pos,0.299,3,0.26,0.74,-1,5.5,0.376,3.0,down,8
2026-01-08,1,mild_pos,0.276,4,0.251,0.749,-1,6.0,0.376,3.0,down,7
2026-01-09,1,mild_pos,0.529,5,0.363,0.637,-1,7.0,0.376,3.0,down,6
2026-01-12,1,mild_pos,0.576,6,0.386,0.614,-1,7.5,0.376,3.0,down,5
2026-01-13,1,mild_pos,0.457,7,0.329,0.671,-1,7.5,0.376,3.0,down,4
2026-01-14,1,mild_pos,0.225,8,0.231,0.769,-1,7.0,0.376,3.0,down,3
2026-01-15,1,mild_pos,0.298,9,0.259,0.741,-1,7.0,0.376,3.0,down,2
2026-01-16,1,mild_pos,0.202,10,0.223,0.777,-1,6.0,0.376,3.0,down,1
2026-01-20,-1,mild_neg,-0.668,1,0.527,0.473,1,2.0,0.653,2.0,up,2
2026-01-21,-1,mild_neg,-0.197,2,0.769,0.231,1,2.0,0.653,2.0,up,1
2026-01-22,1,mild_pos,0.01,1,0.151,0.849,-1,4.0,0.376,3.0,down,8
2026-01-23,1,mild_pos,0.021,2,0.154,0.846,-1,5.0,0.376,3.0,down,7
2026-01-26,1,mild_pos,0.226,3,0.224,0.776,-1,5.5,0.376,3.0,down,6
2026-01-27,1,mild_pos,0.376,4,0.289,0.711,-1,6.0,0.376,3.0,down,5
2026-01-28,1,mild_pos,0.349,5,0.277,0.723,-1,7.0,0.376,3.0,down,4
2026-01-29,1,mild_pos,0.246,6,0.232,0.768,-1,6.5,0.376,3.0,down,3
2026-01-30,1,mild_pos,0.09,7,0.175,0.825,-1,7.0,0.376,3.0,down,2
2026-02-02,1,mild_pos,0.261,8,0.238,0.762,-1,7.0,0.376,3.0,down,1
2026-02-03,-1,mild_neg,-0.102,1,0.805,0.195,1,2.0,0.653,2.0,up,3
2026-02-04,-1,mild_neg,-0.29,2,0.728,0.272,1,2.0,0.653,2.0,up,2
2026-02-05,-1,mild_neg,-0.789,3,0.459,0.541,-2,2.0,0.653,2.0,up,1
2026-02-06,1,mild_pos,0.015,1,0.142,0.858,-1,4.0,0.376,3.0,down,4
2026-02-09,1,mild_pos,0.217,2,0.214,0.786,-1,5.0,0.376,3.0,down,3
2026-02-10,1,mild_pos,0.116,3,0.175,0.825,-1,5.0,0.376,3.0,down,2
2026-02-11,1,mild_pos,0.112,4,0.173,0.827,-1,5.5,0.376,3.0,down,1
2026-02-12,-1,mild_neg,-0.519,1,0.616,0.384,1,2.0,0.657,2.0,up,5
2026-02-13,-1,mild_neg,-0.456,2,0.65,0.35,1,2.0,0.657,2.0,up,4
2026-02-17,-1,mild_neg,-0.36,3,0.699,0.301,1,2.0,0.657,2.0,up,3
2026-02-18,-1,mild_neg,-0.174,4,0.781,0.219,1,2.0,0.657,2.0,up,2
2026-02-19,-1,mild_neg,-0.283,5,0.735,0.265,1,2.0,0.657,2.0,up,1
2026-02-20,1,mild_pos,0.019,1,0.143,0.857,-1,4.0,0.369,3.0,down,1
2026-02-23,-1,mild_neg,-0.393,1,0.687,0.313,1,2.0,0.663,2.0,up,2
2026-02-24,-1,mild_neg,-0.071,2,0.82,0.18,1,2.0,0.663,2.0,up,1
2026-02-25,1,mild_pos,0.288,1,0.24,0.76,-1,4.0,0.369,3.0,down,2
2026-02-26,1,mild_pos,0.074,2,0.158,0.842,-1,5.0,0.369,3.0,down,1
2026-02-27,-1,mild_neg,-0.103,1,0.809,0.191,1,2.0,0.663,2.0,down,9
2026-03-02,-1,mild_neg,-0.063,2,0.823,0.177,1,2.0,0.663,2.0,down,8
2026-03-03,-1,mild_neg,-0.391,3,0.688,0.312,1,2.0,0.663,2.0,down,7
2026-03-04,-1,mild_neg,-0.08,4,0.817,0.183,1,2.0,0.663,2.0,down,6
2026-03-05,-1,mild_neg,-0.302,5,0.729,0.271,1,2.0,0.663,2.0,down,5
2026-03-06,-1,mild_neg,-0.851,6,0.436,0.564,-2,3.5,0.663,2.0,down,4
2026-03-09,-1,mild_neg,-0.44,7,0.664,0.336,1,4.5,0.663,2.0,down,3
2026-03-10,-1,mild_neg,-0.459,8,0.654,0.346,1,4.0,0.663,2.0,down,2
2026-03-11,-1,mild_neg,-0.465,9,0.651,0.349,1,3.0,0.663,2.0,down,1
2026-03-12,-2,negative,-1.054,1,0.889,0.111,-1,1.0,0.721,1.0,up,2
2026-03-13,-2,negative,-1.246,2,0.826,0.174,-1,1.5,0.721,1.0,up,1
2026-03-16,-1,mild_neg,-0.768,1,0.472,0.528,-2,2.0,0.645,2.0,down,2
2026-03-17,-1,mild_neg,-0.623,2,0.549,0.451,1,2.0,0.645,2.0,down,1
2026-03-18,-2,negative,-1.19,1,0.847,0.153,-1,1.0,0.721,1.0,up,5
2026-03-19,-2,negative,-1.238,2,0.829,0.171,-1,2.0,0.721,1.0,up,4
2026-03-20,-2,negative,-1.904,3,0.442,0.558,-3,2.0,0.721,1.0,up,3
2026-03-23,-2,negative,-1.316,4,0.796,0.204,-1,2.0,0.721,1.0,up,2
2026-03-24,-2,negative,-1.356,5,0.778,0.222,-1,1.0,0.721,1.0,up,1
2026-03-25,-1,mild_neg,-0.97,1,0.361,0.639,-2,2.0,0.641,2.0,down,1
2026-03-26,-2,negative,-1.651,1,0.616,0.384,-1,1.0,0.723,1.0,down,1
2026-03-27,-3,ext_neg,-2.257,1,0.98,0.02,-2,2.0,0.98,2.0,up,2
2026-03-30,-3,ext_neg,-2.196,2,0.98,0.02,-2,3.0,0.98,2.0,up,1
2026-03-31,-1,mild_neg,-0.778,1,0.458,0.542,-2,2.0,0.639,2.0,up,3
2026-04-01,-1,mild_neg,-0.34,2,0.687,0.313,1,2.0,0.639,2.0,up,2
2026-04-02,-1,mild_neg,-0.214,3,0.743,0.257,1,2.0,0.639,2.0,up,1
2026-04-06,1,mild_pos,0.04,1,0.144,0.856,-1,4.0,0.369,3.0,up,2
2026-04-07,1,mild_pos,0.124,2,0.171,0.829,-1,5.0,0.369,3.0,up,1
2026-04-08,2,positive,1.226,1,0.057,0.943,1,3.0,0.122,2.0,up,4
2026-04-09,2,positive,1.457,2,0.14,0.86,1,3.0,0.122,2.0,up,3
2026-04-10,2,positive,1.397,3,0.112,0.888,1,3.0,0.122,2.0,up,2
2026-04-13,2,positive,1.822,4,0.44,0.56,1,3.0,0.122,2.0,up,1
2026-04-14,3,ext_pos,2.385,1,0.02,0.98,2,2.0,0.02,2.0,down,10
2026-04-15,3,ext_pos,2.82,2,0.02,0.98,2,2.5,0.02,2.0,down,9
2026-04-16,3,ext_pos,2.763,3,0.02,0.98,2,2.0,0.02,2.0,down,8
2026-04-17,3,ext_pos,3.175,4,0.02,0.98,2,4.0,0.02,2.0,down,7
2026-04-20,3,ext_pos,2.846,5,0.02,0.98,2,4.0,0.02,2.0,down,6
2026-04-21,3,ext_pos,2.338,6,0.02,0.98,2,3.0,0.02,2.0,down,5
2026-04-22,3,ext_pos,2.607,7,0.02,0.98,2,2.0,0.02,2.0,down,4
2026-04-23,3,ext_pos,2.242,8,0.02,0.98,2,5.0,0.02,2.0,down,3
2026-04-24,3,ext_pos,2.377,9,0.02,0.98,2,8.0,0.02,2.0,down,2
2026-04-27,3,ext_pos,2.203,10,0.02,0.98,2,7.0,0.02,2.0,down,1
2026-04-28,2,positive,1.67,1,0.302,0.698,1,3.0,0.129,2.0,down,14
2026-04-29,2,positive,1.435,2,0.139,0.861,1,3.0,0.129,2.0,down,13
2026-04-30,2,positive,1.702,3,0.332,0.668,1,3.0,0.129,2.0,down,12
2026-05-01,2,positive,1.606,4,0.249,0.751,1,3.0,0.129,2.0,down,11
2026-05-04,2,positive,1.207,5,0.058,0.942,1,3.0,0.129,2.0,down,10
2026-05-05,2,positive,1.383,6,0.114,0.886,1,4.0,0.129,2.0,down,9
2026-05-06,2,positive,1.877,7,0.51,0.49,3,4.0,0.129,2.0,down,8
2026-05-07,2,positive,1.543,8,0.203,0.797,1,4.0,0.129,2.0,down,7
2026-05-08,2,positive,1.77,9,0.398,0.602,1,3.5,0.129,2.0,down,6
2026-05-11,2,positive,1.702,10,0.332,0.668,1,3.0,0.129,2.0,down,5
2026-05-12,2,positive,1.468,11,0.156,0.844,1,3.5,0.129,2.0,down,4
2026-05-13,2,positive,1.605,12,0.247,0.753,1,3.0,0.129,2.0,down,3
2026-05-14,2,positive,1.845,13,0.476,0.524,1,2.0,0.129,2.0,down,2
2026-05-15,2,positive,1.114,14,0.04,0.96,1,1.0,0.129,2.0,down,1
2026-05-18,1,mild_pos,0.981,1,0.633,0.367,2,4.0,0.373,3.0,up,4
2026-05-19,1,mild_pos,0.521,2,0.366,0.634,-1,5.0,0.373,3.0,up,3
2026-05-20,1,mild_pos,0.976,3,0.63,0.37,2,5.5,0.373,3.0,up,2
2026-05-21,1,mild_pos,0.969,4,0.626,0.374,2,6.0,0.373,3.0,up,1
2026-05-22,2,positive,1.081,1,0.036,0.964,1,3.0,0.129,2.0,down,7
2026-05-26,2,positive,1.33,2,0.093,0.907,1,3.0,0.129,2.0,down,6
2026-05-27,2,positive,1.178,3,0.053,0.947,1,3.0,0.129,2.0,down,5
2026-05-28,2,positive,1.325,4,0.091,0.909,1,4.0,0.129,2.0,down,4
2026-05-29,2,positive,1.32,5,0.09,0.91,1,3.5,0.129,2.0,down,3
2026-06-01,2,positive,1.327,6,0.092,0.908,1,4.5,0.129,2.0,down,2
2026-06-02,2,positive,1.246,7,0.068,0.932,1,4.0,0.129,2.0,down,1
2026-06-03,1,mild_pos,0.727,1,0.496,0.504,-1,4.0,0.38,3.0,down,2
2026-06-04,1,mild_pos,0.854,2,0.573,0.427,2,5.0,0.38,3.0,down,1
2026-06-05,-1,mild_neg,-0.689,1,0.508,0.492,1,2.0,0.639,2.0,down,3
2026-06-08,-1,mild_neg,-0.561,2,0.576,0.424,1,2.0,0.639,2.0,down,2
2026-06-09,-1,mild_neg,-0.724,3,0.489,0.511,-2,2.0,0.639,2.0,down,1
2026-06-10,-2,negative,-1.599,1,0.645,0.355,-1,1.0,0.721,1.0,up,1
2026-06-11,-1,mild_neg,-0.593,1,0.554,0.446,1,2.0,0.633,2.0,up,2
2026-06-12,-1,mild_neg,-0.257,2,0.72,0.28,1,2.0,0.633,2.0,up,1
2026-06-15,1,mild_pos,0.681,1,0.467,0.533,-1,3.5,0.38,3.0,down,2
2026-06-16,1,mild_pos,0.297,2,0.255,0.745,-1,5.0,0.38,3.0,down,1
2026-06-17,-1,mild_neg,-0.452,1,0.628,0.372,1,2.0,0.633,2.0,down,3
2026-06-18,-1,mild_neg,-0.026,2,0.809,0.191,1,2.0,0.633,2.0,down,2
2026-06-22,-1,mild_neg,-0.213,3,0.739,0.261,1,2.0,0.633,2.0,down,1
2026-06-23,-2,negative,-1.008,1,0.901,0.099,-1,1.0,0.721,1.0,up,1
2026-06-24,-1,mild_neg,-0.964,1,0.36,0.64,-2,2.0,0.627,2.0,down,2
2026-06-25,-1,mild_neg,-0.816,2,0.434,0.566,-2,2.0,0.627,2.0,down,1
2026-06-26,-2,negative,-1.129,1,0.868,0.132,-1,1.0,0.723,1.0,up,1
2026-06-29,-1,mild_neg,-0.139,1,0.758,0.242,1,2.0,0.624,2.0,up,1
2026-06-30,1,mild_pos,0.342,1,0.275,0.725,-1,3.0,0.38,3.0,,3
2026-07-01,1,mild_pos,0.318,2,0.264,0.736,-1,4.5,0.38,3.0,,2
2026-07-02,1,mild_pos,0.281,3,0.246,0.754,-1,5.0,0.38,3.0,,1
